snapshot_id,snapshot_date,warehouse_id,product_id,units_on_hand,reorder_point,units_reserved,units_in_transit
1,2024-01-01,1,1001,3804,220,871,170
2,2024-01-08,1,1001,3861,220,285,386
3,2024-01-15,1,1001,3847,220,176,87
4,2024-01-22,1,1001,3563,220,30,178
5,2024-01-29,1,1001,3653,220,220,220
6,2024-02-05,1,1001,3631,220,359,383
7,2024-02-12,1,1001,3571,220,731,325
8,2024-02-19,1,1001,3629,220,517,397
9,2024-02-26,1,1001,3716,220,286,199
10,2024-03-04,1,1001,3787,220,178,4
11,2024-03-11,1,1001,3824,220,755,111
12,2024-03-18,1,1001,3922,220,539,395
13,2024-03-25,1,1001,4161,220,466,410
14,2024-04-01,1,1001,4253,220,710,327
15,2024-04-08,1,1001,4191,220,581,75
16,2024-04-15,1,1001,4368,220,196,483
17,2024-04-22,1,1001,4373,220,436,202
18,2024-04-29,1,1001,4157,220,48,373
19,2024-05-06,1,1001,3982,220,315,226
20,2024-05-13,1,1001,4014,220,490,148
21,2024-05-20,1,1001,3932,220,669,145
22,2024-05-27,1,1001,4079,220,1122,143
23,2024-06-03,1,1001,3955,220,184,223
24,2024-06-10,1,1001,3874,220,926,144
25,2024-06-17,1,1001,4095,220,466,54
26,2024-06-24,1,1001,4107,220,1,474
27,2024-07-01,1,1001,4216,220,454,485
28,2024-07-08,1,1001,4066,220,1006,105
29,2024-07-15,1,1001,3809,220,120,234
30,2024-07-22,1,1001,3957,220,923,333
31,2024-07-29,1,1001,3785,220,811,225
32,2024-08-05,1,1001,3774,220,36,53
33,2024-08-12,1,1001,3615,220,1063,109
34,2024-08-19,1,1001,3729,220,1028,87
35,2024-08-26,1,1001,3752,220,553,148
36,2024-09-02,1,1001,3590,220,182,352
37,2024-09-09,1,1001,3310,220,251,99
38,2024-09-16,1,1001,3336,220,346,238
39,2024-09-23,1,1001,3456,220,277,42
40,2024-09-30,1,1001,3604,220,558,413
41,2024-10-07,1,1001,3930,220,327,473
42,2024-10-14,1,1001,3805,220,485,131
43,2024-10-21,1,1001,3903,220,370,39
44,2024-10-28,1,1001,4274,220,797,180
45,2024-11-04,1,1001,4661,220,1242,70
46,2024-11-11,1,1001,5015,220,797,438
47,2024-11-18,1,1001,5303,220,1111,210
48,2024-11-25,1,1001,5035,220,851,101
49,2024-12-02,1,1001,5327,220,1474,143
50,2024-12-09,1,1001,5481,220,832,240
51,2024-12-16,1,1001,5409,220,1272,381
52,2024-12-23,1,1001,5180,220,947,117
53,2024-12-30,1,1001,4865,220,602,432
54,2025-01-06,1,1001,4811,220,1253,55
55,2025-01-13,1,1001,5067,220,232,447
56,2025-01-20,1,1001,5309,220,380,107
57,2025-01-27,1,1001,5435,220,1558,417
58,2025-02-03,1,1001,5346,220,1498,197
59,2025-02-10,1,1001,5431,220,646,10
60,2025-02-17,1,1001,5655,220,1671,58
61,2025-02-24,1,1001,5489,220,1538,98
62,2025-03-03,1,1001,5434,220,1452,388
63,2025-03-10,1,1001,5320,220,816,254
64,2025-03-17,1,1001,5045,220,188,73
65,2025-03-24,1,1001,4906,220,404,330
66,2025-03-31,1,1001,4974,220,183,237
67,2025-04-07,1,1001,5096,220,118,294
68,2025-04-14,1,1001,5356,220,236,87
69,2025-04-21,1,1001,5451,220,1022,68
70,2025-04-28,1,1001,5335,220,1077,18
71,2025-05-05,1,1001,5315,220,317,336
72,2025-05-12,1,1001,5528,220,291,236
73,2025-05-19,1,1001,5578,220,1301,149
74,2025-05-26,1,1001,5289,220,1530,253
75,2025-06-02,1,1001,5015,220,326,469
76,2025-06-09,1,1001,5072,220,520,406
77,2025-06-16,1,1001,4931,220,881,191
78,2025-06-23,1,1001,5171,220,1451,252
79,2025-06-30,1,1001,5435,220,730,452
80,2025-07-07,1,1001,5288,220,1449,413
81,2025-07-14,1,1001,5504,220,1152,361
82,2025-07-21,1,1001,5296,220,1099,282
83,2025-07-28,1,1001,5230,220,323,74
84,2025-08-04,1,1001,5324,220,1506,183
85,2025-08-11,1,1001,5425,220,209,149
86,2025-08-18,1,1001,5276,220,537,231
87,2025-08-25,1,1001,5347,220,620,495
88,2025-09-01,1,1001,5184,220,1501,281
89,2025-09-08,1,1001,5244,220,1420,445
90,2025-09-15,1,1001,5143,220,559,396
91,2025-09-22,1,1001,5078,220,911,386
92,2025-09-29,1,1001,4927,220,785,181
93,2025-10-06,1,1001,4885,220,96,432
94,2025-10-13,1,1001,4638,220,988,449
95,2025-10-20,1,1001,4995,220,603,163
96,2025-10-27,1,1001,4974,220,646,216
97,2025-11-03,1,1001,4678,220,254,10
98,2025-11-10,1,1001,4589,220,124,217
99,2025-11-17,1,1001,4750,220,1323,70
100,2025-11-24,1,1001,5020,220,1361,283
101,2025-12-01,1,1001,5402,220,576,324
102,2025-12-08,1,1001,4991,220,865,405
103,2025-12-15,1,1001,5012,220,138,263
104,2025-12-22,1,1001,4837,220,58,102
105,2025-12-29,1,1001,5117,220,1367,42
106,2024-01-01,1,1002,1400,220,93,454
107,2024-01-08,1,1002,1240,220,182,88
108,2024-01-15,1,1002,1131,220,188,414
109,2024-01-22,1,1002,956,220,116,87
110,2024-01-29,1,1002,1187,220,163,324
111,2024-02-05,1,1002,1394,220,222,30
112,2024-02-12,1,1002,1341,220,205,486
113,2024-02-19,1,1002,1470,220,440,354
114,2024-02-26,1,1002,1187,220,184,487
115,2024-03-04,1,1002,1276,220,154,383
116,2024-03-11,1,1002,1307,220,21,140
117,2024-03-18,1,1002,1169,220,132,141
118,2024-03-25,1,1002,1104,220,225,22
119,2024-04-01,1,1002,1327,220,24,326
120,2024-04-08,1,1002,1287,220,153,149
121,2024-04-15,1,1002,1546,220,327,252
122,2024-04-22,1,1002,1799,220,271,441
123,2024-04-29,1,1002,1863,220,477,421
124,2024-05-06,1,1002,1584,220,439,457
125,2024-05-13,1,1002,1560,220,449,20
126,2024-05-20,1,1002,1265,220,35,98
127,2024-05-27,1,1002,1008,220,16,457
128,2024-06-03,1,1002,785,220,78,212
129,2024-06-10,1,1002,562,220,24,104
130,2024-06-17,1,1002,522,220,98,458
131,2024-06-24,1,1002,248,220,42,235
132,2024-07-01,1,1002,285,220,27,355
133,2024-07-08,1,1002,94,220,17,283
134,2024-07-15,1,1002,247,220,21,237
135,2024-07-22,1,1002,242,220,7,484
136,2024-07-29,1,1002,395,220,78,425
137,2024-08-05,1,1002,363,220,65,26
138,2024-08-12,1,1002,514,220,86,353
139,2024-08-19,1,1002,482,220,65,111
140,2024-08-26,1,1002,365,220,99,181
141,2024-09-02,1,1002,384,220,45,239
142,2024-09-09,1,1002,627,220,103,155
143,2024-09-16,1,1002,411,220,85,170
144,2024-09-23,1,1002,671,220,166,132
145,2024-09-30,1,1002,591,220,143,427
146,2024-10-07,1,1002,561,220,68,198
147,2024-10-14,1,1002,591,220,13,141
148,2024-10-21,1,1002,385,220,66,452
149,2024-10-28,1,1002,60,220,7,33
150,2024-11-04,1,1002,310,220,83,134
151,2024-11-11,1,1002,37,220,10,402
152,2024-11-18,1,1002,0,220,0,265
153,2024-11-25,1,1002,189,220,4,385
154,2024-12-02,1,1002,362,220,75,254
155,2024-12-09,1,1002,458,220,113,397
156,2024-12-16,1,1002,705,220,93,146
157,2024-12-23,1,1002,703,220,88,455
158,2024-12-30,1,1002,780,220,122,374
159,2025-01-06,1,1002,651,220,82,382
160,2025-01-13,1,1002,678,220,162,396
161,2025-01-20,1,1002,456,220,76,445
162,2025-01-27,1,1002,700,220,85,72
163,2025-02-03,1,1002,439,220,111,200
164,2025-02-10,1,1002,262,220,54,275
165,2025-02-17,1,1002,229,220,64,70
166,2025-02-24,1,1002,377,220,90,269
167,2025-03-03,1,1002,425,220,17,404
168,2025-03-10,1,1002,223,220,2,51
169,2025-03-17,1,1002,288,220,59,46
170,2025-03-24,1,1002,107,220,27,76
171,2025-03-31,1,1002,12,220,0,267
172,2025-04-07,1,1002,147,220,27,176
173,2025-04-14,1,1002,0,220,0,300
174,2025-04-21,1,1002,0,220,0,273
175,2025-04-28,1,1002,145,220,23,458
176,2025-05-05,1,1002,96,220,4,458
177,2025-05-12,1,1002,0,220,0,477
178,2025-05-19,1,1002,270,220,50,14
179,2025-05-26,1,1002,154,220,46,68
180,2025-06-02,1,1002,432,220,43,260
181,2025-06-09,1,1002,258,220,15,31
182,2025-06-16,1,1002,298,220,28,418
183,2025-06-23,1,1002,450,220,47,199
184,2025-06-30,1,1002,503,220,37,166
185,2025-07-07,1,1002,481,220,94,40
186,2025-07-14,1,1002,755,220,68,135
187,2025-07-21,1,1002,892,220,162,334
188,2025-07-28,1,1002,1029,220,189,228
189,2025-08-04,1,1002,886,220,63,356
190,2025-08-11,1,1002,953,220,212,400
191,2025-08-18,1,1002,992,220,58,58
192,2025-08-25,1,1002,849,220,187,340
193,2025-09-01,1,1002,918,220,153,127
194,2025-09-08,1,1002,628,220,116,473
195,2025-09-15,1,1002,779,220,108,192
196,2025-09-22,1,1002,508,220,44,444
197,2025-09-29,1,1002,309,220,57,151
198,2025-10-06,1,1002,0,220,0,222
199,2025-10-13,1,1002,243,220,67,497
200,2025-10-20,1,1002,507,220,88,42
201,2025-10-27,1,1002,375,220,9,388
202,2025-11-03,1,1002,271,220,14,213
203,2025-11-10,1,1002,506,220,126,181
204,2025-11-17,1,1002,466,220,42,404
205,2025-11-24,1,1002,613,220,115,430
206,2025-12-01,1,1002,663,220,184,216
207,2025-12-08,1,1002,469,220,46,13
208,2025-12-15,1,1002,92,220,6,191
209,2025-12-22,1,1002,52,220,12,421
210,2025-12-29,1,1002,0,220,0,424
211,2024-01-01,1,1003,1304,223,249,392
212,2024-01-08,1,1003,1516,223,74,27
213,2024-01-15,1,1003,1519,223,309,381
214,2024-01-22,1,1003,1266,223,114,58
215,2024-01-29,1,1003,1206,223,170,136
216,2024-02-05,1,1003,1025,223,163,12
217,2024-02-12,1,1003,1039,223,228,83
218,2024-02-19,1,1003,1018,223,240,274
219,2024-02-26,1,1003,1250,223,341,314
220,2024-03-04,1,1003,1267,223,236,477
221,2024-03-11,1,1003,1150,223,122,313
222,2024-03-18,1,1003,1223,223,298,466
223,2024-03-25,1,1003,1176,223,93,124
224,2024-04-01,1,1003,941,223,99,370
225,2024-04-08,1,1003,1151,223,316,411
226,2024-04-15,1,1003,1146,223,179,57
227,2024-04-22,1,1003,961,223,159,443
228,2024-04-29,1,1003,726,223,172,72
229,2024-05-06,1,1003,776,223,115,102
230,2024-05-13,1,1003,624,223,166,483
231,2024-05-20,1,1003,626,223,29,304
232,2024-05-27,1,1003,664,223,47,193
233,2024-06-03,1,1003,472,223,107,338
234,2024-06-10,1,1003,641,223,116,312
235,2024-06-17,1,1003,695,223,94,156
236,2024-06-24,1,1003,676,223,184,491
237,2024-07-01,1,1003,581,223,151,356
238,2024-07-08,1,1003,382,223,73,354
239,2024-07-15,1,1003,514,223,38,378
240,2024-07-22,1,1003,300,223,39,482
241,2024-07-29,1,1003,247,223,13,22
242,2024-08-05,1,1003,310,223,61,331
243,2024-08-12,1,1003,452,223,68,271
244,2024-08-19,1,1003,594,223,128,316
245,2024-08-26,1,1003,606,223,37,100
246,2024-09-02,1,1003,733,223,132,18
247,2024-09-09,1,1003,644,223,180,186
248,2024-09-16,1,1003,365,223,61,167
249,2024-09-23,1,1003,348,223,37,172
250,2024-09-30,1,1003,360,223,65,181
251,2024-10-07,1,1003,299,223,13,183
252,2024-10-14,1,1003,310,223,49,82
253,2024-10-21,1,1003,0,223,0,216
254,2024-10-28,1,1003,0,223,0,21
255,2024-11-04,1,1003,0,223,0,346
256,2024-11-11,1,1003,0,223,0,38
257,2024-11-18,1,1003,0,223,0,113
258,2024-11-25,1,1003,0,223,0,460
259,2024-12-02,1,1003,0,223,0,73
260,2024-12-09,1,1003,0,223,0,261
261,2024-12-16,1,1003,254,223,2,105
262,2024-12-23,1,1003,375,223,56,56
263,2024-12-30,1,1003,160,223,1,489
264,2025-01-06,1,1003,43,223,2,293
265,2025-01-13,1,1003,0,223,0,36
266,2025-01-20,1,1003,0,223,0,187
267,2025-01-27,1,1003,0,223,0,184
268,2025-02-03,1,1003,0,223,0,366
269,2025-02-10,1,1003,236,223,49,451
270,2025-02-17,1,1003,128,223,31,6
271,2025-02-24,1,1003,260,223,0,276
272,2025-03-03,1,1003,68,223,15,401
273,2025-03-10,1,1003,0,223,0,499
274,2025-03-17,1,1003,0,223,0,389
275,2025-03-24,1,1003,0,223,0,247
276,2025-03-31,1,1003,123,223,5,222
277,2025-04-07,1,1003,374,223,97,152
278,2025-04-14,1,1003,158,223,39,126
279,2025-04-21,1,1003,392,223,57,16
280,2025-04-28,1,1003,498,223,129,370
281,2025-05-05,1,1003,325,223,77,12
282,2025-05-12,1,1003,148,223,6,445
283,2025-05-19,1,1003,359,223,21,26
284,2025-05-26,1,1003,154,223,8,118
285,2025-06-02,1,1003,213,223,16,295
286,2025-06-09,1,1003,371,223,57,360
287,2025-06-16,1,1003,347,223,90,228
288,2025-06-23,1,1003,188,223,14,297
289,2025-06-30,1,1003,0,223,0,44
290,2025-07-07,1,1003,0,223,0,373
291,2025-07-14,1,1003,0,223,0,402
292,2025-07-21,1,1003,74,223,5,259
293,2025-07-28,1,1003,302,223,39,412
294,2025-08-04,1,1003,384,223,102,69
295,2025-08-11,1,1003,418,223,20,102
296,2025-08-18,1,1003,256,223,15,95
297,2025-08-25,1,1003,313,223,53,138
298,2025-09-01,1,1003,376,223,97,106
299,2025-09-08,1,1003,400,223,56,214
300,2025-09-15,1,1003,104,223,1,345
301,2025-09-22,1,1003,310,223,63,157
302,2025-09-29,1,1003,329,223,9,191
303,2025-10-06,1,1003,56,223,3,245
304,2025-10-13,1,1003,0,223,0,440
305,2025-10-20,1,1003,280,223,47,37
306,2025-10-27,1,1003,0,223,0,100
307,2025-11-03,1,1003,106,223,15,88
308,2025-11-10,1,1003,0,223,0,375
309,2025-11-17,1,1003,85,223,19,499
310,2025-11-24,1,1003,212,223,29,167
311,2025-12-01,1,1003,30,223,3,77
312,2025-12-08,1,1003,172,223,15,157
313,2025-12-15,1,1003,0,223,0,385
314,2025-12-22,1,1003,125,223,4,183
315,2025-12-29,1,1003,217,223,61,21
316,2024-01-01,1,1004,2305,211,451,237
317,2024-01-08,1,1004,2057,211,489,319
318,2024-01-15,1,1004,1966,211,194,497
319,2024-01-22,1,1004,1680,211,486,65
320,2024-01-29,1,1004,1660,211,74,83
321,2024-02-05,1,1004,1433,211,292,368
322,2024-02-12,1,1004,1253,211,186,130
323,2024-02-19,1,1004,1065,211,122,417
324,2024-02-26,1,1004,1209,211,10,233
325,2024-03-04,1,1004,1041,211,287,447
326,2024-03-11,1,1004,1123,211,297,315
327,2024-03-18,1,1004,837,211,220,55
328,2024-03-25,1,1004,990,211,37,4
329,2024-04-01,1,1004,946,211,110,162
330,2024-04-08,1,1004,1147,211,228,366
331,2024-04-15,1,1004,1275,211,349,318
332,2024-04-22,1,1004,1156,211,23,419
333,2024-04-29,1,1004,1108,211,312,217
334,2024-05-06,1,1004,1199,211,13,190
335,2024-05-13,1,1004,1469,211,237,484
336,2024-05-20,1,1004,1398,211,207,439
337,2024-05-27,1,1004,1409,211,388,97
338,2024-06-03,1,1004,1319,211,261,99
339,2024-06-10,1,1004,1085,211,138,159
340,2024-06-17,1,1004,1323,211,302,454
341,2024-06-24,1,1004,1562,211,60,369
342,2024-07-01,1,1004,1532,211,241,87
343,2024-07-08,1,1004,1286,211,200,166
344,2024-07-15,1,1004,1206,211,3,87
345,2024-07-22,1,1004,969,211,141,389
346,2024-07-29,1,1004,731,211,87,383
347,2024-08-05,1,1004,894,211,117,260
348,2024-08-12,1,1004,910,211,113,363
349,2024-08-19,1,1004,767,211,186,481
350,2024-08-26,1,1004,842,211,112,400
351,2024-09-02,1,1004,652,211,142,37
352,2024-09-09,1,1004,543,211,79,371
353,2024-09-16,1,1004,391,211,49,468
354,2024-09-23,1,1004,619,211,55,185
355,2024-09-30,1,1004,543,211,82,269
356,2024-10-07,1,1004,352,211,102,372
357,2024-10-14,1,1004,16,211,0,172
358,2024-10-21,1,1004,105,211,19,114
359,2024-10-28,1,1004,0,211,0,109
360,2024-11-04,1,1004,0,211,0,249
361,2024-11-11,1,1004,0,211,0,134
362,2024-11-18,1,1004,82,211,17,126
363,2024-11-25,1,1004,0,211,0,34
364,2024-12-02,1,1004,0,211,0,126
365,2024-12-09,1,1004,0,211,0,40
366,2024-12-16,1,1004,0,211,0,279
367,2024-12-23,1,1004,0,211,0,159
368,2024-12-30,1,1004,0,211,0,158
369,2025-01-06,1,1004,12,211,2,113
370,2025-01-13,1,1004,68,211,0,279
371,2025-01-20,1,1004,143,211,30,202
372,2025-01-27,1,1004,0,211,0,370
373,2025-02-03,1,1004,0,211,0,312
374,2025-02-10,1,1004,0,211,0,150
375,2025-02-17,1,1004,8,211,1,438
376,2025-02-24,1,1004,0,211,0,469
377,2025-03-03,1,1004,77,211,2,390
378,2025-03-10,1,1004,343,211,74,46
379,2025-03-17,1,1004,179,211,16,50
380,2025-03-24,1,1004,152,211,0,180
381,2025-03-31,1,1004,371,211,8,460
382,2025-04-07,1,1004,170,211,27,300
383,2025-04-14,1,1004,332,211,93,319
384,2025-04-21,1,1004,98,211,0,190
385,2025-04-28,1,1004,203,211,16,48
386,2025-05-05,1,1004,0,211,0,160
387,2025-05-12,1,1004,259,211,57,75
388,2025-05-19,1,1004,158,211,28,270
389,2025-05-26,1,1004,374,211,102,375
390,2025-06-02,1,1004,384,211,108,330
391,2025-06-09,1,1004,523,211,85,207
392,2025-06-16,1,1004,444,211,124,74
393,2025-06-23,1,1004,256,211,41,65
394,2025-06-30,1,1004,33,211,1,401
395,2025-07-07,1,1004,0,211,0,321
396,2025-07-14,1,1004,163,211,9,383
397,2025-07-21,1,1004,345,211,102,371
398,2025-07-28,1,1004,349,211,82,345
399,2025-08-04,1,1004,401,211,55,266
400,2025-08-11,1,1004,320,211,64,413
401,2025-08-18,1,1004,219,211,24,342
402,2025-08-25,1,1004,92,211,15,308
403,2025-09-01,1,1004,0,211,0,133
404,2025-09-08,1,1004,0,211,0,347
405,2025-09-15,1,1004,0,211,0,6
406,2025-09-22,1,1004,213,211,29,70
407,2025-09-29,1,1004,127,211,27,419
408,2025-10-06,1,1004,491,211,25,234
409,2025-10-13,1,1004,675,211,0,426
410,2025-10-20,1,1004,1051,211,251,325
411,2025-10-27,1,1004,1398,211,44,331
412,2025-11-03,1,1004,1018,211,133,405
413,2025-11-10,1,1004,645,211,10,384
414,2025-11-17,1,1004,299,211,5,462
415,2025-11-24,1,1004,0,211,0,200
416,2025-12-01,1,1004,0,211,0,15
417,2025-12-08,1,1004,99,211,18,59
418,2025-12-15,1,1004,0,211,0,252
419,2025-12-22,1,1004,379,211,34,84
420,2025-12-29,1,1004,694,211,42,64
421,2024-01-01,1,1005,1010,223,183,430
422,2024-01-08,1,1005,1016,223,175,382
423,2024-01-15,1,1005,962,223,8,486
424,2024-01-22,1,1005,1118,223,37,75
425,2024-01-29,1,1005,1367,223,128,335
426,2024-02-05,1,1005,1306,223,48,393
427,2024-02-12,1,1005,1285,223,25,115
428,2024-02-19,1,1005,1292,223,278,496
429,2024-02-26,1,1005,994,223,192,54
430,2024-03-04,1,1005,760,223,208,219
431,2024-03-11,1,1005,850,223,7,67
432,2024-03-18,1,1005,630,223,177,77
433,2024-03-25,1,1005,787,223,16,464
434,2024-04-01,1,1005,945,223,194,261
435,2024-04-08,1,1005,793,223,3,2
436,2024-04-15,1,1005,756,223,159,33
437,2024-04-22,1,1005,879,223,17,470
438,2024-04-29,1,1005,779,223,109,71
439,2024-05-06,1,1005,979,223,62,221
440,2024-05-13,1,1005,1116,223,46,100
441,2024-05-20,1,1005,1388,223,350,125
442,2024-05-27,1,1005,1401,223,385,228
443,2024-06-03,1,1005,1646,223,261,420
444,2024-06-10,1,1005,1649,223,81,412
445,2024-06-17,1,1005,1366,223,385,320
446,2024-06-24,1,1005,1275,223,187,309
447,2024-07-01,1,1005,1323,223,54,327
448,2024-07-08,1,1005,1163,223,88,147
449,2024-07-15,1,1005,1287,223,273,59
450,2024-07-22,1,1005,1437,223,376,317
451,2024-07-29,1,1005,1466,223,357,349
452,2024-08-05,1,1005,1361,223,26,69
453,2024-08-12,1,1005,1468,223,57,185
454,2024-08-19,1,1005,1481,223,192,383
455,2024-08-26,1,1005,1449,223,38,469
456,2024-09-02,1,1005,1289,223,281,473
457,2024-09-09,1,1005,1255,223,185,401
458,2024-09-16,1,1005,1235,223,268,182
459,2024-09-23,1,1005,1022,223,8,489
460,2024-09-30,1,1005,1240,223,92,298
461,2024-10-07,1,1005,1508,223,259,200
462,2024-10-14,1,1005,1719,223,5,108
463,2024-10-21,1,1005,2017,223,15,34
464,2024-10-28,1,1005,1864,223,92,22
465,2024-11-04,1,1005,1666,223,226,222
466,2024-11-11,1,1005,1307,223,10,5
467,2024-11-18,1,1005,1209,223,17,126
468,2024-11-25,1,1005,875,223,9,102
469,2024-12-02,1,1005,1113,223,220,43
470,2024-12-09,1,1005,1461,223,195,67
471,2024-12-16,1,1005,1683,223,29,403
472,2024-12-23,1,1005,1509,223,283,135
473,2024-12-30,1,1005,1504,223,234,86
474,2025-01-06,1,1005,1779,223,506,346
475,2025-01-13,1,1005,1638,223,80,487
476,2025-01-20,1,1005,1373,223,21,438
477,2025-01-27,1,1005,1352,223,190,225
478,2025-02-03,1,1005,1180,223,111,42
479,2025-02-10,1,1005,1116,223,71,388
480,2025-02-17,1,1005,1345,223,388,311
481,2025-02-24,1,1005,1283,223,5,26
482,2025-03-03,1,1005,1437,223,41,132
483,2025-03-10,1,1005,1312,223,162,41
484,2025-03-17,1,1005,1139,223,253,326
485,2025-03-24,1,1005,894,223,153,54
486,2025-03-31,1,1005,1085,223,200,358
487,2025-04-07,1,1005,1263,223,167,232
488,2025-04-14,1,1005,1210,223,83,389
489,2025-04-21,1,1005,974,223,17,92
490,2025-04-28,1,1005,1142,223,227,201
491,2025-05-05,1,1005,1253,223,31,262
492,2025-05-12,1,1005,1133,223,126,496
493,2025-05-19,1,1005,1410,223,256,1
494,2025-05-26,1,1005,1515,223,409,3
495,2025-06-02,1,1005,1595,223,157,300
496,2025-06-09,1,1005,1822,223,56,167
497,2025-06-16,1,1005,1594,223,239,210
498,2025-06-23,1,1005,1629,223,331,75
499,2025-06-30,1,1005,1441,223,29,159
500,2025-07-07,1,1005,1524,223,16,123
501,2025-07-14,1,1005,1702,223,235,454
502,2025-07-21,1,1005,1809,223,333,479
503,2025-07-28,1,1005,1806,223,93,21
504,2025-08-04,1,1005,1647,223,4,265
505,2025-08-11,1,1005,1653,223,433,306
506,2025-08-18,1,1005,1581,223,398,159
507,2025-08-25,1,1005,1533,223,116,462
508,2025-09-01,1,1005,1497,223,140,235
509,2025-09-08,1,1005,1579,223,4,142
510,2025-09-15,1,1005,1410,223,335,115
511,2025-09-22,1,1005,1342,223,118,449
512,2025-09-29,1,1005,1281,223,288,17
513,2025-10-06,1,1005,1516,223,128,351
514,2025-10-13,1,1005,1503,223,341,407
515,2025-10-20,1,1005,1442,223,210,46
516,2025-10-27,1,1005,1064,223,53,83
517,2025-11-03,1,1005,984,223,46,187
518,2025-11-10,1,1005,869,223,115,414
519,2025-11-17,1,1005,1109,223,182,435
520,2025-11-24,1,1005,718,223,122,300
521,2025-12-01,1,1005,846,223,34,92
522,2025-12-08,1,1005,725,223,145,149
523,2025-12-15,1,1005,398,223,18,432
524,2025-12-22,1,1005,379,223,96,41
525,2025-12-29,1,1005,232,223,17,179
526,2024-01-01,1,1006,678,212,40,215
527,2024-01-08,1,1006,402,212,83,162
528,2024-01-15,1,1006,141,212,31,438
529,2024-01-22,1,1006,238,212,2,389
530,2024-01-29,1,1006,513,212,150,254
531,2024-02-05,1,1006,762,212,56,429
532,2024-02-12,1,1006,849,212,114,497
533,2024-02-19,1,1006,742,212,94,167
534,2024-02-26,1,1006,845,212,27,323
535,2024-03-04,1,1006,802,212,225,468
536,2024-03-11,1,1006,856,212,235,100
537,2024-03-18,1,1006,570,212,97,139
538,2024-03-25,1,1006,674,212,68,70
539,2024-04-01,1,1006,445,212,11,99
540,2024-04-08,1,1006,458,212,26,61
541,2024-04-15,1,1006,187,212,46,122
542,2024-04-22,1,1006,353,212,79,145
543,2024-04-29,1,1006,370,212,57,372
544,2024-05-06,1,1006,388,212,89,127
545,2024-05-13,1,1006,471,212,20,360
546,2024-05-20,1,1006,372,212,76,133
547,2024-05-27,1,1006,391,212,109,87
548,2024-06-03,1,1006,252,212,54,116
549,2024-06-10,1,1006,364,212,82,380
550,2024-06-17,1,1006,436,212,116,341
551,2024-06-24,1,1006,589,212,144,404
552,2024-07-01,1,1006,547,212,11,144
553,2024-07-08,1,1006,564,212,81,101
554,2024-07-15,1,1006,802,212,163,277
555,2024-07-22,1,1006,961,212,201,418
556,2024-07-29,1,1006,1030,212,282,356
557,2024-08-05,1,1006,872,212,228,298
558,2024-08-12,1,1006,971,212,289,434
559,2024-08-19,1,1006,837,212,211,367
560,2024-08-26,1,1006,741,212,13,270
561,2024-09-02,1,1006,586,212,26,206
562,2024-09-09,1,1006,452,212,124,55
563,2024-09-16,1,1006,532,212,91,136
564,2024-09-23,1,1006,737,212,198,189
565,2024-09-30,1,1006,995,212,261,59
566,2024-10-07,1,1006,1238,212,11,29
567,2024-10-14,1,1006,1270,212,149,461
568,2024-10-21,1,1006,900,212,24,495
569,2024-10-28,1,1006,827,212,234,366
570,2024-11-04,1,1006,775,212,179,126
571,2024-11-11,1,1006,527,212,37,331
572,2024-11-18,1,1006,790,212,68,24
573,2024-11-25,1,1006,896,212,0,405
574,2024-12-02,1,1006,498,212,70,151
575,2024-12-09,1,1006,556,212,13,43
576,2024-12-16,1,1006,774,212,15,94
577,2024-12-23,1,1006,888,212,179,474
578,2024-12-30,1,1006,823,212,114,446
579,2025-01-06,1,1006,524,212,83,428
580,2025-01-13,1,1006,399,212,27,234
581,2025-01-20,1,1006,161,212,29,177
582,2025-01-27,1,1006,357,212,13,401
583,2025-02-03,1,1006,479,212,68,327
584,2025-02-10,1,1006,184,212,27,421
585,2025-02-17,1,1006,374,212,107,466
586,2025-02-24,1,1006,344,212,46,347
587,2025-03-03,1,1006,243,212,27,409
588,2025-03-10,1,1006,219,212,5,141
589,2025-03-17,1,1006,294,212,31,50
590,2025-03-24,1,1006,377,212,71,49
591,2025-03-31,1,1006,590,212,49,109
592,2025-04-07,1,1006,832,212,164,358
593,2025-04-14,1,1006,892,212,148,317
594,2025-04-21,1,1006,710,212,1,255
595,2025-04-28,1,1006,733,212,201,246
596,2025-05-05,1,1006,924,212,21,23
597,2025-05-12,1,1006,804,212,115,183
598,2025-05-19,1,1006,787,212,43,298
599,2025-05-26,1,1006,882,212,128,467
600,2025-06-02,1,1006,1080,212,81,124
601,2025-06-09,1,1006,1307,212,323,483
602,2025-06-16,1,1006,1247,212,302,217
603,2025-06-23,1,1006,1315,212,178,195
604,2025-06-30,1,1006,1311,212,215,141
605,2025-07-07,1,1006,1142,212,52,416
606,2025-07-14,1,1006,1298,212,33,331
607,2025-07-21,1,1006,1397,212,368,161
608,2025-07-28,1,1006,1350,212,313,221
609,2025-08-04,1,1006,1470,212,124,343
610,2025-08-11,1,1006,1377,212,219,258
611,2025-08-18,1,1006,1512,212,315,206
612,2025-08-25,1,1006,1395,212,167,87
613,2025-09-01,1,1006,1431,212,159,277
614,2025-09-08,1,1006,1242,212,302,77
615,2025-09-15,1,1006,1341,212,316,382
616,2025-09-22,1,1006,1135,212,52,412
617,2025-09-29,1,1006,890,212,174,29
618,2025-10-06,1,1006,1202,212,307,345
619,2025-10-13,1,1006,992,212,100,472
620,2025-10-20,1,1006,961,212,5,72
621,2025-10-27,1,1006,1087,212,70,474
622,2025-11-03,1,1006,1327,212,205,1
623,2025-11-10,1,1006,1031,212,231,135
624,2025-11-17,1,1006,1266,212,324,435
625,2025-11-24,1,1006,931,212,131,384
626,2025-12-01,1,1006,553,212,158,4
627,2025-12-08,1,1006,511,212,116,208
628,2025-12-15,1,1006,294,212,18,255
629,2025-12-22,1,1006,264,212,48,460
630,2025-12-29,1,1006,65,212,6,225
631,2024-01-01,1,1007,1481,215,106,5
632,2024-01-08,1,1007,1388,215,338,386
633,2024-01-15,1,1007,1373,215,57,368
634,2024-01-22,1,1007,1223,215,113,70
635,2024-01-29,1,1007,1076,215,7,107
636,2024-02-05,1,1007,995,215,144,110
637,2024-02-12,1,1007,960,215,25,303
638,2024-02-19,1,1007,938,215,105,187
639,2024-02-26,1,1007,780,215,221,66
640,2024-03-04,1,1007,547,215,18,496
641,2024-03-11,1,1007,706,215,2,136
642,2024-03-18,1,1007,416,215,52,394
643,2024-03-25,1,1007,660,215,98,490
644,2024-04-01,1,1007,840,215,206,34
645,2024-04-08,1,1007,541,215,32,391
646,2024-04-15,1,1007,775,215,217,90
647,2024-04-22,1,1007,758,215,162,497
648,2024-04-29,1,1007,720,215,42,85
649,2024-05-06,1,1007,533,215,13,333
650,2024-05-13,1,1007,771,215,2,99
651,2024-05-20,1,1007,904,215,167,270
652,2024-05-27,1,1007,697,215,20,484
653,2024-06-03,1,1007,673,215,61,458
654,2024-06-10,1,1007,672,215,136,440
655,2024-06-17,1,1007,646,215,171,165
656,2024-06-24,1,1007,661,215,129,298
657,2024-07-01,1,1007,480,215,65,445
658,2024-07-08,1,1007,405,215,9,56
659,2024-07-15,1,1007,660,215,169,161
660,2024-07-22,1,1007,630,215,106,475
661,2024-07-29,1,1007,474,215,35,285
662,2024-08-05,1,1007,493,215,57,441
663,2024-08-12,1,1007,523,215,150,241
664,2024-08-19,1,1007,595,215,136,398
665,2024-08-26,1,1007,436,215,18,225
666,2024-09-02,1,1007,697,215,90,174
667,2024-09-09,1,1007,813,215,187,398
668,2024-09-16,1,1007,896,215,19,460
669,2024-09-23,1,1007,733,215,182,220
670,2024-09-30,1,1007,827,215,57,233
671,2024-10-07,1,1007,741,215,11,398
672,2024-10-14,1,1007,1067,215,219,180
673,2024-10-21,1,1007,964,215,242,80
674,2024-10-28,1,1007,1080,215,123,198
675,2024-11-04,1,1007,1264,215,55,474
676,2024-11-11,1,1007,1215,215,186,218
677,2024-11-18,1,1007,1300,215,123,48
678,2024-11-25,1,1007,1515,215,419,266
679,2024-12-02,1,1007,1317,215,220,234
680,2024-12-09,1,1007,989,215,43,337
681,2024-12-16,1,1007,1368,215,196,73
682,2024-12-23,1,1007,1348,215,128,312
683,2024-12-30,1,1007,1285,215,291,40
684,2025-01-06,1,1007,1502,215,409,349
685,2025-01-13,1,1007,1755,215,389,395
686,2025-01-20,1,1007,1924,215,541,261
687,2025-01-27,1,1007,2004,215,67,344
688,2025-02-03,1,1007,2022,215,136,388
689,2025-02-10,1,1007,2024,215,601,403
690,2025-02-17,1,1007,2042,215,49,65
691,2025-02-24,1,1007,2161,215,517,390
692,2025-03-03,1,1007,2249,215,314,337
693,2025-03-10,1,1007,1951,215,387,428
694,2025-03-17,1,1007,2203,215,221,432
695,2025-03-24,1,1007,2063,215,377,170
696,2025-03-31,1,1007,1838,215,73,343
697,2025-04-07,1,1007,1703,215,425,79
698,2025-04-14,1,1007,1774,215,121,287
699,2025-04-21,1,1007,1827,215,448,166
700,2025-04-28,1,1007,2040,215,370,105
701,2025-05-05,1,1007,2290,215,656,254
702,2025-05-12,1,1007,2537,215,545,381
703,2025-05-19,1,1007,2429,215,690,376
704,2025-05-26,1,1007,2573,215,26,128
705,2025-06-02,1,1007,2636,215,721,144
706,2025-06-09,1,1007,2767,215,129,349
707,2025-06-16,1,1007,2775,215,500,169
708,2025-06-23,1,1007,2973,215,534,81
709,2025-06-30,1,1007,3237,215,705,37
710,2025-07-07,1,1007,3001,215,384,150
711,2025-07-14,1,1007,3141,215,607,7
712,2025-07-21,1,1007,2996,215,785,342
713,2025-07-28,1,1007,3141,215,637,363
714,2025-08-04,1,1007,3009,215,65,210
715,2025-08-11,1,1007,3110,215,20,322
716,2025-08-18,1,1007,3267,215,73,329
717,2025-08-25,1,1007,3405,215,579,29
718,2025-09-01,1,1007,3609,215,783,460
719,2025-09-08,1,1007,3369,215,803,350
720,2025-09-15,1,1007,3637,215,796,230
721,2025-09-22,1,1007,3476,215,990,239
722,2025-09-29,1,1007,3603,215,326,356
723,2025-10-06,1,1007,3874,215,743,182
724,2025-10-13,1,1007,4196,215,196,237
725,2025-10-20,1,1007,4436,215,823,316
726,2025-10-27,1,1007,4317,215,494,8
727,2025-11-03,1,1007,4065,215,220,366
728,2025-11-10,1,1007,3790,215,645,426
729,2025-11-17,1,1007,4040,215,1196,203
730,2025-11-24,1,1007,4114,215,1142,318
731,2025-12-01,1,1007,3962,215,545,499
732,2025-12-08,1,1007,4123,215,1073,180
733,2025-12-15,1,1007,3782,215,524,5
734,2025-12-22,1,1007,3901,215,948,322
735,2025-12-29,1,1007,3553,215,21,342
736,2024-01-01,1,1008,3565,219,698,156
737,2024-01-08,1,1008,3270,219,293,347
738,2024-01-15,1,1008,3242,219,615,339
739,2024-01-22,1,1008,3336,219,544,455
740,2024-01-29,1,1008,3612,219,743,40
741,2024-02-05,1,1008,3407,219,744,90
742,2024-02-12,1,1008,3231,219,162,36
743,2024-02-19,1,1008,3296,219,508,276
744,2024-02-26,1,1008,3545,219,620,328
745,2024-03-04,1,1008,3547,219,145,324
746,2024-03-11,1,1008,3746,219,356,305
747,2024-03-18,1,1008,3687,219,556,234
748,2024-03-25,1,1008,3941,219,305,100
749,2024-04-01,1,1008,4038,219,854,464
750,2024-04-08,1,1008,3752,219,441,105
751,2024-04-15,1,1008,3475,219,151,470
752,2024-04-22,1,1008,3220,219,244,356
753,2024-04-29,1,1008,3322,219,147,426
754,2024-05-06,1,1008,3251,219,558,242
755,2024-05-13,1,1008,3069,219,237,111
756,2024-05-20,1,1008,3091,219,648,414
757,2024-05-27,1,1008,3066,219,334,169
758,2024-06-03,1,1008,3258,219,814,145
759,2024-06-10,1,1008,3115,219,669,21
760,2024-06-17,1,1008,3176,219,67,43
761,2024-06-24,1,1008,2912,219,0,276
762,2024-07-01,1,1008,2696,219,95,125
763,2024-07-08,1,1008,2455,219,297,454
764,2024-07-15,1,1008,2573,219,353,9
765,2024-07-22,1,1008,2593,219,261,151
766,2024-07-29,1,1008,2674,219,265,381
767,2024-08-05,1,1008,2601,219,737,346
768,2024-08-12,1,1008,2573,219,344,87
769,2024-08-19,1,1008,2418,219,668,445
770,2024-08-26,1,1008,2365,219,482,179
771,2024-09-02,1,1008,2454,219,652,431
772,2024-09-09,1,1008,2663,219,122,389
773,2024-09-16,1,1008,2426,219,647,424
774,2024-09-23,1,1008,2284,219,573,20
775,2024-09-30,1,1008,2220,219,232,448
776,2024-10-07,1,1008,1944,219,567,417
777,2024-10-14,1,1008,1575,219,247,497
778,2024-10-21,1,1008,1737,219,217,78
779,2024-10-28,1,1008,1556,219,73,9
780,2024-11-04,1,1008,1294,219,366,411
781,2024-11-11,1,1008,1208,219,11,260
782,2024-11-18,1,1008,1104,219,202,209
783,2024-11-25,1,1008,1185,219,33,450
784,2024-12-02,1,1008,976,219,215,494
785,2024-12-09,1,1008,1356,219,208,454
786,2024-12-16,1,1008,1004,219,263,229
787,2024-12-23,1,1008,938,219,206,82
788,2024-12-30,1,1008,716,219,187,391
789,2025-01-06,1,1008,570,219,118,103
790,2025-01-13,1,1008,502,219,55,330
791,2025-01-20,1,1008,312,219,78,94
792,2025-01-27,1,1008,267,219,33,231
793,2025-02-03,1,1008,31,219,1,78
794,2025-02-10,1,1008,0,219,0,56
795,2025-02-17,1,1008,47,219,2,29
796,2025-02-24,1,1008,168,219,32,120
797,2025-03-03,1,1008,141,219,8,35
798,2025-03-10,1,1008,290,219,86,246
799,2025-03-17,1,1008,402,219,87,337
800,2025-03-24,1,1008,215,219,25,237
801,2025-03-31,1,1008,0,219,0,469
802,2025-04-07,1,1008,0,219,0,330
803,2025-04-14,1,1008,74,219,20,483
804,2025-04-21,1,1008,22,219,0,41
805,2025-04-28,1,1008,0,219,0,485
806,2025-05-05,1,1008,0,219,0,48
807,2025-05-12,1,1008,223,219,60,374
808,2025-05-19,1,1008,294,219,13,361
809,2025-05-26,1,1008,91,219,8,174
810,2025-06-02,1,1008,211,219,53,198
811,2025-06-09,1,1008,290,219,73,12
812,2025-06-16,1,1008,128,219,26,88
813,2025-06-23,1,1008,0,219,0,170
814,2025-06-30,1,1008,0,219,0,196
815,2025-07-07,1,1008,216,219,16,324
816,2025-07-14,1,1008,417,219,6,136
817,2025-07-21,1,1008,497,219,62,296
818,2025-07-28,1,1008,213,219,40,235
819,2025-08-04,1,1008,88,219,13,460
820,2025-08-11,1,1008,0,219,0,189
821,2025-08-18,1,1008,0,219,0,236
822,2025-08-25,1,1008,0,219,0,412
823,2025-09-01,1,1008,0,219,0,307
824,2025-09-08,1,1008,0,219,0,333
825,2025-09-15,1,1008,146,219,3,293
826,2025-09-22,1,1008,0,219,0,12
827,2025-09-29,1,1008,229,219,66,16
828,2025-10-06,1,1008,318,219,1,31
829,2025-10-13,1,1008,1,219,0,39
830,2025-10-20,1,1008,0,219,0,312
831,2025-10-27,1,1008,0,219,0,112
832,2025-11-03,1,1008,354,219,9,83
833,2025-11-10,1,1008,0,219,0,38
834,2025-11-17,1,1008,32,219,2,232
835,2025-11-24,1,1008,1,219,0,404
836,2025-12-01,1,1008,314,219,15,394
837,2025-12-08,1,1008,146,219,29,91
838,2025-12-15,1,1008,154,219,26,176
839,2025-12-22,1,1008,112,219,27,334
840,2025-12-29,1,1008,0,219,0,385
841,2024-01-01,1,1009,982,330,68,93
842,2024-01-08,1,1009,1214,330,217,370
843,2024-01-15,1,1009,976,330,255,51
844,2024-01-22,1,1009,896,330,133,494
845,2024-01-29,1,1009,848,330,130,11
846,2024-02-05,1,1009,561,330,32,289
847,2024-02-12,1,1009,569,330,83,17
848,2024-02-19,1,1009,481,330,35,436
849,2024-02-26,1,1009,495,330,134,184
850,2024-03-04,1,1009,678,330,115,304
851,2024-03-11,1,1009,746,330,215,164
852,2024-03-18,1,1009,766,330,23,349
853,2024-03-25,1,1009,683,330,126,23
854,2024-04-01,1,1009,813,330,26,134
855,2024-04-08,1,1009,1048,330,272,365
856,2024-04-15,1,1009,1063,330,96,224
857,2024-04-22,1,1009,997,330,202,68
858,2024-04-29,1,1009,1062,330,217,6
859,2024-05-06,1,1009,844,330,98,478
860,2024-05-13,1,1009,895,330,15,363
861,2024-05-20,1,1009,895,330,122,170
862,2024-05-27,1,1009,686,330,61,322
863,2024-06-03,1,1009,626,330,135,323
864,2024-06-10,1,1009,842,330,212,77
865,2024-06-17,1,1009,659,330,195,342
866,2024-06-24,1,1009,534,330,121,388
867,2024-07-01,1,1009,388,330,49,9
868,2024-07-08,1,1009,488,330,113,154
869,2024-07-15,1,1009,569,330,87,329
870,2024-07-22,1,1009,427,330,12,181
871,2024-07-29,1,1009,578,330,104,156
872,2024-08-05,1,1009,432,330,15,147
873,2024-08-12,1,1009,495,330,134,7
874,2024-08-19,1,1009,537,330,150,111
875,2024-08-26,1,1009,490,330,62,11
876,2024-09-02,1,1009,324,330,38,247
877,2024-09-09,1,1009,188,330,49,48
878,2024-09-16,1,1009,411,330,92,459
879,2024-09-23,1,1009,120,330,9,54
880,2024-09-30,1,1009,315,330,89,147
881,2024-10-07,1,1009,338,330,44,399
882,2024-10-14,1,1009,311,330,74,252
883,2024-10-21,1,1009,66,330,7,31
884,2024-10-28,1,1009,91,330,24,25
885,2024-11-04,1,1009,135,330,7,220
886,2024-11-11,1,1009,0,330,0,489
887,2024-11-18,1,1009,0,330,0,254
888,2024-11-25,1,1009,0,330,0,91
889,2024-12-02,1,1009,0,330,0,386
890,2024-12-09,1,1009,137,330,11,198
891,2024-12-16,1,1009,0,330,0,321
892,2024-12-23,1,1009,386,330,98,65
893,2024-12-30,1,1009,8,330,0,399
894,2025-01-06,1,1009,101,330,7,3
895,2025-01-13,1,1009,0,330,0,283
896,2025-01-20,1,1009,128,330,32,201
897,2025-01-27,1,1009,0,330,0,130
898,2025-02-03,1,1009,0,330,0,323
899,2025-02-10,1,1009,0,330,0,269
900,2025-02-17,1,1009,0,330,0,82
901,2025-02-24,1,1009,0,330,0,131
902,2025-03-03,1,1009,0,330,0,406
903,2025-03-10,1,1009,0,330,0,51
904,2025-03-17,1,1009,0,330,0,71
905,2025-03-24,1,1009,0,330,0,339
906,2025-03-31,1,1009,0,330,0,318
907,2025-04-07,1,1009,0,330,0,101
908,2025-04-14,1,1009,0,330,0,16
909,2025-04-21,1,1009,0,330,0,86
910,2025-04-28,1,1009,0,330,0,205
911,2025-05-05,1,1009,0,330,0,295
912,2025-05-12,1,1009,108,330,7,328
913,2025-05-19,1,1009,0,330,0,461
914,2025-05-26,1,1009,124,330,2,171
915,2025-06-02,1,1009,297,330,33,293
916,2025-06-09,1,1009,12,330,2,28
917,2025-06-16,1,1009,0,330,0,479
918,2025-06-23,1,1009,221,330,18,110
919,2025-06-30,1,1009,151,330,17,340
920,2025-07-07,1,1009,349,330,48,377
921,2025-07-14,1,1009,440,330,22,11
922,2025-07-21,1,1009,370,330,70,160
923,2025-07-28,1,1009,254,330,48,340
924,2025-08-04,1,1009,408,330,45,30
925,2025-08-11,1,1009,501,330,96,317
926,2025-08-18,1,1009,621,330,79,289
927,2025-08-25,1,1009,661,330,110,4
928,2025-09-01,1,1009,614,330,64,130
929,2025-09-08,1,1009,739,330,106,298
930,2025-09-15,1,1009,814,330,99,216
931,2025-09-22,1,1009,965,330,143,382
932,2025-09-29,1,1009,1118,330,31,309
933,2025-10-06,1,1009,1424,330,24,305
934,2025-10-13,1,1009,1200,330,3,385
935,2025-10-20,1,1009,1034,330,164,372
936,2025-10-27,1,1009,1245,330,91,353
937,2025-11-03,1,1009,1245,330,315,262
938,2025-11-10,1,1009,1114,330,8,106
939,2025-11-17,1,1009,768,330,162,376
940,2025-11-24,1,1009,537,330,55,75
941,2025-12-01,1,1009,747,330,8,208
942,2025-12-08,1,1009,398,330,11,190
943,2025-12-15,1,1009,161,330,47,496
944,2025-12-22,1,1009,154,330,22,283
945,2025-12-29,1,1009,0,330,0,483
946,2024-01-01,1,1010,3322,279,211,482
947,2024-01-08,1,1010,3402,279,967,96
948,2024-01-15,1,1010,3294,279,115,81
949,2024-01-22,1,1010,3434,279,211,446
950,2024-01-29,1,1010,3189,279,659,44
951,2024-02-05,1,1010,3205,279,422,161
952,2024-02-12,1,1010,2935,279,11,210
953,2024-02-19,1,1010,2876,279,519,377
954,2024-02-26,1,1010,3084,279,552,258
955,2024-03-04,1,1010,3066,279,161,16
956,2024-03-11,1,1010,2857,279,523,53
957,2024-03-18,1,1010,2762,279,129,321
958,2024-03-25,1,1010,2693,279,594,123
959,2024-04-01,1,1010,2438,279,97,341
960,2024-04-08,1,1010,2477,279,409,4
961,2024-04-15,1,1010,2266,279,408,384
962,2024-04-22,1,1010,2332,279,58,41
963,2024-04-29,1,1010,2452,279,82,362
964,2024-05-06,1,1010,2591,279,187,335
965,2024-05-13,1,1010,2421,279,486,384
966,2024-05-20,1,1010,2505,279,202,381
967,2024-05-27,1,1010,2765,279,322,352
968,2024-06-03,1,1010,2699,279,162,37
969,2024-06-10,1,1010,2432,279,597,338
970,2024-06-17,1,1010,2326,279,342,87
971,2024-06-24,1,1010,2480,279,79,129
972,2024-07-01,1,1010,2538,279,276,269
973,2024-07-08,1,1010,2722,279,317,19
974,2024-07-15,1,1010,2975,279,333,423
975,2024-07-22,1,1010,2693,279,442,278
976,2024-07-29,1,1010,2468,279,103,227
977,2024-08-05,1,1010,2455,279,211,258
978,2024-08-12,1,1010,2464,279,487,375
979,2024-08-19,1,1010,2597,279,223,292
980,2024-08-26,1,1010,2594,279,592,302
981,2024-09-02,1,1010,2631,279,284,90
982,2024-09-09,1,1010,2380,279,135,221
983,2024-09-16,1,1010,2101,279,387,129
984,2024-09-23,1,1010,2094,279,188,241
985,2024-09-30,1,1010,2344,279,352,497
986,2024-10-07,1,1010,2727,279,300,181
987,2024-10-14,1,1010,2811,279,261,424
988,2024-10-21,1,1010,3147,279,242,148
989,2024-10-28,1,1010,2885,279,551,25
990,2024-11-04,1,1010,2728,279,713,37
991,2024-11-11,1,1010,2406,279,44,283
992,2024-11-18,1,1010,2007,279,182,438
993,2024-11-25,1,1010,2240,279,619,491
994,2024-12-02,1,1010,2552,279,713,109
995,2024-12-09,1,1010,2374,279,393,227
996,2024-12-16,1,1010,2238,279,473,372
997,2024-12-23,1,1010,2555,279,126,101
998,2024-12-30,1,1010,2525,279,339,64
999,2025-01-06,1,1010,2751,279,731,180
1000,2025-01-13,1,1010,2950,279,660,491
1001,2025-01-20,1,1010,3181,279,951,492
1002,2025-01-27,1,1010,2956,279,808,436
1003,2025-02-03,1,1010,2976,279,239,46
1004,2025-02-10,1,1010,3006,279,447,87
1005,2025-02-17,1,1010,3019,279,337,172
1006,2025-02-24,1,1010,3093,279,628,246
1007,2025-03-03,1,1010,2828,279,653,333
1008,2025-03-10,1,1010,2844,279,745,155
1009,2025-03-17,1,1010,2921,279,870,377
1010,2025-03-24,1,1010,3051,279,405,418
1011,2025-03-31,1,1010,2889,279,548,483
1012,2025-04-07,1,1010,2877,279,373,327
1013,2025-04-14,1,1010,3057,279,841,432
1014,2025-04-21,1,1010,3022,279,28,496
1015,2025-04-28,1,1010,3231,279,42,292
1016,2025-05-05,1,1010,3191,279,317,3
1017,2025-05-12,1,1010,3100,279,594,117
1018,2025-05-19,1,1010,3296,279,711,188
1019,2025-05-26,1,1010,3248,279,751,285
1020,2025-06-02,1,1010,3322,279,489,180
1021,2025-06-09,1,1010,3215,279,470,185
1022,2025-06-16,1,1010,3371,279,693,436
1023,2025-06-23,1,1010,3539,279,1045,187
1024,2025-06-30,1,1010,3801,279,1047,346
1025,2025-07-07,1,1010,3938,279,1173,458
1026,2025-07-14,1,1010,3913,279,168,190
1027,2025-07-21,1,1010,4081,279,211,154
1028,2025-07-28,1,1010,4078,279,1103,409
1029,2025-08-04,1,1010,4171,279,395,74
1030,2025-08-11,1,1010,4072,279,743,119
1031,2025-08-18,1,1010,4154,279,952,152
1032,2025-08-25,1,1010,4240,279,3,339
1033,2025-09-01,1,1010,4346,279,857,245
1034,2025-09-08,1,1010,4278,279,1281,210
1035,2025-09-15,1,1010,4238,279,89,359
1036,2025-09-22,1,1010,3972,279,507,326
1037,2025-09-29,1,1010,4029,279,1207,185
1038,2025-10-06,1,1010,3961,279,681,301
1039,2025-10-13,1,1010,4225,279,899,61
1040,2025-10-20,1,1010,4544,279,871,71
1041,2025-10-27,1,1010,4884,279,939,209
1042,2025-11-03,1,1010,4567,279,470,57
1043,2025-11-10,1,1010,4522,279,1086,211
1044,2025-11-17,1,1010,4342,279,641,41
1045,2025-11-24,1,1010,4104,279,460,7
1046,2025-12-01,1,1010,3910,279,1102,445
1047,2025-12-08,1,1010,4223,279,925,2
1048,2025-12-15,1,1010,3902,279,1103,150
1049,2025-12-22,1,1010,3608,279,59,51
1050,2025-12-29,1,1010,3223,279,270,479
1051,2024-01-01,1,1011,622,326,52,85
1052,2024-01-08,1,1011,879,326,238,441
1053,2024-01-15,1,1011,1149,326,269,453
1054,2024-01-22,1,1011,1006,326,177,329
1055,2024-01-29,1,1011,710,326,66,496
1056,2024-02-05,1,1011,470,326,9,367
1057,2024-02-12,1,1011,508,326,89,43
1058,2024-02-19,1,1011,238,326,64,428
1059,2024-02-26,1,1011,345,326,29,13
1060,2024-03-04,1,1011,571,326,94,427
1061,2024-03-11,1,1011,390,326,53,82
1062,2024-03-18,1,1011,97,326,22,394
1063,2024-03-25,1,1011,221,326,1,429
1064,2024-04-01,1,1011,165,326,15,154
1065,2024-04-08,1,1011,129,326,16,129
1066,2024-04-15,1,1011,209,326,25,207
1067,2024-04-22,1,1011,434,326,40,217
1068,2024-04-29,1,1011,595,326,101,490
1069,2024-05-06,1,1011,840,326,60,231
1070,2024-05-13,1,1011,611,326,139,127
1071,2024-05-20,1,1011,392,326,38,207
1072,2024-05-27,1,1011,599,326,178,93
1073,2024-06-03,1,1011,480,326,27,180
1074,2024-06-10,1,1011,545,326,147,368
1075,2024-06-17,1,1011,385,326,42,378
1076,2024-06-24,1,1011,600,326,57,366
1077,2024-07-01,1,1011,371,326,11,243
1078,2024-07-08,1,1011,461,326,70,142
1079,2024-07-15,1,1011,490,326,107,36
1080,2024-07-22,1,1011,654,326,104,206
1081,2024-07-29,1,1011,725,326,154,229
1082,2024-08-05,1,1011,800,326,169,318
1083,2024-08-12,1,1011,952,326,179,116
1084,2024-08-19,1,1011,897,326,20,260
1085,2024-08-26,1,1011,849,326,147,27
1086,2024-09-02,1,1011,896,326,207,292
1087,2024-09-09,1,1011,831,326,113,382
1088,2024-09-16,1,1011,688,326,80,214
1089,2024-09-23,1,1011,596,326,123,471
1090,2024-09-30,1,1011,494,326,104,174
1091,2024-10-07,1,1011,239,326,41,270
1092,2024-10-14,1,1011,0,326,0,457
1093,2024-10-21,1,1011,0,326,0,453
1094,2024-10-28,1,1011,299,326,47,383
1095,2024-11-04,1,1011,397,326,51,282
1096,2024-11-11,1,1011,314,326,6,328
1097,2024-11-18,1,1011,658,326,103,341
1098,2024-11-25,1,1011,982,326,3,362
1099,2024-12-02,1,1011,921,326,156,145
1100,2024-12-09,1,1011,716,326,23,231
1101,2024-12-16,1,1011,695,326,84,26
1102,2024-12-23,1,1011,756,326,86,208
1103,2024-12-30,1,1011,847,326,52,469
1104,2025-01-06,1,1011,553,326,30,357
1105,2025-01-13,1,1011,737,326,137,22
1106,2025-01-20,1,1011,967,326,95,421
1107,2025-01-27,1,1011,800,326,151,271
1108,2025-02-03,1,1011,1070,326,193,334
1109,2025-02-10,1,1011,1243,326,68,448
1110,2025-02-17,1,1011,1164,326,330,370
1111,2025-02-24,1,1011,1341,326,313,174
1112,2025-03-03,1,1011,1398,326,115,306
1113,2025-03-10,1,1011,1206,326,317,202
1114,2025-03-17,1,1011,1472,326,129,240
1115,2025-03-24,1,1011,1667,326,150,498
1116,2025-03-31,1,1011,1944,326,116,21
1117,2025-04-07,1,1011,1988,326,185,483
1118,2025-04-14,1,1011,1712,326,447,430
1119,2025-04-21,1,1011,1611,326,354,10
1120,2025-04-28,1,1011,1441,326,270,271
1121,2025-05-05,1,1011,1254,326,47,218
1122,2025-05-12,1,1011,1105,326,8,69
1123,2025-05-19,1,1011,821,326,161,130
1124,2025-05-26,1,1011,856,326,97,140
1125,2025-06-02,1,1011,901,326,171,294
1126,2025-06-09,1,1011,858,326,92,430
1127,2025-06-16,1,1011,577,326,59,364
1128,2025-06-23,1,1011,625,326,174,355
1129,2025-06-30,1,1011,670,326,99,168
1130,2025-07-07,1,1011,476,326,74,124
1131,2025-07-14,1,1011,424,326,103,258
1132,2025-07-21,1,1011,636,326,79,390
1133,2025-07-28,1,1011,404,326,30,85
1134,2025-08-04,1,1011,335,326,97,251
1135,2025-08-11,1,1011,191,326,15,339
1136,2025-08-18,1,1011,165,326,41,496
1137,2025-08-25,1,1011,3,326,0,221
1138,2025-09-01,1,1011,0,326,0,57
1139,2025-09-08,1,1011,0,326,0,80
1140,2025-09-15,1,1011,162,326,36,238
1141,2025-09-22,1,1011,0,326,0,164
1142,2025-09-29,1,1011,233,326,28,297
1143,2025-10-06,1,1011,290,326,84,232
1144,2025-10-13,1,1011,32,326,1,226
1145,2025-10-20,1,1011,417,326,113,243
1146,2025-10-27,1,1011,221,326,20,126
1147,2025-11-03,1,1011,149,326,16,134
1148,2025-11-10,1,1011,0,326,0,236
1149,2025-11-17,1,1011,0,326,0,93
1150,2025-11-24,1,1011,0,326,0,207
1151,2025-12-01,1,1011,0,326,0,327
1152,2025-12-08,1,1011,224,326,16,412
1153,2025-12-15,1,1011,0,326,0,307
1154,2025-12-22,1,1011,117,326,32,310
1155,2025-12-29,1,1011,0,326,0,435
1156,2024-01-01,1,1012,1349,301,56,391
1157,2024-01-08,1,1012,1307,301,156,62
1158,2024-01-15,1,1012,1398,301,44,169
1159,2024-01-22,1,1012,1124,301,244,284
1160,2024-01-29,1,1012,1173,301,124,201
1161,2024-02-05,1,1012,1304,301,173,371
1162,2024-02-12,1,1012,1463,301,367,76
1163,2024-02-19,1,1012,1595,301,446,98
1164,2024-02-26,1,1012,1336,301,50,268
1165,2024-03-04,1,1012,1494,301,326,144
1166,2024-03-11,1,1012,1441,301,230,381
1167,2024-03-18,1,1012,1259,301,128,448
1168,2024-03-25,1,1012,1004,301,10,226
1169,2024-04-01,1,1012,1086,301,193,332
1170,2024-04-08,1,1012,1192,301,137,250
1171,2024-04-15,1,1012,1358,301,153,404
1172,2024-04-22,1,1012,1236,301,221,393
1173,2024-04-29,1,1012,1252,301,271,260
1174,2024-05-06,1,1012,1217,301,345,299
1175,2024-05-13,1,1012,1201,301,5,85
1176,2024-05-20,1,1012,1236,301,282,179
1177,2024-05-27,1,1012,1225,301,112,301
1178,2024-06-03,1,1012,1244,301,252,138
1179,2024-06-10,1,1012,1307,301,159,212
1180,2024-06-17,1,1012,1228,301,298,356
1181,2024-06-24,1,1012,1079,301,124,363
1182,2024-07-01,1,1012,1163,301,144,296
1183,2024-07-08,1,1012,1093,301,40,489
1184,2024-07-15,1,1012,1091,301,323,470
1185,2024-07-22,1,1012,1287,301,302,493
1186,2024-07-29,1,1012,1268,301,312,314
1187,2024-08-05,1,1012,1405,301,91,477
1188,2024-08-12,1,1012,1397,301,359,77
1189,2024-08-19,1,1012,1502,301,398,106
1190,2024-08-26,1,1012,1655,301,142,258
1191,2024-09-02,1,1012,1694,301,80,467
1192,2024-09-09,1,1012,1698,301,37,85
1193,2024-09-16,1,1012,1641,301,256,79
1194,2024-09-23,1,1012,1744,301,112,50
1195,2024-09-30,1,1012,1952,301,16,65
1196,2024-10-07,1,1012,2030,301,555,479
1197,2024-10-14,1,1012,2312,301,363,473
1198,2024-10-21,1,1012,2008,301,58,384
1199,2024-10-28,1,1012,2164,301,80,355
1200,2024-11-04,1,1012,1791,301,240,477
1201,2024-11-11,1,1012,1520,301,368,493
1202,2024-11-18,1,1012,1539,301,394,253
1203,2024-11-25,1,1012,1434,301,396,221
1204,2024-12-02,1,1012,1806,301,299,212
1205,2024-12-09,1,1012,1537,301,24,8
1206,2024-12-16,1,1012,1861,301,284,51
1207,2024-12-23,1,1012,1604,301,180,420
1208,2024-12-30,1,1012,1938,301,558,208
1209,2025-01-06,1,1012,1757,301,266,75
1210,2025-01-13,1,1012,1924,301,416,236
1211,2025-01-20,1,1012,2004,301,498,449
1212,2025-01-27,1,1012,2176,301,394,9
1213,2025-02-03,1,1012,2160,301,530,449
1214,2025-02-10,1,1012,2302,301,135,439
1215,2025-02-17,1,1012,2294,301,407,22
1216,2025-02-24,1,1012,2554,301,366,135
1217,2025-03-03,1,1012,2412,301,138,294
1218,2025-03-10,1,1012,2652,301,437,221
1219,2025-03-17,1,1012,2497,301,315,229
1220,2025-03-24,1,1012,2214,301,2,116
1221,2025-03-31,1,1012,2112,301,448,80
1222,2025-04-07,1,1012,2237,301,3,206
1223,2025-04-14,1,1012,2333,301,531,495
1224,2025-04-21,1,1012,2167,301,99,201
1225,2025-04-28,1,1012,2276,301,387,239
1226,2025-05-05,1,1012,2206,301,382,136
1227,2025-05-12,1,1012,2375,301,66,319
1228,2025-05-19,1,1012,2372,301,196,41
1229,2025-05-26,1,1012,2237,301,518,164
1230,2025-06-02,1,1012,2313,301,615,382
1231,2025-06-09,1,1012,2225,301,337,160
1232,2025-06-16,1,1012,2008,301,513,235
1233,2025-06-23,1,1012,2066,301,564,288
1234,2025-06-30,1,1012,2132,301,85,76
1235,2025-07-07,1,1012,2158,301,614,205
1236,2025-07-14,1,1012,1955,301,192,95
1237,2025-07-21,1,1012,2029,301,346,166
1238,2025-07-28,1,1012,1835,301,88,324
1239,2025-08-04,1,1012,1706,301,274,413
1240,2025-08-11,1,1012,1843,301,277,258
1241,2025-08-18,1,1012,1805,301,113,78
1242,2025-08-25,1,1012,1932,301,571,162
1243,2025-09-01,1,1012,2043,301,316,200
1244,2025-09-08,1,1012,2272,301,357,435
1245,2025-09-15,1,1012,2172,301,121,420
1246,2025-09-22,1,1012,1951,301,262,59
1247,2025-09-29,1,1012,1876,301,116,366
1248,2025-10-06,1,1012,1867,301,408,353
1249,2025-10-13,1,1012,1946,301,451,438
1250,2025-10-20,1,1012,2182,301,88,166
1251,2025-10-27,1,1012,2567,301,125,183
1252,2025-11-03,1,1012,2746,301,468,438
1253,2025-11-10,1,1012,2746,301,742,293
1254,2025-11-17,1,1012,2965,301,50,245
1255,2025-11-24,1,1012,3053,301,453,219
1256,2025-12-01,1,1012,2967,301,30,100
1257,2025-12-08,1,1012,3259,301,319,232
1258,2025-12-15,1,1012,3649,301,892,56
1259,2025-12-22,1,1012,3880,301,689,162
1260,2025-12-29,1,1012,4133,301,311,205
1261,2024-01-01,1,1013,2172,308,280,291
1262,2024-01-08,1,1013,2000,308,453,283
1263,2024-01-15,1,1013,1841,308,539,93
1264,2024-01-22,1,1013,1954,308,406,234
1265,2024-01-29,1,1013,1923,308,558,453
1266,2024-02-05,1,1013,2125,308,611,293
1267,2024-02-12,1,1013,1968,308,150,287
1268,2024-02-19,1,1013,2115,308,74,275
1269,2024-02-26,1,1013,1977,308,139,362
1270,2024-03-04,1,1013,2095,308,236,207
1271,2024-03-11,1,1013,2347,308,506,118
1272,2024-03-18,1,1013,2173,308,613,159
1273,2024-03-25,1,1013,1962,308,266,3
1274,2024-04-01,1,1013,2052,308,359,232
1275,2024-04-08,1,1013,2248,308,580,59
1276,2024-04-15,1,1013,2481,308,284,111
1277,2024-04-22,1,1013,2596,308,3,282
1278,2024-04-29,1,1013,2506,308,152,311
1279,2024-05-06,1,1013,2320,308,200,380
1280,2024-05-13,1,1013,2260,308,338,300
1281,2024-05-20,1,1013,2517,308,268,440
1282,2024-05-27,1,1013,2446,308,392,251
1283,2024-06-03,1,1013,2471,308,402,55
1284,2024-06-10,1,1013,2707,308,138,244
1285,2024-06-17,1,1013,2482,308,380,310
1286,2024-06-24,1,1013,2339,308,440,70
1287,2024-07-01,1,1013,2359,308,640,234
1288,2024-07-08,1,1013,2416,308,176,269
1289,2024-07-15,1,1013,2232,308,283,370
1290,2024-07-22,1,1013,2025,308,273,417
1291,2024-07-29,1,1013,1957,308,292,105
1292,2024-08-05,1,1013,1990,308,235,51
1293,2024-08-12,1,1013,1851,308,342,282
1294,2024-08-19,1,1013,1944,308,91,188
1295,2024-08-26,1,1013,2101,308,320,160
1296,2024-09-02,1,1013,2350,308,592,273
1297,2024-09-09,1,1013,2084,308,335,26
1298,2024-09-16,1,1013,1875,308,496,92
1299,2024-09-23,1,1013,1750,308,142,342
1300,2024-09-30,1,1013,1529,308,397,290
1301,2024-10-07,1,1013,1793,308,170,72
1302,2024-10-14,1,1013,1868,308,139,239
1303,2024-10-21,1,1013,1841,308,105,66
1304,2024-10-28,1,1013,1572,308,358,165
1305,2024-11-04,1,1013,1912,308,123,491
1306,2024-11-11,1,1013,2263,308,302,406
1307,2024-11-18,1,1013,2047,308,367,58
1308,2024-11-25,1,1013,1666,308,153,195
1309,2024-12-02,1,1013,1993,308,305,185
1310,2024-12-09,1,1013,2228,308,264,249
1311,2024-12-16,1,1013,1981,308,307,53
1312,2024-12-23,1,1013,2095,308,248,449
1313,2024-12-30,1,1013,1728,308,328,270
1314,2025-01-06,1,1013,1740,308,414,214
1315,2025-01-13,1,1013,1931,308,68,16
1316,2025-01-20,1,1013,1949,308,548,13
1317,2025-01-27,1,1013,2127,308,517,48
1318,2025-02-03,1,1013,2065,308,271,47
1319,2025-02-10,1,1013,2262,308,535,271
1320,2025-02-17,1,1013,2400,308,467,78
1321,2025-02-24,1,1013,2638,308,750,434
1322,2025-03-03,1,1013,2610,308,726,491
1323,2025-03-10,1,1013,2634,308,155,173
1324,2025-03-17,1,1013,2909,308,186,211
1325,2025-03-24,1,1013,2794,308,385,464
1326,2025-03-31,1,1013,2828,308,780,154
1327,2025-04-07,1,1013,2734,308,407,149
1328,2025-04-14,1,1013,2947,308,741,229
1329,2025-04-21,1,1013,2718,308,287,242
1330,2025-04-28,1,1013,2585,308,418,62
1331,2025-05-05,1,1013,2731,308,211,332
1332,2025-05-12,1,1013,2731,308,378,332
1333,2025-05-19,1,1013,2772,308,36,21
1334,2025-05-26,1,1013,2724,308,339,29
1335,2025-06-02,1,1013,2513,308,242,409
1336,2025-06-09,1,1013,2538,308,643,314
1337,2025-06-16,1,1013,2744,308,760,279
1338,2025-06-23,1,1013,2947,308,449,153
1339,2025-06-30,1,1013,3190,308,167,272
1340,2025-07-07,1,1013,3342,308,654,249
1341,2025-07-14,1,1013,3360,308,646,49
1342,2025-07-21,1,1013,3619,308,402,262
1343,2025-07-28,1,1013,3742,308,960,190
1344,2025-08-04,1,1013,3834,308,406,481
1345,2025-08-11,1,1013,3684,308,532,229
1346,2025-08-18,1,1013,3830,308,276,326
1347,2025-08-25,1,1013,3711,308,155,178
1348,2025-09-01,1,1013,3824,308,214,4
1349,2025-09-08,1,1013,3758,308,273,22
1350,2025-09-15,1,1013,3921,308,75,180
1351,2025-09-22,1,1013,3661,308,148,480
1352,2025-09-29,1,1013,3446,308,738,428
1353,2025-10-06,1,1013,3451,308,229,384
1354,2025-10-13,1,1013,3372,308,232,469
1355,2025-10-20,1,1013,3451,308,159,10
1356,2025-10-27,1,1013,3039,308,73,175
1357,2025-11-03,1,1013,2690,308,452,405
1358,2025-11-10,1,1013,2648,308,466,463
1359,2025-11-17,1,1013,2275,308,366,31
1360,2025-11-24,1,1013,1857,308,523,39
1361,2025-12-01,1,1013,1648,308,172,328
1362,2025-12-08,1,1013,1352,308,304,304
1363,2025-12-15,1,1013,1718,308,322,469
1364,2025-12-22,1,1013,1663,308,200,337
1365,2025-12-29,1,1013,1335,308,141,112
1366,2024-01-01,1,1014,871,332,227,378
1367,2024-01-08,1,1014,956,332,274,283
1368,2024-01-15,1,1014,1045,332,197,98
1369,2024-01-22,1,1014,752,332,137,7
1370,2024-01-29,1,1014,494,332,77,79
1371,2024-02-05,1,1014,534,332,103,420
1372,2024-02-12,1,1014,739,332,104,497
1373,2024-02-19,1,1014,717,332,118,429
1374,2024-02-26,1,1014,611,332,49,175
1375,2024-03-04,1,1014,373,332,93,497
1376,2024-03-11,1,1014,97,332,28,416
1377,2024-03-18,1,1014,0,332,0,194
1378,2024-03-25,1,1014,124,332,14,17
1379,2024-04-01,1,1014,62,332,11,51
1380,2024-04-08,1,1014,0,332,0,1
1381,2024-04-15,1,1014,119,332,18,60
1382,2024-04-22,1,1014,398,332,35,145
1383,2024-04-29,1,1014,314,332,59,211
1384,2024-05-06,1,1014,412,332,47,407
1385,2024-05-13,1,1014,182,332,3,263
1386,2024-05-20,1,1014,0,332,0,61
1387,2024-05-27,1,1014,0,332,0,221
1388,2024-06-03,1,1014,82,332,8,223
1389,2024-06-10,1,1014,98,332,25,355
1390,2024-06-17,1,1014,8,332,0,396
1391,2024-06-24,1,1014,0,332,0,444
1392,2024-07-01,1,1014,0,332,0,480
1393,2024-07-08,1,1014,0,332,0,391
1394,2024-07-15,1,1014,0,332,0,388
1395,2024-07-22,1,1014,0,332,0,198
1396,2024-07-29,1,1014,0,332,0,334
1397,2024-08-05,1,1014,0,332,0,385
1398,2024-08-12,1,1014,155,332,12,255
1399,2024-08-19,1,1014,134,332,22,447
1400,2024-08-26,1,1014,32,332,0,257
1401,2024-09-02,1,1014,0,332,0,110
1402,2024-09-09,1,1014,0,332,0,169
1403,2024-09-16,1,1014,0,332,0,156
1404,2024-09-23,1,1014,0,332,0,314
1405,2024-09-30,1,1014,0,332,0,221
1406,2024-10-07,1,1014,0,332,0,138
1407,2024-10-14,1,1014,88,332,8,419
1408,2024-10-21,1,1014,0,332,0,234
1409,2024-10-28,1,1014,0,332,0,233
1410,2024-11-04,1,1014,140,332,22,98
1411,2024-11-11,1,1014,193,332,17,25
1412,2024-11-18,1,1014,249,332,61,305
1413,2024-11-25,1,1014,459,332,30,326
1414,2024-12-02,1,1014,673,332,137,485
1415,2024-12-09,1,1014,607,332,88,217
1416,2024-12-16,1,1014,605,332,141,368
1417,2024-12-23,1,1014,680,332,172,116
1418,2024-12-30,1,1014,925,332,253,272
1419,2025-01-06,1,1014,1132,332,7,272
1420,2025-01-13,1,1014,1042,332,116,306
1421,2025-01-20,1,1014,1140,332,193,304
1422,2025-01-27,1,1014,1414,332,262,393
1423,2025-02-03,1,1014,1442,332,367,66
1424,2025-02-10,1,1014,1600,332,77,311
1425,2025-02-17,1,1014,1580,332,470,116
1426,2025-02-24,1,1014,1690,332,11,403
1427,2025-03-03,1,1014,1425,332,312,444
1428,2025-03-10,1,1014,1573,332,386,144
1429,2025-03-17,1,1014,1442,332,348,395
1430,2025-03-24,1,1014,1717,332,296,284
1431,2025-03-31,1,1014,1763,332,129,92
1432,2025-04-07,1,1014,1588,332,3,155
1433,2025-04-14,1,1014,1412,332,64,161
1434,2025-04-21,1,1014,1496,332,18,258
1435,2025-04-28,1,1014,1757,332,484,425
1436,2025-05-05,1,1014,1639,332,448,289
1437,2025-05-12,1,1014,1616,332,416,68
1438,2025-05-19,1,1014,1715,332,47,73
1439,2025-05-26,1,1014,1828,332,350,202
1440,2025-06-02,1,1014,1995,332,458,329
1441,2025-06-09,1,1014,2119,332,410,91
1442,2025-06-16,1,1014,2316,332,541,298
1443,2025-06-23,1,1014,2442,332,89,164
1444,2025-06-30,1,1014,2705,332,710,155
1445,2025-07-07,1,1014,2715,332,733,201
1446,2025-07-14,1,1014,2727,332,450,291
1447,2025-07-21,1,1014,2915,332,338,302
1448,2025-07-28,1,1014,3032,332,730,181
1449,2025-08-04,1,1014,3164,332,594,152
1450,2025-08-11,1,1014,3084,332,723,235
1451,2025-08-18,1,1014,2935,332,571,365
1452,2025-08-25,1,1014,3001,332,788,188
1453,2025-09-01,1,1014,2930,332,663,363
1454,2025-09-08,1,1014,2957,332,557,402
1455,2025-09-15,1,1014,3054,332,143,254
1456,2025-09-22,1,1014,3183,332,90,124
1457,2025-09-29,1,1014,3447,332,147,141
1458,2025-10-06,1,1014,3827,332,287,461
1459,2025-10-13,1,1014,3737,332,639,140
1460,2025-10-20,1,1014,3706,332,785,247
1461,2025-10-27,1,1014,3834,332,421,378
1462,2025-11-03,1,1014,4035,332,591,286
1463,2025-11-10,1,1014,4116,332,870,111
1464,2025-11-17,1,1014,4195,332,98,172
1465,2025-11-24,1,1014,4388,332,625,367
1466,2025-12-01,1,1014,4074,332,233,352
1467,2025-12-08,1,1014,3834,332,1020,495
1468,2025-12-15,1,1014,3902,332,64,347
1469,2025-12-22,1,1014,4133,332,864,106
1470,2025-12-29,1,1014,4130,332,1023,422
1471,2024-01-01,1,1015,2823,316,624,251
1472,2024-01-08,1,1015,2961,316,446,11
1473,2024-01-15,1,1015,2712,316,187,184
1474,2024-01-22,1,1015,2709,316,318,230
1475,2024-01-29,1,1015,2733,316,819,92
1476,2024-02-05,1,1015,2868,316,720,25
1477,2024-02-12,1,1015,2972,316,66,377
1478,2024-02-19,1,1015,3092,316,569,170
1479,2024-02-26,1,1015,3155,316,703,77
1480,2024-03-04,1,1015,3074,316,130,175
1481,2024-03-11,1,1015,3156,316,237,345
1482,2024-03-18,1,1015,3159,316,412,175
1483,2024-03-25,1,1015,3285,316,779,216
1484,2024-04-01,1,1015,3323,316,850,323
1485,2024-04-08,1,1015,3113,316,874,385
1486,2024-04-15,1,1015,3007,316,522,174
1487,2024-04-22,1,1015,2829,316,693,420
1488,2024-04-29,1,1015,2807,316,362,404
1489,2024-05-06,1,1015,2867,316,68,243
1490,2024-05-13,1,1015,3031,316,401,87
1491,2024-05-20,1,1015,3194,316,231,155
1492,2024-05-27,1,1015,3352,316,757,74
1493,2024-06-03,1,1015,3113,316,458,405
1494,2024-06-10,1,1015,3340,316,916,412
1495,2024-06-17,1,1015,3553,316,885,76
1496,2024-06-24,1,1015,3327,316,112,13
1497,2024-07-01,1,1015,3212,316,646,205
1498,2024-07-08,1,1015,3073,316,192,244
1499,2024-07-15,1,1015,3037,316,791,315
1500,2024-07-22,1,1015,3135,316,279,397
1501,2024-07-29,1,1015,3254,316,377,451
1502,2024-08-05,1,1015,3397,316,105,449
1503,2024-08-12,1,1015,3261,316,340,467
1504,2024-08-19,1,1015,3187,316,801,219
1505,2024-08-26,1,1015,3311,316,551,344
1506,2024-09-02,1,1015,3251,316,508,339
1507,2024-09-09,1,1015,3415,316,481,13
1508,2024-09-16,1,1015,3139,316,123,302
1509,2024-09-23,1,1015,3115,316,214,112
1510,2024-09-30,1,1015,2884,316,195,270
1511,2024-10-07,1,1015,3187,316,406,113
1512,2024-10-14,1,1015,3093,316,259,394
1513,2024-10-21,1,1015,2978,316,449,125
1514,2024-10-28,1,1015,3115,316,916,176
1515,2024-11-04,1,1015,3362,316,395,403
1516,2024-11-11,1,1015,3489,316,228,59
1517,2024-11-18,1,1015,3258,316,446,391
1518,2024-11-25,1,1015,3606,316,676,97
1519,2024-12-02,1,1015,3214,316,317,319
1520,2024-12-09,1,1015,3110,316,526,72
1521,2024-12-16,1,1015,2977,316,408,281
1522,2024-12-23,1,1015,2673,316,257,484
1523,2024-12-30,1,1015,2695,316,513,251
1524,2025-01-06,1,1015,2695,316,683,345
1525,2025-01-13,1,1015,2823,316,730,110
1526,2025-01-20,1,1015,2539,316,49,50
1527,2025-01-27,1,1015,2449,316,238,435
1528,2025-02-03,1,1015,2486,316,577,398
1529,2025-02-10,1,1015,2673,316,164,337
1530,2025-02-17,1,1015,2859,316,694,212
1531,2025-02-24,1,1015,2741,316,416,49
1532,2025-03-03,1,1015,2764,316,84,76
1533,2025-03-10,1,1015,2823,316,262,220
1534,2025-03-17,1,1015,2980,316,436,410
1535,2025-03-24,1,1015,2973,316,589,370
1536,2025-03-31,1,1015,2939,316,229,475
1537,2025-04-07,1,1015,2714,316,152,390
1538,2025-04-14,1,1015,2897,316,759,431
1539,2025-04-21,1,1015,3171,316,305,408
1540,2025-04-28,1,1015,3241,316,819,73
1541,2025-05-05,1,1015,3433,316,461,294
1542,2025-05-12,1,1015,3342,316,101,206
1543,2025-05-19,1,1015,3316,316,518,323
1544,2025-05-26,1,1015,3588,316,726,480
1545,2025-06-02,1,1015,3657,316,153,482
1546,2025-06-09,1,1015,3478,316,849,341
1547,2025-06-16,1,1015,3497,316,645,305
1548,2025-06-23,1,1015,3544,316,341,77
1549,2025-06-30,1,1015,3406,316,483,316
1550,2025-07-07,1,1015,3486,316,812,431
1551,2025-07-14,1,1015,3650,316,670,267
1552,2025-07-21,1,1015,3510,316,689,328
1553,2025-07-28,1,1015,3302,316,492,348
1554,2025-08-04,1,1015,3298,316,945,61
1555,2025-08-11,1,1015,3435,316,17,8
1556,2025-08-18,1,1015,3488,316,517,469
1557,2025-08-25,1,1015,3396,316,392,408
1558,2025-09-01,1,1015,3494,316,739,215
1559,2025-09-08,1,1015,3534,316,954,254
1560,2025-09-15,1,1015,3391,316,536,345
1561,2025-09-22,1,1015,3272,316,534,414
1562,2025-09-29,1,1015,3243,316,117,149
1563,2025-10-06,1,1015,2960,316,563,175
1564,2025-10-13,1,1015,2995,316,669,490
1565,2025-10-20,1,1015,2989,316,181,309
1566,2025-10-27,1,1015,3155,316,494,353
1567,2025-11-03,1,1015,2987,316,327,369
1568,2025-11-10,1,1015,3313,316,522,239
1569,2025-11-17,1,1015,3630,316,630,181
1570,2025-11-24,1,1015,3432,316,78,138
1571,2025-12-01,1,1015,3748,316,555,89
1572,2025-12-08,1,1015,3547,316,411,33
1573,2025-12-15,1,1015,3216,316,494,337
1574,2025-12-22,1,1015,2947,316,640,276
1575,2025-12-29,1,1015,2825,316,223,60
1576,2024-01-01,1,1016,3077,276,247,104
1577,2024-01-08,1,1016,3031,276,812,435
1578,2024-01-15,1,1016,2797,276,247,105
1579,2024-01-22,1,1016,3000,276,508,389
1580,2024-01-29,1,1016,3262,276,168,220
1581,2024-02-05,1,1016,3400,276,855,340
1582,2024-02-12,1,1016,3655,276,173,33
1583,2024-02-19,1,1016,3665,276,443,24
1584,2024-02-26,1,1016,3716,276,88,317
1585,2024-03-04,1,1016,3690,276,32,298
1586,2024-03-11,1,1016,3569,276,879,142
1587,2024-03-18,1,1016,3539,276,903,452
1588,2024-03-25,1,1016,3272,276,687,341
1589,2024-04-01,1,1016,3006,276,140,89
1590,2024-04-08,1,1016,3172,276,18,438
1591,2024-04-15,1,1016,3092,276,868,230
1592,2024-04-22,1,1016,2882,276,819,386
1593,2024-04-29,1,1016,2695,276,218,37
1594,2024-05-06,1,1016,2765,276,5,273
1595,2024-05-13,1,1016,2876,276,779,191
1596,2024-05-20,1,1016,2782,276,505,467
1597,2024-05-27,1,1016,2689,276,558,480
1598,2024-06-03,1,1016,2694,276,406,180
1599,2024-06-10,1,1016,2424,276,481,396
1600,2024-06-17,1,1016,2417,276,232,110
1601,2024-06-24,1,1016,2395,276,237,478
1602,2024-07-01,1,1016,2252,276,81,449
1603,2024-07-08,1,1016,2079,276,80,154
1604,2024-07-15,1,1016,1784,276,394,439
1605,2024-07-22,1,1016,1538,276,182,52
1606,2024-07-29,1,1016,1613,276,342,199
1607,2024-08-05,1,1016,1459,276,385,286
1608,2024-08-12,1,1016,1309,276,201,386
1609,2024-08-19,1,1016,1414,276,194,372
1610,2024-08-26,1,1016,1581,276,334,471
1611,2024-09-02,1,1016,1477,276,33,129
1612,2024-09-09,1,1016,1655,276,432,331
1613,2024-09-16,1,1016,1720,276,170,241
1614,2024-09-23,1,1016,1748,276,1,332
1615,2024-09-30,1,1016,1690,276,500,56
1616,2024-10-07,1,1016,1442,276,295,23
1617,2024-10-14,1,1016,1106,276,242,126
1618,2024-10-21,1,1016,1043,276,106,271
1619,2024-10-28,1,1016,1033,276,253,459
1620,2024-11-04,1,1016,1293,276,136,447
1621,2024-11-11,1,1016,1386,276,134,475
1622,2024-11-18,1,1016,1332,276,262,123
1623,2024-11-25,1,1016,1119,276,109,54
1624,2024-12-02,1,1016,833,276,150,106
1625,2024-12-09,1,1016,1099,276,302,375
1626,2024-12-16,1,1016,1443,276,337,148
1627,2024-12-23,1,1016,1406,276,342,250
1628,2024-12-30,1,1016,1193,276,182,326
1629,2025-01-06,1,1016,1425,276,247,181
1630,2025-01-13,1,1016,1479,276,275,33
1631,2025-01-20,1,1016,1645,276,41,290
1632,2025-01-27,1,1016,1561,276,438,319
1633,2025-02-03,1,1016,1820,276,305,391
1634,2025-02-10,1,1016,1694,276,432,443
1635,2025-02-17,1,1016,1910,276,170,65
1636,2025-02-24,1,1016,2035,276,580,107
1637,2025-03-03,1,1016,1985,276,48,294
1638,2025-03-10,1,1016,2168,276,438,373
1639,2025-03-17,1,1016,2307,276,456,279
1640,2025-03-24,1,1016,2250,276,651,16
1641,2025-03-31,1,1016,2310,276,364,443
1642,2025-04-07,1,1016,2332,276,534,407
1643,2025-04-14,1,1016,2385,276,52,259
1644,2025-04-21,1,1016,2245,276,345,235
1645,2025-04-28,1,1016,2040,276,523,72
1646,2025-05-05,1,1016,2190,276,497,77
1647,2025-05-12,1,1016,2161,276,187,249
1648,2025-05-19,1,1016,2346,276,248,59
1649,2025-05-26,1,1016,2369,276,208,157
1650,2025-06-02,1,1016,2638,276,559,31
1651,2025-06-09,1,1016,2897,276,834,474
1652,2025-06-16,1,1016,2718,276,595,250
1653,2025-06-23,1,1016,2688,276,508,332
1654,2025-06-30,1,1016,2658,276,45,190
1655,2025-07-07,1,1016,2752,276,402,337
1656,2025-07-14,1,1016,2529,276,497,276
1657,2025-07-21,1,1016,2321,276,610,474
1658,2025-07-28,1,1016,2033,276,256,481
1659,2025-08-04,1,1016,1971,276,522,18
1660,2025-08-11,1,1016,2049,276,162,333
1661,2025-08-18,1,1016,1986,276,379,4
1662,2025-08-25,1,1016,2142,276,261,309
1663,2025-09-01,1,1016,2326,276,500,409
1664,2025-09-08,1,1016,2435,276,174,112
1665,2025-09-15,1,1016,2152,276,303,182
1666,2025-09-22,1,1016,2205,276,315,387
1667,2025-09-29,1,1016,2127,276,184,208
1668,2025-10-06,1,1016,2404,276,122,135
1669,2025-10-13,1,1016,1988,276,64,319
1670,2025-10-20,1,1016,1926,276,323,442
1671,2025-10-27,1,1016,2071,276,348,40
1672,2025-11-03,1,1016,2166,276,75,218
1673,2025-11-10,1,1016,2101,276,447,389
1674,2025-11-17,1,1016,1944,276,150,257
1675,2025-11-24,1,1016,1746,276,198,474
1676,2025-12-01,1,1016,1328,276,360,125
1677,2025-12-08,1,1016,1074,276,276,74
1678,2025-12-15,1,1016,698,276,58,341
1679,2025-12-22,1,1016,719,276,31,379
1680,2025-12-29,1,1016,1099,276,185,149
1681,2024-01-01,1,1017,3300,402,188,138
1682,2024-01-08,1,1017,3546,402,234,423
1683,2024-01-15,1,1017,3361,402,746,191
1684,2024-01-22,1,1017,3111,402,611,116
1685,2024-01-29,1,1017,3059,402,493,478
1686,2024-02-05,1,1017,3036,402,856,135
1687,2024-02-12,1,1017,2846,402,533,458
1688,2024-02-19,1,1017,2971,402,670,375
1689,2024-02-26,1,1017,2926,402,232,222
1690,2024-03-04,1,1017,2671,402,38,33
1691,2024-03-11,1,1017,2908,402,208,26
1692,2024-03-18,1,1017,3030,402,43,56
1693,2024-03-25,1,1017,2937,402,299,291
1694,2024-04-01,1,1017,2665,402,533,499
1695,2024-04-08,1,1017,2558,402,49,469
1696,2024-04-15,1,1017,2719,402,637,130
1697,2024-04-22,1,1017,2497,402,271,309
1698,2024-04-29,1,1017,2469,402,370,420
1699,2024-05-06,1,1017,2589,402,425,458
1700,2024-05-13,1,1017,2392,402,222,293
1701,2024-05-20,1,1017,2377,402,9,39
1702,2024-05-27,1,1017,2588,402,660,144
1703,2024-06-03,1,1017,2384,402,596,168
1704,2024-06-10,1,1017,2642,402,341,495
1705,2024-06-17,1,1017,2424,402,619,217
1706,2024-06-24,1,1017,2334,402,582,280
1707,2024-07-01,1,1017,2467,402,277,351
1708,2024-07-08,1,1017,2719,402,22,322
1709,2024-07-15,1,1017,2858,402,76,250
1710,2024-07-22,1,1017,2968,402,723,275
1711,2024-07-29,1,1017,2705,402,320,80
1712,2024-08-05,1,1017,2814,402,170,273
1713,2024-08-12,1,1017,2678,402,1,16
1714,2024-08-19,1,1017,2828,402,260,127
1715,2024-08-26,1,1017,2825,402,719,232
1716,2024-09-02,1,1017,2595,402,64,208
1717,2024-09-09,1,1017,2769,402,254,163
1718,2024-09-16,1,1017,2777,402,540,284
1719,2024-09-23,1,1017,2533,402,410,0
1720,2024-09-30,1,1017,2575,402,588,123
1721,2024-10-07,1,1017,2387,402,655,168
1722,2024-10-14,1,1017,2256,402,237,198
1723,2024-10-21,1,1017,2293,402,120,67
1724,2024-10-28,1,1017,2127,402,364,337
1725,2024-11-04,1,1017,2400,402,95,275
1726,2024-11-11,1,1017,2276,402,299,52
1727,2024-11-18,1,1017,2619,402,330,476
1728,2024-11-25,1,1017,2483,402,720,451
1729,2024-12-02,1,1017,2432,402,674,55
1730,2024-12-09,1,1017,2327,402,66,360
1731,2024-12-16,1,1017,2625,402,388,363
1732,2024-12-23,1,1017,2760,402,197,69
1733,2024-12-30,1,1017,2463,402,235,354
1734,2025-01-06,1,1017,2304,402,566,475
1735,2025-01-13,1,1017,2340,402,439,276
1736,2025-01-20,1,1017,2190,402,210,459
1737,2025-01-27,1,1017,2066,402,278,404
1738,2025-02-03,1,1017,1774,402,34,435
1739,2025-02-10,1,1017,1628,402,394,358
1740,2025-02-17,1,1017,1595,402,140,306
1741,2025-02-24,1,1017,1602,402,355,73
1742,2025-03-03,1,1017,1388,402,351,64
1743,2025-03-10,1,1017,1598,402,183,250
1744,2025-03-17,1,1017,1595,402,7,118
1745,2025-03-24,1,1017,1595,402,289,452
1746,2025-03-31,1,1017,1432,402,418,350
1747,2025-04-07,1,1017,1682,402,31,109
1748,2025-04-14,1,1017,1908,402,241,242
1749,2025-04-21,1,1017,1995,402,282,31
1750,2025-04-28,1,1017,1782,402,62,270
1751,2025-05-05,1,1017,1962,402,203,347
1752,2025-05-12,1,1017,2095,402,400,282
1753,2025-05-19,1,1017,1965,402,433,179
1754,2025-05-26,1,1017,1828,402,31,327
1755,2025-06-02,1,1017,1591,402,21,67
1756,2025-06-09,1,1017,1305,402,136,434
1757,2025-06-16,1,1017,1052,402,166,265
1758,2025-06-23,1,1017,989,402,118,236
1759,2025-06-30,1,1017,752,402,58,172
1760,2025-07-07,1,1017,569,402,110,118
1761,2025-07-14,1,1017,429,402,31,351
1762,2025-07-21,1,1017,244,402,56,68
1763,2025-07-28,1,1017,277,402,45,36
1764,2025-08-04,1,1017,430,402,89,242
1765,2025-08-11,1,1017,408,402,112,398
1766,2025-08-18,1,1017,433,402,4,136
1767,2025-08-25,1,1017,479,402,55,284
1768,2025-09-01,1,1017,615,402,155,222
1769,2025-09-08,1,1017,510,402,82,180
1770,2025-09-15,1,1017,239,402,56,67
1771,2025-09-22,1,1017,0,402,0,244
1772,2025-09-29,1,1017,259,402,18,218
1773,2025-10-06,1,1017,562,402,38,281
1774,2025-10-13,1,1017,773,402,20,179
1775,2025-10-20,1,1017,1159,402,132,150
1776,2025-10-27,1,1017,1007,402,195,389
1777,2025-11-03,1,1017,1084,402,195,59
1778,2025-11-10,1,1017,1212,402,151,221
1779,2025-11-17,1,1017,1499,402,262,52
1780,2025-11-24,1,1017,1854,402,155,87
1781,2025-12-01,1,1017,1897,402,32,409
1782,2025-12-08,1,1017,1841,402,215,389
1783,2025-12-15,1,1017,1750,402,264,142
1784,2025-12-22,1,1017,1703,402,430,132
1785,2025-12-29,1,1017,1938,402,389,22
1786,2024-01-01,1,1018,2491,433,160,183
1787,2024-01-08,1,1018,2638,433,356,198
1788,2024-01-15,1,1018,2911,433,329,413
1789,2024-01-22,1,1018,2797,433,749,496
1790,2024-01-29,1,1018,2879,433,666,453
1791,2024-02-05,1,1018,2820,433,416,493
1792,2024-02-12,1,1018,3089,433,500,359
1793,2024-02-19,1,1018,3222,433,946,325
1794,2024-02-26,1,1018,3343,433,716,104
1795,2024-03-04,1,1018,3110,433,197,143
1796,2024-03-11,1,1018,3263,433,962,259
1797,2024-03-18,1,1018,3214,433,734,288
1798,2024-03-25,1,1018,2920,433,108,277
1799,2024-04-01,1,1018,2665,433,84,302
1800,2024-04-08,1,1018,2398,433,17,344
1801,2024-04-15,1,1018,2486,433,328,460
1802,2024-04-22,1,1018,2500,433,255,290
1803,2024-04-29,1,1018,2432,433,116,116
1804,2024-05-06,1,1018,2504,433,100,112
1805,2024-05-13,1,1018,2715,433,230,270
1806,2024-05-20,1,1018,2566,433,151,304
1807,2024-05-27,1,1018,2328,433,175,390
1808,2024-06-03,1,1018,2606,433,18,183
1809,2024-06-10,1,1018,2591,433,275,283
1810,2024-06-17,1,1018,2742,433,506,349
1811,2024-06-24,1,1018,2459,433,59,414
1812,2024-07-01,1,1018,2540,433,525,467
1813,2024-07-08,1,1018,2609,433,512,399
1814,2024-07-15,1,1018,2793,433,320,223
1815,2024-07-22,1,1018,2677,433,659,475
1816,2024-07-29,1,1018,2570,433,739,185
1817,2024-08-05,1,1018,2640,433,556,252
1818,2024-08-12,1,1018,2775,433,638,124
1819,2024-08-19,1,1018,2609,433,358,336
1820,2024-08-26,1,1018,2560,433,326,291
1821,2024-09-02,1,1018,2423,433,160,306
1822,2024-09-09,1,1018,2437,433,543,127
1823,2024-09-16,1,1018,2243,433,185,376
1824,2024-09-23,1,1018,2328,433,466,104
1825,2024-09-30,1,1018,2077,433,48,403
1826,2024-10-07,1,1018,2060,433,517,357
1827,2024-10-14,1,1018,1819,433,544,243
1828,2024-10-21,1,1018,2209,433,399,297
1829,2024-10-28,1,1018,2568,433,302,226
1830,2024-11-04,1,1018,2554,433,538,185
1831,2024-11-11,1,1018,2190,433,505,382
1832,2024-11-18,1,1018,2530,433,432,278
1833,2024-11-25,1,1018,2287,433,89,493
1834,2024-12-02,1,1018,2043,433,123,365
1835,2024-12-09,1,1018,2320,433,95,474
1836,2024-12-16,1,1018,2686,433,627,215
1837,2024-12-23,1,1018,2859,433,529,137
1838,2024-12-30,1,1018,2475,433,533,400
1839,2025-01-06,1,1018,2396,433,88,389
1840,2025-01-13,1,1018,2578,433,257,414
1841,2025-01-20,1,1018,2627,433,123,405
1842,2025-01-27,1,1018,2401,433,321,360
1843,2025-02-03,1,1018,2125,433,391,180
1844,2025-02-10,1,1018,1870,433,293,309
1845,2025-02-17,1,1018,1779,433,172,452
1846,2025-02-24,1,1018,1925,433,273,441
1847,2025-03-03,1,1018,1737,433,201,95
1848,2025-03-10,1,1018,1660,433,263,446
1849,2025-03-17,1,1018,1735,433,159,401
1850,2025-03-24,1,1018,1617,433,385,357
1851,2025-03-31,1,1018,1421,433,278,270
1852,2025-04-07,1,1018,1694,433,397,285
1853,2025-04-14,1,1018,1548,433,15,121
1854,2025-04-21,1,1018,1415,433,1,152
1855,2025-04-28,1,1018,1454,433,200,447
1856,2025-05-05,1,1018,1502,433,356,453
1857,2025-05-12,1,1018,1336,433,149,453
1858,2025-05-19,1,1018,1303,433,300,197
1859,2025-05-26,1,1018,1267,433,80,492
1860,2025-06-02,1,1018,1486,433,27,401
1861,2025-06-09,1,1018,1556,433,142,294
1862,2025-06-16,1,1018,1538,433,446,483
1863,2025-06-23,1,1018,1582,433,319,117
1864,2025-06-30,1,1018,1659,433,357,226
1865,2025-07-07,1,1018,1616,433,8,455
1866,2025-07-14,1,1018,1832,433,308,1
1867,2025-07-21,1,1018,2061,433,455,128
1868,2025-07-28,1,1018,2197,433,430,351
1869,2025-08-04,1,1018,2351,433,560,356
1870,2025-08-11,1,1018,2322,433,190,387
1871,2025-08-18,1,1018,2279,433,124,48
1872,2025-08-25,1,1018,2181,433,106,271
1873,2025-09-01,1,1018,1914,433,225,410
1874,2025-09-08,1,1018,2054,433,42,263
1875,2025-09-15,1,1018,2126,433,624,440
1876,2025-09-22,1,1018,2089,433,173,481
1877,2025-09-29,1,1018,2149,433,440,407
1878,2025-10-06,1,1018,1967,433,235,492
1879,2025-10-13,1,1018,2308,433,364,41
1880,2025-10-20,1,1018,2688,433,410,175
1881,2025-10-27,1,1018,2401,433,575,140
1882,2025-11-03,1,1018,2678,433,24,403
1883,2025-11-10,1,1018,2447,433,330,170
1884,2025-11-17,1,1018,2773,433,735,434
1885,2025-11-24,1,1018,2883,433,660,341
1886,2025-12-01,1,1018,2579,433,439,242
1887,2025-12-08,1,1018,2793,433,197,406
1888,2025-12-15,1,1018,2473,433,445,480
1889,2025-12-22,1,1018,2799,433,817,491
1890,2025-12-29,1,1018,2724,433,381,274
1891,2024-01-01,1,1019,2325,575,378,18
1892,2024-01-08,1,1019,2348,575,88,313
1893,2024-01-15,1,1019,2207,575,354,414
1894,2024-01-22,1,1019,1969,575,327,434
1895,2024-01-29,1,1019,2245,575,252,154
1896,2024-02-05,1,1019,2113,575,285,477
1897,2024-02-12,1,1019,2162,575,491,254
1898,2024-02-19,1,1019,2045,575,564,407
1899,2024-02-26,1,1019,1757,575,157,346
1900,2024-03-04,1,1019,1814,575,249,74
1901,2024-03-11,1,1019,2003,575,549,47
1902,2024-03-18,1,1019,1959,575,306,489
1903,2024-03-25,1,1019,1865,575,165,19
1904,2024-04-01,1,1019,1606,575,188,194
1905,2024-04-08,1,1019,1486,575,437,351
1906,2024-04-15,1,1019,1262,575,365,12
1907,2024-04-22,1,1019,1343,575,344,458
1908,2024-04-29,1,1019,1322,575,155,218
1909,2024-05-06,1,1019,1244,575,243,239
1910,2024-05-13,1,1019,954,575,114,131
1911,2024-05-20,1,1019,1023,575,22,479
1912,2024-05-27,1,1019,1117,575,13,101
1913,2024-06-03,1,1019,1021,575,159,296
1914,2024-06-10,1,1019,970,575,134,32
1915,2024-06-17,1,1019,999,575,193,97
1916,2024-06-24,1,1019,1146,575,36,404
1917,2024-07-01,1,1019,1066,575,141,377
1918,2024-07-08,1,1019,1000,575,134,256
1919,2024-07-15,1,1019,1068,575,228,358
1920,2024-07-22,1,1019,805,575,54,293
1921,2024-07-29,1,1019,732,575,178,190
1922,2024-08-05,1,1019,753,575,207,156
1923,2024-08-12,1,1019,596,575,98,143
1924,2024-08-19,1,1019,556,575,28,305
1925,2024-08-26,1,1019,457,575,35,246
1926,2024-09-02,1,1019,235,575,34,119
1927,2024-09-09,1,1019,276,575,49,148
1928,2024-09-16,1,1019,0,575,0,354
1929,2024-09-23,1,1019,39,575,3,104
1930,2024-09-30,1,1019,0,575,0,484
1931,2024-10-07,1,1019,0,575,0,460
1932,2024-10-14,1,1019,0,575,0,279
1933,2024-10-21,1,1019,0,575,0,365
1934,2024-10-28,1,1019,92,575,7,80
1935,2024-11-04,1,1019,163,575,12,321
1936,2024-11-11,1,1019,408,575,11,70
1937,2024-11-18,1,1019,24,575,4,448
1938,2024-11-25,1,1019,33,575,0,210
1939,2024-12-02,1,1019,14,575,2,318
1940,2024-12-09,1,1019,0,575,0,3
1941,2024-12-16,1,1019,118,575,30,383
1942,2024-12-23,1,1019,405,575,54,126
1943,2024-12-30,1,1019,384,575,68,386
1944,2025-01-06,1,1019,157,575,45,176
1945,2025-01-13,1,1019,417,575,78,255
1946,2025-01-20,1,1019,661,575,25,251
1947,2025-01-27,1,1019,710,575,59,272
1948,2025-02-03,1,1019,852,575,41,11
1949,2025-02-10,1,1019,1120,575,268,463
1950,2025-02-17,1,1019,1162,575,212,11
1951,2025-02-24,1,1019,944,575,133,294
1952,2025-03-03,1,1019,730,575,204,72
1953,2025-03-10,1,1019,899,575,197,260
1954,2025-03-17,1,1019,913,575,263,424
1955,2025-03-24,1,1019,1189,575,137,54
1956,2025-03-31,1,1019,1270,575,220,262
1957,2025-04-07,1,1019,1308,575,188,455
1958,2025-04-14,1,1019,1039,575,140,383
1959,2025-04-21,1,1019,920,575,71,192
1960,2025-04-28,1,1019,821,575,156,151
1961,2025-05-05,1,1019,744,575,69,27
1962,2025-05-12,1,1019,524,575,14,337
1963,2025-05-19,1,1019,662,575,91,270
1964,2025-05-26,1,1019,937,575,21,32
1965,2025-06-02,1,1019,753,575,119,300
1966,2025-06-09,1,1019,790,575,147,360
1967,2025-06-16,1,1019,1007,575,130,246
1968,2025-06-23,1,1019,1110,575,13,159
1969,2025-06-30,1,1019,1350,575,234,39
1970,2025-07-07,1,1019,1479,575,20,289
1971,2025-07-14,1,1019,1336,575,380,217
1972,2025-07-21,1,1019,1126,575,259,94
1973,2025-07-28,1,1019,1042,575,243,254
1974,2025-08-04,1,1019,1147,575,338,135
1975,2025-08-11,1,1019,1134,575,213,179
1976,2025-08-18,1,1019,1291,575,255,341
1977,2025-08-25,1,1019,1355,575,275,264
1978,2025-09-01,1,1019,1399,575,309,339
1979,2025-09-08,1,1019,1340,575,270,363
1980,2025-09-15,1,1019,1346,575,362,455
1981,2025-09-22,1,1019,1359,575,399,21
1982,2025-09-29,1,1019,1215,575,216,397
1983,2025-10-06,1,1019,1210,575,141,304
1984,2025-10-13,1,1019,1313,575,149,215
1985,2025-10-20,1,1019,1054,575,189,474
1986,2025-10-27,1,1019,1157,575,267,79
1987,2025-11-03,1,1019,833,575,158,347
1988,2025-11-10,1,1019,1048,575,194,132
1989,2025-11-17,1,1019,1430,575,71,408
1990,2025-11-24,1,1019,1781,575,111,273
1991,2025-12-01,1,1019,1776,575,342,276
1992,2025-12-08,1,1019,1389,575,207,405
1993,2025-12-15,1,1019,1295,575,354,465
1994,2025-12-22,1,1019,1545,575,257,408
1995,2025-12-29,1,1019,1384,575,270,94
1996,2024-01-01,1,1020,1908,522,283,117
1997,2024-01-08,1,1020,2168,522,63,195
1998,2024-01-15,1,1020,2363,522,640,127
1999,2024-01-22,1,1020,2427,522,646,139
2000,2024-01-29,1,1020,2250,522,233,134
2001,2024-02-05,1,1020,2055,522,193,78
2002,2024-02-12,1,1020,1850,522,90,470
2003,2024-02-19,1,1020,1567,522,350,141
2004,2024-02-26,1,1020,1442,522,264,36
2005,2024-03-04,1,1020,1544,522,310,476
2006,2024-03-11,1,1020,1783,522,385,276
2007,2024-03-18,1,1020,1840,522,73,83
2008,2024-03-25,1,1020,1552,522,337,161
2009,2024-04-01,1,1020,1755,522,315,183
2010,2024-04-08,1,1020,2029,522,540,135
2011,2024-04-15,1,1020,2273,522,498,498
2012,2024-04-22,1,1020,2531,522,455,362
2013,2024-04-29,1,1020,2502,522,34,42
2014,2024-05-06,1,1020,2736,522,324,384
2015,2024-05-13,1,1020,2492,522,532,216
2016,2024-05-20,1,1020,2385,522,389,383
2017,2024-05-27,1,1020,2662,522,522,13
2018,2024-06-03,1,1020,2376,522,39,151
2019,2024-06-10,1,1020,2412,522,36,190
2020,2024-06-17,1,1020,2115,522,203,387
2021,2024-06-24,1,1020,1847,522,474,178
2022,2024-07-01,1,1020,1763,522,253,352
2023,2024-07-08,1,1020,1903,522,188,35
2024,2024-07-15,1,1020,1790,522,144,249
2025,2024-07-22,1,1020,2056,522,129,209
2026,2024-07-29,1,1020,2152,522,416,383
2027,2024-08-05,1,1020,2132,522,487,198
2028,2024-08-12,1,1020,2014,522,47,341
2029,2024-08-19,1,1020,2056,522,160,237
2030,2024-08-26,1,1020,2180,522,373,274
2031,2024-09-02,1,1020,1986,522,169,421
2032,2024-09-09,1,1020,2032,522,568,189
2033,2024-09-16,1,1020,1953,522,34,406
2034,2024-09-23,1,1020,2053,522,342,326
2035,2024-09-30,1,1020,2190,522,329,422
2036,2024-10-07,1,1020,2093,522,270,424
2037,2024-10-14,1,1020,2331,522,272,477
2038,2024-10-21,1,1020,2287,522,171,90
2039,2024-10-28,1,1020,1878,522,119,481
2040,2024-11-04,1,1020,2113,522,580,285
2041,2024-11-11,1,1020,2295,522,301,412
2042,2024-11-18,1,1020,2426,522,90,233
2043,2024-11-25,1,1020,2080,522,117,364
2044,2024-12-02,1,1020,2150,522,271,417
2045,2024-12-09,1,1020,1878,522,307,197
2046,2024-12-16,1,1020,2197,522,363,296
2047,2024-12-23,1,1020,2197,522,233,495
2048,2024-12-30,1,1020,1786,522,131,307
2049,2025-01-06,1,1020,1677,522,228,223
2050,2025-01-13,1,1020,1911,522,172,420
2051,2025-01-20,1,1020,1792,522,172,228
2052,2025-01-27,1,1020,1616,522,209,16
2053,2025-02-03,1,1020,1749,522,385,246
2054,2025-02-10,1,1020,1451,522,334,35
2055,2025-02-17,1,1020,1378,522,8,99
2056,2025-02-24,1,1020,1652,522,433,449
2057,2025-03-03,1,1020,1559,522,318,308
2058,2025-03-10,1,1020,1628,522,481,77
2059,2025-03-17,1,1020,1433,522,91,34
2060,2025-03-24,1,1020,1521,522,34,94
2061,2025-03-31,1,1020,1697,522,108,325
2062,2025-04-07,1,1020,1841,522,84,149
2063,2025-04-14,1,1020,1970,522,47,439
2064,2025-04-21,1,1020,1730,522,25,206
2065,2025-04-28,1,1020,1812,522,89,327
2066,2025-05-05,1,1020,1722,522,459,147
2067,2025-05-12,1,1020,1606,522,79,224
2068,2025-05-19,1,1020,1694,522,80,459
2069,2025-05-26,1,1020,1816,522,242,187
2070,2025-06-02,1,1020,2057,522,143,43
2071,2025-06-09,1,1020,2039,522,520,51
2072,2025-06-16,1,1020,2115,522,129,270
2073,2025-06-23,1,1020,1856,522,312,84
2074,2025-06-30,1,1020,1885,522,121,360
2075,2025-07-07,1,1020,2043,522,144,106
2076,2025-07-14,1,1020,2306,522,492,59
2077,2025-07-21,1,1020,2357,522,463,223
2078,2025-07-28,1,1020,2060,522,222,131
2079,2025-08-04,1,1020,2181,522,603,245
2080,2025-08-11,1,1020,2067,522,557,473
2081,2025-08-18,1,1020,2016,522,420,197
2082,2025-08-25,1,1020,2140,522,142,374
2083,2025-09-01,1,1020,1918,522,272,299
2084,2025-09-08,1,1020,1979,522,337,254
2085,2025-09-15,1,1020,2073,522,571,196
2086,2025-09-22,1,1020,1839,522,531,100
2087,2025-09-29,1,1020,1632,522,456,138
2088,2025-10-06,1,1020,1826,522,444,128
2089,2025-10-13,1,1020,2115,522,71,470
2090,2025-10-20,1,1020,2234,522,231,445
2091,2025-10-27,1,1020,2122,522,334,59
2092,2025-11-03,1,1020,2187,522,461,41
2093,2025-11-10,1,1020,2262,522,153,99
2094,2025-11-17,1,1020,2136,522,551,323
2095,2025-11-24,1,1020,2295,522,316,48
2096,2025-12-01,1,1020,2066,522,515,496
2097,2025-12-08,1,1020,1847,522,500,499
2098,2025-12-15,1,1020,1784,522,354,422
2099,2025-12-22,1,1020,1544,522,71,378
2100,2025-12-29,1,1020,1315,522,219,342
2101,2024-01-01,1,1021,3036,466,717,240
2102,2024-01-08,1,1021,2968,466,834,75
2103,2024-01-15,1,1021,3038,466,302,299
2104,2024-01-22,1,1021,3087,466,409,273
2105,2024-01-29,1,1021,3179,466,273,404
2106,2024-02-05,1,1021,3356,466,735,312
2107,2024-02-12,1,1021,3537,466,96,486
2108,2024-02-19,1,1021,3582,466,390,310
2109,2024-02-26,1,1021,3332,466,425,196
2110,2024-03-04,1,1021,3473,466,551,168
2111,2024-03-11,1,1021,3254,466,829,121
2112,2024-03-18,1,1021,3337,466,93,417
2113,2024-03-25,1,1021,3509,466,439,37
2114,2024-04-01,1,1021,3224,466,581,334
2115,2024-04-08,1,1021,3391,466,560,103
2116,2024-04-15,1,1021,3531,466,175,10
2117,2024-04-22,1,1021,3766,466,825,139
2118,2024-04-29,1,1021,3616,466,133,376
2119,2024-05-06,1,1021,3462,466,203,84
2120,2024-05-13,1,1021,3514,466,89,285
2121,2024-05-20,1,1021,3635,466,738,393
2122,2024-05-27,1,1021,3676,466,324,355
2123,2024-06-03,1,1021,3707,466,339,275
2124,2024-06-10,1,1021,3502,466,93,215
2125,2024-06-17,1,1021,3558,466,87,97
2126,2024-06-24,1,1021,3366,466,811,309
2127,2024-07-01,1,1021,3642,466,748,489
2128,2024-07-08,1,1021,3591,466,372,429
2129,2024-07-15,1,1021,3835,466,260,401
2130,2024-07-22,1,1021,4005,466,453,277
2131,2024-07-29,1,1021,4161,466,731,343
2132,2024-08-05,1,1021,3997,466,277,388
2133,2024-08-12,1,1021,3852,466,363,446
2134,2024-08-19,1,1021,3975,466,471,34
2135,2024-08-26,1,1021,4069,466,801,16
2136,2024-09-02,1,1021,4282,466,950,94
2137,2024-09-09,1,1021,4369,466,772,454
2138,2024-09-16,1,1021,4547,466,583,332
2139,2024-09-23,1,1021,4375,466,565,44
2140,2024-09-30,1,1021,4403,466,509,205
2141,2024-10-07,1,1021,4375,466,672,312
2142,2024-10-14,1,1021,4137,466,939,454
2143,2024-10-21,1,1021,4081,466,1107,356
2144,2024-10-28,1,1021,3908,466,1077,239
2145,2024-11-04,1,1021,3919,466,338,207
2146,2024-11-11,1,1021,3814,466,916,395
2147,2024-11-18,1,1021,3644,466,693,205
2148,2024-11-25,1,1021,3795,466,32,433
2149,2024-12-02,1,1021,3515,466,367,382
2150,2024-12-09,1,1021,3464,466,144,465
2151,2024-12-16,1,1021,3569,466,812,321
2152,2024-12-23,1,1021,3301,466,866,72
2153,2024-12-30,1,1021,2911,466,26,202
2154,2025-01-06,1,1021,2768,466,3,328
2155,2025-01-13,1,1021,2861,466,440,468
2156,2025-01-20,1,1021,3020,466,604,438
2157,2025-01-27,1,1021,3141,466,510,469
2158,2025-02-03,1,1021,3061,466,73,162
2159,2025-02-10,1,1021,3191,466,866,126
2160,2025-02-17,1,1021,3136,466,34,491
2161,2025-02-24,1,1021,3031,466,184,128
2162,2025-03-03,1,1021,3210,466,441,257
2163,2025-03-10,1,1021,3282,466,348,490
2164,2025-03-17,1,1021,3245,466,774,296
2165,2025-03-24,1,1021,3240,466,768,7
2166,2025-03-31,1,1021,3218,466,877,346
2167,2025-04-07,1,1021,3079,466,523,481
2168,2025-04-14,1,1021,2857,466,845,367
2169,2025-04-21,1,1021,2705,466,472,421
2170,2025-04-28,1,1021,2445,466,272,73
2171,2025-05-05,1,1021,2444,466,61,438
2172,2025-05-12,1,1021,2387,466,451,443
2173,2025-05-19,1,1021,2364,466,285,404
2174,2025-05-26,1,1021,2154,466,626,153
2175,2025-06-02,1,1021,2200,466,452,294
2176,2025-06-09,1,1021,2255,466,321,463
2177,2025-06-16,1,1021,2119,466,157,41
2178,2025-06-23,1,1021,1932,466,442,311
2179,2025-06-30,1,1021,1854,466,356,253
2180,2025-07-07,1,1021,1769,466,22,340
2181,2025-07-14,1,1021,1729,466,454,237
2182,2025-07-21,1,1021,1611,466,326,29
2183,2025-07-28,1,1021,1870,466,403,275
2184,2025-08-04,1,1021,1790,466,477,445
2185,2025-08-11,1,1021,1817,466,235,411
2186,2025-08-18,1,1021,1874,466,404,89
2187,2025-08-25,1,1021,1702,466,75,376
2188,2025-09-01,1,1021,1463,466,325,370
2189,2025-09-08,1,1021,1643,466,422,271
2190,2025-09-15,1,1021,1475,466,78,451
2191,2025-09-22,1,1021,1227,466,34,87
2192,2025-09-29,1,1021,1189,466,58,460
2193,2025-10-06,1,1021,1274,466,35,267
2194,2025-10-13,1,1021,1163,466,147,295
2195,2025-10-20,1,1021,1490,466,304,116
2196,2025-10-27,1,1021,1236,466,181,234
2197,2025-11-03,1,1021,1346,466,127,483
2198,2025-11-10,1,1021,1173,466,295,496
2199,2025-11-17,1,1021,1448,466,152,80
2200,2025-11-24,1,1021,1575,466,345,157
2201,2025-12-01,1,1021,1727,466,144,132
2202,2025-12-08,1,1021,1805,466,419,368
2203,2025-12-15,1,1021,1620,466,241,367
2204,2025-12-22,1,1021,1907,466,338,371
2205,2025-12-29,1,1021,2007,466,425,428
2206,2024-01-01,1,1022,3820,531,709,466
2207,2024-01-08,1,1022,3689,531,654,305
2208,2024-01-15,1,1022,3954,531,1122,472
2209,2024-01-22,1,1022,3724,531,439,110
2210,2024-01-29,1,1022,3555,531,823,139
2211,2024-02-05,1,1022,3579,531,952,70
2212,2024-02-12,1,1022,3353,531,624,284
2213,2024-02-19,1,1022,3334,531,586,466
2214,2024-02-26,1,1022,3507,531,888,112
2215,2024-03-04,1,1022,3207,531,822,208
2216,2024-03-11,1,1022,3475,531,798,57
2217,2024-03-18,1,1022,3288,531,292,473
2218,2024-03-25,1,1022,3045,531,903,495
2219,2024-04-01,1,1022,2985,531,808,70
2220,2024-04-08,1,1022,3131,531,333,391
2221,2024-04-15,1,1022,2981,531,407,326
2222,2024-04-22,1,1022,2875,531,480,346
2223,2024-04-29,1,1022,2592,531,484,202
2224,2024-05-06,1,1022,2806,531,189,16
2225,2024-05-13,1,1022,2705,531,740,250
2226,2024-05-20,1,1022,2809,531,11,287
2227,2024-05-27,1,1022,2747,531,99,218
2228,2024-06-03,1,1022,2583,531,594,46
2229,2024-06-10,1,1022,2333,531,232,25
2230,2024-06-17,1,1022,2125,531,490,395
2231,2024-06-24,1,1022,2050,531,296,203
2232,2024-07-01,1,1022,1828,531,497,115
2233,2024-07-08,1,1022,2031,531,480,113
2234,2024-07-15,1,1022,2213,531,660,467
2235,2024-07-22,1,1022,2225,531,579,280
2236,2024-07-29,1,1022,2433,531,350,492
2237,2024-08-05,1,1022,2314,531,394,415
2238,2024-08-12,1,1022,2407,531,484,113
2239,2024-08-19,1,1022,2476,531,139,176
2240,2024-08-26,1,1022,2332,531,215,91
2241,2024-09-02,1,1022,2346,531,151,473
2242,2024-09-09,1,1022,2157,531,637,467
2243,2024-09-16,1,1022,2295,531,247,463
2244,2024-09-23,1,1022,2066,531,93,305
2245,2024-09-30,1,1022,1996,531,126,136
2246,2024-10-07,1,1022,1594,531,386,118
2247,2024-10-14,1,1022,1385,531,357,236
2248,2024-10-21,1,1022,1728,531,250,350
2249,2024-10-28,1,1022,1512,531,290,387
2250,2024-11-04,1,1022,1862,531,420,236
2251,2024-11-11,1,1022,1566,531,386,54
2252,2024-11-18,1,1022,1602,531,219,302
2253,2024-11-25,1,1022,1329,531,215,126
2254,2024-12-02,1,1022,1508,531,171,357
2255,2024-12-09,1,1022,1860,531,94,184
2256,2024-12-16,1,1022,1456,531,221,89
2257,2024-12-23,1,1022,1174,531,226,155
2258,2024-12-30,1,1022,1105,531,136,200
2259,2025-01-06,1,1022,1068,531,38,429
2260,2025-01-13,1,1022,927,531,124,152
2261,2025-01-20,1,1022,1070,531,283,149
2262,2025-01-27,1,1022,927,531,43,152
2263,2025-02-03,1,1022,838,531,92,32
2264,2025-02-10,1,1022,800,531,146,117
2265,2025-02-17,1,1022,745,531,56,82
2266,2025-02-24,1,1022,492,531,118,20
2267,2025-03-03,1,1022,620,531,159,189
2268,2025-03-10,1,1022,429,531,109,13
2269,2025-03-17,1,1022,653,531,165,300
2270,2025-03-24,1,1022,375,531,38,66
2271,2025-03-31,1,1022,636,531,102,246
2272,2025-04-07,1,1022,782,531,72,471
2273,2025-04-14,1,1022,741,531,85,204
2274,2025-04-21,1,1022,902,531,40,299
2275,2025-04-28,1,1022,868,531,231,5
2276,2025-05-05,1,1022,1069,531,261,436
2277,2025-05-12,1,1022,830,531,144,214
2278,2025-05-19,1,1022,717,531,208,494
2279,2025-05-26,1,1022,752,531,203,87
2280,2025-06-02,1,1022,556,531,137,102
2281,2025-06-09,1,1022,496,531,72,214
2282,2025-06-16,1,1022,673,531,40,366
2283,2025-06-23,1,1022,467,531,7,312
2284,2025-06-30,1,1022,480,531,100,163
2285,2025-07-07,1,1022,718,531,165,453
2286,2025-07-14,1,1022,776,531,118,395
2287,2025-07-21,1,1022,740,531,97,168
2288,2025-07-28,1,1022,907,531,96,466
2289,2025-08-04,1,1022,836,531,223,458
2290,2025-08-11,1,1022,959,531,211,380
2291,2025-08-18,1,1022,1006,531,109,386
2292,2025-08-25,1,1022,1092,531,257,287
2293,2025-09-01,1,1022,1084,531,126,489
2294,2025-09-08,1,1022,852,531,147,139
2295,2025-09-15,1,1022,854,531,163,489
2296,2025-09-22,1,1022,561,531,105,300
2297,2025-09-29,1,1022,738,531,130,471
2298,2025-10-06,1,1022,684,531,204,372
2299,2025-10-13,1,1022,762,531,182,43
2300,2025-10-20,1,1022,521,531,30,13
2301,2025-10-27,1,1022,850,531,236,1
2302,2025-11-03,1,1022,533,531,154,226
2303,2025-11-10,1,1022,703,531,63,256
2304,2025-11-17,1,1022,459,531,89,121
2305,2025-11-24,1,1022,117,531,24,299
2306,2025-12-01,1,1022,363,531,55,469
2307,2025-12-08,1,1022,612,531,123,41
2308,2025-12-15,1,1022,661,531,84,159
2309,2025-12-22,1,1022,770,531,225,484
2310,2025-12-29,1,1022,445,531,22,402
2311,2024-01-01,1,1023,2771,508,415,492
2312,2024-01-08,1,1023,2878,508,829,198
2313,2024-01-15,1,1023,3141,508,309,139
2314,2024-01-22,1,1023,3066,508,477,210
2315,2024-01-29,1,1023,3228,508,389,27
2316,2024-02-05,1,1023,2977,508,110,291
2317,2024-02-12,1,1023,2745,508,253,230
2318,2024-02-19,1,1023,2623,508,720,55
2319,2024-02-26,1,1023,2383,508,352,178
2320,2024-03-04,1,1023,2514,508,125,262
2321,2024-03-11,1,1023,2575,508,189,283
2322,2024-03-18,1,1023,2576,508,90,302
2323,2024-03-25,1,1023,2358,508,610,396
2324,2024-04-01,1,1023,2147,508,576,490
2325,2024-04-08,1,1023,2108,508,91,332
2326,2024-04-15,1,1023,2234,508,52,43
2327,2024-04-22,1,1023,2233,508,512,419
2328,2024-04-29,1,1023,2112,508,149,111
2329,2024-05-06,1,1023,2146,508,625,48
2330,2024-05-13,1,1023,2094,508,532,125
2331,2024-05-20,1,1023,1937,508,466,382
2332,2024-05-27,1,1023,1810,508,115,314
2333,2024-06-03,1,1023,1634,508,457,110
2334,2024-06-10,1,1023,1822,508,366,276
2335,2024-06-17,1,1023,2007,508,206,265
2336,2024-06-24,1,1023,2242,508,578,352
2337,2024-07-01,1,1023,2308,508,112,116
2338,2024-07-08,1,1023,2106,508,570,32
2339,2024-07-15,1,1023,1826,508,389,343
2340,2024-07-22,1,1023,1670,508,199,27
2341,2024-07-29,1,1023,1805,508,373,28
2342,2024-08-05,1,1023,1736,508,510,171
2343,2024-08-12,1,1023,1677,508,71,360
2344,2024-08-19,1,1023,1785,508,65,91
2345,2024-08-26,1,1023,1740,508,506,124
2346,2024-09-02,1,1023,1482,508,127,492
2347,2024-09-09,1,1023,1228,508,94,122
2348,2024-09-16,1,1023,1395,508,201,252
2349,2024-09-23,1,1023,1145,508,27,224
2350,2024-09-30,1,1023,1194,508,162,129
2351,2024-10-07,1,1023,1478,508,276,107
2352,2024-10-14,1,1023,1059,508,114,76
2353,2024-10-21,1,1023,1355,508,240,379
2354,2024-10-28,1,1023,972,508,84,456
2355,2024-11-04,1,1023,1098,508,166,5
2356,2024-11-11,1,1023,1189,508,43,110
2357,2024-11-18,1,1023,881,508,155,8
2358,2024-11-25,1,1023,638,508,61,193
2359,2024-12-02,1,1023,435,508,99,190
2360,2024-12-09,1,1023,726,508,111,116
2361,2024-12-16,1,1023,838,508,12,496
2362,2024-12-23,1,1023,509,508,104,328
2363,2024-12-30,1,1023,226,508,54,211
2364,2025-01-06,1,1023,300,508,64,335
2365,2025-01-13,1,1023,50,508,8,64
2366,2025-01-20,1,1023,0,508,0,83
2367,2025-01-27,1,1023,0,508,0,212
2368,2025-02-03,1,1023,167,508,48,0
2369,2025-02-10,1,1023,387,508,21,438
2370,2025-02-17,1,1023,453,508,46,74
2371,2025-02-24,1,1023,179,508,18,56
2372,2025-03-03,1,1023,0,508,0,352
2373,2025-03-10,1,1023,0,508,0,389
2374,2025-03-17,1,1023,0,508,0,19
2375,2025-03-24,1,1023,209,508,34,38
2376,2025-03-31,1,1023,94,508,14,18
2377,2025-04-07,1,1023,107,508,30,213
2378,2025-04-14,1,1023,0,508,0,90
2379,2025-04-21,1,1023,0,508,0,36
2380,2025-04-28,1,1023,0,508,0,293
2381,2025-05-05,1,1023,196,508,38,297
2382,2025-05-12,1,1023,438,508,23,307
2383,2025-05-19,1,1023,702,508,208,472
2384,2025-05-26,1,1023,641,508,47,78
2385,2025-06-02,1,1023,729,508,201,285
2386,2025-06-09,1,1023,837,508,94,290
2387,2025-06-16,1,1023,626,508,75,189
2388,2025-06-23,1,1023,334,508,77,465
2389,2025-06-30,1,1023,117,508,1,400
2390,2025-07-07,1,1023,0,508,0,154
2391,2025-07-14,1,1023,3,508,0,59
2392,2025-07-21,1,1023,90,508,15,411
2393,2025-07-28,1,1023,222,508,19,272
2394,2025-08-04,1,1023,279,508,72,46
2395,2025-08-11,1,1023,177,508,27,90
2396,2025-08-18,1,1023,48,508,6,296
2397,2025-08-25,1,1023,0,508,0,406
2398,2025-09-01,1,1023,71,508,14,181
2399,2025-09-08,1,1023,280,508,77,24
2400,2025-09-15,1,1023,0,508,0,189
2401,2025-09-22,1,1023,0,508,0,4
2402,2025-09-29,1,1023,0,508,0,103
2403,2025-10-06,1,1023,323,508,69,468
2404,2025-10-13,1,1023,285,508,84,323
2405,2025-10-20,1,1023,349,508,6,89
2406,2025-10-27,1,1023,510,508,3,384
2407,2025-11-03,1,1023,360,508,54,389
2408,2025-11-10,1,1023,319,508,61,113
2409,2025-11-17,1,1023,663,508,37,247
2410,2025-11-24,1,1023,642,508,55,402
2411,2025-12-01,1,1023,987,508,205,122
2412,2025-12-08,1,1023,609,508,62,209
2413,2025-12-15,1,1023,467,508,92,280
2414,2025-12-22,1,1023,167,508,44,62
2415,2025-12-29,1,1023,101,508,5,186
2416,2024-01-01,1,1024,1856,399,500,67
2417,2024-01-08,1,1024,1592,399,338,26
2418,2024-01-15,1,1024,1303,399,343,0
2419,2024-01-22,1,1024,1531,399,122,450
2420,2024-01-29,1,1024,1267,399,14,144
2421,2024-02-05,1,1024,1522,399,292,107
2422,2024-02-12,1,1024,1774,399,255,227
2423,2024-02-19,1,1024,1939,399,551,147
2424,2024-02-26,1,1024,1784,399,47,437
2425,2024-03-04,1,1024,1646,399,270,63
2426,2024-03-11,1,1024,1749,399,511,244
2427,2024-03-18,1,1024,1904,399,49,401
2428,2024-03-25,1,1024,2137,399,541,159
2429,2024-04-01,1,1024,1961,399,524,146
2430,2024-04-08,1,1024,1792,399,281,336
2431,2024-04-15,1,1024,1938,399,55,357
2432,2024-04-22,1,1024,2048,399,318,86
2433,2024-04-29,1,1024,2043,399,379,481
2434,2024-05-06,1,1024,1786,399,68,84
2435,2024-05-13,1,1024,1588,399,72,396
2436,2024-05-20,1,1024,1548,399,278,110
2437,2024-05-27,1,1024,1325,399,296,78
2438,2024-06-03,1,1024,1517,399,43,164
2439,2024-06-10,1,1024,1314,399,145,250
2440,2024-06-17,1,1024,1395,399,35,25
2441,2024-06-24,1,1024,1296,399,385,390
2442,2024-07-01,1,1024,1297,399,67,153
2443,2024-07-08,1,1024,1351,399,144,325
2444,2024-07-15,1,1024,1567,399,446,320
2445,2024-07-22,1,1024,1403,399,386,345
2446,2024-07-29,1,1024,1552,399,72,295
2447,2024-08-05,1,1024,1659,399,88,224
2448,2024-08-12,1,1024,1482,399,345,431
2449,2024-08-19,1,1024,1422,399,393,457
2450,2024-08-26,1,1024,1395,399,255,338
2451,2024-09-02,1,1024,1527,399,386,76
2452,2024-09-09,1,1024,1329,399,81,387
2453,2024-09-16,1,1024,1543,399,135,119
2454,2024-09-23,1,1024,1612,399,34,169
2455,2024-09-30,1,1024,1699,399,94,254
2456,2024-10-07,1,1024,1925,399,428,386
2457,2024-10-14,1,1024,1982,399,89,402
2458,2024-10-21,1,1024,1776,399,22,298
2459,2024-10-28,1,1024,1610,399,183,376
2460,2024-11-04,1,1024,1566,399,468,210
2461,2024-11-11,1,1024,1734,399,204,346
2462,2024-11-18,1,1024,2000,399,219,206
2463,2024-11-25,1,1024,1874,399,35,144
2464,2024-12-02,1,1024,2050,399,124,201
2465,2024-12-09,1,1024,1820,399,189,58
2466,2024-12-16,1,1024,2066,399,533,270
2467,2024-12-23,1,1024,2092,399,580,91
2468,2024-12-30,1,1024,2017,399,366,317
2469,2025-01-06,1,1024,2255,399,352,342
2470,2025-01-13,1,1024,2222,399,19,177
2471,2025-01-20,1,1024,2432,399,137,368
2472,2025-01-27,1,1024,2397,399,571,374
2473,2025-02-03,1,1024,2394,399,560,266
2474,2025-02-10,1,1024,2579,399,661,381
2475,2025-02-17,1,1024,2325,399,144,106
2476,2025-02-24,1,1024,2552,399,201,309
2477,2025-03-03,1,1024,2661,399,422,326
2478,2025-03-10,1,1024,2904,399,222,248
2479,2025-03-17,1,1024,3071,399,377,54
2480,2025-03-24,1,1024,2910,399,428,347
2481,2025-03-31,1,1024,2923,399,96,224
2482,2025-04-07,1,1024,2734,399,745,184
2483,2025-04-14,1,1024,2820,399,595,170
2484,2025-04-21,1,1024,2725,399,441,380
2485,2025-04-28,1,1024,2447,399,105,18
2486,2025-05-05,1,1024,2712,399,170,135
2487,2025-05-12,1,1024,2696,399,752,240
2488,2025-05-19,1,1024,2774,399,138,267
2489,2025-05-26,1,1024,2734,399,379,28
2490,2025-06-02,1,1024,2709,399,683,122
2491,2025-06-09,1,1024,2731,399,627,155
2492,2025-06-16,1,1024,2642,399,551,72
2493,2025-06-23,1,1024,2590,399,596,170
2494,2025-06-30,1,1024,2716,399,277,494
2495,2025-07-07,1,1024,2622,399,647,24
2496,2025-07-14,1,1024,2668,399,492,138
2497,2025-07-21,1,1024,2923,399,195,376
2498,2025-07-28,1,1024,2925,399,171,132
2499,2025-08-04,1,1024,2827,399,516,163
2500,2025-08-11,1,1024,2686,399,120,480
2501,2025-08-18,1,1024,2590,399,394,120
2502,2025-08-25,1,1024,2743,399,560,54
2503,2025-09-01,1,1024,2821,399,312,383
2504,2025-09-08,1,1024,2572,399,613,287
2505,2025-09-15,1,1024,2294,399,508,48
2506,2025-09-22,1,1024,2204,399,314,226
2507,2025-09-29,1,1024,2205,399,162,49
2508,2025-10-06,1,1024,2326,399,194,144
2509,2025-10-13,1,1024,2023,399,218,402
2510,2025-10-20,1,1024,2280,399,284,76
2511,2025-10-27,1,1024,2641,399,29,381
2512,2025-11-03,1,1024,2235,399,600,470
2513,2025-11-10,1,1024,1970,399,127,225
2514,2025-11-17,1,1024,2184,399,118,210
2515,2025-11-24,1,1024,2262,399,30,469
2516,2025-12-01,1,1024,2553,399,437,173
2517,2025-12-08,1,1024,2497,399,271,396
2518,2025-12-15,1,1024,2330,399,184,238
2519,2025-12-22,1,1024,2701,399,247,63
2520,2025-12-29,1,1024,2472,399,339,115
2521,2024-01-01,1,1025,982,640,78,135
2522,2024-01-08,1,1025,796,640,211,68
2523,2024-01-15,1,1025,933,640,6,92
2524,2024-01-22,1,1025,653,640,88,388
2525,2024-01-29,1,1025,807,640,129,177
2526,2024-02-05,1,1025,614,640,70,278
2527,2024-02-12,1,1025,700,640,176,425
2528,2024-02-19,1,1025,619,640,41,182
2529,2024-02-26,1,1025,413,640,19,243
2530,2024-03-04,1,1025,479,640,55,141
2531,2024-03-11,1,1025,670,640,36,191
2532,2024-03-18,1,1025,541,640,99,254
2533,2024-03-25,1,1025,498,640,119,305
2534,2024-04-01,1,1025,768,640,36,38
2535,2024-04-08,1,1025,894,640,129,218
2536,2024-04-15,1,1025,910,640,81,102
2537,2024-04-22,1,1025,916,640,149,79
2538,2024-04-29,1,1025,923,640,190,238
2539,2024-05-06,1,1025,902,640,73,315
2540,2024-05-13,1,1025,735,640,33,380
2541,2024-05-20,1,1025,779,640,144,315
2542,2024-05-27,1,1025,1017,640,59,117
2543,2024-06-03,1,1025,962,640,179,53
2544,2024-06-10,1,1025,847,640,253,181
2545,2024-06-17,1,1025,658,640,1,317
2546,2024-06-24,1,1025,586,640,2,186
2547,2024-07-01,1,1025,854,640,235,313
2548,2024-07-08,1,1025,1007,640,80,372
2549,2024-07-15,1,1025,1170,640,307,89
2550,2024-07-22,1,1025,1427,640,303,59
2551,2024-07-29,1,1025,1621,640,146,122
2552,2024-08-05,1,1025,1583,640,80,23
2553,2024-08-12,1,1025,1539,640,240,19
2554,2024-08-19,1,1025,1591,640,254,224
2555,2024-08-26,1,1025,1457,640,352,32
2556,2024-09-02,1,1025,1396,640,348,62
2557,2024-09-09,1,1025,1561,640,207,161
2558,2024-09-16,1,1025,1433,640,260,326
2559,2024-09-23,1,1025,1626,640,195,282
2560,2024-09-30,1,1025,1461,640,28,239
2561,2024-10-07,1,1025,1423,640,312,81
2562,2024-10-14,1,1025,1276,640,128,336
2563,2024-10-21,1,1025,1242,640,300,396
2564,2024-10-28,1,1025,1064,640,312,263
2565,2024-11-04,1,1025,1356,640,119,133
2566,2024-11-11,1,1025,986,640,44,4
2567,2024-11-18,1,1025,1123,640,211,408
2568,2024-11-25,1,1025,1174,640,238,95
2569,2024-12-02,1,1025,1529,640,186,81
2570,2024-12-09,1,1025,1678,640,159,499
2571,2024-12-16,1,1025,1442,640,2,339
2572,2024-12-23,1,1025,1762,640,161,149
2573,2024-12-30,1,1025,1599,640,81,418
2574,2025-01-06,1,1025,1495,640,73,161
2575,2025-01-13,1,1025,1422,640,116,238
2576,2025-01-20,1,1025,1445,640,187,89
2577,2025-01-27,1,1025,1646,640,152,236
2578,2025-02-03,1,1025,1379,640,60,483
2579,2025-02-10,1,1025,1129,640,178,356
2580,2025-02-17,1,1025,892,640,180,192
2581,2025-02-24,1,1025,1004,640,280,76
2582,2025-03-03,1,1025,754,640,168,416
2583,2025-03-10,1,1025,1032,640,291,479
2584,2025-03-17,1,1025,829,640,220,100
2585,2025-03-24,1,1025,646,640,84,395
2586,2025-03-31,1,1025,852,640,143,265
2587,2025-04-07,1,1025,894,640,113,259
2588,2025-04-14,1,1025,746,640,184,311
2589,2025-04-21,1,1025,948,640,189,476
2590,2025-04-28,1,1025,917,640,264,473
2591,2025-05-05,1,1025,1181,640,100,325
2592,2025-05-12,1,1025,916,640,248,259
2593,2025-05-19,1,1025,1003,640,223,63
2594,2025-05-26,1,1025,928,640,199,473
2595,2025-06-02,1,1025,814,640,176,474
2596,2025-06-09,1,1025,980,640,282,493
2597,2025-06-16,1,1025,821,640,147,313
2598,2025-06-23,1,1025,1031,640,238,448
2599,2025-06-30,1,1025,1285,640,275,298
2600,2025-07-07,1,1025,1551,640,444,35
2601,2025-07-14,1,1025,1264,640,34,212
2602,2025-07-21,1,1025,1078,640,166,189
2603,2025-07-28,1,1025,1292,640,232,498
2604,2025-08-04,1,1025,1355,640,29,22
2605,2025-08-11,1,1025,1228,640,318,203
2606,2025-08-18,1,1025,1184,640,349,180
2607,2025-08-25,1,1025,1201,640,197,7
2608,2025-09-01,1,1025,1325,640,192,488
2609,2025-09-08,1,1025,1315,640,126,253
2610,2025-09-15,1,1025,1128,640,314,400
2611,2025-09-22,1,1025,1235,640,338,213
2612,2025-09-29,1,1025,1315,640,266,69
2613,2025-10-06,1,1025,1100,640,34,153
2614,2025-10-13,1,1025,990,640,161,308
2615,2025-10-20,1,1025,1054,640,233,283
2616,2025-10-27,1,1025,1338,640,152,237
2617,2025-11-03,1,1025,1598,640,346,370
2618,2025-11-10,1,1025,1281,640,238,263
2619,2025-11-17,1,1025,905,640,169,254
2620,2025-11-24,1,1025,1199,640,292,199
2621,2025-12-01,1,1025,1288,640,275,353
2622,2025-12-08,1,1025,1190,640,180,490
2623,2025-12-15,1,1025,778,640,92,475
2624,2025-12-22,1,1025,643,640,109,454
2625,2025-12-29,1,1025,778,640,204,285
2626,2024-01-01,1,1026,2483,705,148,232
2627,2024-01-08,1,1026,2258,705,526,155
2628,2024-01-15,1,1026,2165,705,89,442
2629,2024-01-22,1,1026,1998,705,208,194
2630,2024-01-29,1,1026,2146,705,47,488
2631,2024-02-05,1,1026,2139,705,11,121
2632,2024-02-12,1,1026,2244,705,648,323
2633,2024-02-19,1,1026,2150,705,595,184
2634,2024-02-26,1,1026,2363,705,246,242
2635,2024-03-04,1,1026,2183,705,216,105
2636,2024-03-11,1,1026,2414,705,308,68
2637,2024-03-18,1,1026,2403,705,105,52
2638,2024-03-25,1,1026,2235,705,621,258
2639,2024-04-01,1,1026,2465,705,219,334
2640,2024-04-08,1,1026,2571,705,529,300
2641,2024-04-15,1,1026,2515,705,538,47
2642,2024-04-22,1,1026,2734,705,635,234
2643,2024-04-29,1,1026,2753,705,524,201
2644,2024-05-06,1,1026,2938,705,660,292
2645,2024-05-13,1,1026,3182,705,801,136
2646,2024-05-20,1,1026,2915,705,626,369
2647,2024-05-27,1,1026,2692,705,673,466
2648,2024-06-03,1,1026,2450,705,211,355
2649,2024-06-10,1,1026,2332,705,652,445
2650,2024-06-17,1,1026,2605,705,421,236
2651,2024-06-24,1,1026,2607,705,422,118
2652,2024-07-01,1,1026,2678,705,55,494
2653,2024-07-08,1,1026,2549,705,467,90
2654,2024-07-15,1,1026,2385,705,435,494
2655,2024-07-22,1,1026,2607,705,601,375
2656,2024-07-29,1,1026,2616,705,218,361
2657,2024-08-05,1,1026,2578,705,66,268
2658,2024-08-12,1,1026,2448,705,733,114
2659,2024-08-19,1,1026,2586,705,479,471
2660,2024-08-26,1,1026,2624,705,220,149
2661,2024-09-02,1,1026,2551,705,156,494
2662,2024-09-09,1,1026,2802,705,685,35
2663,2024-09-16,1,1026,2672,705,290,62
2664,2024-09-23,1,1026,2378,705,191,477
2665,2024-09-30,1,1026,2231,705,102,487
2666,2024-10-07,1,1026,2553,705,17,443
2667,2024-10-14,1,1026,2588,705,323,38
2668,2024-10-21,1,1026,2492,705,112,171
2669,2024-10-28,1,1026,2716,705,264,326
2670,2024-11-04,1,1026,2850,705,270,453
2671,2024-11-11,1,1026,3166,705,215,183
2672,2024-11-18,1,1026,3420,705,762,242
2673,2024-11-25,1,1026,3705,705,1096,469
2674,2024-12-02,1,1026,3754,705,822,138
2675,2024-12-09,1,1026,3796,705,1018,471
2676,2024-12-16,1,1026,3875,705,983,119
2677,2024-12-23,1,1026,3669,705,49,462
2678,2024-12-30,1,1026,3328,705,651,313
2679,2025-01-06,1,1026,3512,705,255,347
2680,2025-01-13,1,1026,3554,705,560,351
2681,2025-01-20,1,1026,3636,705,251,398
2682,2025-01-27,1,1026,3464,705,810,453
2683,2025-02-03,1,1026,3192,705,664,84
2684,2025-02-10,1,1026,2933,705,90,158
2685,2025-02-17,1,1026,2773,705,284,411
2686,2025-02-24,1,1026,3045,705,416,325
2687,2025-03-03,1,1026,2993,705,692,180
2688,2025-03-10,1,1026,2849,705,510,258
2689,2025-03-17,1,1026,2954,705,758,419
2690,2025-03-24,1,1026,2724,705,535,400
2691,2025-03-31,1,1026,2426,705,361,59
2692,2025-04-07,1,1026,2335,705,570,110
2693,2025-04-14,1,1026,2456,705,509,98
2694,2025-04-21,1,1026,2254,705,209,463
2695,2025-04-28,1,1026,2120,705,123,182
2696,2025-05-05,1,1026,2064,705,263,342
2697,2025-05-12,1,1026,1966,705,468,12
2698,2025-05-19,1,1026,2066,705,492,254
2699,2025-05-26,1,1026,2234,705,147,37
2700,2025-06-02,1,1026,2482,705,484,425
2701,2025-06-09,1,1026,2645,705,736,482
2702,2025-06-16,1,1026,2817,705,472,202
2703,2025-06-23,1,1026,2795,705,459,161
2704,2025-06-30,1,1026,3002,705,59,428
2705,2025-07-07,1,1026,2926,705,249,111
2706,2025-07-14,1,1026,2884,705,520,66
2707,2025-07-21,1,1026,3032,705,7,230
2708,2025-07-28,1,1026,2982,705,259,143
2709,2025-08-04,1,1026,3058,705,251,466
2710,2025-08-11,1,1026,2959,705,153,76
2711,2025-08-18,1,1026,2953,705,46,490
2712,2025-08-25,1,1026,3015,705,799,364
2713,2025-09-01,1,1026,2828,705,419,427
2714,2025-09-08,1,1026,3038,705,776,39
2715,2025-09-15,1,1026,3191,705,178,465
2716,2025-09-22,1,1026,3144,705,927,277
2717,2025-09-29,1,1026,2984,705,119,300
2718,2025-10-06,1,1026,2898,705,131,293
2719,2025-10-13,1,1026,2860,705,531,184
2720,2025-10-20,1,1026,2760,705,209,471
2721,2025-10-27,1,1026,2713,705,643,65
2722,2025-11-03,1,1026,2956,705,5,132
2723,2025-11-10,1,1026,2572,705,707,84
2724,2025-11-17,1,1026,2336,705,284,214
2725,2025-11-24,1,1026,2007,705,201,111
2726,2025-12-01,1,1026,2204,705,35,474
2727,2025-12-08,1,1026,2148,705,396,399
2728,2025-12-15,1,1026,1960,705,482,418
2729,2025-12-22,1,1026,1542,705,197,159
2730,2025-12-29,1,1026,1813,705,63,232
2731,2024-01-01,1,1027,1042,637,98,327
2732,2024-01-08,1,1027,1107,637,173,123
2733,2024-01-15,1,1027,919,637,197,316
2734,2024-01-22,1,1027,734,637,129,191
2735,2024-01-29,1,1027,887,637,252,458
2736,2024-02-05,1,1027,769,637,124,316
2737,2024-02-12,1,1027,789,637,215,371
2738,2024-02-19,1,1027,888,637,99,112
2739,2024-02-26,1,1027,903,637,262,11
2740,2024-03-04,1,1027,906,637,20,408
2741,2024-03-11,1,1027,686,637,145,434
2742,2024-03-18,1,1027,947,637,241,431
2743,2024-03-25,1,1027,652,637,57,123
2744,2024-04-01,1,1027,394,637,82,169
2745,2024-04-08,1,1027,590,637,86,329
2746,2024-04-15,1,1027,703,637,95,272
2747,2024-04-22,1,1027,435,637,106,162
2748,2024-04-29,1,1027,272,637,62,285
2749,2024-05-06,1,1027,103,637,7,79
2750,2024-05-13,1,1027,0,637,0,202
2751,2024-05-20,1,1027,0,637,0,305
2752,2024-05-27,1,1027,0,637,0,113
2753,2024-06-03,1,1027,0,637,0,303
2754,2024-06-10,1,1027,0,637,0,163
2755,2024-06-17,1,1027,0,637,0,23
2756,2024-06-24,1,1027,0,637,0,280
2757,2024-07-01,1,1027,163,637,22,242
2758,2024-07-08,1,1027,233,637,0,432
2759,2024-07-15,1,1027,251,637,31,187
2760,2024-07-22,1,1027,306,637,35,414
2761,2024-07-29,1,1027,217,637,7,44
2762,2024-08-05,1,1027,112,637,20,60
2763,2024-08-12,1,1027,205,637,15,265
2764,2024-08-19,1,1027,56,637,15,94
2765,2024-08-26,1,1027,2,637,0,292
2766,2024-09-02,1,1027,0,637,0,132
2767,2024-09-09,1,1027,149,637,7,128
2768,2024-09-16,1,1027,97,637,0,194
2769,2024-09-23,1,1027,352,637,47,444
2770,2024-09-30,1,1027,484,637,67,61
2771,2024-10-07,1,1027,719,637,206,435
2772,2024-10-14,1,1027,1084,637,316,0
2773,2024-10-21,1,1027,878,637,186,161
2774,2024-10-28,1,1027,806,637,219,376
2775,2024-11-04,1,1027,596,637,137,204
2776,2024-11-11,1,1027,478,637,46,342
2777,2024-11-18,1,1027,294,637,78,413
2778,2024-11-25,1,1027,196,637,48,283
2779,2024-12-02,1,1027,0,637,0,312
2780,2024-12-09,1,1027,242,637,50,309
2781,2024-12-16,1,1027,352,637,10,18
2782,2024-12-23,1,1027,248,637,58,206
2783,2024-12-30,1,1027,389,637,1,31
2784,2025-01-06,1,1027,562,637,145,109
2785,2025-01-13,1,1027,696,637,61,443
2786,2025-01-20,1,1027,681,637,143,340
2787,2025-01-27,1,1027,900,637,101,0
2788,2025-02-03,1,1027,688,637,71,75
2789,2025-02-10,1,1027,429,637,9,132
2790,2025-02-17,1,1027,293,637,44,493
2791,2025-02-24,1,1027,257,637,18,72
2792,2025-03-03,1,1027,54,637,4,18
2793,2025-03-10,1,1027,0,637,0,32
2794,2025-03-17,1,1027,276,637,55,217
2795,2025-03-24,1,1027,113,637,1,416
2796,2025-03-31,1,1027,88,637,3,123
2797,2025-04-07,1,1027,25,637,1,174
2798,2025-04-14,1,1027,0,637,0,117
2799,2025-04-21,1,1027,260,637,67,320
2800,2025-04-28,1,1027,492,637,121,271
2801,2025-05-05,1,1027,395,637,28,174
2802,2025-05-12,1,1027,575,637,162,274
2803,2025-05-19,1,1027,359,637,26,417
2804,2025-05-26,1,1027,416,637,65,477
2805,2025-06-02,1,1027,526,637,45,210
2806,2025-06-09,1,1027,467,637,81,313
2807,2025-06-16,1,1027,377,637,103,412
2808,2025-06-23,1,1027,261,637,14,373
2809,2025-06-30,1,1027,12,637,1,66
2810,2025-07-07,1,1027,103,637,19,76
2811,2025-07-14,1,1027,137,637,9,80
2812,2025-07-21,1,1027,15,637,3,41
2813,2025-07-28,1,1027,270,637,28,294
2814,2025-08-04,1,1027,212,637,8,198
2815,2025-08-11,1,1027,352,637,32,423
2816,2025-08-18,1,1027,218,637,23,35
2817,2025-08-25,1,1027,228,637,27,121
2818,2025-09-01,1,1027,0,637,0,430
2819,2025-09-08,1,1027,97,637,9,121
2820,2025-09-15,1,1027,314,637,15,216
2821,2025-09-22,1,1027,58,637,5,142
2822,2025-09-29,1,1027,0,637,0,94
2823,2025-10-06,1,1027,0,637,0,212
2824,2025-10-13,1,1027,0,637,0,339
2825,2025-10-20,1,1027,184,637,12,254
2826,2025-10-27,1,1027,80,637,13,0
2827,2025-11-03,1,1027,0,637,0,99
2828,2025-11-10,1,1027,120,637,8,130
2829,2025-11-17,1,1027,150,637,26,295
2830,2025-11-24,1,1027,362,637,21,424
2831,2025-12-01,1,1027,108,637,11,493
2832,2025-12-08,1,1027,0,637,0,484
2833,2025-12-15,1,1027,99,637,28,476
2834,2025-12-22,1,1027,90,637,5,145
2835,2025-12-29,1,1027,340,637,14,301
2836,2024-01-01,1,1028,886,458,261,332
2837,2024-01-08,1,1028,1029,458,245,148
2838,2024-01-15,1,1028,1235,458,255,78
2839,2024-01-22,1,1028,1350,458,296,22
2840,2024-01-29,1,1028,1277,458,38,252
2841,2024-02-05,1,1028,1330,458,319,213
2842,2024-02-12,1,1028,1165,458,63,178
2843,2024-02-19,1,1028,1420,458,58,307
2844,2024-02-26,1,1028,1438,458,319,4
2845,2024-03-04,1,1028,1193,458,200,297
2846,2024-03-11,1,1028,1287,458,16,397
2847,2024-03-18,1,1028,1230,458,175,271
2848,2024-03-25,1,1028,1252,458,14,333
2849,2024-04-01,1,1028,1470,458,379,109
2850,2024-04-08,1,1028,1664,458,259,147
2851,2024-04-15,1,1028,1821,458,437,451
2852,2024-04-22,1,1028,2079,458,509,377
2853,2024-04-29,1,1028,1848,458,79,183
2854,2024-05-06,1,1028,1842,458,392,406
2855,2024-05-13,1,1028,2026,458,7,473
2856,2024-05-20,1,1028,1977,458,251,276
2857,2024-05-27,1,1028,2079,458,345,206
2858,2024-06-03,1,1028,2244,458,471,278
2859,2024-06-10,1,1028,2222,458,158,128
2860,2024-06-17,1,1028,2295,458,156,216
2861,2024-06-24,1,1028,2370,458,107,398
2862,2024-07-01,1,1028,2192,458,282,403
2863,2024-07-08,1,1028,2192,458,627,155
2864,2024-07-15,1,1028,2244,458,285,401
2865,2024-07-22,1,1028,2424,458,101,34
2866,2024-07-29,1,1028,2132,458,163,207
2867,2024-08-05,1,1028,2137,458,407,194
2868,2024-08-12,1,1028,2235,458,404,156
2869,2024-08-19,1,1028,2095,458,497,434
2870,2024-08-26,1,1028,1919,458,406,379
2871,2024-09-02,1,1028,1921,458,285,215
2872,2024-09-09,1,1028,2053,458,27,469
2873,2024-09-16,1,1028,1991,458,562,300
2874,2024-09-23,1,1028,1698,458,446,63
2875,2024-09-30,1,1028,1774,458,483,484
2876,2024-10-07,1,1028,1390,458,336,478
2877,2024-10-14,1,1028,1401,458,104,51
2878,2024-10-21,1,1028,1363,458,377,302
2879,2024-10-28,1,1028,1298,458,53,318
2880,2024-11-04,1,1028,929,458,3,197
2881,2024-11-11,1,1028,679,458,111,197
2882,2024-11-18,1,1028,543,458,142,122
2883,2024-11-25,1,1028,760,458,105,152
2884,2024-12-02,1,1028,526,458,65,308
2885,2024-12-09,1,1028,622,458,4,398
2886,2024-12-16,1,1028,923,458,181,209
2887,2024-12-23,1,1028,1284,458,255,172
2888,2024-12-30,1,1028,1158,458,152,44
2889,2025-01-06,1,1028,862,458,14,232
2890,2025-01-13,1,1028,621,458,73,40
2891,2025-01-20,1,1028,487,458,58,43
2892,2025-01-27,1,1028,422,458,44,164
2893,2025-02-03,1,1028,419,458,117,448
2894,2025-02-10,1,1028,422,458,103,337
2895,2025-02-17,1,1028,574,458,71,242
2896,2025-02-24,1,1028,412,458,3,356
2897,2025-03-03,1,1028,144,458,9,257
2898,2025-03-10,1,1028,352,458,11,193
2899,2025-03-17,1,1028,530,458,72,324
2900,2025-03-24,1,1028,604,458,26,485
2901,2025-03-31,1,1028,764,458,20,385
2902,2025-04-07,1,1028,767,458,23,245
2903,2025-04-14,1,1028,962,458,169,331
2904,2025-04-21,1,1028,978,458,80,474
2905,2025-04-28,1,1028,974,458,6,266
2906,2025-05-05,1,1028,952,458,61,185
2907,2025-05-12,1,1028,1169,458,95,309
2908,2025-05-19,1,1028,1165,458,1,133
2909,2025-05-26,1,1028,1295,458,62,129
2910,2025-06-02,1,1028,1574,458,138,420
2911,2025-06-09,1,1028,1659,458,477,495
2912,2025-06-16,1,1028,1797,458,188,144
2913,2025-06-23,1,1028,2031,458,129,87
2914,2025-06-30,1,1028,2098,458,468,69
2915,2025-07-07,1,1028,2005,458,500,320
2916,2025-07-14,1,1028,1979,458,511,285
2917,2025-07-21,1,1028,1803,458,484,354
2918,2025-07-28,1,1028,1812,458,233,478
2919,2025-08-04,1,1028,1713,458,52,152
2920,2025-08-11,1,1028,1633,458,194,345
2921,2025-08-18,1,1028,1661,458,360,428
2922,2025-08-25,1,1028,1495,458,426,282
2923,2025-09-01,1,1028,1339,458,272,52
2924,2025-09-08,1,1028,1506,458,188,306
2925,2025-09-15,1,1028,1459,458,20,257
2926,2025-09-22,1,1028,1395,458,392,252
2927,2025-09-29,1,1028,1309,458,352,404
2928,2025-10-06,1,1028,1457,458,386,105
2929,2025-10-13,1,1028,1195,458,239,466
2930,2025-10-20,1,1028,854,458,124,321
2931,2025-10-27,1,1028,1022,458,49,172
2932,2025-11-03,1,1028,1380,458,194,378
2933,2025-11-10,1,1028,1322,458,351,414
2934,2025-11-17,1,1028,1599,458,439,478
2935,2025-11-24,1,1028,1722,458,341,185
2936,2025-12-01,1,1028,1488,458,331,382
2937,2025-12-08,1,1028,1572,458,161,8
2938,2025-12-15,1,1028,1936,458,282,453
2939,2025-12-22,1,1028,2102,458,419,1
2940,2025-12-29,1,1028,1690,458,231,263
2941,2024-01-01,1,1029,2526,487,116,499
2942,2024-01-08,1,1029,2276,487,298,340
2943,2024-01-15,1,1029,2494,487,118,235
2944,2024-01-22,1,1029,2389,487,32,265
2945,2024-01-29,1,1029,2344,487,285,207
2946,2024-02-05,1,1029,2230,487,667,86
2947,2024-02-12,1,1029,2375,487,680,356
2948,2024-02-19,1,1029,2207,487,327,371
2949,2024-02-26,1,1029,1979,487,99,306
2950,2024-03-04,1,1029,2131,487,310,76
2951,2024-03-11,1,1029,2393,487,552,101
2952,2024-03-18,1,1029,2338,487,61,148
2953,2024-03-25,1,1029,2547,487,424,292
2954,2024-04-01,1,1029,2260,487,87,130
2955,2024-04-08,1,1029,2476,487,549,314
2956,2024-04-15,1,1029,2574,487,575,94
2957,2024-04-22,1,1029,2458,487,571,327
2958,2024-04-29,1,1029,2461,487,713,31
2959,2024-05-06,1,1029,2615,487,203,329
2960,2024-05-13,1,1029,2837,487,494,438
2961,2024-05-20,1,1029,3013,487,770,80
2962,2024-05-27,1,1029,3034,487,255,361
2963,2024-06-03,1,1029,2803,487,335,271
2964,2024-06-10,1,1029,2734,487,391,3
2965,2024-06-17,1,1029,2698,487,124,117
2966,2024-06-24,1,1029,2795,487,187,46
2967,2024-07-01,1,1029,2683,487,288,379
2968,2024-07-08,1,1029,2862,487,145,69
2969,2024-07-15,1,1029,2736,487,331,326
2970,2024-07-22,1,1029,2494,487,39,310
2971,2024-07-29,1,1029,2338,487,675,364
2972,2024-08-05,1,1029,2474,487,535,393
2973,2024-08-12,1,1029,2449,487,298,99
2974,2024-08-19,1,1029,2606,487,595,77
2975,2024-08-26,1,1029,2612,487,96,371
2976,2024-09-02,1,1029,2337,487,400,372
2977,2024-09-09,1,1029,2281,487,677,490
2978,2024-09-16,1,1029,2062,487,517,40
2979,2024-09-23,1,1029,2135,487,352,80
2980,2024-09-30,1,1029,2300,487,188,252
2981,2024-10-07,1,1029,1899,487,305,361
2982,2024-10-14,1,1029,1838,487,381,311
2983,2024-10-21,1,1029,1486,487,18,202
2984,2024-10-28,1,1029,1850,487,97,128
2985,2024-11-04,1,1029,2016,487,150,376
2986,2024-11-11,1,1029,1993,487,266,182
2987,2024-11-18,1,1029,1993,487,504,417
2988,2024-11-25,1,1029,1763,487,215,109
2989,2024-12-02,1,1029,2020,487,591,122
2990,2024-12-09,1,1029,1867,487,0,266
2991,2024-12-16,1,1029,1619,487,415,45
2992,2024-12-23,1,1029,1402,487,380,199
2993,2024-12-30,1,1029,1439,487,230,331
2994,2025-01-06,1,1029,1310,487,287,407
2995,2025-01-13,1,1029,1476,487,37,290
2996,2025-01-20,1,1029,1252,487,312,401
2997,2025-01-27,1,1029,1362,487,41,446
2998,2025-02-03,1,1029,1220,487,160,486
2999,2025-02-10,1,1029,971,487,207,108
3000,2025-02-17,1,1029,1165,487,0,387
3001,2025-02-24,1,1029,1019,487,143,162
3002,2025-03-03,1,1029,803,487,4,424
3003,2025-03-10,1,1029,975,487,272,375
3004,2025-03-17,1,1029,904,487,61,470
3005,2025-03-24,1,1029,1001,487,143,308
3006,2025-03-31,1,1029,831,487,136,308
3007,2025-04-07,1,1029,911,487,200,452
3008,2025-04-14,1,1029,898,487,268,273
3009,2025-04-21,1,1029,917,487,41,469
3010,2025-04-28,1,1029,988,487,277,317
3011,2025-05-05,1,1029,708,487,189,422
3012,2025-05-12,1,1029,637,487,14,308
3013,2025-05-19,1,1029,364,487,32,8
3014,2025-05-26,1,1029,240,487,66,308
3015,2025-06-02,1,1029,280,487,52,197
3016,2025-06-09,1,1029,506,487,35,266
3017,2025-06-16,1,1029,261,487,29,156
3018,2025-06-23,1,1029,449,487,90,382
3019,2025-06-30,1,1029,164,487,48,237
3020,2025-07-07,1,1029,304,487,66,149
3021,2025-07-14,1,1029,495,487,67,55
3022,2025-07-21,1,1029,716,487,102,389
3023,2025-07-28,1,1029,576,487,82,292
3024,2025-08-04,1,1029,478,487,124,112
3025,2025-08-11,1,1029,497,487,110,331
3026,2025-08-18,1,1029,651,487,135,474
3027,2025-08-25,1,1029,636,487,120,32
3028,2025-09-01,1,1029,487,487,32,252
3029,2025-09-08,1,1029,435,487,87,296
3030,2025-09-15,1,1029,420,487,19,279
3031,2025-09-22,1,1029,432,487,3,317
3032,2025-09-29,1,1029,406,487,97,79
3033,2025-10-06,1,1029,764,487,135,244
3034,2025-10-13,1,1029,387,487,65,169
3035,2025-10-20,1,1029,93,487,0,18
3036,2025-10-27,1,1029,244,487,20,451
3037,2025-11-03,1,1029,396,487,61,401
3038,2025-11-10,1,1029,302,487,5,37
3039,2025-11-17,1,1029,191,487,28,31
3040,2025-11-24,1,1029,45,487,13,166
3041,2025-12-01,1,1029,0,487,0,53
3042,2025-12-08,1,1029,0,487,0,6
3043,2025-12-15,1,1029,0,487,0,47
3044,2025-12-22,1,1029,0,487,0,359
3045,2025-12-29,1,1029,0,487,0,110
3046,2024-01-01,1,1030,2345,486,214,76
3047,2024-01-08,1,1030,2541,486,678,445
3048,2024-01-15,1,1030,2397,486,430,67
3049,2024-01-22,1,1030,2526,486,257,252
3050,2024-01-29,1,1030,2315,486,566,180
3051,2024-02-05,1,1030,2318,486,193,246
3052,2024-02-12,1,1030,2033,486,523,405
3053,2024-02-19,1,1030,1991,486,331,258
3054,2024-02-26,1,1030,1768,486,43,298
3055,2024-03-04,1,1030,1674,486,115,181
3056,2024-03-11,1,1030,1393,486,73,475
3057,2024-03-18,1,1030,1472,486,110,150
3058,2024-03-25,1,1030,1732,486,468,442
3059,2024-04-01,1,1030,1632,486,387,448
3060,2024-04-08,1,1030,1436,486,200,380
3061,2024-04-15,1,1030,1384,486,362,104
3062,2024-04-22,1,1030,1318,486,64,63
3063,2024-04-29,1,1030,1423,486,273,290
3064,2024-05-06,1,1030,1309,486,291,243
3065,2024-05-13,1,1030,1380,486,63,282
3066,2024-05-20,1,1030,1197,486,237,401
3067,2024-05-27,1,1030,1245,486,13,106
3068,2024-06-03,1,1030,1093,486,30,100
3069,2024-06-10,1,1030,1357,486,196,460
3070,2024-06-17,1,1030,1350,486,59,155
3071,2024-06-24,1,1030,1321,486,381,222
3072,2024-07-01,1,1030,1522,486,219,194
3073,2024-07-08,1,1030,1732,486,219,473
3074,2024-07-15,1,1030,1787,486,204,5
3075,2024-07-22,1,1030,1881,486,396,191
3076,2024-07-29,1,1030,1641,486,442,159
3077,2024-08-05,1,1030,1548,486,353,243
3078,2024-08-12,1,1030,1695,486,149,351
3079,2024-08-19,1,1030,1854,486,430,497
3080,2024-08-26,1,1030,1929,486,61,86
3081,2024-09-02,1,1030,1897,486,269,418
3082,2024-09-09,1,1030,2116,486,311,376
3083,2024-09-16,1,1030,2039,486,259,367
3084,2024-09-23,1,1030,2297,486,422,300
3085,2024-09-30,1,1030,2285,486,523,26
3086,2024-10-07,1,1030,2091,486,536,257
3087,2024-10-14,1,1030,2176,486,172,132
3088,2024-10-21,1,1030,1834,486,276,365
3089,2024-10-28,1,1030,2032,486,199,4
3090,2024-11-04,1,1030,2393,486,384,293
3091,2024-11-11,1,1030,2663,486,98,497
3092,2024-11-18,1,1030,2685,486,787,351
3093,2024-11-25,1,1030,2617,486,610,386
3094,2024-12-02,1,1030,2768,486,283,412
3095,2024-12-09,1,1030,3021,486,401,420
3096,2024-12-16,1,1030,2913,486,579,48
3097,2024-12-23,1,1030,2665,486,725,119
3098,2024-12-30,1,1030,2298,486,618,32
3099,2025-01-06,1,1030,2311,486,463,290
3100,2025-01-13,1,1030,2566,486,739,90
3101,2025-01-20,1,1030,2760,486,632,200
3102,2025-01-27,1,1030,2790,486,188,486
3103,2025-02-03,1,1030,2745,486,476,33
3104,2025-02-10,1,1030,2586,486,467,175
3105,2025-02-17,1,1030,2612,486,562,465
3106,2025-02-24,1,1030,2677,486,694,67
3107,2025-03-03,1,1030,2620,486,453,471
3108,2025-03-10,1,1030,2670,486,278,118
3109,2025-03-17,1,1030,2753,486,272,471
3110,2025-03-24,1,1030,2904,486,790,352
3111,2025-03-31,1,1030,2750,486,482,177
3112,2025-04-07,1,1030,2949,486,516,30
3113,2025-04-14,1,1030,2892,486,601,440
3114,2025-04-21,1,1030,2825,486,405,215
3115,2025-04-28,1,1030,3100,486,352,23
3116,2025-05-05,1,1030,3326,486,740,305
3117,2025-05-12,1,1030,3269,486,884,85
3118,2025-05-19,1,1030,3056,486,874,323
3119,2025-05-26,1,1030,3165,486,518,72
3120,2025-06-02,1,1030,3124,486,871,296
3121,2025-06-09,1,1030,3293,486,542,178
3122,2025-06-16,1,1030,3465,486,580,153
3123,2025-06-23,1,1030,3587,486,685,361
3124,2025-06-30,1,1030,3399,486,221,317
3125,2025-07-07,1,1030,3517,486,295,104
3126,2025-07-14,1,1030,3735,486,596,206
3127,2025-07-21,1,1030,3515,486,807,187
3128,2025-07-28,1,1030,3649,486,712,85
3129,2025-08-04,1,1030,3785,486,847,464
3130,2025-08-11,1,1030,3873,486,586,13
3131,2025-08-18,1,1030,3958,486,507,246
3132,2025-08-25,1,1030,3934,486,708,419
3133,2025-09-01,1,1030,4073,486,111,77
3134,2025-09-08,1,1030,4053,486,16,417
3135,2025-09-15,1,1030,4044,486,525,239
3136,2025-09-22,1,1030,3779,486,401,209
3137,2025-09-29,1,1030,3642,486,975,44
3138,2025-10-06,1,1030,3577,486,93,380
3139,2025-10-13,1,1030,3481,486,670,98
3140,2025-10-20,1,1030,3804,486,995,139
3141,2025-10-27,1,1030,3739,486,710,147
3142,2025-11-03,1,1030,4104,486,183,244
3143,2025-11-10,1,1030,4400,486,1117,406
3144,2025-11-17,1,1030,4722,486,1369,201
3145,2025-11-24,1,1030,4435,486,745,28
3146,2025-12-01,1,1030,4149,486,336,84
3147,2025-12-08,1,1030,4373,486,1153,140
3148,2025-12-15,1,1030,4324,486,969,452
3149,2025-12-22,1,1030,4069,486,552,433
3150,2025-12-29,1,1030,3651,486,852,254
3151,2024-01-01,1,1031,1073,572,113,17
3152,2024-01-08,1,1031,1136,572,245,178
3153,2024-01-15,1,1031,899,572,81,183
3154,2024-01-22,1,1031,805,572,188,4
3155,2024-01-29,1,1031,646,572,66,36
3156,2024-02-05,1,1031,408,572,116,123
3157,2024-02-12,1,1031,568,572,4,303
3158,2024-02-19,1,1031,522,572,138,337
3159,2024-02-26,1,1031,688,572,108,334
3160,2024-03-04,1,1031,693,572,128,163
3161,2024-03-11,1,1031,846,572,57,20
3162,2024-03-18,1,1031,680,572,144,460
3163,2024-03-25,1,1031,892,572,179,47
3164,2024-04-01,1,1031,1161,572,233,449
3165,2024-04-08,1,1031,978,572,145,295
3166,2024-04-15,1,1031,1233,572,322,295
3167,2024-04-22,1,1031,950,572,220,157
3168,2024-04-29,1,1031,1070,572,41,320
3169,2024-05-06,1,1031,1258,572,333,119
3170,2024-05-13,1,1031,1143,572,140,162
3171,2024-05-20,1,1031,1193,572,198,166
3172,2024-05-27,1,1031,924,572,122,33
3173,2024-06-03,1,1031,1188,572,290,249
3174,2024-06-10,1,1031,944,572,109,106
3175,2024-06-17,1,1031,907,572,220,263
3176,2024-06-24,1,1031,936,572,12,350
3177,2024-07-01,1,1031,936,572,61,174
3178,2024-07-08,1,1031,1064,572,87,61
3179,2024-07-15,1,1031,1313,572,321,285
3180,2024-07-22,1,1031,1032,572,103,442
3181,2024-07-29,1,1031,1243,572,213,115
3182,2024-08-05,1,1031,1144,572,189,333
3183,2024-08-12,1,1031,1121,572,133,414
3184,2024-08-19,1,1031,1010,572,171,165
3185,2024-08-26,1,1031,1142,572,114,329
3186,2024-09-02,1,1031,1389,572,402,126
3187,2024-09-09,1,1031,1096,572,201,353
3188,2024-09-16,1,1031,1275,572,352,142
3189,2024-09-23,1,1031,1279,572,103,264
3190,2024-09-30,1,1031,1178,572,131,180
3191,2024-10-07,1,1031,1544,572,189,17
3192,2024-10-14,1,1031,1391,572,188,130
3193,2024-10-21,1,1031,1179,572,118,280
3194,2024-10-28,1,1031,1470,572,409,15
3195,2024-11-04,1,1031,1730,572,181,58
3196,2024-11-11,1,1031,1392,572,367,363
3197,2024-11-18,1,1031,1256,572,90,323
3198,2024-11-25,1,1031,1159,572,139,331
3199,2024-12-02,1,1031,800,572,94,372
3200,2024-12-09,1,1031,1042,572,164,43
3201,2024-12-16,1,1031,697,572,130,21
3202,2024-12-23,1,1031,965,572,255,158
3203,2024-12-30,1,1031,899,572,9,250
3204,2025-01-06,1,1031,918,572,228,319
3205,2025-01-13,1,1031,717,572,160,22
3206,2025-01-20,1,1031,549,572,112,380
3207,2025-01-27,1,1031,319,572,61,245
3208,2025-02-03,1,1031,272,572,30,244
3209,2025-02-10,1,1031,518,572,77,24
3210,2025-02-17,1,1031,619,572,9,391
3211,2025-02-24,1,1031,533,572,27,18
3212,2025-03-03,1,1031,613,572,91,147
3213,2025-03-10,1,1031,357,572,3,414
3214,2025-03-17,1,1031,115,572,24,390
3215,2025-03-24,1,1031,0,572,0,249
3216,2025-03-31,1,1031,201,572,9,42
3217,2025-04-07,1,1031,185,572,29,166
3218,2025-04-14,1,1031,70,572,11,174
3219,2025-04-21,1,1031,157,572,6,440
3220,2025-04-28,1,1031,261,572,15,447
3221,2025-05-05,1,1031,46,572,10,246
3222,2025-05-12,1,1031,151,572,34,348
3223,2025-05-19,1,1031,129,572,0,356
3224,2025-05-26,1,1031,92,572,10,247
3225,2025-06-02,1,1031,0,572,0,463
3226,2025-06-09,1,1031,65,572,13,128
3227,2025-06-16,1,1031,0,572,0,118
3228,2025-06-23,1,1031,81,572,17,149
3229,2025-06-30,1,1031,0,572,0,13
3230,2025-07-07,1,1031,0,572,0,210
3231,2025-07-14,1,1031,210,572,54,45
3232,2025-07-21,1,1031,106,572,11,332
3233,2025-07-28,1,1031,148,572,13,170
3234,2025-08-04,1,1031,203,572,2,294
3235,2025-08-11,1,1031,114,572,26,355
3236,2025-08-18,1,1031,279,572,11,126
3237,2025-08-25,1,1031,411,572,78,485
3238,2025-09-01,1,1031,281,572,53,346
3239,2025-09-08,1,1031,248,572,59,124
3240,2025-09-15,1,1031,0,572,0,240
3241,2025-09-22,1,1031,0,572,0,296
3242,2025-09-29,1,1031,102,572,21,388
3243,2025-10-06,1,1031,144,572,12,133
3244,2025-10-13,1,1031,0,572,0,415
3245,2025-10-20,1,1031,0,572,0,430
3246,2025-10-27,1,1031,191,572,34,182
3247,2025-11-03,1,1031,98,572,8,282
3248,2025-11-10,1,1031,0,572,0,273
3249,2025-11-17,1,1031,289,572,45,467
3250,2025-11-24,1,1031,104,572,26,122
3251,2025-12-01,1,1031,6,572,1,428
3252,2025-12-08,1,1031,0,572,0,233
3253,2025-12-15,1,1031,0,572,0,164
3254,2025-12-22,1,1031,285,572,10,219
3255,2025-12-29,1,1031,153,572,11,258
3256,2024-01-01,1,1032,496,618,18,418
3257,2024-01-08,1,1032,450,618,18,161
3258,2024-01-15,1,1032,480,618,45,169
3259,2024-01-22,1,1032,240,618,43,454
3260,2024-01-29,1,1032,252,618,15,143
3261,2024-02-05,1,1032,512,618,121,434
3262,2024-02-12,1,1032,570,618,161,4
3263,2024-02-19,1,1032,703,618,101,1
3264,2024-02-26,1,1032,961,618,185,376
3265,2024-03-04,1,1032,740,618,21,36
3266,2024-03-11,1,1032,493,618,52,438
3267,2024-03-18,1,1032,197,618,33,215
3268,2024-03-25,1,1032,150,618,16,9
3269,2024-04-01,1,1032,99,618,12,335
3270,2024-04-08,1,1032,372,618,46,44
3271,2024-04-15,1,1032,606,618,155,318
3272,2024-04-22,1,1032,554,618,7,436
3273,2024-04-29,1,1032,745,618,47,20
3274,2024-05-06,1,1032,478,618,124,302
3275,2024-05-13,1,1032,559,618,29,423
3276,2024-05-20,1,1032,426,618,95,456
3277,2024-05-27,1,1032,197,618,42,365
3278,2024-06-03,1,1032,162,618,40,151
3279,2024-06-10,1,1032,234,618,68,22
3280,2024-06-17,1,1032,431,618,44,111
3281,2024-06-24,1,1032,410,618,115,162
3282,2024-07-01,1,1032,198,618,24,463
3283,2024-07-08,1,1032,232,618,24,227
3284,2024-07-15,1,1032,0,618,0,62
3285,2024-07-22,1,1032,0,618,0,80
3286,2024-07-29,1,1032,31,618,2,114
3287,2024-08-05,1,1032,0,618,0,228
3288,2024-08-12,1,1032,0,618,0,166
3289,2024-08-19,1,1032,0,618,0,309
3290,2024-08-26,1,1032,128,618,20,272
3291,2024-09-02,1,1032,0,618,0,227
3292,2024-09-09,1,1032,0,618,0,48
3293,2024-09-16,1,1032,50,618,13,253
3294,2024-09-23,1,1032,0,618,0,277
3295,2024-09-30,1,1032,44,618,5,403
3296,2024-10-07,1,1032,0,618,0,479
3297,2024-10-14,1,1032,49,618,8,178
3298,2024-10-21,1,1032,106,618,25,293
3299,2024-10-28,1,1032,0,618,0,471
3300,2024-11-04,1,1032,0,618,0,32
3301,2024-11-11,1,1032,155,618,14,113
3302,2024-11-18,1,1032,237,618,29,470
3303,2024-11-25,1,1032,11,618,0,0
3304,2024-12-02,1,1032,0,618,0,244
3305,2024-12-09,1,1032,125,618,23,148
3306,2024-12-16,1,1032,346,618,13,92
3307,2024-12-23,1,1032,641,618,100,350
3308,2024-12-30,1,1032,748,618,219,47
3309,2025-01-06,1,1032,749,618,197,9
3310,2025-01-13,1,1032,637,618,158,36
3311,2025-01-20,1,1032,879,618,49,112
3312,2025-01-27,1,1032,868,618,233,221
3313,2025-02-03,1,1032,774,618,161,368
3314,2025-02-10,1,1032,532,618,48,491
3315,2025-02-17,1,1032,614,618,81,464
3316,2025-02-24,1,1032,695,618,115,138
3317,2025-03-03,1,1032,934,618,33,89
3318,2025-03-10,1,1032,995,618,136,296
3319,2025-03-17,1,1032,1232,618,316,260
3320,2025-03-24,1,1032,1115,618,278,283
3321,2025-03-31,1,1032,1148,618,100,54
3322,2025-04-07,1,1032,901,618,45,54
3323,2025-04-14,1,1032,965,618,144,56
3324,2025-04-21,1,1032,742,618,198,121
3325,2025-04-28,1,1032,777,618,225,266
3326,2025-05-05,1,1032,636,618,35,407
3327,2025-05-12,1,1032,841,618,189,101
3328,2025-05-19,1,1032,663,618,69,298
3329,2025-05-26,1,1032,547,618,115,37
3330,2025-06-02,1,1032,371,618,8,26
3331,2025-06-09,1,1032,545,618,1,400
3332,2025-06-16,1,1032,597,618,55,478
3333,2025-06-23,1,1032,542,618,10,61
3334,2025-06-30,1,1032,338,618,50,362
3335,2025-07-07,1,1032,260,618,35,186
3336,2025-07-14,1,1032,0,618,0,380
3337,2025-07-21,1,1032,1,618,0,347
3338,2025-07-28,1,1032,204,618,3,328
3339,2025-08-04,1,1032,179,618,30,7
3340,2025-08-11,1,1032,95,618,7,231
3341,2025-08-18,1,1032,0,618,0,176
3342,2025-08-25,1,1032,52,618,6,233
3343,2025-09-01,1,1032,0,618,0,14
3344,2025-09-08,1,1032,0,618,0,72
3345,2025-09-15,1,1032,127,618,3,5
3346,2025-09-22,1,1032,53,618,14,365
3347,2025-09-29,1,1032,0,618,0,81
3348,2025-10-06,1,1032,0,618,0,461
3349,2025-10-13,1,1032,32,618,5,154
3350,2025-10-20,1,1032,0,618,0,107
3351,2025-10-27,1,1032,0,618,0,449
3352,2025-11-03,1,1032,389,618,30,50
3353,2025-11-10,1,1032,183,618,21,358
3354,2025-11-17,1,1032,55,618,10,449
3355,2025-11-24,1,1032,0,618,0,212
3356,2025-12-01,1,1032,0,618,0,486
3357,2025-12-08,1,1032,205,618,58,87
3358,2025-12-15,1,1032,315,618,54,8
3359,2025-12-22,1,1032,366,618,10,152
3360,2025-12-29,1,1032,213,618,56,378
3361,2024-01-01,1,1033,3324,854,669,477
3362,2024-01-08,1,1033,3587,854,894,111
3363,2024-01-15,1,1033,3472,854,100,289
3364,2024-01-22,1,1033,3197,854,598,29
3365,2024-01-29,1,1033,3096,854,286,329
3366,2024-02-05,1,1033,3086,854,163,468
3367,2024-02-12,1,1033,2934,854,325,77
3368,2024-02-19,1,1033,2934,854,410,249
3369,2024-02-26,1,1033,2682,854,160,345
3370,2024-03-04,1,1033,2492,854,375,259
3371,2024-03-11,1,1033,2218,854,535,452
3372,2024-03-18,1,1033,2490,854,653,439
3373,2024-03-25,1,1033,2485,854,376,50
3374,2024-04-01,1,1033,2318,854,573,435
3375,2024-04-08,1,1033,2198,854,27,457
3376,2024-04-15,1,1033,2467,854,85,209
3377,2024-04-22,1,1033,2370,854,397,61
3378,2024-04-29,1,1033,2217,854,502,492
3379,2024-05-06,1,1033,2131,854,534,268
3380,2024-05-13,1,1033,2280,854,58,315
3381,2024-05-20,1,1033,2021,854,46,313
3382,2024-05-27,1,1033,2071,854,228,186
3383,2024-06-03,1,1033,2195,854,83,493
3384,2024-06-10,1,1033,2443,854,222,423
3385,2024-06-17,1,1033,2460,854,654,240
3386,2024-06-24,1,1033,2643,854,536,210
3387,2024-07-01,1,1033,2631,854,156,441
3388,2024-07-08,1,1033,2532,854,461,165
3389,2024-07-15,1,1033,2233,854,296,186
3390,2024-07-22,1,1033,2314,854,602,357
3391,2024-07-29,1,1033,2412,854,192,188
3392,2024-08-05,1,1033,2440,854,437,365
3393,2024-08-12,1,1033,2528,854,712,371
3394,2024-08-19,1,1033,2590,854,589,114
3395,2024-08-26,1,1033,2447,854,180,135
3396,2024-09-02,1,1033,2577,854,221,360
3397,2024-09-09,1,1033,2475,854,313,6
3398,2024-09-16,1,1033,2264,854,16,180
3399,2024-09-23,1,1033,2343,854,253,174
3400,2024-09-30,1,1033,2511,854,370,265
3401,2024-10-07,1,1033,2786,854,582,82
3402,2024-10-14,1,1033,2615,854,623,456
3403,2024-10-21,1,1033,2511,854,416,79
3404,2024-10-28,1,1033,2166,854,259,94
3405,2024-11-04,1,1033,1907,854,66,438
3406,2024-11-11,1,1033,1750,854,177,470
3407,2024-11-18,1,1033,1547,854,229,309
3408,2024-11-25,1,1033,1552,854,291,276
3409,2024-12-02,1,1033,1400,854,84,44
3410,2024-12-09,1,1033,1489,854,335,376
3411,2024-12-16,1,1033,1480,854,420,277
3412,2024-12-23,1,1033,1851,854,501,21
3413,2024-12-30,1,1033,1950,854,533,216
3414,2025-01-06,1,1033,2099,854,484,233
3415,2025-01-13,1,1033,2202,854,577,491
3416,2025-01-20,1,1033,2005,854,472,44
3417,2025-01-27,1,1033,1822,854,158,231
3418,2025-02-03,1,1033,1631,854,212,356
3419,2025-02-10,1,1033,1726,854,405,293
3420,2025-02-17,1,1033,1636,854,229,411
3421,2025-02-24,1,1033,1881,854,233,220
3422,2025-03-03,1,1033,1985,854,564,338
3423,2025-03-10,1,1033,1858,854,159,133
3424,2025-03-17,1,1033,2131,854,286,323
3425,2025-03-24,1,1033,1968,854,42,23
3426,2025-03-31,1,1033,1772,854,200,302
3427,2025-04-07,1,1033,1854,854,418,312
3428,2025-04-14,1,1033,2116,854,369,170
3429,2025-04-21,1,1033,2123,854,587,211
3430,2025-04-28,1,1033,1918,854,388,482
3431,2025-05-05,1,1033,1962,854,558,190
3432,2025-05-12,1,1033,2139,854,339,167
3433,2025-05-19,1,1033,1963,854,358,470
3434,2025-05-26,1,1033,1819,854,17,200
3435,2025-06-02,1,1033,1861,854,48,395
3436,2025-06-09,1,1033,1692,854,115,45
3437,2025-06-16,1,1033,1680,854,450,315
3438,2025-06-23,1,1033,1674,854,340,4
3439,2025-06-30,1,1033,1637,854,305,260
3440,2025-07-07,1,1033,1418,854,280,345
3441,2025-07-14,1,1033,1517,854,49,415
3442,2025-07-21,1,1033,1782,854,451,111
3443,2025-07-28,1,1033,2005,854,589,35
3444,2025-08-04,1,1033,2072,854,219,227
3445,2025-08-11,1,1033,1991,854,170,221
3446,2025-08-18,1,1033,2017,854,372,412
3447,2025-08-25,1,1033,2144,854,501,144
3448,2025-09-01,1,1033,2040,854,359,354
3449,2025-09-08,1,1033,1954,854,496,221
3450,2025-09-15,1,1033,1848,854,502,103
3451,2025-09-22,1,1033,1967,854,557,298
3452,2025-09-29,1,1033,2082,854,52,467
3453,2025-10-06,1,1033,1870,854,367,167
3454,2025-10-13,1,1033,1597,854,262,64
3455,2025-10-20,1,1033,1518,854,455,170
3456,2025-10-27,1,1033,1838,854,61,100
3457,2025-11-03,1,1033,1481,854,108,227
3458,2025-11-10,1,1033,1563,854,8,404
3459,2025-11-17,1,1033,1952,854,238,326
3460,2025-11-24,1,1033,2170,854,594,465
3461,2025-12-01,1,1033,2102,854,270,400
3462,2025-12-08,1,1033,2144,854,13,213
3463,2025-12-15,1,1033,2432,854,712,463
3464,2025-12-22,1,1033,2749,854,389,105
3465,2025-12-29,1,1033,3076,854,498,289
3466,2024-01-01,1,1034,2111,900,383,196
3467,2024-01-08,1,1034,2268,900,281,57
3468,2024-01-15,1,1034,2011,900,166,360
3469,2024-01-22,1,1034,1780,900,322,16
3470,2024-01-29,1,1034,1775,900,79,89
3471,2024-02-05,1,1034,1672,900,457,330
3472,2024-02-12,1,1034,1877,900,330,221
3473,2024-02-19,1,1034,1586,900,375,56
3474,2024-02-26,1,1034,1315,900,361,241
3475,2024-03-04,1,1034,1352,900,103,283
3476,2024-03-11,1,1034,1107,900,244,407
3477,2024-03-18,1,1034,884,900,123,313
3478,2024-03-25,1,1034,596,900,163,432
3479,2024-04-01,1,1034,744,900,35,296
3480,2024-04-08,1,1034,814,900,116,257
3481,2024-04-15,1,1034,564,900,78,428
3482,2024-04-22,1,1034,479,900,33,99
3483,2024-04-29,1,1034,721,900,49,364
3484,2024-05-06,1,1034,806,900,235,59
3485,2024-05-13,1,1034,517,900,21,239
3486,2024-05-20,1,1034,624,900,102,85
3487,2024-05-27,1,1034,796,900,114,306
3488,2024-06-03,1,1034,1027,900,65,424
3489,2024-06-10,1,1034,1009,900,260,487
3490,2024-06-17,1,1034,787,900,136,409
3491,2024-06-24,1,1034,723,900,127,126
3492,2024-07-01,1,1034,511,900,88,387
3493,2024-07-08,1,1034,550,900,96,0
3494,2024-07-15,1,1034,353,900,41,391
3495,2024-07-22,1,1034,316,900,62,29
3496,2024-07-29,1,1034,566,900,13,333
3497,2024-08-05,1,1034,716,900,184,98
3498,2024-08-12,1,1034,671,900,112,47
3499,2024-08-19,1,1034,582,900,86,123
3500,2024-08-26,1,1034,685,900,1,399
3501,2024-09-02,1,1034,902,900,143,107
3502,2024-09-09,1,1034,957,900,136,91
3503,2024-09-16,1,1034,798,900,90,0
3504,2024-09-23,1,1034,789,900,101,390
3505,2024-09-30,1,1034,828,900,7,23
3506,2024-10-07,1,1034,986,900,161,184
3507,2024-10-14,1,1034,1306,900,193,488
3508,2024-10-21,1,1034,915,900,222,248
3509,2024-10-28,1,1034,1259,900,231,435
3510,2024-11-04,1,1034,1148,900,189,276
3511,2024-11-11,1,1034,1432,900,36,416
3512,2024-11-18,1,1034,1056,900,264,365
3513,2024-11-25,1,1034,771,900,162,314
3514,2024-12-02,1,1034,1093,900,78,25
3515,2024-12-09,1,1034,1431,900,347,312
3516,2024-12-16,1,1034,1566,900,250,335
3517,2024-12-23,1,1034,1326,900,231,100
3518,2024-12-30,1,1034,942,900,116,396
3519,2025-01-06,1,1034,1014,900,270,374
3520,2025-01-13,1,1034,827,900,10,94
3521,2025-01-20,1,1034,529,900,129,173
3522,2025-01-27,1,1034,438,900,15,151
3523,2025-02-03,1,1034,604,900,18,117
3524,2025-02-10,1,1034,627,900,121,159
3525,2025-02-17,1,1034,849,900,110,478
3526,2025-02-24,1,1034,942,900,4,118
3527,2025-03-03,1,1034,943,900,125,225
3528,2025-03-10,1,1034,815,900,224,58
3529,2025-03-17,1,1034,897,900,152,342
3530,2025-03-24,1,1034,673,900,137,290
3531,2025-03-31,1,1034,638,900,134,7
3532,2025-04-07,1,1034,765,900,188,268
3533,2025-04-14,1,1034,723,900,190,359
3534,2025-04-21,1,1034,634,900,126,103
3535,2025-04-28,1,1034,541,900,144,446
3536,2025-05-05,1,1034,486,900,30,83
3537,2025-05-12,1,1034,756,900,68,313
3538,2025-05-19,1,1034,983,900,247,11
3539,2025-05-26,1,1034,994,900,84,280
3540,2025-06-02,1,1034,734,900,55,172
3541,2025-06-09,1,1034,948,900,80,429
3542,2025-06-16,1,1034,783,900,13,450
3543,2025-06-23,1,1034,783,900,127,396
3544,2025-06-30,1,1034,881,900,229,133
3545,2025-07-07,1,1034,641,900,71,282
3546,2025-07-14,1,1034,697,900,39,422
3547,2025-07-21,1,1034,554,900,132,114
3548,2025-07-28,1,1034,273,900,73,267
3549,2025-08-04,1,1034,366,900,35,435
3550,2025-08-11,1,1034,306,900,22,125
3551,2025-08-18,1,1034,128,900,27,34
3552,2025-08-25,1,1034,224,900,12,136
3553,2025-09-01,1,1034,155,900,21,128
3554,2025-09-08,1,1034,0,900,0,393
3555,2025-09-15,1,1034,0,900,0,111
3556,2025-09-22,1,1034,0,900,0,297
3557,2025-09-29,1,1034,0,900,0,42
3558,2025-10-06,1,1034,0,900,0,130
3559,2025-10-13,1,1034,284,900,10,310
3560,2025-10-20,1,1034,83,900,21,421
3561,2025-10-27,1,1034,0,900,0,305
3562,2025-11-03,1,1034,0,900,0,114
3563,2025-11-10,1,1034,0,900,0,115
3564,2025-11-17,1,1034,324,900,46,144
3565,2025-11-24,1,1034,570,900,98,473
3566,2025-12-01,1,1034,446,900,126,348
3567,2025-12-08,1,1034,835,900,81,343
3568,2025-12-15,1,1034,1217,900,359,183
3569,2025-12-22,1,1034,1054,900,144,466
3570,2025-12-29,1,1034,666,900,3,280
3571,2024-01-01,1,1035,1063,671,284,134
3572,2024-01-08,1,1035,1147,671,246,163
3573,2024-01-15,1,1035,860,671,135,473
3574,2024-01-22,1,1035,620,671,77,419
3575,2024-01-29,1,1035,512,671,118,127
3576,2024-02-05,1,1035,276,671,54,321
3577,2024-02-12,1,1035,167,671,24,165
3578,2024-02-19,1,1035,31,671,8,194
3579,2024-02-26,1,1035,0,671,0,465
3580,2024-03-04,1,1035,32,671,2,354
3581,2024-03-11,1,1035,73,671,5,357
3582,2024-03-18,1,1035,0,671,0,222
3583,2024-03-25,1,1035,174,671,18,408
3584,2024-04-01,1,1035,9,671,0,456
3585,2024-04-08,1,1035,40,671,2,117
3586,2024-04-15,1,1035,0,671,0,127
3587,2024-04-22,1,1035,0,671,0,194
3588,2024-04-29,1,1035,170,671,42,494
3589,2024-05-06,1,1035,0,671,0,216
3590,2024-05-13,1,1035,0,671,0,64
3591,2024-05-20,1,1035,170,671,49,466
3592,2024-05-27,1,1035,221,671,42,430
3593,2024-06-03,1,1035,269,671,11,405
3594,2024-06-10,1,1035,156,671,27,201
3595,2024-06-17,1,1035,374,671,30,297
3596,2024-06-24,1,1035,580,671,49,315
3597,2024-07-01,1,1035,590,671,84,376
3598,2024-07-08,1,1035,763,671,216,270
3599,2024-07-15,1,1035,613,671,148,488
3600,2024-07-22,1,1035,497,671,67,217
3601,2024-07-29,1,1035,657,671,151,258
3602,2024-08-05,1,1035,516,671,43,365
3603,2024-08-12,1,1035,439,671,89,227
3604,2024-08-19,1,1035,476,671,15,37
3605,2024-08-26,1,1035,522,671,145,412
3606,2024-09-02,1,1035,290,671,79,89
3607,2024-09-09,1,1035,550,671,24,427
3608,2024-09-16,1,1035,496,671,73,73
3609,2024-09-23,1,1035,637,671,93,393
3610,2024-09-30,1,1035,903,671,35,410
3611,2024-10-07,1,1035,533,671,116,123
3612,2024-10-14,1,1035,321,671,39,254
3613,2024-10-21,1,1035,347,671,14,417
3614,2024-10-28,1,1035,0,671,0,204
3615,2024-11-04,1,1035,0,671,0,455
3616,2024-11-11,1,1035,0,671,0,213
3617,2024-11-18,1,1035,380,671,2,107
3618,2024-11-25,1,1035,122,671,36,266
3619,2024-12-02,1,1035,360,671,102,73
3620,2024-12-09,1,1035,549,671,8,203
3621,2024-12-16,1,1035,914,671,124,80
3622,2024-12-23,1,1035,883,671,177,102
3623,2024-12-30,1,1035,892,671,207,118
3624,2025-01-06,1,1035,1166,671,205,104
3625,2025-01-13,1,1035,1090,671,262,261
3626,2025-01-20,1,1035,814,671,125,304
3627,2025-01-27,1,1035,610,671,161,452
3628,2025-02-03,1,1035,659,671,46,441
3629,2025-02-10,1,1035,837,671,160,359
3630,2025-02-17,1,1035,1094,671,207,424
3631,2025-02-24,1,1035,1174,671,101,95
3632,2025-03-03,1,1035,1292,671,214,242
3633,2025-03-10,1,1035,1068,671,276,213
3634,2025-03-17,1,1035,814,671,182,426
3635,2025-03-24,1,1035,1065,671,243,222
3636,2025-03-31,1,1035,835,671,151,429
3637,2025-04-07,1,1035,842,671,59,302
3638,2025-04-14,1,1035,821,671,168,177
3639,2025-04-21,1,1035,804,671,165,451
3640,2025-04-28,1,1035,939,671,221,171
3641,2025-05-05,1,1035,792,671,85,240
3642,2025-05-12,1,1035,769,671,184,175
3643,2025-05-19,1,1035,671,671,65,427
3644,2025-05-26,1,1035,731,671,117,102
3645,2025-06-02,1,1035,553,671,17,421
3646,2025-06-09,1,1035,547,671,0,243
3647,2025-06-16,1,1035,353,671,27,296
3648,2025-06-23,1,1035,350,671,33,186
3649,2025-06-30,1,1035,325,671,66,245
3650,2025-07-07,1,1035,220,671,43,49
3651,2025-07-14,1,1035,244,671,54,139
3652,2025-07-21,1,1035,327,671,78,53
3653,2025-07-28,1,1035,162,671,4,345
3654,2025-08-04,1,1035,292,671,6,443
3655,2025-08-11,1,1035,423,671,23,68
3656,2025-08-18,1,1035,424,671,116,95
3657,2025-08-25,1,1035,467,671,22,204
3658,2025-09-01,1,1035,701,671,156,274
3659,2025-09-08,1,1035,459,671,82,489
3660,2025-09-15,1,1035,487,671,18,59
3661,2025-09-22,1,1035,591,671,135,463
3662,2025-09-29,1,1035,601,671,142,73
3663,2025-10-06,1,1035,960,671,107,48
3664,2025-10-13,1,1035,682,671,199,10
3665,2025-10-20,1,1035,1061,671,39,169
3666,2025-10-27,1,1035,1220,671,152,405
3667,2025-11-03,1,1035,1054,671,272,310
3668,2025-11-10,1,1035,1037,671,167,130
3669,2025-11-17,1,1035,1165,671,297,82
3670,2025-11-24,1,1035,770,671,112,160
3671,2025-12-01,1,1035,810,671,219,362
3672,2025-12-08,1,1035,896,671,22,173
3673,2025-12-15,1,1035,1148,671,4,261
3674,2025-12-22,1,1035,764,671,93,196
3675,2025-12-29,1,1035,1063,671,130,232
3676,2024-01-01,1,1036,1963,1068,139,497
3677,2024-01-08,1,1036,1964,1068,191,57
3678,2024-01-15,1,1036,2024,1068,256,13
3679,2024-01-22,1,1036,1843,1068,328,349
3680,2024-01-29,1,1036,1686,1068,200,214
3681,2024-02-05,1,1036,1627,1068,438,151
3682,2024-02-12,1,1036,1755,1068,331,493
3683,2024-02-19,1,1036,1520,1068,140,497
3684,2024-02-26,1,1036,1248,1068,201,2
3685,2024-03-04,1,1036,1016,1068,8,90
3686,2024-03-11,1,1036,922,1068,205,154
3687,2024-03-18,1,1036,868,1068,22,179
3688,2024-03-25,1,1036,881,1068,118,270
3689,2024-04-01,1,1036,1138,1068,46,367
3690,2024-04-08,1,1036,1234,1068,266,62
3691,2024-04-15,1,1036,1426,1068,362,158
3692,2024-04-22,1,1036,1360,1068,304,318
3693,2024-04-29,1,1036,1287,1068,345,208
3694,2024-05-06,1,1036,1395,1068,17,142
3695,2024-05-13,1,1036,1204,1068,326,485
3696,2024-05-20,1,1036,1230,1068,286,384
3697,2024-05-27,1,1036,1423,1068,20,292
3698,2024-06-03,1,1036,1186,1068,333,338
3699,2024-06-10,1,1036,1239,1068,267,252
3700,2024-06-17,1,1036,1167,1068,84,183
3701,2024-06-24,1,1036,924,1068,59,229
3702,2024-07-01,1,1036,683,1068,190,285
3703,2024-07-08,1,1036,888,1068,201,59
3704,2024-07-15,1,1036,600,1068,93,1
3705,2024-07-22,1,1036,439,1068,9,442
3706,2024-07-29,1,1036,151,1068,32,422
3707,2024-08-05,1,1036,102,1068,18,476
3708,2024-08-12,1,1036,191,1068,25,118
3709,2024-08-19,1,1036,55,1068,15,469
3710,2024-08-26,1,1036,100,1068,5,480
3711,2024-09-02,1,1036,196,1068,25,173
3712,2024-09-09,1,1036,355,1068,76,390
3713,2024-09-16,1,1036,206,1068,45,126
3714,2024-09-23,1,1036,225,1068,45,169
3715,2024-09-30,1,1036,154,1068,4,395
3716,2024-10-07,1,1036,0,1068,0,320
3717,2024-10-14,1,1036,0,1068,0,471
3718,2024-10-21,1,1036,261,1068,74,347
3719,2024-10-28,1,1036,627,1068,151,57
3720,2024-11-04,1,1036,629,1068,50,162
3721,2024-11-11,1,1036,223,1068,15,9
3722,2024-11-18,1,1036,0,1068,0,110
3723,2024-11-25,1,1036,88,1068,25,54
3724,2024-12-02,1,1036,0,1068,0,41
3725,2024-12-09,1,1036,235,1068,49,60
3726,2024-12-16,1,1036,0,1068,0,12
3727,2024-12-23,1,1036,60,1068,14,129
3728,2024-12-30,1,1036,109,1068,31,110
3729,2025-01-06,1,1036,0,1068,0,67
3730,2025-01-13,1,1036,121,1068,36,406
3731,2025-01-20,1,1036,0,1068,0,277
3732,2025-01-27,1,1036,81,1068,18,292
3733,2025-02-03,1,1036,77,1068,5,131
3734,2025-02-10,1,1036,64,1068,5,82
3735,2025-02-17,1,1036,0,1068,0,472
3736,2025-02-24,1,1036,0,1068,0,412
3737,2025-03-03,1,1036,144,1068,42,122
3738,2025-03-10,1,1036,353,1068,31,409
3739,2025-03-17,1,1036,229,1068,30,180
3740,2025-03-24,1,1036,349,1068,4,454
3741,2025-03-31,1,1036,606,1068,127,55
3742,2025-04-07,1,1036,799,1068,165,86
3743,2025-04-14,1,1036,1033,1068,253,422
3744,2025-04-21,1,1036,985,1068,209,31
3745,2025-04-28,1,1036,1231,1068,348,11
3746,2025-05-05,1,1036,1453,1068,326,191
3747,2025-05-12,1,1036,1521,1068,250,293
3748,2025-05-19,1,1036,1331,1068,183,203
3749,2025-05-26,1,1036,1109,1068,51,304
3750,2025-06-02,1,1036,900,1068,127,396
3751,2025-06-09,1,1036,650,1068,167,461
3752,2025-06-16,1,1036,875,1068,177,379
3753,2025-06-23,1,1036,875,1068,250,89
3754,2025-06-30,1,1036,761,1068,137,423
3755,2025-07-07,1,1036,923,1068,203,14
3756,2025-07-14,1,1036,1112,1068,77,199
3757,2025-07-21,1,1036,1277,1068,13,399
3758,2025-07-28,1,1036,1296,1068,3,190
3759,2025-08-04,1,1036,1237,1068,214,382
3760,2025-08-11,1,1036,1304,1068,194,376
3761,2025-08-18,1,1036,1453,1068,222,155
3762,2025-08-25,1,1036,1297,1068,70,321
3763,2025-09-01,1,1036,1487,1068,421,185
3764,2025-09-08,1,1036,1575,1068,351,171
3765,2025-09-15,1,1036,1633,1068,312,357
3766,2025-09-22,1,1036,1863,1068,243,256
3767,2025-09-29,1,1036,1949,1068,393,65
3768,2025-10-06,1,1036,1849,1068,248,228
3769,2025-10-13,1,1036,1688,1068,482,492
3770,2025-10-20,1,1036,1374,1068,104,465
3771,2025-10-27,1,1036,1581,1068,162,71
3772,2025-11-03,1,1036,1722,1068,375,190
3773,2025-11-10,1,1036,1750,1068,214,329
3774,2025-11-17,1,1036,1898,1068,5,211
3775,2025-11-24,1,1036,2052,1068,354,473
3776,2025-12-01,1,1036,2316,1068,514,146
3777,2025-12-08,1,1036,2351,1068,550,191
3778,2025-12-15,1,1036,2068,1068,245,216
3779,2025-12-22,1,1036,2079,1068,481,458
3780,2025-12-29,1,1036,1818,1068,384,182
3781,2024-01-01,1,1037,1212,726,145,99
3782,2024-01-08,1,1037,1171,726,153,98
3783,2024-01-15,1,1037,1183,726,131,271
3784,2024-01-22,1,1037,994,726,200,470
3785,2024-01-29,1,1037,1058,726,300,201
3786,2024-02-05,1,1037,819,726,157,158
3787,2024-02-12,1,1037,695,726,181,235
3788,2024-02-19,1,1037,944,726,11,219
3789,2024-02-26,1,1037,1110,726,105,153
3790,2024-03-04,1,1037,1118,726,245,197
3791,2024-03-11,1,1037,998,726,32,354
3792,2024-03-18,1,1037,794,726,45,28
3793,2024-03-25,1,1037,1001,726,172,224
3794,2024-04-01,1,1037,1271,726,309,229
3795,2024-04-08,1,1037,1398,726,310,253
3796,2024-04-15,1,1037,1624,726,319,494
3797,2024-04-22,1,1037,1621,726,371,309
3798,2024-04-29,1,1037,1653,726,454,252
3799,2024-05-06,1,1037,1832,726,495,316
3800,2024-05-13,1,1037,1958,726,135,243
3801,2024-05-20,1,1037,2069,726,111,420
3802,2024-05-27,1,1037,2055,726,564,481
3803,2024-06-03,1,1037,1941,726,502,190
3804,2024-06-10,1,1037,2148,726,243,454
3805,2024-06-17,1,1037,2295,726,461,444
3806,2024-06-24,1,1037,2004,726,278,157
3807,2024-07-01,1,1037,2267,726,434,459
3808,2024-07-08,1,1037,2447,726,533,324
3809,2024-07-15,1,1037,2405,726,242,373
3810,2024-07-22,1,1037,2350,726,414,424
3811,2024-07-29,1,1037,2510,726,417,487
3812,2024-08-05,1,1037,2434,726,50,97
3813,2024-08-12,1,1037,2538,726,428,343
3814,2024-08-19,1,1037,2647,726,675,434
3815,2024-08-26,1,1037,2722,726,811,189
3816,2024-09-02,1,1037,2881,726,61,424
3817,2024-09-09,1,1037,3099,726,604,168
3818,2024-09-16,1,1037,3278,726,284,22
3819,2024-09-23,1,1037,3253,726,934,275
3820,2024-09-30,1,1037,3422,726,36,434
3821,2024-10-07,1,1037,3581,726,158,396
3822,2024-10-14,1,1037,3512,726,700,460
3823,2024-10-21,1,1037,3831,726,1131,72
3824,2024-10-28,1,1037,3796,726,225,54
3825,2024-11-04,1,1037,3653,726,409,37
3826,2024-11-11,1,1037,3566,726,1061,87
3827,2024-11-18,1,1037,3833,726,893,267
3828,2024-11-25,1,1037,4038,726,318,148
3829,2024-12-02,1,1037,3696,726,861,246
3830,2024-12-09,1,1037,3686,726,530,314
3831,2024-12-16,1,1037,3910,726,582,71
3832,2024-12-23,1,1037,3551,726,68,320
3833,2024-12-30,1,1037,3413,726,984,312
3834,2025-01-06,1,1037,3207,726,221,102
3835,2025-01-13,1,1037,3006,726,647,222
3836,2025-01-20,1,1037,3268,726,146,242
3837,2025-01-27,1,1037,3143,726,500,363
3838,2025-02-03,1,1037,3397,726,266,383
3839,2025-02-10,1,1037,3293,726,158,491
3840,2025-02-17,1,1037,3212,726,85,482
3841,2025-02-24,1,1037,3356,726,141,131
3842,2025-03-03,1,1037,3321,726,693,412
3843,2025-03-10,1,1037,3043,726,857,254
3844,2025-03-17,1,1037,2924,726,318,89
3845,2025-03-24,1,1037,2832,726,358,4
3846,2025-03-31,1,1037,2610,726,167,25
3847,2025-04-07,1,1037,2545,726,431,97
3848,2025-04-14,1,1037,2686,726,66,144
3849,2025-04-21,1,1037,2618,726,131,335
3850,2025-04-28,1,1037,2404,726,400,114
3851,2025-05-05,1,1037,2225,726,548,488
3852,2025-05-12,1,1037,2205,726,432,408
3853,2025-05-19,1,1037,2433,726,429,148
3854,2025-05-26,1,1037,2676,726,143,398
3855,2025-06-02,1,1037,2436,726,593,477
3856,2025-06-09,1,1037,2478,726,363,287
3857,2025-06-16,1,1037,2598,726,746,373
3858,2025-06-23,1,1037,2400,726,65,126
3859,2025-06-30,1,1037,2401,726,251,318
3860,2025-07-07,1,1037,2349,726,306,143
3861,2025-07-14,1,1037,2153,726,123,309
3862,2025-07-21,1,1037,1880,726,263,233
3863,2025-07-28,1,1037,1769,726,0,112
3864,2025-08-04,1,1037,1773,726,13,102
3865,2025-08-11,1,1037,1755,726,302,17
3866,2025-08-18,1,1037,1734,726,171,495
3867,2025-08-25,1,1037,1837,726,218,417
3868,2025-09-01,1,1037,2037,726,291,329
3869,2025-09-08,1,1037,1815,726,345,491
3870,2025-09-15,1,1037,1787,726,187,280
3871,2025-09-22,1,1037,2065,726,616,407
3872,2025-09-29,1,1037,2126,726,83,137
3873,2025-10-06,1,1037,2428,726,515,485
3874,2025-10-13,1,1037,2731,726,166,29
3875,2025-10-20,1,1037,3092,726,848,379
3876,2025-10-27,1,1037,2782,726,96,32
3877,2025-11-03,1,1037,2387,726,666,65
3878,2025-11-10,1,1037,1976,726,369,465
3879,2025-11-17,1,1037,1917,726,321,206
3880,2025-11-24,1,1037,1754,726,446,322
3881,2025-12-01,1,1037,1779,726,363,335
3882,2025-12-08,1,1037,1777,726,88,486
3883,2025-12-15,1,1037,1952,726,553,376
3884,2025-12-22,1,1037,1964,726,220,91
3885,2025-12-29,1,1037,1735,726,446,185
3886,2024-01-01,1,1038,1570,627,296,362
3887,2024-01-08,1,1038,1618,627,213,165
3888,2024-01-15,1,1038,1423,627,19,23
3889,2024-01-22,1,1038,1285,627,377,236
3890,2024-01-29,1,1038,1458,627,91,233
3891,2024-02-05,1,1038,1322,627,207,52
3892,2024-02-12,1,1038,1407,627,29,352
3893,2024-02-19,1,1038,1144,627,220,320
3894,2024-02-26,1,1038,1195,627,196,202
3895,2024-03-04,1,1038,1079,627,158,334
3896,2024-03-11,1,1038,1163,627,80,301
3897,2024-03-18,1,1038,881,627,130,218
3898,2024-03-25,1,1038,988,627,58,259
3899,2024-04-01,1,1038,898,627,86,241
3900,2024-04-08,1,1038,1077,627,315,446
3901,2024-04-15,1,1038,1069,627,127,460
3902,2024-04-22,1,1038,1131,627,331,362
3903,2024-04-29,1,1038,1264,627,26,123
3904,2024-05-06,1,1038,1207,627,71,288
3905,2024-05-13,1,1038,997,627,203,214
3906,2024-05-20,1,1038,1126,627,164,375
3907,2024-05-27,1,1038,1087,627,118,468
3908,2024-06-03,1,1038,1337,627,112,150
3909,2024-06-10,1,1038,1161,627,329,490
3910,2024-06-17,1,1038,1185,627,46,196
3911,2024-06-24,1,1038,1348,627,249,316
3912,2024-07-01,1,1038,1513,627,273,43
3913,2024-07-08,1,1038,1713,627,378,295
3914,2024-07-15,1,1038,1808,627,464,19
3915,2024-07-22,1,1038,1669,627,39,229
3916,2024-07-29,1,1038,1394,627,79,246
3917,2024-08-05,1,1038,1374,627,3,83
3918,2024-08-12,1,1038,1426,627,407,457
3919,2024-08-19,1,1038,1391,627,227,271
3920,2024-08-26,1,1038,1544,627,55,159
3921,2024-09-02,1,1038,1474,627,436,397
3922,2024-09-09,1,1038,1255,627,331,119
3923,2024-09-16,1,1038,1191,627,184,375
3924,2024-09-23,1,1038,1369,627,404,190
3925,2024-09-30,1,1038,1084,627,113,199
3926,2024-10-07,1,1038,900,627,124,109
3927,2024-10-14,1,1038,606,627,57,310
3928,2024-10-21,1,1038,687,627,165,397
3929,2024-10-28,1,1038,1046,627,81,225
3930,2024-11-04,1,1038,1417,627,128,125
3931,2024-11-11,1,1038,1748,627,392,240
3932,2024-11-18,1,1038,1661,627,485,153
3933,2024-11-25,1,1038,1263,627,297,467
3934,2024-12-02,1,1038,1389,627,37,36
3935,2024-12-09,1,1038,1200,627,161,115
3936,2024-12-16,1,1038,976,627,273,154
3937,2024-12-23,1,1038,680,627,114,416
3938,2024-12-30,1,1038,703,627,112,161
3939,2025-01-06,1,1038,483,627,71,252
3940,2025-01-13,1,1038,716,627,44,103
3941,2025-01-20,1,1038,459,627,130,13
3942,2025-01-27,1,1038,694,627,116,71
3943,2025-02-03,1,1038,908,627,265,132
3944,2025-02-10,1,1038,708,627,46,57
3945,2025-02-17,1,1038,717,627,151,81
3946,2025-02-24,1,1038,887,627,131,383
3947,2025-03-03,1,1038,600,627,12,379
3948,2025-03-10,1,1038,785,627,132,154
3949,2025-03-17,1,1038,516,627,107,213
3950,2025-03-24,1,1038,581,627,74,158
3951,2025-03-31,1,1038,779,627,68,286
3952,2025-04-07,1,1038,917,627,90,248
3953,2025-04-14,1,1038,940,627,280,98
3954,2025-04-21,1,1038,995,627,167,394
3955,2025-04-28,1,1038,1026,627,214,315
3956,2025-05-05,1,1038,1191,627,283,290
3957,2025-05-12,1,1038,1334,627,135,61
3958,2025-05-19,1,1038,1174,627,141,185
3959,2025-05-26,1,1038,1175,627,286,336
3960,2025-06-02,1,1038,1178,627,129,255
3961,2025-06-09,1,1038,1189,627,26,460
3962,2025-06-16,1,1038,1201,627,186,380
3963,2025-06-23,1,1038,1243,627,322,101
3964,2025-06-30,1,1038,1272,627,214,245
3965,2025-07-07,1,1038,1366,627,397,430
3966,2025-07-14,1,1038,1486,627,87,485
3967,2025-07-21,1,1038,1437,627,58,20
3968,2025-07-28,1,1038,1156,627,284,40
3969,2025-08-04,1,1038,1099,627,87,398
3970,2025-08-11,1,1038,1087,627,66,144
3971,2025-08-18,1,1038,923,627,185,490
3972,2025-08-25,1,1038,819,627,6,214
3973,2025-09-01,1,1038,947,627,269,35
3974,2025-09-08,1,1038,714,627,99,19
3975,2025-09-15,1,1038,535,627,6,234
3976,2025-09-22,1,1038,462,627,111,64
3977,2025-09-29,1,1038,341,627,9,335
3978,2025-10-06,1,1038,409,627,103,43
3979,2025-10-13,1,1038,269,627,36,81
3980,2025-10-20,1,1038,0,627,0,30
3981,2025-10-27,1,1038,364,627,87,50
3982,2025-11-03,1,1038,2,627,0,174
3983,2025-11-10,1,1038,0,627,0,178
3984,2025-11-17,1,1038,0,627,0,355
3985,2025-11-24,1,1038,358,627,78,311
3986,2025-12-01,1,1038,1,627,0,133
3987,2025-12-08,1,1038,351,627,84,292
3988,2025-12-15,1,1038,0,627,0,265
3989,2025-12-22,1,1038,0,627,0,101
3990,2025-12-29,1,1038,53,627,10,496
3991,2024-01-01,1,1039,1679,893,99,259
3992,2024-01-08,1,1039,1848,893,51,198
3993,2024-01-15,1,1039,2013,893,36,330
3994,2024-01-22,1,1039,2021,893,61,148
3995,2024-01-29,1,1039,2142,893,301,332
3996,2024-02-05,1,1039,2108,893,299,182
3997,2024-02-12,1,1039,2274,893,607,80
3998,2024-02-19,1,1039,2539,893,511,173
3999,2024-02-26,1,1039,2547,893,95,472
4000,2024-03-04,1,1039,2515,893,5,338
4001,2024-03-11,1,1039,2465,893,250,474
4002,2024-03-18,1,1039,2208,893,203,145
4003,2024-03-25,1,1039,2022,893,179,494
4004,2024-04-01,1,1039,2050,893,552,455
4005,2024-04-08,1,1039,2006,893,95,427
4006,2024-04-15,1,1039,2225,893,253,329
4007,2024-04-22,1,1039,2033,893,94,236
4008,2024-04-29,1,1039,2262,893,180,488
4009,2024-05-06,1,1039,2091,893,37,429
4010,2024-05-13,1,1039,2026,893,484,396
4011,2024-05-20,1,1039,2112,893,359,130
4012,2024-05-27,1,1039,2382,893,150,148
4013,2024-06-03,1,1039,2304,893,501,309
4014,2024-06-10,1,1039,2039,893,512,356
4015,2024-06-17,1,1039,2005,893,230,357
4016,2024-06-24,1,1039,1923,893,551,489
4017,2024-07-01,1,1039,2126,893,619,225
4018,2024-07-08,1,1039,2114,893,471,491
4019,2024-07-15,1,1039,2226,893,76,403
4020,2024-07-22,1,1039,2096,893,76,135
4021,2024-07-29,1,1039,2107,893,491,76
4022,2024-08-05,1,1039,2264,893,256,102
4023,2024-08-12,1,1039,2337,893,47,218
4024,2024-08-19,1,1039,2213,893,561,430
4025,2024-08-26,1,1039,2211,893,392,9
4026,2024-09-02,1,1039,2278,893,427,299
4027,2024-09-09,1,1039,2530,893,128,129
4028,2024-09-16,1,1039,2599,893,562,43
4029,2024-09-23,1,1039,2471,893,454,246
4030,2024-09-30,1,1039,2276,893,449,278
4031,2024-10-07,1,1039,2588,893,164,352
4032,2024-10-14,1,1039,2518,893,208,343
4033,2024-10-21,1,1039,2665,893,654,13
4034,2024-10-28,1,1039,2317,893,523,375
4035,2024-11-04,1,1039,2517,893,584,187
4036,2024-11-11,1,1039,2664,893,238,144
4037,2024-11-18,1,1039,2501,893,542,182
4038,2024-11-25,1,1039,2355,893,52,124
4039,2024-12-02,1,1039,2394,893,329,129
4040,2024-12-09,1,1039,2030,893,438,159
4041,2024-12-16,1,1039,2357,893,463,38
4042,2024-12-23,1,1039,1941,893,107,156
4043,2024-12-30,1,1039,1789,893,106,116
4044,2025-01-06,1,1039,1574,893,139,430
4045,2025-01-13,1,1039,1751,893,152,406
4046,2025-01-20,1,1039,1764,893,3,1
4047,2025-01-27,1,1039,2034,893,521,183
4048,2025-02-03,1,1039,2054,893,418,295
4049,2025-02-10,1,1039,1990,893,164,207
4050,2025-02-17,1,1039,1691,893,293,321
4051,2025-02-24,1,1039,1570,893,260,17
4052,2025-03-03,1,1039,1288,893,142,315
4053,2025-03-10,1,1039,1560,893,368,170
4054,2025-03-17,1,1039,1298,893,111,185
4055,2025-03-24,1,1039,1568,893,463,392
4056,2025-03-31,1,1039,1384,893,157,92
4057,2025-04-07,1,1039,1106,893,161,1
4058,2025-04-14,1,1039,1078,893,267,141
4059,2025-04-21,1,1039,1029,893,35,457
4060,2025-04-28,1,1039,976,893,62,431
4061,2025-05-05,1,1039,967,893,256,153
4062,2025-05-12,1,1039,1076,893,5,182
4063,2025-05-19,1,1039,1211,893,122,25
4064,2025-05-26,1,1039,989,893,26,442
4065,2025-06-02,1,1039,1102,893,319,97
4066,2025-06-09,1,1039,838,893,219,205
4067,2025-06-16,1,1039,918,893,142,191
4068,2025-06-23,1,1039,874,893,250,473
4069,2025-06-30,1,1039,900,893,182,82
4070,2025-07-07,1,1039,709,893,31,212
4071,2025-07-14,1,1039,475,893,72,12
4072,2025-07-21,1,1039,407,893,114,46
4073,2025-07-28,1,1039,239,893,31,124
4074,2025-08-04,1,1039,113,893,17,363
4075,2025-08-11,1,1039,0,893,0,188
4076,2025-08-18,1,1039,157,893,23,98
4077,2025-08-25,1,1039,129,893,30,481
4078,2025-09-01,1,1039,152,893,41,167
4079,2025-09-08,1,1039,306,893,24,437
4080,2025-09-15,1,1039,523,893,76,467
4081,2025-09-22,1,1039,522,893,86,466
4082,2025-09-29,1,1039,749,893,31,48
4083,2025-10-06,1,1039,1019,893,7,248
4084,2025-10-13,1,1039,622,893,57,384
4085,2025-10-20,1,1039,690,893,134,15
4086,2025-10-27,1,1039,464,893,17,302
4087,2025-11-03,1,1039,595,893,132,90
4088,2025-11-10,1,1039,553,893,1,75
4089,2025-11-17,1,1039,932,893,81,499
4090,2025-11-24,1,1039,544,893,67,445
4091,2025-12-01,1,1039,311,893,40,481
4092,2025-12-08,1,1039,536,893,155,374
4093,2025-12-15,1,1039,494,893,4,141
4094,2025-12-22,1,1039,138,893,31,224
4095,2025-12-29,1,1039,0,893,0,282
4096,2024-01-01,1,1040,1020,1019,20,140
4097,2024-01-08,1,1040,848,1019,58,415
4098,2024-01-15,1,1040,742,1019,69,212
4099,2024-01-22,1,1040,577,1019,21,43
4100,2024-01-29,1,1040,579,1019,123,47
4101,2024-02-05,1,1040,805,1019,66,382
4102,2024-02-12,1,1040,888,1019,140,345
4103,2024-02-19,1,1040,1100,1019,229,189
4104,2024-02-26,1,1040,906,1019,72,235
4105,2024-03-04,1,1040,968,1019,218,433
4106,2024-03-11,1,1040,713,1019,138,35
4107,2024-03-18,1,1040,511,1019,144,370
4108,2024-03-25,1,1040,769,1019,198,430
4109,2024-04-01,1,1040,968,1019,279,261
4110,2024-04-08,1,1040,833,1019,130,189
4111,2024-04-15,1,1040,610,1019,83,306
4112,2024-04-22,1,1040,370,1019,76,146
4113,2024-04-29,1,1040,113,1019,29,479
4114,2024-05-06,1,1040,306,1019,88,419
4115,2024-05-13,1,1040,21,1019,5,90
4116,2024-05-20,1,1040,0,1019,0,367
4117,2024-05-27,1,1040,135,1019,4,51
4118,2024-06-03,1,1040,342,1019,89,252
4119,2024-06-10,1,1040,364,1019,46,475
4120,2024-06-17,1,1040,579,1019,123,358
4121,2024-06-24,1,1040,297,1019,36,69
4122,2024-07-01,1,1040,246,1019,63,374
4123,2024-07-08,1,1040,457,1019,74,301
4124,2024-07-15,1,1040,222,1019,40,362
4125,2024-07-22,1,1040,189,1019,23,426
4126,2024-07-29,1,1040,459,1019,137,397
4127,2024-08-05,1,1040,421,1019,118,256
4128,2024-08-12,1,1040,325,1019,18,194
4129,2024-08-19,1,1040,373,1019,56,70
4130,2024-08-26,1,1040,452,1019,14,138
4131,2024-09-02,1,1040,431,1019,88,345
4132,2024-09-09,1,1040,421,1019,36,235
4133,2024-09-16,1,1040,411,1019,72,125
4134,2024-09-23,1,1040,430,1019,72,334
4135,2024-09-30,1,1040,386,1019,38,437
4136,2024-10-07,1,1040,22,1019,0,318
4137,2024-10-14,1,1040,34,1019,8,413
4138,2024-10-21,1,1040,251,1019,40,345
4139,2024-10-28,1,1040,349,1019,102,154
4140,2024-11-04,1,1040,713,1019,212,123
4141,2024-11-11,1,1040,305,1019,58,471
4142,2024-11-18,1,1040,489,1019,15,278
4143,2024-11-25,1,1040,363,1019,17,277
4144,2024-12-02,1,1040,255,1019,33,49
4145,2024-12-09,1,1040,0,1019,0,47
4146,2024-12-16,1,1040,0,1019,0,215
4147,2024-12-23,1,1040,0,1019,0,27
4148,2024-12-30,1,1040,0,1019,0,493
4149,2025-01-06,1,1040,0,1019,0,485
4150,2025-01-13,1,1040,84,1019,1,297
4151,2025-01-20,1,1040,268,1019,43,77
4152,2025-01-27,1,1040,35,1019,4,214
4153,2025-02-03,1,1040,0,1019,0,209
4154,2025-02-10,1,1040,0,1019,0,208
4155,2025-02-17,1,1040,79,1019,5,283
4156,2025-02-24,1,1040,223,1019,60,340
4157,2025-03-03,1,1040,63,1019,5,126
4158,2025-03-10,1,1040,0,1019,0,410
4159,2025-03-17,1,1040,187,1019,6,363
4160,2025-03-24,1,1040,0,1019,0,351
4161,2025-03-31,1,1040,70,1019,4,329
4162,2025-04-07,1,1040,0,1019,0,126
4163,2025-04-14,1,1040,0,1019,0,48
4164,2025-04-21,1,1040,0,1019,0,220
4165,2025-04-28,1,1040,206,1019,3,181
4166,2025-05-05,1,1040,368,1019,42,148
4167,2025-05-12,1,1040,306,1019,89,114
4168,2025-05-19,1,1040,335,1019,3,315
4169,2025-05-26,1,1040,495,1019,82,416
4170,2025-06-02,1,1040,645,1019,29,101
4171,2025-06-09,1,1040,497,1019,135,257
4172,2025-06-16,1,1040,446,1019,68,343
4173,2025-06-23,1,1040,519,1019,82,182
4174,2025-06-30,1,1040,654,1019,43,55
4175,2025-07-07,1,1040,888,1019,14,120
4176,2025-07-14,1,1040,877,1019,262,298
4177,2025-07-21,1,1040,959,1019,138,465
4178,2025-07-28,1,1040,1211,1019,28,160
4179,2025-08-04,1,1040,1177,1019,319,262
4180,2025-08-11,1,1040,1233,1019,136,410
4181,2025-08-18,1,1040,1392,1019,317,281
4182,2025-08-25,1,1040,1551,1019,271,412
4183,2025-09-01,1,1040,1255,1019,365,395
4184,2025-09-08,1,1040,1432,1019,236,78
4185,2025-09-15,1,1040,1225,1019,323,291
4186,2025-09-22,1,1040,1294,1019,1,24
4187,2025-09-29,1,1040,1280,1019,377,156
4188,2025-10-06,1,1040,1334,1019,284,490
4189,2025-10-13,1,1040,1447,1019,225,219
4190,2025-10-20,1,1040,1588,1019,93,283
4191,2025-10-27,1,1040,1441,1019,384,470
4192,2025-11-03,1,1040,1239,1019,154,393
4193,2025-11-10,1,1040,901,1019,251,440
4194,2025-11-17,1,1040,699,1019,121,154
4195,2025-11-24,1,1040,602,1019,62,179
4196,2025-12-01,1,1040,317,1019,94,125
4197,2025-12-08,1,1040,130,1019,15,31
4198,2025-12-15,1,1040,0,1019,0,172
4199,2025-12-22,1,1040,0,1019,0,317
4200,2025-12-29,1,1040,0,1019,0,422
4201,2024-01-01,2,1001,338,220,4,336
4202,2024-01-08,2,1001,341,220,81,458
4203,2024-01-15,2,1001,273,220,45,61
4204,2024-01-22,2,1001,298,220,21,478
4205,2024-01-29,2,1001,447,220,56,36
4206,2024-02-05,2,1001,374,220,87,69
4207,2024-02-12,2,1001,85,220,11,456
4208,2024-02-19,2,1001,0,220,0,498
4209,2024-02-26,2,1001,167,220,16,458
4210,2024-03-04,2,1001,225,220,61,450
4211,2024-03-11,2,1001,35,220,0,174
4212,2024-03-18,2,1001,222,220,29,151
4213,2024-03-25,2,1001,158,220,32,491
4214,2024-04-01,2,1001,43,220,8,317
4215,2024-04-08,2,1001,113,220,23,198
4216,2024-04-15,2,1001,0,220,0,139
4217,2024-04-22,2,1001,0,220,0,325
4218,2024-04-29,2,1001,0,220,0,75
4219,2024-05-06,2,1001,232,220,21,95
4220,2024-05-13,2,1001,43,220,5,395
4221,2024-05-20,2,1001,301,220,80,24
4222,2024-05-27,2,1001,3,220,0,53
4223,2024-06-03,2,1001,0,220,0,237
4224,2024-06-10,2,1001,278,220,21,2
4225,2024-06-17,2,1001,40,220,1,77
4226,2024-06-24,2,1001,0,220,0,63
4227,2024-07-01,2,1001,0,220,0,50
4228,2024-07-08,2,1001,184,220,2,289
4229,2024-07-15,2,1001,134,220,18,262
4230,2024-07-22,2,1001,266,220,9,429
4231,2024-07-29,2,1001,123,220,5,29
4232,2024-08-05,2,1001,0,220,0,238
4233,2024-08-12,2,1001,0,220,0,307
4234,2024-08-19,2,1001,0,220,0,277
4235,2024-08-26,2,1001,47,220,3,223
4236,2024-09-02,2,1001,201,220,19,426
4237,2024-09-09,2,1001,122,220,35,429
4238,2024-09-16,2,1001,18,220,4,127
4239,2024-09-23,2,1001,253,220,46,418
4240,2024-09-30,2,1001,0,220,0,416
4241,2024-10-07,2,1001,168,220,20,301
4242,2024-10-14,2,1001,0,220,0,499
4243,2024-10-21,2,1001,0,220,0,118
4244,2024-10-28,2,1001,218,220,56,379
4245,2024-11-04,2,1001,292,220,65,6
4246,2024-11-11,2,1001,590,220,128,265
4247,2024-11-18,2,1001,821,220,81,263
4248,2024-11-25,2,1001,1144,220,109,17
4249,2024-12-02,2,1001,893,220,2,327
4250,2024-12-09,2,1001,646,220,77,460
4251,2024-12-16,2,1001,535,220,141,31
4252,2024-12-23,2,1001,554,220,9,90
4253,2024-12-30,2,1001,146,220,23,39
4254,2025-01-06,2,1001,324,220,81,142
4255,2025-01-13,2,1001,382,220,31,272
4256,2025-01-20,2,1001,604,220,171,292
4257,2025-01-27,2,1001,688,220,28,431
4258,2025-02-03,2,1001,900,220,98,435
4259,2025-02-10,2,1001,743,220,112,192
4260,2025-02-17,2,1001,879,220,111,384
4261,2025-02-24,2,1001,652,220,33,330
4262,2025-03-03,2,1001,639,220,181,147
4263,2025-03-10,2,1001,832,220,181,210
4264,2025-03-17,2,1001,769,220,6,39
4265,2025-03-24,2,1001,1006,220,211,26
4266,2025-03-31,2,1001,1152,220,208,28
4267,2025-04-07,2,1001,1350,220,56,125
4268,2025-04-14,2,1001,1446,220,235,346
4269,2025-04-21,2,1001,1497,220,326,445
4270,2025-04-28,2,1001,1555,220,59,161
4271,2025-05-05,2,1001,1313,220,136,318
4272,2025-05-12,2,1001,1550,220,266,82
4273,2025-05-19,2,1001,1674,220,143,330
4274,2025-05-26,2,1001,1590,220,32,360
4275,2025-06-02,2,1001,1712,220,54,364
4276,2025-06-09,2,1001,1462,220,190,345
4277,2025-06-16,2,1001,1173,220,7,75
4278,2025-06-23,2,1001,1396,220,368,422
4279,2025-06-30,2,1001,1555,220,307,185
4280,2025-07-07,2,1001,1728,220,46,434
4281,2025-07-14,2,1001,1722,220,219,252
4282,2025-07-21,2,1001,1606,220,120,107
4283,2025-07-28,2,1001,1520,220,316,458
4284,2025-08-04,2,1001,1347,220,261,312
4285,2025-08-11,2,1001,1308,220,309,206
4286,2025-08-18,2,1001,1138,220,148,372
4287,2025-08-25,2,1001,1191,220,34,73
4288,2025-09-01,2,1001,1020,220,215,397
4289,2025-09-08,2,1001,1019,220,41,224
4290,2025-09-15,2,1001,744,220,80,386
4291,2025-09-22,2,1001,851,220,178,388
4292,2025-09-29,2,1001,770,220,15,465
4293,2025-10-06,2,1001,1037,220,246,321
4294,2025-10-13,2,1001,1207,220,266,145
4295,2025-10-20,2,1001,1368,220,260,148
4296,2025-10-27,2,1001,998,220,267,340
4297,2025-11-03,2,1001,695,220,207,475
4298,2025-11-10,2,1001,912,220,158,346
4299,2025-11-17,2,1001,660,220,147,341
4300,2025-11-24,2,1001,492,220,42,407
4301,2025-12-01,2,1001,875,220,50,354
4302,2025-12-08,2,1001,1120,220,266,51
4303,2025-12-15,2,1001,807,220,115,290
4304,2025-12-22,2,1001,1175,220,90,199
4305,2025-12-29,2,1001,1051,220,26,293
4306,2024-01-01,2,1002,1673,220,244,90
4307,2024-01-08,2,1002,1738,220,16,331
4308,2024-01-15,2,1002,1655,220,198,254
4309,2024-01-22,2,1002,1690,220,457,241
4310,2024-01-29,2,1002,1805,220,436,447
4311,2024-02-05,2,1002,1945,220,114,368
4312,2024-02-12,2,1002,1942,220,428,487
4313,2024-02-19,2,1002,1952,220,555,12
4314,2024-02-26,2,1002,1952,220,320,77
4315,2024-03-04,2,1002,1721,220,40,81
4316,2024-03-11,2,1002,1455,220,65,82
4317,2024-03-18,2,1002,1544,220,82,236
4318,2024-03-25,2,1002,1306,220,240,388
4319,2024-04-01,2,1002,1503,220,14,36
4320,2024-04-08,2,1002,1496,220,86,440
4321,2024-04-15,2,1002,1726,220,216,155
4322,2024-04-22,2,1002,1801,220,234,243
4323,2024-04-29,2,1002,1975,220,291,484
4324,2024-05-06,2,1002,2223,220,239,444
4325,2024-05-13,2,1002,2341,220,62,304
4326,2024-05-20,2,1002,2135,220,339,421
4327,2024-05-27,2,1002,1985,220,35,339
4328,2024-06-03,2,1002,1828,220,148,229
4329,2024-06-10,2,1002,1889,220,94,434
4330,2024-06-17,2,1002,2127,220,183,138
4331,2024-06-24,2,1002,2385,220,303,228
4332,2024-07-01,2,1002,2509,220,510,384
4333,2024-07-08,2,1002,2372,220,315,489
4334,2024-07-15,2,1002,2204,220,584,280
4335,2024-07-22,2,1002,2418,220,260,459
4336,2024-07-29,2,1002,2355,220,213,455
4337,2024-08-05,2,1002,2278,220,59,487
4338,2024-08-12,2,1002,2320,220,534,236
4339,2024-08-19,2,1002,2258,220,339,27
4340,2024-08-26,2,1002,2085,220,394,360
4341,2024-09-02,2,1002,1973,220,87,252
4342,2024-09-09,2,1002,1679,220,215,185
4343,2024-09-16,2,1002,1767,220,127,3
4344,2024-09-23,2,1002,1564,220,287,334
4345,2024-09-30,2,1002,1608,220,147,218
4346,2024-10-07,2,1002,1878,220,336,416
4347,2024-10-14,2,1002,2118,220,586,132
4348,2024-10-21,2,1002,2245,220,196,259
4349,2024-10-28,2,1002,2373,220,299,191
4350,2024-11-04,2,1002,2100,220,109,254
4351,2024-11-11,2,1002,1804,220,251,490
4352,2024-11-18,2,1002,1865,220,545,147
4353,2024-11-25,2,1002,1991,220,138,24
4354,2024-12-02,2,1002,2248,220,663,41
4355,2024-12-09,2,1002,2162,220,570,383
4356,2024-12-16,2,1002,2345,220,222,345
4357,2024-12-23,2,1002,1929,220,404,434
4358,2024-12-30,2,1002,2291,220,93,74
4359,2025-01-06,2,1002,2521,220,156,66
4360,2025-01-13,2,1002,2535,220,420,198
4361,2025-01-20,2,1002,2363,220,16,96
4362,2025-01-27,2,1002,2163,220,253,266
4363,2025-02-03,2,1002,1972,220,396,203
4364,2025-02-10,2,1002,1955,220,207,173
4365,2025-02-17,2,1002,1790,220,355,282
4366,2025-02-24,2,1002,2007,220,391,132
4367,2025-03-03,2,1002,1944,220,16,253
4368,2025-03-10,2,1002,2102,220,330,358
4369,2025-03-17,2,1002,1839,220,401,245
4370,2025-03-24,2,1002,1672,220,149,121
4371,2025-03-31,2,1002,1749,220,99,443
4372,2025-04-07,2,1002,1635,220,342,252
4373,2025-04-14,2,1002,1517,220,41,177
4374,2025-04-21,2,1002,1275,220,207,228
4375,2025-04-28,2,1002,1554,220,243,385
4376,2025-05-05,2,1002,1820,220,494,252
4377,2025-05-12,2,1002,2028,220,272,365
4378,2025-05-19,2,1002,2055,220,391,67
4379,2025-05-26,2,1002,1759,220,23,10
4380,2025-06-02,2,1002,2015,220,265,193
4381,2025-06-09,2,1002,2199,220,80,381
4382,2025-06-16,2,1002,2048,220,32,440
4383,2025-06-23,2,1002,2190,220,169,472
4384,2025-06-30,2,1002,2348,220,548,176
4385,2025-07-07,2,1002,2107,220,180,492
4386,2025-07-14,2,1002,2117,220,512,432
4387,2025-07-21,2,1002,2279,220,368,180
4388,2025-07-28,2,1002,2382,220,671,406
4389,2025-08-04,2,1002,2344,220,92,228
4390,2025-08-11,2,1002,2210,220,248,345
4391,2025-08-18,2,1002,2070,220,547,451
4392,2025-08-25,2,1002,2077,220,479,74
4393,2025-09-01,2,1002,2353,220,285,180
4394,2025-09-08,2,1002,2518,220,554,88
4395,2025-09-15,2,1002,2365,220,82,118
4396,2025-09-22,2,1002,2070,220,513,100
4397,2025-09-29,2,1002,2338,220,271,318
4398,2025-10-06,2,1002,2350,220,138,124
4399,2025-10-13,2,1002,2560,220,16,131
4400,2025-10-20,2,1002,2249,220,633,22
4401,2025-10-27,2,1002,2075,220,336,232
4402,2025-11-03,2,1002,2016,220,107,192
4403,2025-11-10,2,1002,2168,220,587,289
4404,2025-11-17,2,1002,2207,220,175,344
4405,2025-11-24,2,1002,2475,220,218,249
4406,2025-12-01,2,1002,2717,220,698,130
4407,2025-12-08,2,1002,2987,220,646,117
4408,2025-12-15,2,1002,3345,220,897,310
4409,2025-12-22,2,1002,3682,220,473,26
4410,2025-12-29,2,1002,3458,220,1034,83
4411,2024-01-01,2,1003,478,223,99,291
4412,2024-01-08,2,1003,658,223,55,178
4413,2024-01-15,2,1003,777,223,9,74
4414,2024-01-22,2,1003,541,223,71,488
4415,2024-01-29,2,1003,413,223,22,145
4416,2024-02-05,2,1003,410,223,64,115
4417,2024-02-12,2,1003,214,223,17,122
4418,2024-02-19,2,1003,287,223,51,493
4419,2024-02-26,2,1003,47,223,10,51
4420,2024-03-04,2,1003,0,223,0,39
4421,2024-03-11,2,1003,0,223,0,169
4422,2024-03-18,2,1003,0,223,0,37
4423,2024-03-25,2,1003,0,223,0,264
4424,2024-04-01,2,1003,0,223,0,240
4425,2024-04-08,2,1003,0,223,0,487
4426,2024-04-15,2,1003,0,223,0,147
4427,2024-04-22,2,1003,0,223,0,224
4428,2024-04-29,2,1003,0,223,0,70
4429,2024-05-06,2,1003,15,223,3,81
4430,2024-05-13,2,1003,182,223,20,80
4431,2024-05-20,2,1003,0,223,0,278
4432,2024-05-27,2,1003,0,223,0,23
4433,2024-06-03,2,1003,174,223,23,248
4434,2024-06-10,2,1003,16,223,0,119
4435,2024-06-17,2,1003,211,223,47,403
4436,2024-06-24,2,1003,402,223,65,55
4437,2024-07-01,2,1003,391,223,12,168
4438,2024-07-08,2,1003,308,223,0,229
4439,2024-07-15,2,1003,487,223,20,234
4440,2024-07-22,2,1003,348,223,39,176
4441,2024-07-29,2,1003,187,223,34,36
4442,2024-08-05,2,1003,74,223,14,255
4443,2024-08-12,2,1003,71,223,6,412
4444,2024-08-19,2,1003,92,223,21,253
4445,2024-08-26,2,1003,44,223,7,176
4446,2024-09-02,2,1003,0,223,0,280
4447,2024-09-09,2,1003,71,223,5,266
4448,2024-09-16,2,1003,62,223,14,74
4449,2024-09-23,2,1003,54,223,13,431
4450,2024-09-30,2,1003,0,223,0,309
4451,2024-10-07,2,1003,0,223,0,265
4452,2024-10-14,2,1003,60,223,14,453
4453,2024-10-21,2,1003,0,223,0,347
4454,2024-10-28,2,1003,287,223,50,219
4455,2024-11-04,2,1003,0,223,0,236
4456,2024-11-11,2,1003,137,223,37,299
4457,2024-11-18,2,1003,0,223,0,109
4458,2024-11-25,2,1003,376,223,78,78
4459,2024-12-02,2,1003,572,223,131,435
4460,2024-12-09,2,1003,695,223,117,201
4461,2024-12-16,2,1003,906,223,126,23
4462,2024-12-23,2,1003,1225,223,291,372
4463,2024-12-30,2,1003,1094,223,273,305
4464,2025-01-06,2,1003,987,223,26,172
4465,2025-01-13,2,1003,1165,223,346,258
4466,2025-01-20,2,1003,1364,223,358,445
4467,2025-01-27,2,1003,1101,223,315,302
4468,2025-02-03,2,1003,966,223,126,279
4469,2025-02-10,2,1003,769,223,127,329
4470,2025-02-17,2,1003,852,223,96,349
4471,2025-02-24,2,1003,792,223,223,486
4472,2025-03-03,2,1003,635,223,6,401
4473,2025-03-10,2,1003,688,223,193,131
4474,2025-03-17,2,1003,828,223,62,405
4475,2025-03-24,2,1003,895,223,7,286
4476,2025-03-31,2,1003,884,223,131,414
4477,2025-04-07,2,1003,1109,223,46,245
4478,2025-04-14,2,1003,1063,223,301,17
4479,2025-04-21,2,1003,1063,223,83,365
4480,2025-04-28,2,1003,885,223,168,12
4481,2025-05-05,2,1003,691,223,97,434
4482,2025-05-12,2,1003,402,223,114,333
4483,2025-05-19,2,1003,465,223,113,241
4484,2025-05-26,2,1003,646,223,2,173
4485,2025-06-02,2,1003,834,223,237,426
4486,2025-06-09,2,1003,815,223,158,28
4487,2025-06-16,2,1003,800,223,207,353
4488,2025-06-23,2,1003,871,223,214,337
4489,2025-06-30,2,1003,907,223,103,366
4490,2025-07-07,2,1003,1029,223,276,66
4491,2025-07-14,2,1003,1004,223,7,475
4492,2025-07-21,2,1003,1090,223,32,352
4493,2025-07-28,2,1003,1114,223,71,354
4494,2025-08-04,2,1003,1236,223,275,488
4495,2025-08-11,2,1003,1268,223,83,351
4496,2025-08-18,2,1003,1093,223,182,119
4497,2025-08-25,2,1003,1054,223,100,80
4498,2025-09-01,2,1003,1016,223,138,457
4499,2025-09-08,2,1003,790,223,203,170
4500,2025-09-15,2,1003,703,223,95,334
4501,2025-09-22,2,1003,726,223,46,385
4502,2025-09-29,2,1003,580,223,50,52
4503,2025-10-06,2,1003,966,223,260,158
4504,2025-10-13,2,1003,646,223,10,484
4505,2025-10-20,2,1003,235,223,58,445
4506,2025-10-27,2,1003,2,223,0,94
4507,2025-11-03,2,1003,0,223,0,242
4508,2025-11-10,2,1003,124,223,5,191
4509,2025-11-17,2,1003,380,223,38,280
4510,2025-11-24,2,1003,0,223,0,230
4511,2025-12-01,2,1003,0,223,0,262
4512,2025-12-08,2,1003,372,223,63,6
4513,2025-12-15,2,1003,587,223,11,151
4514,2025-12-22,2,1003,522,223,154,187
4515,2025-12-29,2,1003,818,223,177,309
4516,2024-01-01,2,1004,1149,211,233,279
4517,2024-01-08,2,1004,1104,211,287,366
4518,2024-01-15,2,1004,980,211,74,262
4519,2024-01-22,2,1004,830,211,86,99
4520,2024-01-29,2,1004,980,211,31,260
4521,2024-02-05,2,1004,983,211,177,259
4522,2024-02-12,2,1004,1222,211,140,201
4523,2024-02-19,2,1004,1198,211,247,471
4524,2024-02-26,2,1004,994,211,121,365
4525,2024-03-04,2,1004,712,211,0,30
4526,2024-03-11,2,1004,658,211,161,55
4527,2024-03-18,2,1004,580,211,96,322
4528,2024-03-25,2,1004,553,211,71,425
4529,2024-04-01,2,1004,608,211,173,103
4530,2024-04-08,2,1004,627,211,159,386
4531,2024-04-15,2,1004,521,211,43,219
4532,2024-04-22,2,1004,266,211,46,325
4533,2024-04-29,2,1004,393,211,74,197
4534,2024-05-06,2,1004,586,211,37,139
4535,2024-05-13,2,1004,671,211,99,452
4536,2024-05-20,2,1004,554,211,80,144
4537,2024-05-27,2,1004,672,211,179,375
4538,2024-06-03,2,1004,720,211,143,178
4539,2024-06-10,2,1004,961,211,213,107
4540,2024-06-17,2,1004,789,211,181,455
4541,2024-06-24,2,1004,563,211,22,49
4542,2024-07-01,2,1004,814,211,27,158
4543,2024-07-08,2,1004,994,211,201,296
4544,2024-07-15,2,1004,1131,211,190,29
4545,2024-07-22,2,1004,1270,211,363,300
4546,2024-07-29,2,1004,1400,211,134,229
4547,2024-08-05,2,1004,1530,211,219,324
4548,2024-08-12,2,1004,1405,211,381,167
4549,2024-08-19,2,1004,1368,211,102,338
4550,2024-08-26,2,1004,1410,211,421,475
4551,2024-09-02,2,1004,1599,211,120,7
4552,2024-09-09,2,1004,1712,211,130,62
4553,2024-09-16,2,1004,1709,211,72,155
4554,2024-09-23,2,1004,1576,211,468,428
4555,2024-09-30,2,1004,1539,211,342,491
4556,2024-10-07,2,1004,1474,211,0,313
4557,2024-10-14,2,1004,1584,211,199,72
4558,2024-10-21,2,1004,1375,211,80,143
4559,2024-10-28,2,1004,1348,211,362,453
4560,2024-11-04,2,1004,1203,211,204,442
4561,2024-11-11,2,1004,823,211,178,348
4562,2024-11-18,2,1004,1038,211,117,21
4563,2024-11-25,2,1004,973,211,20,285
4564,2024-12-02,2,1004,1299,211,214,99
4565,2024-12-09,2,1004,992,211,221,414
4566,2024-12-16,2,1004,1203,211,72,237
4567,2024-12-23,2,1004,1151,211,153,293
4568,2024-12-30,2,1004,1033,211,267,80
4569,2025-01-06,2,1004,1143,211,303,128
4570,2025-01-13,2,1004,1150,211,279,87
4571,2025-01-20,2,1004,987,211,82,420
4572,2025-01-27,2,1004,973,211,143,381
4573,2025-02-03,2,1004,698,211,122,133
4574,2025-02-10,2,1004,407,211,23,430
4575,2025-02-17,2,1004,289,211,72,169
4576,2025-02-24,2,1004,102,211,11,300
4577,2025-03-03,2,1004,176,211,7,97
4578,2025-03-10,2,1004,0,211,0,178
4579,2025-03-17,2,1004,258,211,3,166
4580,2025-03-24,2,1004,336,211,0,11
4581,2025-03-31,2,1004,515,211,103,73
4582,2025-04-07,2,1004,783,211,219,307
4583,2025-04-14,2,1004,1042,211,23,479
4584,2025-04-21,2,1004,1081,211,242,465
4585,2025-04-28,2,1004,852,211,53,133
4586,2025-05-05,2,1004,788,211,200,117
4587,2025-05-12,2,1004,961,211,235,401
4588,2025-05-19,2,1004,820,211,188,280
4589,2025-05-26,2,1004,574,211,163,171
4590,2025-06-02,2,1004,561,211,120,159
4591,2025-06-09,2,1004,825,211,102,228
4592,2025-06-16,2,1004,701,211,66,177
4593,2025-06-23,2,1004,454,211,92,459
4594,2025-06-30,2,1004,731,211,191,173
4595,2025-07-07,2,1004,991,211,62,361
4596,2025-07-14,2,1004,731,211,60,394
4597,2025-07-21,2,1004,784,211,172,50
4598,2025-07-28,2,1004,937,211,13,372
4599,2025-08-04,2,1004,968,211,76,108
4600,2025-08-11,2,1004,879,211,206,142
4601,2025-08-18,2,1004,1009,211,180,450
4602,2025-08-25,2,1004,835,211,82,400
4603,2025-09-01,2,1004,1080,211,201,138
4604,2025-09-08,2,1004,1263,211,181,225
4605,2025-09-15,2,1004,1222,211,203,441
4606,2025-09-22,2,1004,1411,211,400,168
4607,2025-09-29,2,1004,1420,211,407,72
4608,2025-10-06,2,1004,1635,211,380,434
4609,2025-10-13,2,1004,1980,211,83,333
4610,2025-10-20,2,1004,1599,211,57,355
4611,2025-10-27,2,1004,1638,211,422,159
4612,2025-11-03,2,1004,1260,211,192,209
4613,2025-11-10,2,1004,1348,211,246,476
4614,2025-11-17,2,1004,1163,211,84,337
4615,2025-11-24,2,1004,761,211,36,2
4616,2025-12-01,2,1004,350,211,51,288
4617,2025-12-08,2,1004,467,211,85,233
4618,2025-12-15,2,1004,629,211,15,74
4619,2025-12-22,2,1004,668,211,40,460
4620,2025-12-29,2,1004,771,211,186,401
4621,2024-01-01,2,1005,2641,223,306,197
4622,2024-01-08,2,1005,2713,223,726,279
4623,2024-01-15,2,1005,2957,223,87,328
4624,2024-01-22,2,1005,3082,223,49,392
4625,2024-01-29,2,1005,3279,223,371,186
4626,2024-02-05,2,1005,3273,223,820,311
4627,2024-02-12,2,1005,3096,223,589,138
4628,2024-02-19,2,1005,3280,223,600,289
4629,2024-02-26,2,1005,3446,223,529,9
4630,2024-03-04,2,1005,3718,223,275,468
4631,2024-03-11,2,1005,3628,223,784,392
4632,2024-03-18,2,1005,3709,223,353,492
4633,2024-03-25,2,1005,3862,223,319,426
4634,2024-04-01,2,1005,3774,223,545,229
4635,2024-04-08,2,1005,4009,223,297,351
4636,2024-04-15,2,1005,3766,223,1102,168
4637,2024-04-22,2,1005,3946,223,651,326
4638,2024-04-29,2,1005,3676,223,1100,27
4639,2024-05-06,2,1005,3665,223,1074,382
4640,2024-05-13,2,1005,3900,223,148,168
4641,2024-05-20,2,1005,3928,223,868,372
4642,2024-05-27,2,1005,4115,223,8,435
4643,2024-06-03,2,1005,3882,223,165,293
4644,2024-06-10,2,1005,3635,223,1089,239
4645,2024-06-17,2,1005,3447,223,273,372
4646,2024-06-24,2,1005,3628,223,523,312
4647,2024-07-01,2,1005,3462,223,67,226
4648,2024-07-08,2,1005,3213,223,590,322
4649,2024-07-15,2,1005,3043,223,117,45
4650,2024-07-22,2,1005,3266,223,527,230
4651,2024-07-29,2,1005,3390,223,845,95
4652,2024-08-05,2,1005,3242,223,219,354
4653,2024-08-12,2,1005,3287,223,577,402
4654,2024-08-19,2,1005,3113,223,773,158
4655,2024-08-26,2,1005,3109,223,407,256
4656,2024-09-02,2,1005,2866,223,706,7
4657,2024-09-09,2,1005,2805,223,244,138
4658,2024-09-16,2,1005,2760,223,71,417
4659,2024-09-23,2,1005,2492,223,247,477
4660,2024-09-30,2,1005,2383,223,499,166
4661,2024-10-07,2,1005,2761,223,224,180
4662,2024-10-14,2,1005,2537,223,252,79
4663,2024-10-21,2,1005,2537,223,99,486
4664,2024-10-28,2,1005,2268,223,390,468
4665,2024-11-04,2,1005,1934,223,461,337
4666,2024-11-11,2,1005,1796,223,524,22
4667,2024-11-18,2,1005,1948,223,468,379
4668,2024-11-25,2,1005,1686,223,302,212
4669,2024-12-02,2,1005,1763,223,51,280
4670,2024-12-09,2,1005,1385,223,319,96
4671,2024-12-16,2,1005,1469,223,81,247
4672,2024-12-23,2,1005,1592,223,81,428
4673,2024-12-30,2,1005,1554,223,351,461
4674,2025-01-06,2,1005,1399,223,212,407
4675,2025-01-13,2,1005,1665,223,59,251
4676,2025-01-20,2,1005,1460,223,170,466
4677,2025-01-27,2,1005,1322,223,28,285
4678,2025-02-03,2,1005,1437,223,375,99
4679,2025-02-10,2,1005,1545,223,178,218
4680,2025-02-17,2,1005,1437,223,413,131
4681,2025-02-24,2,1005,1324,223,196,337
4682,2025-03-03,2,1005,1291,223,222,477
4683,2025-03-10,2,1005,1311,223,62,465
4684,2025-03-17,2,1005,1455,223,238,205
4685,2025-03-24,2,1005,1709,223,325,89
4686,2025-03-31,2,1005,1978,223,141,368
4687,2025-04-07,2,1005,1943,223,540,196
4688,2025-04-14,2,1005,1994,223,416,294
4689,2025-04-21,2,1005,1774,223,117,397
4690,2025-04-28,2,1005,1591,223,422,359
4691,2025-05-05,2,1005,1444,223,42,476
4692,2025-05-12,2,1005,1269,223,2,104
4693,2025-05-19,2,1005,979,223,88,198
4694,2025-05-26,2,1005,948,223,69,293
4695,2025-06-02,2,1005,1110,223,319,350
4696,2025-06-09,2,1005,1106,223,71,50
4697,2025-06-16,2,1005,980,223,287,97
4698,2025-06-23,2,1005,981,223,91,290
4699,2025-06-30,2,1005,1017,223,248,190
4700,2025-07-07,2,1005,1074,223,134,376
4701,2025-07-14,2,1005,1089,223,312,142
4702,2025-07-21,2,1005,873,223,1,418
4703,2025-07-28,2,1005,1027,223,13,254
4704,2025-08-04,2,1005,1106,223,312,273
4705,2025-08-11,2,1005,1251,223,114,9
4706,2025-08-18,2,1005,1214,223,93,251
4707,2025-08-25,2,1005,1146,223,93,60
4708,2025-09-01,2,1005,1214,223,113,193
4709,2025-09-08,2,1005,1473,223,424,496
4710,2025-09-15,2,1005,1736,223,28,316
4711,2025-09-22,2,1005,1548,223,324,39
4712,2025-09-29,2,1005,1525,223,82,334
4713,2025-10-06,2,1005,1688,223,364,442
4714,2025-10-13,2,1005,1857,223,504,101
4715,2025-10-20,2,1005,1641,223,446,368
4716,2025-10-27,2,1005,1452,223,1,445
4717,2025-11-03,2,1005,1551,223,47,269
4718,2025-11-10,2,1005,1668,223,149,170
4719,2025-11-17,2,1005,1935,223,491,256
4720,2025-11-24,2,1005,1587,223,222,72
4721,2025-12-01,2,1005,1259,223,176,426
4722,2025-12-08,2,1005,1117,223,188,134
4723,2025-12-15,2,1005,1049,223,142,8
4724,2025-12-22,2,1005,994,223,65,262
4725,2025-12-29,2,1005,897,223,27,125
4726,2024-01-01,2,1006,3727,212,54,351
4727,2024-01-08,2,1006,3944,212,1135,352
4728,2024-01-15,2,1006,3977,212,1064,481
4729,2024-01-22,2,1006,3978,212,40,40
4730,2024-01-29,2,1006,3821,212,1113,208
4731,2024-02-05,2,1006,3992,212,1177,283
4732,2024-02-12,2,1006,3940,212,268,139
4733,2024-02-19,2,1006,3794,212,940,352
4734,2024-02-26,2,1006,3611,212,658,412
4735,2024-03-04,2,1006,3832,212,936,101
4736,2024-03-11,2,1006,3777,212,441,89
4737,2024-03-18,2,1006,3821,212,501,150
4738,2024-03-25,2,1006,3680,212,124,110
4739,2024-04-01,2,1006,3560,212,150,454
4740,2024-04-08,2,1006,3296,212,885,484
4741,2024-04-15,2,1006,3378,212,977,149
4742,2024-04-22,2,1006,3511,212,769,361
4743,2024-04-29,2,1006,3487,212,647,49
4744,2024-05-06,2,1006,3242,212,645,196
4745,2024-05-13,2,1006,3314,212,486,296
4746,2024-05-20,2,1006,3394,212,821,311
4747,2024-05-27,2,1006,3335,212,326,233
4748,2024-06-03,2,1006,3205,212,841,353
4749,2024-06-10,2,1006,3465,212,836,475
4750,2024-06-17,2,1006,3566,212,899,275
4751,2024-06-24,2,1006,3709,212,333,62
4752,2024-07-01,2,1006,3562,212,931,499
4753,2024-07-08,2,1006,3759,212,322,318
4754,2024-07-15,2,1006,3617,212,1046,401
4755,2024-07-22,2,1006,3650,212,827,286
4756,2024-07-29,2,1006,3373,212,515,309
4757,2024-08-05,2,1006,3332,212,264,167
4758,2024-08-12,2,1006,3263,212,834,149
4759,2024-08-19,2,1006,3089,212,646,362
4760,2024-08-26,2,1006,3086,212,347,331
4761,2024-09-02,2,1006,3304,212,752,449
4762,2024-09-09,2,1006,3354,212,420,176
4763,2024-09-16,2,1006,3584,212,1009,327
4764,2024-09-23,2,1006,3709,212,472,396
4765,2024-09-30,2,1006,3979,212,53,204
4766,2024-10-07,2,1006,4247,212,378,405
4767,2024-10-14,2,1006,4221,212,108,408
4768,2024-10-21,2,1006,4179,212,287,8
4769,2024-10-28,2,1006,4015,212,681,150
4770,2024-11-04,2,1006,4383,212,296,145
4771,2024-11-11,2,1006,4240,212,305,382
4772,2024-11-18,2,1006,4228,212,339,222
4773,2024-11-25,2,1006,3963,212,775,276
4774,2024-12-02,2,1006,3684,212,622,274
4775,2024-12-09,2,1006,3307,212,712,197
4776,2024-12-16,2,1006,2887,212,588,105
4777,2024-12-23,2,1006,2584,212,544,296
4778,2024-12-30,2,1006,2229,212,213,195
4779,2025-01-06,2,1006,2341,212,434,64
4780,2025-01-13,2,1006,2209,212,303,111
4781,2025-01-20,2,1006,2102,212,7,297
4782,2025-01-27,2,1006,2127,212,631,203
4783,2025-02-03,2,1006,2124,212,237,467
4784,2025-02-10,2,1006,2111,212,452,470
4785,2025-02-17,2,1006,1868,212,250,236
4786,2025-02-24,2,1006,1668,212,323,231
4787,2025-03-03,2,1006,1920,212,134,280
4788,2025-03-10,2,1006,1846,212,150,290
4789,2025-03-17,2,1006,1770,212,243,34
4790,2025-03-24,2,1006,1921,212,323,62
4791,2025-03-31,2,1006,1911,212,17,270
4792,2025-04-07,2,1006,1635,212,422,290
4793,2025-04-14,2,1006,1815,212,75,50
4794,2025-04-21,2,1006,2025,212,594,256
4795,2025-04-28,2,1006,2139,212,297,222
4796,2025-05-05,2,1006,1967,212,524,195
4797,2025-05-12,2,1006,1872,212,135,67
4798,2025-05-19,2,1006,1906,212,518,101
4799,2025-05-26,2,1006,2110,212,512,156
4800,2025-06-02,2,1006,1989,212,456,206
4801,2025-06-09,2,1006,2209,212,555,102
4802,2025-06-16,2,1006,2263,212,384,42
4803,2025-06-23,2,1006,2452,212,385,160
4804,2025-06-30,2,1006,2294,212,310,377
4805,2025-07-07,2,1006,2486,212,14,95
4806,2025-07-14,2,1006,2426,212,624,224
4807,2025-07-21,2,1006,2440,212,288,375
4808,2025-07-28,2,1006,2553,212,470,400
4809,2025-08-04,2,1006,2568,212,178,325
4810,2025-08-11,2,1006,2708,212,68,12
4811,2025-08-18,2,1006,2768,212,555,250
4812,2025-08-25,2,1006,2633,212,78,162
4813,2025-09-01,2,1006,2531,212,61,322
4814,2025-09-08,2,1006,2784,212,717,404
4815,2025-09-15,2,1006,3033,212,902,414
4816,2025-09-22,2,1006,2860,212,660,42
4817,2025-09-29,2,1006,2824,212,36,484
4818,2025-10-06,2,1006,2821,212,69,304
4819,2025-10-13,2,1006,3201,212,799,159
4820,2025-10-20,2,1006,3451,212,80,134
4821,2025-10-27,2,1006,3036,212,243,483
4822,2025-11-03,2,1006,3290,212,572,228
4823,2025-11-10,2,1006,3399,212,131,316
4824,2025-11-17,2,1006,3352,212,467,465
4825,2025-11-24,2,1006,3727,212,865,392
4826,2025-12-01,2,1006,3414,212,470,238
4827,2025-12-08,2,1006,3619,212,852,41
4828,2025-12-15,2,1006,3567,212,881,447
4829,2025-12-22,2,1006,3532,212,35,222
4830,2025-12-29,2,1006,3770,212,1124,19
4831,2024-01-01,2,1007,1211,215,147,332
4832,2024-01-08,2,1007,1222,215,336,203
4833,2024-01-15,2,1007,1259,215,41,479
4834,2024-01-22,2,1007,1388,215,74,363
4835,2024-01-29,2,1007,1149,215,276,265
4836,2024-02-05,2,1007,1388,215,135,111
4837,2024-02-12,2,1007,1194,215,149,472
4838,2024-02-19,2,1007,978,215,122,38
4839,2024-02-26,2,1007,687,215,160,225
4840,2024-03-04,2,1007,700,215,26,174
4841,2024-03-11,2,1007,743,215,83,389
4842,2024-03-18,2,1007,496,215,123,15
4843,2024-03-25,2,1007,657,215,189,483
4844,2024-04-01,2,1007,522,215,41,310
4845,2024-04-08,2,1007,387,215,20,433
4846,2024-04-15,2,1007,390,215,102,374
4847,2024-04-22,2,1007,504,215,86,463
4848,2024-04-29,2,1007,280,215,3,478
4849,2024-05-06,2,1007,253,215,57,19
4850,2024-05-13,2,1007,399,215,17,498
4851,2024-05-20,2,1007,269,215,79,187
4852,2024-05-27,2,1007,434,215,53,435
4853,2024-06-03,2,1007,295,215,39,445
4854,2024-06-10,2,1007,39,215,6,169
4855,2024-06-17,2,1007,0,215,0,139
4856,2024-06-24,2,1007,0,215,0,145
4857,2024-07-01,2,1007,106,215,27,386
4858,2024-07-08,2,1007,0,215,0,20
4859,2024-07-15,2,1007,0,215,0,444
4860,2024-07-22,2,1007,0,215,0,115
4861,2024-07-29,2,1007,0,215,0,402
4862,2024-08-05,2,1007,0,215,0,455
4863,2024-08-12,2,1007,72,215,10,473
4864,2024-08-19,2,1007,165,215,35,64
4865,2024-08-26,2,1007,84,215,19,283
4866,2024-09-02,2,1007,65,215,1,149
4867,2024-09-09,2,1007,0,215,0,86
4868,2024-09-16,2,1007,265,215,52,22
4869,2024-09-23,2,1007,252,215,15,252
4870,2024-09-30,2,1007,144,215,28,399
4871,2024-10-07,2,1007,225,215,48,274
4872,2024-10-14,2,1007,561,215,1,296
4873,2024-10-21,2,1007,261,215,19,273
4874,2024-10-28,2,1007,433,215,86,384
4875,2024-11-04,2,1007,182,215,29,296
4876,2024-11-11,2,1007,494,215,97,128
4877,2024-11-18,2,1007,545,215,64,397
4878,2024-11-25,2,1007,252,215,70,175
4879,2024-12-02,2,1007,593,215,11,400
4880,2024-12-09,2,1007,644,215,164,138
4881,2024-12-16,2,1007,396,215,23,377
4882,2024-12-23,2,1007,344,215,19,244
4883,2024-12-30,2,1007,324,215,8,295
4884,2025-01-06,2,1007,378,215,9,131
4885,2025-01-13,2,1007,116,215,6,462
4886,2025-01-20,2,1007,0,215,0,260
4887,2025-01-27,2,1007,34,215,0,63
4888,2025-02-03,2,1007,0,215,0,41
4889,2025-02-10,2,1007,0,215,0,263
4890,2025-02-17,2,1007,0,215,0,466
4891,2025-02-24,2,1007,0,215,0,403
4892,2025-03-03,2,1007,203,215,9,121
4893,2025-03-10,2,1007,306,215,61,87
4894,2025-03-17,2,1007,385,215,19,374
4895,2025-03-24,2,1007,308,215,84,494
4896,2025-03-31,2,1007,423,215,39,121
4897,2025-04-07,2,1007,334,215,99,485
4898,2025-04-14,2,1007,507,215,127,205
4899,2025-04-21,2,1007,739,215,195,460
4900,2025-04-28,2,1007,654,215,82,334
4901,2025-05-05,2,1007,555,215,118,252
4902,2025-05-12,2,1007,280,215,59,129
4903,2025-05-19,2,1007,428,215,74,262
4904,2025-05-26,2,1007,635,215,179,417
4905,2025-06-02,2,1007,488,215,111,152
4906,2025-06-09,2,1007,523,215,45,299
4907,2025-06-16,2,1007,363,215,71,323
4908,2025-06-23,2,1007,187,215,22,410
4909,2025-06-30,2,1007,278,215,20,405
4910,2025-07-07,2,1007,476,215,88,230
4911,2025-07-14,2,1007,746,215,10,299
4912,2025-07-21,2,1007,951,215,90,176
4913,2025-07-28,2,1007,710,215,206,484
4914,2025-08-04,2,1007,599,215,141,181
4915,2025-08-11,2,1007,438,215,52,276
4916,2025-08-18,2,1007,324,215,92,390
4917,2025-08-25,2,1007,294,215,14,179
4918,2025-09-01,2,1007,312,215,66,475
4919,2025-09-08,2,1007,436,215,1,107
4920,2025-09-15,2,1007,396,215,73,331
4921,2025-09-22,2,1007,136,215,26,111
4922,2025-09-29,2,1007,389,215,47,77
4923,2025-10-06,2,1007,607,215,157,155
4924,2025-10-13,2,1007,777,215,65,146
4925,2025-10-20,2,1007,450,215,2,377
4926,2025-10-27,2,1007,97,215,1,359
4927,2025-11-03,2,1007,484,215,71,27
4928,2025-11-10,2,1007,335,215,16,478
4929,2025-11-17,2,1007,234,215,47,152
4930,2025-11-24,2,1007,0,215,0,446
4931,2025-12-01,2,1007,0,215,0,248
4932,2025-12-08,2,1007,0,215,0,188
4933,2025-12-15,2,1007,0,215,0,60
4934,2025-12-22,2,1007,0,215,0,242
4935,2025-12-29,2,1007,320,215,0,324
4936,2024-01-01,2,1008,1375,219,226,360
4937,2024-01-08,2,1008,1154,219,331,177
4938,2024-01-15,2,1008,1316,219,355,345
4939,2024-01-22,2,1008,1362,219,340,130
4940,2024-01-29,2,1008,1166,219,298,459
4941,2024-02-05,2,1008,1399,219,7,105
4942,2024-02-12,2,1008,1470,219,41,194
4943,2024-02-19,2,1008,1545,219,415,201
4944,2024-02-26,2,1008,1349,219,199,393
4945,2024-03-04,2,1008,1104,219,215,403
4946,2024-03-11,2,1008,872,219,254,465
4947,2024-03-18,2,1008,757,219,41,397
4948,2024-03-25,2,1008,1009,219,195,336
4949,2024-04-01,2,1008,991,219,224,157
4950,2024-04-08,2,1008,1193,219,289,229
4951,2024-04-15,2,1008,1099,219,130,349
4952,2024-04-22,2,1008,1104,219,194,225
4953,2024-04-29,2,1008,978,219,39,364
4954,2024-05-06,2,1008,932,219,227,187
4955,2024-05-13,2,1008,792,219,89,201
4956,2024-05-20,2,1008,650,219,118,370
4957,2024-05-27,2,1008,902,219,48,211
4958,2024-06-03,2,1008,1054,219,210,266
4959,2024-06-10,2,1008,1326,219,39,238
4960,2024-06-17,2,1008,1552,219,375,345
4961,2024-06-24,2,1008,1777,219,400,306
4962,2024-07-01,2,1008,1640,219,205,471
4963,2024-07-08,2,1008,1403,219,0,209
4964,2024-07-15,2,1008,1652,219,409,297
4965,2024-07-22,2,1008,1399,219,190,159
4966,2024-07-29,2,1008,1266,219,112,429
4967,2024-08-05,2,1008,1396,219,415,280
4968,2024-08-12,2,1008,1362,219,332,62
4969,2024-08-19,2,1008,1239,219,286,396
4970,2024-08-26,2,1008,1076,219,110,22
4971,2024-09-02,2,1008,1105,219,20,126
4972,2024-09-09,2,1008,873,219,83,457
4973,2024-09-16,2,1008,848,219,54,300
4974,2024-09-23,2,1008,732,219,37,318
4975,2024-09-30,2,1008,490,219,61,188
4976,2024-10-07,2,1008,249,219,48,467
4977,2024-10-14,2,1008,12,219,0,148
4978,2024-10-21,2,1008,0,219,0,376
4979,2024-10-28,2,1008,0,219,0,301
4980,2024-11-04,2,1008,0,219,0,4
4981,2024-11-11,2,1008,0,219,0,171
4982,2024-11-18,2,1008,0,219,0,10
4983,2024-11-25,2,1008,43,219,7,99
4984,2024-12-02,2,1008,0,219,0,181
4985,2024-12-09,2,1008,0,219,0,241
4986,2024-12-16,2,1008,9,219,2,307
4987,2024-12-23,2,1008,100,219,0,395
4988,2024-12-30,2,1008,0,219,0,231
4989,2025-01-06,2,1008,227,219,11,197
4990,2025-01-13,2,1008,0,219,0,117
4991,2025-01-20,2,1008,24,219,7,374
4992,2025-01-27,2,1008,37,219,0,399
4993,2025-02-03,2,1008,125,219,7,271
4994,2025-02-10,2,1008,297,219,39,390
4995,2025-02-17,2,1008,497,219,26,432
4996,2025-02-24,2,1008,543,219,114,187
4997,2025-03-03,2,1008,268,219,38,464
4998,2025-03-10,2,1008,362,219,67,200
4999,2025-03-17,2,1008,123,219,1,480
5000,2025-03-24,2,1008,0,219,0,234
5001,2025-03-31,2,1008,46,219,0,480
5002,2025-04-07,2,1008,0,219,0,484
5003,2025-04-14,2,1008,184,219,19,211
5004,2025-04-21,2,1008,302,219,74,152
5005,2025-04-28,2,1008,412,219,13,105
5006,2025-05-05,2,1008,540,219,137,434
5007,2025-05-12,2,1008,457,219,121,136
5008,2025-05-19,2,1008,556,219,118,257
5009,2025-05-26,2,1008,572,219,65,270
5010,2025-06-02,2,1008,458,219,109,161
5011,2025-06-09,2,1008,644,219,64,165
5012,2025-06-16,2,1008,710,219,154,315
5013,2025-06-23,2,1008,534,219,100,124
5014,2025-06-30,2,1008,430,219,35,411
5015,2025-07-07,2,1008,313,219,30,486
5016,2025-07-14,2,1008,300,219,31,392
5017,2025-07-21,2,1008,417,219,112,241
5018,2025-07-28,2,1008,565,219,93,325
5019,2025-08-04,2,1008,622,219,167,379
5020,2025-08-11,2,1008,647,219,10,130
5021,2025-08-18,2,1008,570,219,56,8
5022,2025-08-25,2,1008,732,219,162,36
5023,2025-09-01,2,1008,680,219,71,233
5024,2025-09-08,2,1008,937,219,215,210
5025,2025-09-15,2,1008,755,219,107,274
5026,2025-09-22,2,1008,585,219,173,370
5027,2025-09-29,2,1008,616,219,15,439
5028,2025-10-06,2,1008,448,219,71,459
5029,2025-10-13,2,1008,443,219,29,190
5030,2025-10-20,2,1008,578,219,40,285
5031,2025-10-27,2,1008,956,219,236,270
5032,2025-11-03,2,1008,898,219,98,232
5033,2025-11-10,2,1008,620,219,15,221
5034,2025-11-17,2,1008,811,219,215,326
5035,2025-11-24,2,1008,795,219,213,430
5036,2025-12-01,2,1008,1145,219,202,171
5037,2025-12-08,2,1008,930,219,227,180
5038,2025-12-15,2,1008,686,219,191,428
5039,2025-12-22,2,1008,420,219,44,284
5040,2025-12-29,2,1008,98,219,8,357
5041,2024-01-01,2,1009,2032,330,383,194
5042,2024-01-08,2,1009,1943,330,331,182
5043,2024-01-15,2,1009,1747,330,485,314
5044,2024-01-22,2,1009,1757,330,139,441
5045,2024-01-29,2,1009,1943,330,57,235
5046,2024-02-05,2,1009,1781,330,157,111
5047,2024-02-12,2,1009,1730,330,392,477
5048,2024-02-19,2,1009,1943,330,174,448
5049,2024-02-26,2,1009,1789,330,414,429
5050,2024-03-04,2,1009,1968,330,189,72
5051,2024-03-11,2,1009,2116,330,207,355
5052,2024-03-18,2,1009,2188,330,650,125
5053,2024-03-25,2,1009,2062,330,215,242
5054,2024-04-01,2,1009,1789,330,331,178
5055,2024-04-08,2,1009,1730,330,449,322
5056,2024-04-15,2,1009,1557,330,437,328
5057,2024-04-22,2,1009,1492,330,220,287
5058,2024-04-29,2,1009,1663,330,106,392
5059,2024-05-06,2,1009,1559,330,187,317
5060,2024-05-13,2,1009,1416,330,135,67
5061,2024-05-20,2,1009,1598,330,451,316
5062,2024-05-27,2,1009,1870,330,231,275
5063,2024-06-03,2,1009,2042,330,122,447
5064,2024-06-10,2,1009,2118,330,205,40
5065,2024-06-17,2,1009,1844,330,232,43
5066,2024-06-24,2,1009,1625,330,91,120
5067,2024-07-01,2,1009,1879,330,140,96
5068,2024-07-08,2,1009,1791,330,0,270
5069,2024-07-15,2,1009,1848,330,390,308
5070,2024-07-22,2,1009,2090,330,318,357
5071,2024-07-29,2,1009,2186,330,394,232
5072,2024-08-05,2,1009,2168,330,74,149
5073,2024-08-12,2,1009,2029,330,527,254
5074,2024-08-19,2,1009,1960,330,164,243
5075,2024-08-26,2,1009,1820,330,36,105
5076,2024-09-02,2,1009,1927,330,189,462
5077,2024-09-09,2,1009,1845,330,523,449
5078,2024-09-16,2,1009,1710,330,216,222
5079,2024-09-23,2,1009,1805,330,345,157
5080,2024-09-30,2,1009,1913,330,193,106
5081,2024-10-07,2,1009,2057,330,231,147
5082,2024-10-14,2,1009,1708,330,271,37
5083,2024-10-21,2,1009,1415,330,332,45
5084,2024-10-28,2,1009,1244,330,274,210
5085,2024-11-04,2,1009,1169,330,202,65
5086,2024-11-11,2,1009,975,330,169,95
5087,2024-11-18,2,1009,878,330,170,211
5088,2024-11-25,2,1009,1124,330,304,45
5089,2024-12-02,2,1009,993,330,200,241
5090,2024-12-09,2,1009,1009,330,218,128
5091,2024-12-16,2,1009,1032,330,296,469
5092,2024-12-23,2,1009,995,330,119,398
5093,2024-12-30,2,1009,1101,330,87,91
5094,2025-01-06,2,1009,1137,330,96,376
5095,2025-01-13,2,1009,1214,330,99,140
5096,2025-01-20,2,1009,1260,330,205,160
5097,2025-01-27,2,1009,1001,330,116,347
5098,2025-02-03,2,1009,1018,330,253,193
5099,2025-02-10,2,1009,753,330,137,99
5100,2025-02-17,2,1009,859,330,118,277
5101,2025-02-24,2,1009,581,330,2,451
5102,2025-03-03,2,1009,646,330,79,401
5103,2025-03-10,2,1009,901,330,122,412
5104,2025-03-17,2,1009,677,330,114,90
5105,2025-03-24,2,1009,623,330,20,486
5106,2025-03-31,2,1009,510,330,95,442
5107,2025-04-07,2,1009,294,330,72,411
5108,2025-04-14,2,1009,456,330,54,61
5109,2025-04-21,2,1009,620,330,152,286
5110,2025-04-28,2,1009,498,330,144,150
5111,2025-05-05,2,1009,282,330,48,21
5112,2025-05-12,2,1009,45,330,7,324
5113,2025-05-19,2,1009,303,330,41,29
5114,2025-05-26,2,1009,12,330,1,96
5115,2025-06-02,2,1009,102,330,25,182
5116,2025-06-09,2,1009,0,330,0,31
5117,2025-06-16,2,1009,0,330,0,429
5118,2025-06-23,2,1009,0,330,0,88
5119,2025-06-30,2,1009,223,330,34,167
5120,2025-07-07,2,1009,335,330,11,293
5121,2025-07-14,2,1009,357,330,73,330
5122,2025-07-21,2,1009,58,330,11,317
5123,2025-07-28,2,1009,107,330,7,120
5124,2025-08-04,2,1009,193,330,15,124
5125,2025-08-11,2,1009,305,330,22,181
5126,2025-08-18,2,1009,237,330,5,483
5127,2025-08-25,2,1009,272,330,29,424
5128,2025-09-01,2,1009,435,330,41,303
5129,2025-09-08,2,1009,174,330,3,451
5130,2025-09-15,2,1009,411,330,118,132
5131,2025-09-22,2,1009,181,330,13,178
5132,2025-09-29,2,1009,399,330,13,148
5133,2025-10-06,2,1009,592,330,56,169
5134,2025-10-13,2,1009,879,330,21,139
5135,2025-10-20,2,1009,730,330,150,297
5136,2025-10-27,2,1009,1119,330,54,351
5137,2025-11-03,2,1009,1102,330,293,323
5138,2025-11-10,2,1009,1310,330,351,489
5139,2025-11-17,2,1009,1524,330,436,68
5140,2025-11-24,2,1009,1629,330,14,162
5141,2025-12-01,2,1009,1214,330,111,182
5142,2025-12-08,2,1009,976,330,288,338
5143,2025-12-15,2,1009,1284,330,261,363
5144,2025-12-22,2,1009,1037,330,223,84
5145,2025-12-29,2,1009,1051,330,87,135
5146,2024-01-01,2,1010,3543,279,949,72
5147,2024-01-08,2,1010,3368,279,901,130
5148,2024-01-15,2,1010,3355,279,69,268
5149,2024-01-22,2,1010,3445,279,693,401
5150,2024-01-29,2,1010,3705,279,355,67
5151,2024-02-05,2,1010,3462,279,460,246
5152,2024-02-12,2,1010,3325,279,545,125
5153,2024-02-19,2,1010,3354,279,344,284
5154,2024-02-26,2,1010,3606,279,187,159
5155,2024-03-04,2,1010,3431,279,396,140
5156,2024-03-11,2,1010,3443,279,553,206
5157,2024-03-18,2,1010,3552,279,92,30
5158,2024-03-25,2,1010,3799,279,62,66
5159,2024-04-01,2,1010,3868,279,609,382
5160,2024-04-08,2,1010,3711,279,420,215
5161,2024-04-15,2,1010,3695,279,60,411
5162,2024-04-22,2,1010,3604,279,450,65
5163,2024-04-29,2,1010,3589,279,519,24
5164,2024-05-06,2,1010,3854,279,1020,462
5165,2024-05-13,2,1010,3960,279,1160,4
5166,2024-05-20,2,1010,3850,279,350,76
5167,2024-05-27,2,1010,3819,279,780,406
5168,2024-06-03,2,1010,3928,279,768,174
5169,2024-06-10,2,1010,3739,279,244,278
5170,2024-06-17,2,1010,3620,279,471,321
5171,2024-06-24,2,1010,3531,279,706,258
5172,2024-07-01,2,1010,3618,279,345,351
5173,2024-07-08,2,1010,3750,279,413,22
5174,2024-07-15,2,1010,3470,279,680,211
5175,2024-07-22,2,1010,3627,279,737,224
5176,2024-07-29,2,1010,3436,279,443,381
5177,2024-08-05,2,1010,3533,279,77,489
5178,2024-08-12,2,1010,3681,279,44,200
5179,2024-08-19,2,1010,3565,279,655,399
5180,2024-08-26,2,1010,3549,279,639,431
5181,2024-09-02,2,1010,3511,279,877,113
5182,2024-09-09,2,1010,3770,279,871,168
5183,2024-09-16,2,1010,3815,279,434,118
5184,2024-09-23,2,1010,3881,279,924,184
5185,2024-09-30,2,1010,4037,279,9,358
5186,2024-10-07,2,1010,4184,279,254,412
5187,2024-10-14,2,1010,4196,279,938,146
5188,2024-10-21,2,1010,4553,279,49,25
5189,2024-10-28,2,1010,4399,279,81,424
5190,2024-11-04,2,1010,4604,279,237,421
5191,2024-11-11,2,1010,4284,279,124,398
5192,2024-11-18,2,1010,4439,279,120,291
5193,2024-11-25,2,1010,4381,279,210,18
5194,2024-12-02,2,1010,4473,279,193,139
5195,2024-12-09,2,1010,4242,279,1090,49
5196,2024-12-16,2,1010,3834,279,39,111
5197,2024-12-23,2,1010,4009,279,254,348
5198,2024-12-30,2,1010,3776,279,8,479
5199,2025-01-06,2,1010,3772,279,448,264
5200,2025-01-13,2,1010,3955,279,123,240
5201,2025-01-20,2,1010,4233,279,70,456
5202,2025-01-27,2,1010,4060,279,170,115
5203,2025-02-03,2,1010,4210,279,358,277
5204,2025-02-10,2,1010,3923,279,624,325
5205,2025-02-17,2,1010,3761,279,698,129
5206,2025-02-24,2,1010,3720,279,95,448
5207,2025-03-03,2,1010,3942,279,268,221
5208,2025-03-10,2,1010,3646,279,637,398
5209,2025-03-17,2,1010,3826,279,565,10
5210,2025-03-24,2,1010,4018,279,88,450
5211,2025-03-31,2,1010,3883,279,747,327
5212,2025-04-07,2,1010,4031,279,94,384
5213,2025-04-14,2,1010,4085,279,943,372
5214,2025-04-21,2,1010,3858,279,170,181
5215,2025-04-28,2,1010,3852,279,499,24
5216,2025-05-05,2,1010,3798,279,988,133
5217,2025-05-12,2,1010,3536,279,780,243
5218,2025-05-19,2,1010,3710,279,427,484
5219,2025-05-26,2,1010,3811,279,670,126
5220,2025-06-02,2,1010,3664,279,562,178
5221,2025-06-09,2,1010,3397,279,825,283
5222,2025-06-16,2,1010,3129,279,273,25
5223,2025-06-23,2,1010,3066,279,459,369
5224,2025-06-30,2,1010,3075,279,556,96
5225,2025-07-07,2,1010,3306,279,473,130
5226,2025-07-14,2,1010,3384,279,90,306
5227,2025-07-21,2,1010,3572,279,362,303
5228,2025-07-28,2,1010,3614,279,1063,80
5229,2025-08-04,2,1010,3697,279,449,283
5230,2025-08-11,2,1010,3673,279,160,146
5231,2025-08-18,2,1010,3712,279,615,339
5232,2025-08-25,2,1010,3737,279,299,84
5233,2025-09-01,2,1010,3849,279,344,71
5234,2025-09-08,2,1010,3808,279,170,479
5235,2025-09-15,2,1010,3922,279,206,381
5236,2025-09-22,2,1010,3962,279,981,259
5237,2025-09-29,2,1010,4004,279,726,448
5238,2025-10-06,2,1010,4298,279,1285,205
5239,2025-10-13,2,1010,4036,279,576,214
5240,2025-10-20,2,1010,3910,279,81,231
5241,2025-10-27,2,1010,3786,279,794,471
5242,2025-11-03,2,1010,4056,279,1000,328
5243,2025-11-10,2,1010,3651,279,432,181
5244,2025-11-17,2,1010,4001,279,664,159
5245,2025-11-24,2,1010,4376,279,451,382
5246,2025-12-01,2,1010,4279,279,584,340
5247,2025-12-08,2,1010,4550,279,395,178
5248,2025-12-15,2,1010,4484,279,1056,490
5249,2025-12-22,2,1010,4331,279,529,48
5250,2025-12-29,2,1010,4625,279,488,217
5251,2024-01-01,2,1011,2404,326,685,33
5252,2024-01-08,2,1011,2337,326,675,330
5253,2024-01-15,2,1011,2402,326,550,406
5254,2024-01-22,2,1011,2214,326,323,67
5255,2024-01-29,2,1011,2101,326,353,7
5256,2024-02-05,2,1011,1810,326,209,478
5257,2024-02-12,2,1011,1679,326,144,173
5258,2024-02-19,2,1011,1671,326,453,287
5259,2024-02-26,2,1011,1505,326,340,294
5260,2024-03-04,2,1011,1444,326,160,184
5261,2024-03-11,2,1011,1309,326,38,118
5262,2024-03-18,2,1011,1540,326,335,417
5263,2024-03-25,2,1011,1245,326,200,65
5264,2024-04-01,2,1011,1422,326,368,312
5265,2024-04-08,2,1011,1311,326,44,70
5266,2024-04-15,2,1011,1157,326,82,128
5267,2024-04-22,2,1011,1183,326,311,73
5268,2024-04-29,2,1011,1108,326,217,496
5269,2024-05-06,2,1011,818,326,128,378
5270,2024-05-13,2,1011,929,326,237,312
5271,2024-05-20,2,1011,1075,326,105,442
5272,2024-05-27,2,1011,832,326,4,398
5273,2024-06-03,2,1011,1100,326,96,60
5274,2024-06-10,2,1011,1160,326,80,246
5275,2024-06-17,2,1011,1114,326,181,435
5276,2024-06-24,2,1011,1336,326,318,206
5277,2024-07-01,2,1011,1386,326,313,352
5278,2024-07-08,2,1011,1238,326,116,161
5279,2024-07-15,2,1011,1356,326,321,150
5280,2024-07-22,2,1011,1427,326,52,190
5281,2024-07-29,2,1011,1301,326,82,250
5282,2024-08-05,2,1011,1264,326,199,288
5283,2024-08-12,2,1011,1327,326,368,135
5284,2024-08-19,2,1011,1394,326,222,220
5285,2024-08-26,2,1011,1508,326,288,357
5286,2024-09-02,2,1011,1291,326,190,19
5287,2024-09-09,2,1011,1513,326,403,451
5288,2024-09-16,2,1011,1561,326,139,64
5289,2024-09-23,2,1011,1756,326,482,137
5290,2024-09-30,2,1011,1731,326,227,484
5291,2024-10-07,2,1011,2054,326,102,347
5292,2024-10-14,2,1011,2054,326,29,329
5293,2024-10-21,2,1011,1762,326,208,39
5294,2024-10-28,2,1011,1645,326,6,428
5295,2024-11-04,2,1011,1941,326,369,165
5296,2024-11-11,2,1011,1634,326,3,153
5297,2024-11-18,2,1011,1522,326,56,265
5298,2024-11-25,2,1011,1680,326,453,157
5299,2024-12-02,2,1011,1664,326,365,296
5300,2024-12-09,2,1011,1549,326,347,79
5301,2024-12-16,2,1011,1465,326,385,84
5302,2024-12-23,2,1011,1232,326,247,344
5303,2024-12-30,2,1011,845,326,109,110
5304,2025-01-06,2,1011,1044,326,108,19
5305,2025-01-13,2,1011,1082,326,1,11
5306,2025-01-20,2,1011,1023,326,207,90
5307,2025-01-27,2,1011,1217,326,328,116
5308,2025-02-03,2,1011,1481,326,199,276
5309,2025-02-10,2,1011,1726,326,232,211
5310,2025-02-17,2,1011,1923,326,241,105
5311,2025-02-24,2,1011,1910,326,237,6
5312,2025-03-03,2,1011,1978,326,25,190
5313,2025-03-10,2,1011,2012,326,474,304
5314,2025-03-17,2,1011,1966,326,271,95
5315,2025-03-24,2,1011,1727,326,466,456
5316,2025-03-31,2,1011,1593,326,105,129
5317,2025-04-07,2,1011,1687,326,298,109
5318,2025-04-14,2,1011,1794,326,131,419
5319,2025-04-21,2,1011,2018,326,429,321
5320,2025-04-28,2,1011,1931,326,51,67
5321,2025-05-05,2,1011,2110,326,285,44
5322,2025-05-12,2,1011,2355,326,252,128
5323,2025-05-19,2,1011,2130,326,206,487
5324,2025-05-26,2,1011,2256,326,500,164
5325,2025-06-02,2,1011,2021,326,391,470
5326,2025-06-09,2,1011,1749,326,119,384
5327,2025-06-16,2,1011,1586,326,474,93
5328,2025-06-23,2,1011,1611,326,166,482
5329,2025-06-30,2,1011,1752,326,148,402
5330,2025-07-07,2,1011,1562,326,325,26
5331,2025-07-14,2,1011,1630,326,25,269
5332,2025-07-21,2,1011,1470,326,258,211
5333,2025-07-28,2,1011,1386,326,18,197
5334,2025-08-04,2,1011,1489,326,414,468
5335,2025-08-11,2,1011,1522,326,318,443
5336,2025-08-18,2,1011,1449,326,371,452
5337,2025-08-25,2,1011,1276,326,195,272
5338,2025-09-01,2,1011,1236,326,105,308
5339,2025-09-08,2,1011,1514,326,421,59
5340,2025-09-15,2,1011,1504,326,38,245
5341,2025-09-22,2,1011,1657,326,401,472
5342,2025-09-29,2,1011,1641,326,487,323
5343,2025-10-06,2,1011,1545,326,36,410
5344,2025-10-13,2,1011,1700,326,60,360
5345,2025-10-20,2,1011,1308,326,105,387
5346,2025-10-27,2,1011,1113,326,277,174
5347,2025-11-03,2,1011,1086,326,307,65
5348,2025-11-10,2,1011,807,326,6,63
5349,2025-11-17,2,1011,857,326,208,12
5350,2025-11-24,2,1011,575,326,87,239
5351,2025-12-01,2,1011,568,326,87,417
5352,2025-12-08,2,1011,797,326,0,478
5353,2025-12-15,2,1011,465,326,109,81
5354,2025-12-22,2,1011,432,326,91,457
5355,2025-12-29,2,1011,392,326,98,149
5356,2024-01-01,2,1012,675,301,88,268
5357,2024-01-08,2,1012,829,301,100,315
5358,2024-01-15,2,1012,1007,301,182,221
5359,2024-01-22,2,1012,1206,301,84,378
5360,2024-01-29,2,1012,1274,301,253,133
5361,2024-02-05,2,1012,1214,301,157,461
5362,2024-02-12,2,1012,1446,301,96,322
5363,2024-02-19,2,1012,1201,301,185,496
5364,2024-02-26,2,1012,1411,301,413,312
5365,2024-03-04,2,1012,1631,301,377,355
5366,2024-03-11,2,1012,1394,301,259,497
5367,2024-03-18,2,1012,1471,301,218,237
5368,2024-03-25,2,1012,1659,301,488,489
5369,2024-04-01,2,1012,1922,301,11,420
5370,2024-04-08,2,1012,1642,301,26,477
5371,2024-04-15,2,1012,1523,301,340,27
5372,2024-04-22,2,1012,1556,301,226,357
5373,2024-04-29,2,1012,1682,301,129,260
5374,2024-05-06,2,1012,1956,301,145,395
5375,2024-05-13,2,1012,1871,301,478,10
5376,2024-05-20,2,1012,2028,301,92,65
5377,2024-05-27,2,1012,1763,301,345,483
5378,2024-06-03,2,1012,1866,301,499,30
5379,2024-06-10,2,1012,1583,301,412,155
5380,2024-06-17,2,1012,1478,301,160,482
5381,2024-06-24,2,1012,1551,301,400,320
5382,2024-07-01,2,1012,1490,301,2,166
5383,2024-07-08,2,1012,1565,301,259,239
5384,2024-07-15,2,1012,1828,301,289,146
5385,2024-07-22,2,1012,1893,301,496,200
5386,2024-07-29,2,1012,1749,301,7,204
5387,2024-08-05,2,1012,1829,301,374,274
5388,2024-08-12,2,1012,1955,301,136,439
5389,2024-08-19,2,1012,1924,301,28,306
5390,2024-08-26,2,1012,1991,301,113,180
5391,2024-09-02,2,1012,2012,301,304,46
5392,2024-09-09,2,1012,1949,301,28,17
5393,2024-09-16,2,1012,2000,301,306,91
5394,2024-09-23,2,1012,1840,301,365,212
5395,2024-09-30,2,1012,2103,301,587,65
5396,2024-10-07,2,1012,2404,301,542,262
5397,2024-10-14,2,1012,2633,301,563,164
5398,2024-10-21,2,1012,2544,301,143,305
5399,2024-10-28,2,1012,2738,301,506,267
5400,2024-11-04,2,1012,2973,301,850,271
5401,2024-11-11,2,1012,2872,301,778,5
5402,2024-11-18,2,1012,2506,301,192,298
5403,2024-11-25,2,1012,2465,301,694,7
5404,2024-12-02,2,1012,2834,301,434,82
5405,2024-12-09,2,1012,2887,301,389,107
5406,2024-12-16,2,1012,3190,301,816,460
5407,2024-12-23,2,1012,2974,301,60,489
5408,2024-12-30,2,1012,2612,301,705,197
5409,2025-01-06,2,1012,2734,301,141,325
5410,2025-01-13,2,1012,2841,301,348,53
5411,2025-01-20,2,1012,2879,301,516,367
5412,2025-01-27,2,1012,2974,301,252,446
5413,2025-02-03,2,1012,3210,301,845,50
5414,2025-02-10,2,1012,2917,301,600,498
5415,2025-02-17,2,1012,2930,301,445,224
5416,2025-02-24,2,1012,2695,301,435,375
5417,2025-03-03,2,1012,2822,301,12,474
5418,2025-03-10,2,1012,2767,301,515,121
5419,2025-03-17,2,1012,2553,301,757,201
5420,2025-03-24,2,1012,2652,301,544,359
5421,2025-03-31,2,1012,2613,301,66,399
5422,2025-04-07,2,1012,2836,301,47,326
5423,2025-04-14,2,1012,2987,301,151,349
5424,2025-04-21,2,1012,3103,301,455,260
5425,2025-04-28,2,1012,3066,301,918,357
5426,2025-05-05,2,1012,3344,301,54,208
5427,2025-05-12,2,1012,3563,301,6,38
5428,2025-05-19,2,1012,3611,301,888,445
5429,2025-05-26,2,1012,3497,301,736,100
5430,2025-06-02,2,1012,3548,301,488,121
5431,2025-06-09,2,1012,3741,301,766,261
5432,2025-06-16,2,1012,3902,301,89,332
5433,2025-06-23,2,1012,3722,301,669,216
5434,2025-06-30,2,1012,3900,301,902,328
5435,2025-07-07,2,1012,3871,301,953,197
5436,2025-07-14,2,1012,4085,301,726,234
5437,2025-07-21,2,1012,3871,301,703,158
5438,2025-07-28,2,1012,3752,301,402,164
5439,2025-08-04,2,1012,3882,301,1147,304
5440,2025-08-11,2,1012,3948,301,371,368
5441,2025-08-18,2,1012,3865,301,48,473
5442,2025-08-25,2,1012,3705,301,83,484
5443,2025-09-01,2,1012,3797,301,216,453
5444,2025-09-08,2,1012,3544,301,1053,185
5445,2025-09-15,2,1012,3658,301,661,330
5446,2025-09-22,2,1012,3675,301,1055,366
5447,2025-09-29,2,1012,3731,301,40,2
5448,2025-10-06,2,1012,3788,301,489,346
5449,2025-10-13,2,1012,4178,301,608,21
5450,2025-10-20,2,1012,4393,301,1078,378
5451,2025-10-27,2,1012,4015,301,1160,183
5452,2025-11-03,2,1012,4016,301,999,8
5453,2025-11-10,2,1012,4115,301,556,470
5454,2025-11-17,2,1012,3916,301,220,482
5455,2025-11-24,2,1012,4074,301,94,382
5456,2025-12-01,2,1012,3851,301,607,443
5457,2025-12-08,2,1012,3608,301,595,453
5458,2025-12-15,2,1012,3480,301,281,334
5459,2025-12-22,2,1012,3641,301,264,252
5460,2025-12-29,2,1012,3380,301,172,339
5461,2024-01-01,2,1013,1240,308,266,6
5462,2024-01-08,2,1013,1205,308,17,282
5463,2024-01-15,2,1013,1009,308,252,241
5464,2024-01-22,2,1013,777,308,233,239
5465,2024-01-29,2,1013,1023,308,188,51
5466,2024-02-05,2,1013,724,308,127,263
5467,2024-02-12,2,1013,801,308,135,259
5468,2024-02-19,2,1013,919,308,100,454
5469,2024-02-26,2,1013,1014,308,67,329
5470,2024-03-04,2,1013,725,308,116,177
5471,2024-03-11,2,1013,469,308,128,354
5472,2024-03-18,2,1013,397,308,82,351
5473,2024-03-25,2,1013,627,308,44,213
5474,2024-04-01,2,1013,414,308,46,355
5475,2024-04-08,2,1013,388,308,100,437
5476,2024-04-15,2,1013,190,308,2,39
5477,2024-04-22,2,1013,0,308,0,230
5478,2024-04-29,2,1013,0,308,0,119
5479,2024-05-06,2,1013,38,308,1,390
5480,2024-05-13,2,1013,86,308,15,476
5481,2024-05-20,2,1013,295,308,13,382
5482,2024-05-27,2,1013,388,308,36,75
5483,2024-06-03,2,1013,166,308,41,447
5484,2024-06-10,2,1013,58,308,7,133
5485,2024-06-17,2,1013,0,308,0,249
5486,2024-06-24,2,1013,139,308,28,475
5487,2024-07-01,2,1013,173,308,0,215
5488,2024-07-08,2,1013,132,308,21,28
5489,2024-07-15,2,1013,0,308,0,377
5490,2024-07-22,2,1013,0,308,0,405
5491,2024-07-29,2,1013,0,308,0,401
5492,2024-08-05,2,1013,0,308,0,431
5493,2024-08-12,2,1013,0,308,0,76
5494,2024-08-19,2,1013,23,308,1,149
5495,2024-08-26,2,1013,0,308,0,278
5496,2024-09-02,2,1013,0,308,0,37
5497,2024-09-09,2,1013,0,308,0,113
5498,2024-09-16,2,1013,227,308,19,482
5499,2024-09-23,2,1013,445,308,19,205
5500,2024-09-30,2,1013,322,308,1,473
5501,2024-10-07,2,1013,259,308,31,4
5502,2024-10-14,2,1013,295,308,17,60
5503,2024-10-21,2,1013,549,308,77,143
5504,2024-10-28,2,1013,409,308,51,444
5505,2024-11-04,2,1013,15,308,4,394
5506,2024-11-11,2,1013,248,308,63,422
5507,2024-11-18,2,1013,455,308,15,399
5508,2024-11-25,2,1013,238,308,19,85
5509,2024-12-02,2,1013,46,308,5,337
5510,2024-12-09,2,1013,114,308,27,251
5511,2024-12-16,2,1013,84,308,21,16
5512,2024-12-23,2,1013,459,308,81,282
5513,2024-12-30,2,1013,480,308,23,140
5514,2025-01-06,2,1013,225,308,56,285
5515,2025-01-13,2,1013,460,308,110,377
5516,2025-01-20,2,1013,456,308,86,168
5517,2025-01-27,2,1013,508,308,13,282
5518,2025-02-03,2,1013,585,308,0,269
5519,2025-02-10,2,1013,291,308,77,367
5520,2025-02-17,2,1013,4,308,0,443
5521,2025-02-24,2,1013,0,308,0,305
5522,2025-03-03,2,1013,0,308,0,320
5523,2025-03-10,2,1013,0,308,0,262
5524,2025-03-17,2,1013,0,308,0,404
5525,2025-03-24,2,1013,217,308,10,329
5526,2025-03-31,2,1013,72,308,19,279
5527,2025-04-07,2,1013,325,308,83,81
5528,2025-04-14,2,1013,185,308,53,41
5529,2025-04-21,2,1013,0,308,0,482
5530,2025-04-28,2,1013,20,308,5,170
5531,2025-05-05,2,1013,0,308,0,171
5532,2025-05-12,2,1013,102,308,24,215
5533,2025-05-19,2,1013,160,308,21,12
5534,2025-05-26,2,1013,0,308,0,301
5535,2025-06-02,2,1013,95,308,3,124
5536,2025-06-09,2,1013,0,308,0,101
5537,2025-06-16,2,1013,165,308,17,309
5538,2025-06-23,2,1013,194,308,21,258
5539,2025-06-30,2,1013,0,308,0,45
5540,2025-07-07,2,1013,138,308,38,254
5541,2025-07-14,2,1013,0,308,0,218
5542,2025-07-21,2,1013,105,308,17,404
5543,2025-07-28,2,1013,0,308,0,27
5544,2025-08-04,2,1013,0,308,0,11
5545,2025-08-11,2,1013,0,308,0,489
5546,2025-08-18,2,1013,100,308,2,272
5547,2025-08-25,2,1013,128,308,3,110
5548,2025-09-01,2,1013,272,308,53,1
5549,2025-09-08,2,1013,246,308,51,218
5550,2025-09-15,2,1013,366,308,98,484
5551,2025-09-22,2,1013,339,308,41,18
5552,2025-09-29,2,1013,405,308,116,467
5553,2025-10-06,2,1013,223,308,16,361
5554,2025-10-13,2,1013,0,308,0,215
5555,2025-10-20,2,1013,0,308,0,126
5556,2025-10-27,2,1013,274,308,57,344
5557,2025-11-03,2,1013,612,308,172,284
5558,2025-11-10,2,1013,953,308,120,380
5559,2025-11-17,2,1013,745,308,54,411
5560,2025-11-24,2,1013,666,308,10,207
5561,2025-12-01,2,1013,575,308,47,457
5562,2025-12-08,2,1013,925,308,214,51
5563,2025-12-15,2,1013,818,308,205,472
5564,2025-12-22,2,1013,788,308,235,161
5565,2025-12-29,2,1013,838,308,57,137
5566,2024-01-01,2,1014,515,332,2,144
5567,2024-01-08,2,1014,551,332,121,364
5568,2024-01-15,2,1014,603,332,96,391
5569,2024-01-22,2,1014,675,332,176,330
5570,2024-01-29,2,1014,554,332,79,3
5571,2024-02-05,2,1014,777,332,63,238
5572,2024-02-12,2,1014,504,332,50,198
5573,2024-02-19,2,1014,589,332,11,215
5574,2024-02-26,2,1014,402,332,51,46
5575,2024-03-04,2,1014,319,332,88,217
5576,2024-03-11,2,1014,326,332,86,59
5577,2024-03-18,2,1014,258,332,45,282
5578,2024-03-25,2,1014,285,332,13,496
5579,2024-04-01,2,1014,0,332,0,142
5580,2024-04-08,2,1014,0,332,0,98
5581,2024-04-15,2,1014,190,332,19,231
5582,2024-04-22,2,1014,0,332,0,421
5583,2024-04-29,2,1014,0,332,0,397
5584,2024-05-06,2,1014,247,332,67,263
5585,2024-05-13,2,1014,497,332,97,353
5586,2024-05-20,2,1014,689,332,166,95
5587,2024-05-27,2,1014,561,332,103,248
5588,2024-06-03,2,1014,554,332,94,300
5589,2024-06-10,2,1014,508,332,38,250
5590,2024-06-17,2,1014,669,332,30,320
5591,2024-06-24,2,1014,525,332,128,212
5592,2024-07-01,2,1014,745,332,209,318
5593,2024-07-08,2,1014,998,332,43,487
5594,2024-07-15,2,1014,1010,332,54,443
5595,2024-07-22,2,1014,992,332,219,276
5596,2024-07-29,2,1014,1257,332,365,445
5597,2024-08-05,2,1014,1278,332,150,420
5598,2024-08-12,2,1014,1222,332,200,485
5599,2024-08-19,2,1014,1082,332,122,335
5600,2024-08-26,2,1014,948,332,17,157
5601,2024-09-02,2,1014,1205,332,114,351
5602,2024-09-09,2,1014,1179,332,246,178
5603,2024-09-16,2,1014,1174,332,316,441
5604,2024-09-23,2,1014,1401,332,116,275
5605,2024-09-30,2,1014,1349,332,81,179
5606,2024-10-07,2,1014,1685,332,30,124
5607,2024-10-14,2,1014,1918,332,478,370
5608,2024-10-21,2,1014,2210,332,430,412
5609,2024-10-28,2,1014,2208,332,399,46
5610,2024-11-04,2,1014,1942,332,102,93
5611,2024-11-11,2,1014,2164,332,353,376
5612,2024-11-18,2,1014,2500,332,200,351
5613,2024-11-25,2,1014,2308,332,353,144
5614,2024-12-02,2,1014,1951,332,434,468
5615,2024-12-09,2,1014,1665,332,280,103
5616,2024-12-16,2,1014,1324,332,162,360
5617,2024-12-23,2,1014,1357,332,215,191
5618,2024-12-30,2,1014,1728,332,347,371
5619,2025-01-06,2,1014,1737,332,340,458
5620,2025-01-13,2,1014,1865,332,534,122
5621,2025-01-20,2,1014,1650,332,353,66
5622,2025-01-27,2,1014,1357,332,2,366
5623,2025-02-03,2,1014,1470,332,244,346
5624,2025-02-10,2,1014,1633,332,185,205
5625,2025-02-17,2,1014,1421,332,274,386
5626,2025-02-24,2,1014,1423,332,127,241
5627,2025-03-03,2,1014,1393,332,229,399
5628,2025-03-10,2,1014,1212,332,266,202
5629,2025-03-17,2,1014,1264,332,24,181
5630,2025-03-24,2,1014,1254,332,101,226
5631,2025-03-31,2,1014,1469,332,198,156
5632,2025-04-07,2,1014,1252,332,250,76
5633,2025-04-14,2,1014,1105,332,318,270
5634,2025-04-21,2,1014,825,332,32,316
5635,2025-04-28,2,1014,1100,332,312,31
5636,2025-05-05,2,1014,835,332,94,120
5637,2025-05-12,2,1014,1080,332,87,383
5638,2025-05-19,2,1014,1278,332,199,211
5639,2025-05-26,2,1014,1446,332,287,494
5640,2025-06-02,2,1014,1612,332,166,388
5641,2025-06-09,2,1014,1883,332,223,6
5642,2025-06-16,2,1014,1605,332,369,50
5643,2025-06-23,2,1014,1431,332,39,295
5644,2025-06-30,2,1014,1528,332,357,64
5645,2025-07-07,2,1014,1595,332,117,316
5646,2025-07-14,2,1014,1416,332,133,442
5647,2025-07-21,2,1014,1515,332,26,377
5648,2025-07-28,2,1014,1714,332,495,200
5649,2025-08-04,2,1014,1841,332,233,367
5650,2025-08-11,2,1014,1844,332,284,50
5651,2025-08-18,2,1014,1871,332,479,189
5652,2025-08-25,2,1014,1992,332,185,323
5653,2025-09-01,2,1014,1756,332,292,137
5654,2025-09-08,2,1014,1478,332,300,388
5655,2025-09-15,2,1014,1591,332,320,55
5656,2025-09-22,2,1014,1440,332,320,411
5657,2025-09-29,2,1014,1309,332,166,498
5658,2025-10-06,2,1014,1456,332,135,154
5659,2025-10-13,2,1014,1755,332,171,203
5660,2025-10-20,2,1014,2032,332,573,289
5661,2025-10-27,2,1014,1915,332,29,434
5662,2025-11-03,2,1014,1700,332,392,323
5663,2025-11-10,2,1014,1357,332,356,102
5664,2025-11-17,2,1014,1422,332,340,110
5665,2025-11-24,2,1014,1618,332,365,9
5666,2025-12-01,2,1014,1217,332,269,408
5667,2025-12-08,2,1014,1347,332,243,494
5668,2025-12-15,2,1014,1622,332,257,255
5669,2025-12-22,2,1014,1664,332,258,35
5670,2025-12-29,2,1014,1847,332,515,352
5671,2024-01-01,2,1015,2444,316,375,176
5672,2024-01-08,2,1015,2565,316,141,472
5673,2024-01-15,2,1015,2588,316,645,453
5674,2024-01-22,2,1015,2763,316,727,184
5675,2024-01-29,2,1015,2554,316,726,374
5676,2024-02-05,2,1015,2783,316,598,254
5677,2024-02-12,2,1015,2649,316,304,176
5678,2024-02-19,2,1015,2415,316,416,90
5679,2024-02-26,2,1015,2490,316,686,1
5680,2024-03-04,2,1015,2295,316,428,165
5681,2024-03-11,2,1015,2539,316,318,487
5682,2024-03-18,2,1015,2384,316,268,35
5683,2024-03-25,2,1015,2475,316,711,490
5684,2024-04-01,2,1015,2440,316,497,341
5685,2024-04-08,2,1015,2714,316,411,241
5686,2024-04-15,2,1015,2869,316,341,276
5687,2024-04-22,2,1015,2587,316,704,408
5688,2024-04-29,2,1015,2608,316,221,431
5689,2024-05-06,2,1015,2653,316,776,100
5690,2024-05-13,2,1015,2634,316,294,78
5691,2024-05-20,2,1015,2753,316,173,25
5692,2024-05-27,2,1015,2998,316,55,213
5693,2024-06-03,2,1015,3093,316,399,287
5694,2024-06-10,2,1015,2983,316,682,215
5695,2024-06-17,2,1015,3179,316,65,197
5696,2024-06-24,2,1015,3119,316,652,341
5697,2024-07-01,2,1015,3073,316,5,256
5698,2024-07-08,2,1015,3219,316,293,474
5699,2024-07-15,2,1015,3396,316,188,153
5700,2024-07-22,2,1015,3106,316,554,318
5701,2024-07-29,2,1015,3091,316,579,444
5702,2024-08-05,2,1015,2913,316,685,135
5703,2024-08-12,2,1015,2780,316,747,144
5704,2024-08-19,2,1015,2779,316,353,53
5705,2024-08-26,2,1015,2752,316,623,489
5706,2024-09-02,2,1015,3026,316,676,172
5707,2024-09-09,2,1015,3214,316,17,7
5708,2024-09-16,2,1015,2984,316,857,202
5709,2024-09-23,2,1015,2887,316,87,283
5710,2024-09-30,2,1015,2984,316,807,288
5711,2024-10-07,2,1015,2929,316,248,287
5712,2024-10-14,2,1015,2819,316,795,486
5713,2024-10-21,2,1015,2621,316,658,235
5714,2024-10-28,2,1015,2710,316,179,153
5715,2024-11-04,2,1015,3036,316,810,225
5716,2024-11-11,2,1015,3110,316,929,382
5717,2024-11-18,2,1015,3121,316,735,394
5718,2024-11-25,2,1015,3500,316,46,423
5719,2024-12-02,2,1015,3446,316,81,356
5720,2024-12-09,2,1015,3467,316,497,249
5721,2024-12-16,2,1015,3737,316,1054,376
5722,2024-12-23,2,1015,3857,316,1078,86
5723,2024-12-30,2,1015,3609,316,662,354
5724,2025-01-06,2,1015,3611,316,237,369
5725,2025-01-13,2,1015,3344,316,215,30
5726,2025-01-20,2,1015,3197,316,411,176
5727,2025-01-27,2,1015,3374,316,765,60
5728,2025-02-03,2,1015,3281,316,650,275
5729,2025-02-10,2,1015,3407,316,511,42
5730,2025-02-17,2,1015,3197,316,825,437
5731,2025-02-24,2,1015,3168,316,575,350
5732,2025-03-03,2,1015,3041,316,97,462
5733,2025-03-10,2,1015,2772,316,604,20
5734,2025-03-17,2,1015,2858,316,113,176
5735,2025-03-24,2,1015,2785,316,16,468
5736,2025-03-31,2,1015,2689,316,325,394
5737,2025-04-07,2,1015,2560,316,316,190
5738,2025-04-14,2,1015,2735,316,88,174
5739,2025-04-21,2,1015,2988,316,463,354
5740,2025-04-28,2,1015,2695,316,431,198
5741,2025-05-05,2,1015,2528,316,186,239
5742,2025-05-12,2,1015,2727,316,654,77
5743,2025-05-19,2,1015,2754,316,158,357
5744,2025-05-26,2,1015,2577,316,425,61
5745,2025-06-02,2,1015,2587,316,454,326
5746,2025-06-09,2,1015,2337,316,513,137
5747,2025-06-16,2,1015,2492,316,383,105
5748,2025-06-23,2,1015,2514,316,264,95
5749,2025-06-30,2,1015,2445,316,419,249
5750,2025-07-07,2,1015,2662,316,284,54
5751,2025-07-14,2,1015,2789,316,667,268
5752,2025-07-21,2,1015,2663,316,631,129
5753,2025-07-28,2,1015,2729,316,529,482
5754,2025-08-04,2,1015,2623,316,630,369
5755,2025-08-11,2,1015,2586,316,75,433
5756,2025-08-18,2,1015,2482,316,377,157
5757,2025-08-25,2,1015,2580,316,170,167
5758,2025-09-01,2,1015,2540,316,586,457
5759,2025-09-08,2,1015,2373,316,171,111
5760,2025-09-15,2,1015,2621,316,366,316
5761,2025-09-22,2,1015,2384,316,597,153
5762,2025-09-29,2,1015,2235,316,243,466
5763,2025-10-06,2,1015,1893,316,190,322
5764,2025-10-13,2,1015,2258,316,274,477
5765,2025-10-20,2,1015,2301,316,275,103
5766,2025-10-27,2,1015,2280,316,348,159
5767,2025-11-03,2,1015,2165,316,401,46
5768,2025-11-10,2,1015,2457,316,193,386
5769,2025-11-17,2,1015,2270,316,227,125
5770,2025-11-24,2,1015,1952,316,60,256
5771,2025-12-01,2,1015,2237,316,443,276
5772,2025-12-08,2,1015,2120,316,613,489
5773,2025-12-15,2,1015,1912,316,382,158
5774,2025-12-22,2,1015,1606,316,400,366
5775,2025-12-29,2,1015,1589,316,61,42
5776,2024-01-01,2,1016,2783,276,223,67
5777,2024-01-08,2,1016,2936,276,718,318
5778,2024-01-15,2,1016,2907,276,414,212
5779,2024-01-22,2,1016,2907,276,27,314
5780,2024-01-29,2,1016,2837,276,77,60
5781,2024-02-05,2,1016,2614,276,537,235
5782,2024-02-12,2,1016,2629,276,343,164
5783,2024-02-19,2,1016,2769,276,482,115
5784,2024-02-26,2,1016,2621,276,521,443
5785,2024-03-04,2,1016,2487,276,82,69
5786,2024-03-11,2,1016,2741,276,685,180
5787,2024-03-18,2,1016,2758,276,79,478
5788,2024-03-25,2,1016,2704,276,467,337
5789,2024-04-01,2,1016,2596,276,150,363
5790,2024-04-08,2,1016,2590,276,689,8
5791,2024-04-15,2,1016,2474,276,647,465
5792,2024-04-22,2,1016,2394,276,201,190
5793,2024-04-29,2,1016,2595,276,73,498
5794,2024-05-06,2,1016,2738,276,390,384
5795,2024-05-13,2,1016,2484,276,502,376
5796,2024-05-20,2,1016,2398,276,544,361
5797,2024-05-27,2,1016,2396,276,578,348
5798,2024-06-03,2,1016,2109,276,306,345
5799,2024-06-10,2,1016,2099,276,538,438
5800,2024-06-17,2,1016,2296,276,330,113
5801,2024-06-24,2,1016,2155,276,284,325
5802,2024-07-01,2,1016,2275,276,52,453
5803,2024-07-08,2,1016,2541,276,486,447
5804,2024-07-15,2,1016,2488,276,443,260
5805,2024-07-22,2,1016,2706,276,326,479
5806,2024-07-29,2,1016,2537,276,508,428
5807,2024-08-05,2,1016,2375,276,267,227
5808,2024-08-12,2,1016,2267,276,511,471
5809,2024-08-19,2,1016,2385,276,576,368
5810,2024-08-26,2,1016,2240,276,95,181
5811,2024-09-02,2,1016,2479,276,461,355
5812,2024-09-09,2,1016,2337,276,419,259
5813,2024-09-16,2,1016,2460,276,496,210
5814,2024-09-23,2,1016,2372,276,440,182
5815,2024-09-30,2,1016,2123,276,582,9
5816,2024-10-07,2,1016,2352,276,621,48
5817,2024-10-14,2,1016,2143,276,152,486
5818,2024-10-21,2,1016,2178,276,245,217
5819,2024-10-28,2,1016,1917,276,458,34
5820,2024-11-04,2,1016,1565,276,12,217
5821,2024-11-11,2,1016,1817,276,118,31
5822,2024-11-18,2,1016,2108,276,352,142
5823,2024-11-25,2,1016,2176,276,13,373
5824,2024-12-02,2,1016,2114,276,579,408
5825,2024-12-09,2,1016,2298,276,177,475
5826,2024-12-16,2,1016,1910,276,81,99
5827,2024-12-23,2,1016,2134,276,316,354
5828,2024-12-30,2,1016,2108,276,542,164
5829,2025-01-06,2,1016,2072,276,277,17
5830,2025-01-13,2,1016,1809,276,428,149
5831,2025-01-20,2,1016,1767,276,498,395
5832,2025-01-27,2,1016,1597,276,90,93
5833,2025-02-03,2,1016,1298,276,268,278
5834,2025-02-10,2,1016,1310,276,111,46
5835,2025-02-17,2,1016,1201,276,109,447
5836,2025-02-24,2,1016,1123,276,103,439
5837,2025-03-03,2,1016,1076,276,273,422
5838,2025-03-10,2,1016,1083,276,252,98
5839,2025-03-17,2,1016,1115,276,92,340
5840,2025-03-24,2,1016,1377,276,75,369
5841,2025-03-31,2,1016,1627,276,456,364
5842,2025-04-07,2,1016,1433,276,69,281
5843,2025-04-14,2,1016,1302,276,237,395
5844,2025-04-21,2,1016,1251,276,319,214
5845,2025-04-28,2,1016,1519,276,202,299
5846,2025-05-05,2,1016,1227,276,359,316
5847,2025-05-12,2,1016,1171,276,176,54
5848,2025-05-19,2,1016,1234,276,282,56
5849,2025-05-26,2,1016,1212,276,14,28
5850,2025-06-02,2,1016,1272,276,171,93
5851,2025-06-09,2,1016,1286,276,105,71
5852,2025-06-16,2,1016,988,276,38,329
5853,2025-06-23,2,1016,1025,276,198,84
5854,2025-06-30,2,1016,797,276,104,281
5855,2025-07-07,2,1016,861,276,110,368
5856,2025-07-14,2,1016,966,276,270,449
5857,2025-07-21,2,1016,855,276,203,344
5858,2025-07-28,2,1016,692,276,119,373
5859,2025-08-04,2,1016,816,276,214,376
5860,2025-08-11,2,1016,780,276,193,448
5861,2025-08-18,2,1016,763,276,148,141
5862,2025-08-25,2,1016,767,276,128,170
5863,2025-09-01,2,1016,506,276,128,359
5864,2025-09-08,2,1016,384,276,12,319
5865,2025-09-15,2,1016,293,276,7,213
5866,2025-09-22,2,1016,8,276,0,480
5867,2025-09-29,2,1016,0,276,0,235
5868,2025-10-06,2,1016,0,276,0,357
5869,2025-10-13,2,1016,85,276,11,225
5870,2025-10-20,2,1016,0,276,0,141
5871,2025-10-27,2,1016,81,276,5,1
5872,2025-11-03,2,1016,0,276,0,162
5873,2025-11-10,2,1016,243,276,52,125
5874,2025-11-17,2,1016,0,276,0,166
5875,2025-11-24,2,1016,0,276,0,408
5876,2025-12-01,2,1016,18,276,2,111
5877,2025-12-08,2,1016,173,276,29,291
5878,2025-12-15,2,1016,0,276,0,359
5879,2025-12-22,2,1016,0,276,0,242
5880,2025-12-29,2,1016,0,276,0,204
5881,2024-01-01,2,1017,2062,402,186,116
5882,2024-01-08,2,1017,1850,402,330,95
5883,2024-01-15,2,1017,1979,402,319,342
5884,2024-01-22,2,1017,1808,402,231,498
5885,2024-01-29,2,1017,1832,402,453,91
5886,2024-02-05,2,1017,1717,402,195,226
5887,2024-02-12,2,1017,1681,402,68,269
5888,2024-02-19,2,1017,1960,402,483,456
5889,2024-02-26,2,1017,2064,402,294,464
5890,2024-03-04,2,1017,2332,402,98,165
5891,2024-03-11,2,1017,2034,402,143,332
5892,2024-03-18,2,1017,2214,402,9,151
5893,2024-03-25,2,1017,2341,402,592,480
5894,2024-04-01,2,1017,2076,402,471,357
5895,2024-04-08,2,1017,1875,402,124,415
5896,2024-04-15,2,1017,2048,402,269,233
5897,2024-04-22,2,1017,2002,402,368,21
5898,2024-04-29,2,1017,1856,402,318,64
5899,2024-05-06,2,1017,1770,402,53,374
5900,2024-05-13,2,1017,1513,402,395,86
5901,2024-05-20,2,1017,1645,402,386,363
5902,2024-05-27,2,1017,1824,402,374,77
5903,2024-06-03,2,1017,1607,402,200,68
5904,2024-06-10,2,1017,1488,402,146,20
5905,2024-06-17,2,1017,1361,402,284,483
5906,2024-06-24,2,1017,1438,402,331,18
5907,2024-07-01,2,1017,1435,402,125,194
5908,2024-07-08,2,1017,1674,402,211,95
5909,2024-07-15,2,1017,1463,402,403,129
5910,2024-07-22,2,1017,1190,402,325,350
5911,2024-07-29,2,1017,1324,402,16,17
5912,2024-08-05,2,1017,1279,402,236,313
5913,2024-08-12,2,1017,1388,402,235,359
5914,2024-08-19,2,1017,1251,402,258,17
5915,2024-08-26,2,1017,1080,402,227,414
5916,2024-09-02,2,1017,1034,402,137,410
5917,2024-09-09,2,1017,895,402,241,52
5918,2024-09-16,2,1017,975,402,157,382
5919,2024-09-23,2,1017,847,402,43,70
5920,2024-09-30,2,1017,1068,402,49,96
5921,2024-10-07,2,1017,851,402,113,410
5922,2024-10-14,2,1017,600,402,60,145
5923,2024-10-21,2,1017,838,402,133,134
5924,2024-10-28,2,1017,657,402,177,223
5925,2024-11-04,2,1017,622,402,159,86
5926,2024-11-11,2,1017,542,402,158,156
5927,2024-11-18,2,1017,421,402,117,345
5928,2024-11-25,2,1017,563,402,82,450
5929,2024-12-02,2,1017,407,402,21,214
5930,2024-12-09,2,1017,296,402,26,173
5931,2024-12-16,2,1017,0,402,0,174
5932,2024-12-23,2,1017,0,402,0,105
5933,2024-12-30,2,1017,309,402,79,396
5934,2025-01-06,2,1017,536,402,153,89
5935,2025-01-13,2,1017,610,402,35,125
5936,2025-01-20,2,1017,581,402,23,66
5937,2025-01-27,2,1017,286,402,84,136
5938,2025-02-03,2,1017,360,402,57,360
5939,2025-02-10,2,1017,82,402,14,173
5940,2025-02-17,2,1017,0,402,0,234
5941,2025-02-24,2,1017,0,402,0,134
5942,2025-03-03,2,1017,0,402,0,137
5943,2025-03-10,2,1017,0,402,0,277
5944,2025-03-17,2,1017,0,402,0,246
5945,2025-03-24,2,1017,0,402,0,127
5946,2025-03-31,2,1017,0,402,0,177
5947,2025-04-07,2,1017,0,402,0,149
5948,2025-04-14,2,1017,20,402,2,279
5949,2025-04-21,2,1017,0,402,0,239
5950,2025-04-28,2,1017,208,402,7,51
5951,2025-05-05,2,1017,419,402,78,177
5952,2025-05-12,2,1017,400,402,0,8
5953,2025-05-19,2,1017,567,402,86,65
5954,2025-05-26,2,1017,317,402,42,166
5955,2025-06-02,2,1017,563,402,115,153
5956,2025-06-09,2,1017,731,402,45,151
5957,2025-06-16,2,1017,813,402,235,381
5958,2025-06-23,2,1017,816,402,14,280
5959,2025-06-30,2,1017,1081,402,139,400
5960,2025-07-07,2,1017,837,402,146,346
5961,2025-07-14,2,1017,750,402,82,250
5962,2025-07-21,2,1017,671,402,77,103
5963,2025-07-28,2,1017,591,402,119,80
5964,2025-08-04,2,1017,671,402,144,44
5965,2025-08-11,2,1017,566,402,104,399
5966,2025-08-18,2,1017,537,402,55,411
5967,2025-08-25,2,1017,696,402,104,249
5968,2025-09-01,2,1017,925,402,130,318
5969,2025-09-08,2,1017,856,402,132,29
5970,2025-09-15,2,1017,806,402,105,13
5971,2025-09-22,2,1017,791,402,114,16
5972,2025-09-29,2,1017,963,402,147,185
5973,2025-10-06,2,1017,1056,402,251,265
5974,2025-10-13,2,1017,1075,402,79,471
5975,2025-10-20,2,1017,676,402,76,456
5976,2025-10-27,2,1017,337,402,60,82
5977,2025-11-03,2,1017,267,402,25,195
5978,2025-11-10,2,1017,148,402,30,311
5979,2025-11-17,2,1017,265,402,22,223
5980,2025-11-24,2,1017,0,402,0,393
5981,2025-12-01,2,1017,214,402,59,314
5982,2025-12-08,2,1017,0,402,0,498
5983,2025-12-15,2,1017,329,402,80,127
5984,2025-12-22,2,1017,218,402,1,50
5985,2025-12-29,2,1017,134,402,31,164
5986,2024-01-01,2,1018,3352,433,215,328
5987,2024-01-08,2,1018,3150,433,520,425
5988,2024-01-15,2,1018,3053,433,576,233
5989,2024-01-22,2,1018,3212,433,3,47
5990,2024-01-29,2,1018,3100,433,508,439
5991,2024-02-05,2,1018,3192,433,291,96
5992,2024-02-12,2,1018,3166,433,100,17
5993,2024-02-19,2,1018,2922,433,754,319
5994,2024-02-26,2,1018,2934,433,407,485
5995,2024-03-04,2,1018,2887,433,825,226
5996,2024-03-11,2,1018,2832,433,221,385
5997,2024-03-18,2,1018,2587,433,623,160
5998,2024-03-25,2,1018,2834,433,790,27
5999,2024-04-01,2,1018,2632,433,508,314
6000,2024-04-08,2,1018,2640,433,323,244
6001,2024-04-15,2,1018,2812,433,758,464
6002,2024-04-22,2,1018,2590,433,4,31
6003,2024-04-29,2,1018,2403,433,583,160
6004,2024-05-06,2,1018,2634,433,537,80
6005,2024-05-13,2,1018,2344,433,406,449
6006,2024-05-20,2,1018,2287,433,536,93
6007,2024-05-27,2,1018,2423,433,144,193
6008,2024-06-03,2,1018,2306,433,149,471
6009,2024-06-10,2,1018,2312,433,56,61
6010,2024-06-17,2,1018,2356,433,338,190
6011,2024-06-24,2,1018,2381,433,598,164
6012,2024-07-01,2,1018,2363,433,557,315
6013,2024-07-08,2,1018,2605,433,71,308
6014,2024-07-15,2,1018,2349,433,130,108
6015,2024-07-22,2,1018,2470,433,471,97
6016,2024-07-29,2,1018,2519,433,508,105
6017,2024-08-05,2,1018,2498,433,217,213
6018,2024-08-12,2,1018,2382,433,671,357
6019,2024-08-19,2,1018,2287,433,234,80
6020,2024-08-26,2,1018,2357,433,530,413
6021,2024-09-02,2,1018,2363,433,367,323
6022,2024-09-09,2,1018,2623,433,363,264
6023,2024-09-16,2,1018,2844,433,841,315
6024,2024-09-23,2,1018,2580,433,508,279
6025,2024-09-30,2,1018,2838,433,377,103
6026,2024-10-07,2,1018,2726,433,306,40
6027,2024-10-14,2,1018,2923,433,587,487
6028,2024-10-21,2,1018,2858,433,501,24
6029,2024-10-28,2,1018,2923,433,255,171
6030,2024-11-04,2,1018,2507,433,2,268
6031,2024-11-11,2,1018,2451,433,504,18
6032,2024-11-18,2,1018,2778,433,699,467
6033,2024-11-25,2,1018,2638,433,426,313
6034,2024-12-02,2,1018,2582,433,160,110
6035,2024-12-09,2,1018,2330,433,588,44
6036,2024-12-16,2,1018,2010,433,42,469
6037,2024-12-23,2,1018,1814,433,266,193
6038,2024-12-30,2,1018,1431,433,146,106
6039,2025-01-06,2,1018,1612,433,178,16
6040,2025-01-13,2,1018,1656,433,477,49
6041,2025-01-20,2,1018,1764,433,360,474
6042,2025-01-27,2,1018,2027,433,56,95
6043,2025-02-03,2,1018,2270,433,103,259
6044,2025-02-10,2,1018,1990,433,277,498
6045,2025-02-17,2,1018,2203,433,207,17
6046,2025-02-24,2,1018,1955,433,11,243
6047,2025-03-03,2,1018,1882,433,555,458
6048,2025-03-10,2,1018,1975,433,301,203
6049,2025-03-17,2,1018,1794,433,511,474
6050,2025-03-24,2,1018,1518,433,15,81
6051,2025-03-31,2,1018,1391,433,189,345
6052,2025-04-07,2,1018,1606,433,342,306
6053,2025-04-14,2,1018,1535,433,299,139
6054,2025-04-21,2,1018,1655,433,92,492
6055,2025-04-28,2,1018,1551,433,112,270
6056,2025-05-05,2,1018,1732,433,461,233
6057,2025-05-12,2,1018,1950,433,346,378
6058,2025-05-19,2,1018,1856,433,282,212
6059,2025-05-26,2,1018,2065,433,422,12
6060,2025-06-02,2,1018,2248,433,59,124
6061,2025-06-09,2,1018,2255,433,550,431
6062,2025-06-16,2,1018,2262,433,207,347
6063,2025-06-23,2,1018,2166,433,42,330
6064,2025-06-30,2,1018,2376,433,496,44
6065,2025-07-07,2,1018,2599,433,126,25
6066,2025-07-14,2,1018,2434,433,396,330
6067,2025-07-21,2,1018,2187,433,408,396
6068,2025-07-28,2,1018,2074,433,104,126
6069,2025-08-04,2,1018,2012,433,569,325
6070,2025-08-11,2,1018,2043,433,381,68
6071,2025-08-18,2,1018,2127,433,530,346
6072,2025-08-25,2,1018,2149,433,293,114
6073,2025-09-01,2,1018,1905,433,442,41
6074,2025-09-08,2,1018,1745,433,84,353
6075,2025-09-15,2,1018,1987,433,396,492
6076,2025-09-22,2,1018,2030,433,420,179
6077,2025-09-29,2,1018,1935,433,513,175
6078,2025-10-06,2,1018,1919,433,313,93
6079,2025-10-13,2,1018,1772,433,520,233
6080,2025-10-20,2,1018,1751,433,18,255
6081,2025-10-27,2,1018,2059,433,257,261
6082,2025-11-03,2,1018,2115,433,168,97
6083,2025-11-10,2,1018,1720,433,48,440
6084,2025-11-17,2,1018,1531,433,382,454
6085,2025-11-24,2,1018,1916,433,63,418
6086,2025-12-01,2,1018,2018,433,566,241
6087,2025-12-08,2,1018,1848,433,514,213
6088,2025-12-15,2,1018,1806,433,187,59
6089,2025-12-22,2,1018,2048,433,62,93
6090,2025-12-29,2,1018,2024,433,123,459
6091,2024-01-01,2,1019,1657,575,310,263
6092,2024-01-08,2,1019,1451,575,350,70
6093,2024-01-15,2,1019,1648,575,437,459
6094,2024-01-22,2,1019,1424,575,288,287
6095,2024-01-29,2,1019,1315,575,42,453
6096,2024-02-05,2,1019,1270,575,216,353
6097,2024-02-12,2,1019,1243,575,73,359
6098,2024-02-19,2,1019,1434,575,394,148
6099,2024-02-26,2,1019,1168,575,324,46
6100,2024-03-04,2,1019,1097,575,84,360
6101,2024-03-11,2,1019,1332,575,359,347
6102,2024-03-18,2,1019,1039,575,215,100
6103,2024-03-25,2,1019,1090,575,82,480
6104,2024-04-01,2,1019,1209,575,46,457
6105,2024-04-08,2,1019,1020,575,14,363
6106,2024-04-15,2,1019,1261,575,20,264
6107,2024-04-22,2,1019,1296,575,326,488
6108,2024-04-29,2,1019,1127,575,312,430
6109,2024-05-06,2,1019,1143,575,99,360
6110,2024-05-13,2,1019,1379,575,144,499
6111,2024-05-20,2,1019,1326,575,298,435
6112,2024-05-27,2,1019,1361,575,274,317
6113,2024-06-03,2,1019,1563,575,268,0
6114,2024-06-10,2,1019,1638,575,490,47
6115,2024-06-17,2,1019,1831,575,466,105
6116,2024-06-24,2,1019,1879,575,378,395
6117,2024-07-01,2,1019,1747,575,224,288
6118,2024-07-08,2,1019,1903,575,221,381
6119,2024-07-15,2,1019,2097,575,115,377
6120,2024-07-22,2,1019,1807,575,417,409
6121,2024-07-29,2,1019,1825,575,223,381
6122,2024-08-05,2,1019,1766,575,270,351
6123,2024-08-12,2,1019,1736,575,244,134
6124,2024-08-19,2,1019,1605,575,77,200
6125,2024-08-26,2,1019,1504,575,295,7
6126,2024-09-02,2,1019,1776,575,165,370
6127,2024-09-09,2,1019,1709,575,112,498
6128,2024-09-16,2,1019,1928,575,472,304
6129,2024-09-23,2,1019,1862,575,221,360
6130,2024-09-30,2,1019,2011,575,449,428
6131,2024-10-07,2,1019,1857,575,411,127
6132,2024-10-14,2,1019,2090,575,165,165
6133,2024-10-21,2,1019,1958,575,234,189
6134,2024-10-28,2,1019,1566,575,123,6
6135,2024-11-04,2,1019,1200,575,134,341
6136,2024-11-11,2,1019,1022,575,200,316
6137,2024-11-18,2,1019,1307,575,167,489
6138,2024-11-25,2,1019,957,575,206,295
6139,2024-12-02,2,1019,940,575,149,338
6140,2024-12-09,2,1019,1032,575,202,397
6141,2024-12-16,2,1019,976,575,83,334
6142,2024-12-23,2,1019,918,575,155,396
6143,2024-12-30,2,1019,1174,575,55,422
6144,2025-01-06,2,1019,1296,575,272,194
6145,2025-01-13,2,1019,1121,575,291,453
6146,2025-01-20,2,1019,1260,575,278,305
6147,2025-01-27,2,1019,1248,575,64,205
6148,2025-02-03,2,1019,1317,575,377,243
6149,2025-02-10,2,1019,1229,575,194,186
6150,2025-02-17,2,1019,1489,575,45,471
6151,2025-02-24,2,1019,1298,575,241,25
6152,2025-03-03,2,1019,1070,575,213,174
6153,2025-03-10,2,1019,1263,575,193,197
6154,2025-03-17,2,1019,1365,575,191,482
6155,2025-03-24,2,1019,1284,575,383,339
6156,2025-03-31,2,1019,1353,575,3,199
6157,2025-04-07,2,1019,1343,575,258,351
6158,2025-04-14,2,1019,1363,575,299,177
6159,2025-04-21,2,1019,1170,575,80,382
6160,2025-04-28,2,1019,1185,575,242,96
6161,2025-05-05,2,1019,1325,575,49,213
6162,2025-05-12,2,1019,1473,575,2,55
6163,2025-05-19,2,1019,1507,575,304,40
6164,2025-05-26,2,1019,1392,575,332,468
6165,2025-06-02,2,1019,1176,575,245,240
6166,2025-06-09,2,1019,888,575,61,295
6167,2025-06-16,2,1019,744,575,106,199
6168,2025-06-23,2,1019,924,575,260,135
6169,2025-06-30,2,1019,802,575,167,139
6170,2025-07-07,2,1019,909,575,130,164
6171,2025-07-14,2,1019,1132,575,258,352
6172,2025-07-21,2,1019,1106,575,181,117
6173,2025-07-28,2,1019,1061,575,11,319
6174,2025-08-04,2,1019,1188,575,222,378
6175,2025-08-11,2,1019,1312,575,80,320
6176,2025-08-18,2,1019,1225,575,209,246
6177,2025-08-25,2,1019,1175,575,241,173
6178,2025-09-01,2,1019,957,575,145,19
6179,2025-09-08,2,1019,1127,575,148,29
6180,2025-09-15,2,1019,1126,575,151,445
6181,2025-09-22,2,1019,918,575,207,490
6182,2025-09-29,2,1019,979,575,257,473
6183,2025-10-06,2,1019,727,575,71,428
6184,2025-10-13,2,1019,319,575,32,411
6185,2025-10-20,2,1019,529,575,74,423
6186,2025-10-27,2,1019,629,575,172,4
6187,2025-11-03,2,1019,482,575,99,348
6188,2025-11-10,2,1019,328,575,94,438
6189,2025-11-17,2,1019,0,575,0,383
6190,2025-11-24,2,1019,0,575,0,89
6191,2025-12-01,2,1019,2,575,0,250
6192,2025-12-08,2,1019,214,575,48,326
6193,2025-12-15,2,1019,0,575,0,130
6194,2025-12-22,2,1019,124,575,28,120
6195,2025-12-29,2,1019,129,575,23,232
6196,2024-01-01,2,1020,3094,522,786,99
6197,2024-01-08,2,1020,3131,522,920,229
6198,2024-01-15,2,1020,3177,522,478,209
6199,2024-01-22,2,1020,2912,522,370,422
6200,2024-01-29,2,1020,2806,522,490,301
6201,2024-02-05,2,1020,2708,522,251,344
6202,2024-02-12,2,1020,2987,522,286,226
6203,2024-02-19,2,1020,3180,522,772,446
6204,2024-02-26,2,1020,3068,522,350,89
6205,2024-03-04,2,1020,3197,522,370,403
6206,2024-03-11,2,1020,2921,522,440,112
6207,2024-03-18,2,1020,2928,522,292,296
6208,2024-03-25,2,1020,2658,522,349,413
6209,2024-04-01,2,1020,2916,522,813,488
6210,2024-04-08,2,1020,3099,522,343,54
6211,2024-04-15,2,1020,2905,522,849,356
6212,2024-04-22,2,1020,3103,522,181,369
6213,2024-04-29,2,1020,3049,522,550,401
6214,2024-05-06,2,1020,3102,522,600,109
6215,2024-05-13,2,1020,3353,522,155,401
6216,2024-05-20,2,1020,3571,522,296,85
6217,2024-05-27,2,1020,3590,522,596,138
6218,2024-06-03,2,1020,3694,522,388,220
6219,2024-06-10,2,1020,3460,522,877,138
6220,2024-06-17,2,1020,3264,522,234,365
6221,2024-06-24,2,1020,3009,522,459,450
6222,2024-07-01,2,1020,3060,522,478,27
6223,2024-07-08,2,1020,2809,522,705,453
6224,2024-07-15,2,1020,2545,522,749,231
6225,2024-07-22,2,1020,2461,522,420,104
6226,2024-07-29,2,1020,2560,522,404,341
6227,2024-08-05,2,1020,2672,522,626,12
6228,2024-08-12,2,1020,2693,522,12,352
6229,2024-08-19,2,1020,2735,522,647,208
6230,2024-08-26,2,1020,2838,522,463,43
6231,2024-09-02,2,1020,2736,522,294,157
6232,2024-09-09,2,1020,2648,522,550,73
6233,2024-09-16,2,1020,2754,522,490,67
6234,2024-09-23,2,1020,2898,522,417,94
6235,2024-09-30,2,1020,2907,522,756,170
6236,2024-10-07,2,1020,2893,522,259,69
6237,2024-10-14,2,1020,2811,522,214,112
6238,2024-10-21,2,1020,2573,522,469,12
6239,2024-10-28,2,1020,2165,522,201,4
6240,2024-11-04,2,1020,2264,522,144,147
6241,2024-11-11,2,1020,2653,522,499,381
6242,2024-11-18,2,1020,2742,522,438,336
6243,2024-11-25,2,1020,2943,522,613,182
6244,2024-12-02,2,1020,3202,522,246,372
6245,2024-12-09,2,1020,3127,522,502,151
6246,2024-12-16,2,1020,2995,522,235,274
6247,2024-12-23,2,1020,2589,522,288,476
6248,2024-12-30,2,1020,2538,522,610,416
6249,2025-01-06,2,1020,2635,522,268,337
6250,2025-01-13,2,1020,2762,522,128,251
6251,2025-01-20,2,1020,2635,522,261,344
6252,2025-01-27,2,1020,2350,522,614,56
6253,2025-02-03,2,1020,2298,522,210,302
6254,2025-02-10,2,1020,2428,522,387,64
6255,2025-02-17,2,1020,2641,522,539,0
6256,2025-02-24,2,1020,2859,522,618,87
6257,2025-03-03,2,1020,3011,522,388,218
6258,2025-03-10,2,1020,2771,522,401,310
6259,2025-03-17,2,1020,2785,522,209,418
6260,2025-03-24,2,1020,2618,522,290,177
6261,2025-03-31,2,1020,2561,522,477,287
6262,2025-04-07,2,1020,2430,522,50,143
6263,2025-04-14,2,1020,2323,522,155,406
6264,2025-04-21,2,1020,2381,522,269,251
6265,2025-04-28,2,1020,2419,522,261,282
6266,2025-05-05,2,1020,2451,522,2,480
6267,2025-05-12,2,1020,2495,522,37,489
6268,2025-05-19,2,1020,2638,522,719,369
6269,2025-05-26,2,1020,2646,522,19,138
6270,2025-06-02,2,1020,2523,522,80,123
6271,2025-06-09,2,1020,2264,522,434,420
6272,2025-06-16,2,1020,2350,522,438,98
6273,2025-06-23,2,1020,2138,522,114,442
6274,2025-06-30,2,1020,2012,522,246,68
6275,2025-07-07,2,1020,1845,522,492,428
6276,2025-07-14,2,1020,1560,522,226,418
6277,2025-07-21,2,1020,1810,522,535,157
6278,2025-07-28,2,1020,1698,522,321,476
6279,2025-08-04,2,1020,1797,522,122,484
6280,2025-08-11,2,1020,1809,522,526,223
6281,2025-08-18,2,1020,1939,522,514,465
6282,2025-08-25,2,1020,1970,522,368,386
6283,2025-09-01,2,1020,1804,522,438,384
6284,2025-09-08,2,1020,1950,522,251,297
6285,2025-09-15,2,1020,2147,522,157,26
6286,2025-09-22,2,1020,2338,522,438,344
6287,2025-09-29,2,1020,2064,522,219,30
6288,2025-10-06,2,1020,2201,522,478,355
6289,2025-10-13,2,1020,2079,522,142,2
6290,2025-10-20,2,1020,1800,522,527,101
6291,2025-10-27,2,1020,1697,522,206,465
6292,2025-11-03,2,1020,1412,522,159,347
6293,2025-11-10,2,1020,1785,522,267,239
6294,2025-11-17,2,1020,1939,522,547,242
6295,2025-11-24,2,1020,2269,522,599,168
6296,2025-12-01,2,1020,2585,522,473,59
6297,2025-12-08,2,1020,2869,522,682,334
6298,2025-12-15,2,1020,3254,522,859,100
6299,2025-12-22,2,1020,3270,522,2,227
6300,2025-12-29,2,1020,3656,522,585,197
6301,2024-01-01,2,1021,3632,466,708,211
6302,2024-01-08,2,1021,3630,466,169,439
6303,2024-01-15,2,1021,3528,466,926,182
6304,2024-01-22,2,1021,3773,466,745,248
6305,2024-01-29,2,1021,3813,466,535,271
6306,2024-02-05,2,1021,3864,466,1115,179
6307,2024-02-12,2,1021,3656,466,1044,362
6308,2024-02-19,2,1021,3389,466,44,431
6309,2024-02-26,2,1021,3641,466,97,433
6310,2024-03-04,2,1021,3380,466,527,470
6311,2024-03-11,2,1021,3565,466,712,150
6312,2024-03-18,2,1021,3417,466,1015,453
6313,2024-03-25,2,1021,3448,466,767,111
6314,2024-04-01,2,1021,3628,466,44,107
6315,2024-04-08,2,1021,3589,466,826,82
6316,2024-04-15,2,1021,3723,466,814,61
6317,2024-04-22,2,1021,3902,466,859,476
6318,2024-04-29,2,1021,3714,466,978,134
6319,2024-05-06,2,1021,3480,466,629,398
6320,2024-05-13,2,1021,3637,466,194,486
6321,2024-05-20,2,1021,3861,466,303,4
6322,2024-05-27,2,1021,3802,466,195,145
6323,2024-06-03,2,1021,3794,466,121,275
6324,2024-06-10,2,1021,3654,466,135,310
6325,2024-06-17,2,1021,3708,466,516,197
6326,2024-06-24,2,1021,3896,466,1128,80
6327,2024-07-01,2,1021,3910,466,233,48
6328,2024-07-08,2,1021,4067,466,997,192
6329,2024-07-15,2,1021,4015,466,429,272
6330,2024-07-22,2,1021,4226,466,1081,237
6331,2024-07-29,2,1021,4316,466,302,220
6332,2024-08-05,2,1021,4271,466,1078,103
6333,2024-08-12,2,1021,4332,466,694,124
6334,2024-08-19,2,1021,4451,466,204,348
6335,2024-08-26,2,1021,4418,466,1311,9
6336,2024-09-02,2,1021,4516,466,1282,407
6337,2024-09-09,2,1021,4642,466,312,283
6338,2024-09-16,2,1021,4846,466,1108,261
6339,2024-09-23,2,1021,5045,466,718,298
6340,2024-09-30,2,1021,4782,466,320,279
6341,2024-10-07,2,1021,4908,466,667,194
6342,2024-10-14,2,1021,4692,466,750,380
6343,2024-10-21,2,1021,4984,466,1424,224
6344,2024-10-28,2,1021,4594,466,1116,104
6345,2024-11-04,2,1021,4273,466,502,2
6346,2024-11-11,2,1021,3897,466,561,96
6347,2024-11-18,2,1021,3789,466,443,246
6348,2024-11-25,2,1021,3567,466,247,27
6349,2024-12-02,2,1021,3862,466,538,130
6350,2024-12-09,2,1021,3654,466,221,211
6351,2024-12-16,2,1021,3955,466,557,304
6352,2024-12-23,2,1021,4128,466,95,110
6353,2024-12-30,2,1021,4328,466,91,61
6354,2025-01-06,2,1021,4484,466,130,21
6355,2025-01-13,2,1021,4275,466,681,169
6356,2025-01-20,2,1021,4100,466,1108,236
6357,2025-01-27,2,1021,4281,466,235,452
6358,2025-02-03,2,1021,4043,466,683,433
6359,2025-02-10,2,1021,4071,466,965,368
6360,2025-02-17,2,1021,3918,466,499,201
6361,2025-02-24,2,1021,4069,466,1004,377
6362,2025-03-03,2,1021,4121,466,305,219
6363,2025-03-10,2,1021,4084,466,954,334
6364,2025-03-17,2,1021,3881,466,454,382
6365,2025-03-24,2,1021,3722,466,558,91
6366,2025-03-31,2,1021,3969,466,375,141
6367,2025-04-07,2,1021,3696,466,358,342
6368,2025-04-14,2,1021,3828,466,451,401
6369,2025-04-21,2,1021,3713,466,503,85
6370,2025-04-28,2,1021,3876,466,372,175
6371,2025-05-05,2,1021,4095,466,294,99
6372,2025-05-12,2,1021,4258,466,976,377
6373,2025-05-19,2,1021,4064,466,352,211
6374,2025-05-26,2,1021,4102,466,812,312
6375,2025-06-02,2,1021,4002,466,905,275
6376,2025-06-09,2,1021,4088,466,796,210
6377,2025-06-16,2,1021,4067,466,389,256
6378,2025-06-23,2,1021,4213,466,239,65
6379,2025-06-30,2,1021,4030,466,241,245
6380,2025-07-07,2,1021,4255,466,461,481
6381,2025-07-14,2,1021,4284,466,1198,77
6382,2025-07-21,2,1021,4015,466,302,419
6383,2025-07-28,2,1021,4005,466,867,334
6384,2025-08-04,2,1021,4144,466,731,247
6385,2025-08-11,2,1021,3972,466,584,421
6386,2025-08-18,2,1021,3876,466,861,228
6387,2025-08-25,2,1021,3897,466,1078,471
6388,2025-09-01,2,1021,4012,466,656,308
6389,2025-09-08,2,1021,3761,466,64,313
6390,2025-09-15,2,1021,3685,466,40,444
6391,2025-09-22,2,1021,3594,466,42,36
6392,2025-09-29,2,1021,3742,466,314,364
6393,2025-10-06,2,1021,3919,466,291,204
6394,2025-10-13,2,1021,3886,466,1160,461
6395,2025-10-20,2,1021,3649,466,894,219
6396,2025-10-27,2,1021,3831,466,745,126
6397,2025-11-03,2,1021,3448,466,893,66
6398,2025-11-10,2,1021,3683,466,800,215
6399,2025-11-17,2,1021,3306,466,775,320
6400,2025-11-24,2,1021,3670,466,663,188
6401,2025-12-01,2,1021,3525,466,210,305
6402,2025-12-08,2,1021,3357,466,714,93
6403,2025-12-15,2,1021,3599,466,676,116
6404,2025-12-22,2,1021,3513,466,285,480
6405,2025-12-29,2,1021,3389,466,533,438
6406,2024-01-01,2,1022,1137,531,91,200
6407,2024-01-08,2,1022,1373,531,292,130
6408,2024-01-15,2,1022,1484,531,381,50
6409,2024-01-22,2,1022,1248,531,37,455
6410,2024-01-29,2,1022,995,531,263,242
6411,2024-02-05,2,1022,1218,531,156,433
6412,2024-02-12,2,1022,1304,531,332,70
6413,2024-02-19,2,1022,1212,531,95,154
6414,2024-02-26,2,1022,1473,531,85,272
6415,2024-03-04,2,1022,1463,531,258,488
6416,2024-03-11,2,1022,1381,531,203,54
6417,2024-03-18,2,1022,1549,531,334,445
6418,2024-03-25,2,1022,1710,531,144,54
6419,2024-04-01,2,1022,1563,531,117,423
6420,2024-04-08,2,1022,1573,531,76,446
6421,2024-04-15,2,1022,1832,531,451,330
6422,2024-04-22,2,1022,2102,531,154,264
6423,2024-04-29,2,1022,2177,531,592,36
6424,2024-05-06,2,1022,2133,531,310,48
6425,2024-05-13,2,1022,1856,531,532,313
6426,2024-05-20,2,1022,1986,531,575,169
6427,2024-05-27,2,1022,1815,531,420,429
6428,2024-06-03,2,1022,1635,531,74,455
6429,2024-06-10,2,1022,1866,531,71,365
6430,2024-06-17,2,1022,1955,531,243,21
6431,2024-06-24,2,1022,2194,531,339,424
6432,2024-07-01,2,1022,2265,531,517,256
6433,2024-07-08,2,1022,2168,531,611,457
6434,2024-07-15,2,1022,1911,531,73,98
6435,2024-07-22,2,1022,1997,531,260,338
6436,2024-07-29,2,1022,1895,531,429,276
6437,2024-08-05,2,1022,1981,531,516,342
6438,2024-08-12,2,1022,1861,531,452,436
6439,2024-08-19,2,1022,1915,531,489,327
6440,2024-08-26,2,1022,1942,531,513,60
6441,2024-09-02,2,1022,2091,531,584,355
6442,2024-09-09,2,1022,2166,531,267,115
6443,2024-09-16,2,1022,2096,531,255,71
6444,2024-09-23,2,1022,2189,531,220,244
6445,2024-09-30,2,1022,1895,531,56,394
6446,2024-10-07,2,1022,2120,531,587,285
6447,2024-10-14,2,1022,1757,531,171,5
6448,2024-10-21,2,1022,1764,531,406,282
6449,2024-10-28,2,1022,1909,531,566,338
6450,2024-11-04,2,1022,1963,531,247,224
6451,2024-11-11,2,1022,2280,531,203,341
6452,2024-11-18,2,1022,2030,531,165,62
6453,2024-11-25,2,1022,1860,531,267,479
6454,2024-12-02,2,1022,1673,531,427,169
6455,2024-12-09,2,1022,2056,531,595,401
6456,2024-12-16,2,1022,2189,531,460,423
6457,2024-12-23,2,1022,1809,531,264,194
6458,2024-12-30,2,1022,1877,531,514,87
6459,2025-01-06,2,1022,1627,531,249,417
6460,2025-01-13,2,1022,1577,531,71,228
6461,2025-01-20,2,1022,1833,531,505,434
6462,2025-01-27,2,1022,1617,531,119,97
6463,2025-02-03,2,1022,1648,531,126,426
6464,2025-02-10,2,1022,1741,531,417,443
6465,2025-02-17,2,1022,1683,531,483,197
6466,2025-02-24,2,1022,1470,531,89,6
6467,2025-03-03,2,1022,1589,531,255,472
6468,2025-03-10,2,1022,1650,531,266,196
6469,2025-03-17,2,1022,1853,531,211,217
6470,2025-03-24,2,1022,1588,531,326,140
6471,2025-03-31,2,1022,1584,531,291,163
6472,2025-04-07,2,1022,1420,531,336,424
6473,2025-04-14,2,1022,1156,531,68,322
6474,2025-04-21,2,1022,860,531,177,371
6475,2025-04-28,2,1022,1004,531,162,340
6476,2025-05-05,2,1022,807,531,11,433
6477,2025-05-12,2,1022,676,531,78,410
6478,2025-05-19,2,1022,650,531,148,336
6479,2025-05-26,2,1022,896,531,215,189
6480,2025-06-02,2,1022,799,531,4,263
6481,2025-06-09,2,1022,1064,531,217,344
6482,2025-06-16,2,1022,950,531,265,381
6483,2025-06-23,2,1022,702,531,72,493
6484,2025-06-30,2,1022,691,531,58,369
6485,2025-07-07,2,1022,457,531,17,0
6486,2025-07-14,2,1022,541,531,156,489
6487,2025-07-21,2,1022,812,531,115,124
6488,2025-07-28,2,1022,955,531,60,116
6489,2025-08-04,2,1022,1015,531,138,52
6490,2025-08-11,2,1022,1059,531,10,465
6491,2025-08-18,2,1022,1144,531,191,361
6492,2025-08-25,2,1022,1154,531,77,217
6493,2025-09-01,2,1022,1061,531,16,452
6494,2025-09-08,2,1022,962,531,78,52
6495,2025-09-15,2,1022,1115,531,45,325
6496,2025-09-22,2,1022,910,531,218,352
6497,2025-09-29,2,1022,950,531,184,15
6498,2025-10-06,2,1022,633,531,123,183
6499,2025-10-13,2,1022,736,531,103,88
6500,2025-10-20,2,1022,1094,531,89,336
6501,2025-10-27,2,1022,1140,531,44,339
6502,2025-11-03,2,1022,1033,531,82,78
6503,2025-11-10,2,1022,1177,531,269,109
6504,2025-11-17,2,1022,1454,531,108,215
6505,2025-11-24,2,1022,1560,531,237,228
6506,2025-12-01,2,1022,1574,531,106,142
6507,2025-12-08,2,1022,1728,531,323,384
6508,2025-12-15,2,1022,2043,531,368,432
6509,2025-12-22,2,1022,2185,531,225,300
6510,2025-12-29,2,1022,1916,531,544,288
6511,2024-01-01,2,1023,2585,508,774,239
6512,2024-01-08,2,1023,2470,508,523,132
6513,2024-01-15,2,1023,2606,508,344,112
6514,2024-01-22,2,1023,2588,508,585,189
6515,2024-01-29,2,1023,2554,508,265,233
6516,2024-02-05,2,1023,2331,508,586,145
6517,2024-02-12,2,1023,2284,508,314,104
6518,2024-02-19,2,1023,2514,508,355,211
6519,2024-02-26,2,1023,2745,508,730,333
6520,2024-03-04,2,1023,2460,508,528,78
6521,2024-03-11,2,1023,2281,508,4,71
6522,2024-03-18,2,1023,2490,508,669,3
6523,2024-03-25,2,1023,2762,508,270,423
6524,2024-04-01,2,1023,2993,508,134,324
6525,2024-04-08,2,1023,3211,508,961,377
6526,2024-04-15,2,1023,3240,508,616,472
6527,2024-04-22,2,1023,2972,508,326,223
6528,2024-04-29,2,1023,2850,508,73,138
6529,2024-05-06,2,1023,2803,508,469,104
6530,2024-05-13,2,1023,2659,508,578,135
6531,2024-05-20,2,1023,2871,508,410,383
6532,2024-05-27,2,1023,2572,508,629,452
6533,2024-06-03,2,1023,2696,508,649,38
6534,2024-06-10,2,1023,2765,508,287,414
6535,2024-06-17,2,1023,2697,508,56,246
6536,2024-06-24,2,1023,2681,508,765,132
6537,2024-07-01,2,1023,2773,508,568,466
6538,2024-07-08,2,1023,2553,508,18,9
6539,2024-07-15,2,1023,2541,508,175,297
6540,2024-07-22,2,1023,2489,508,71,325
6541,2024-07-29,2,1023,2285,508,78,493
6542,2024-08-05,2,1023,2396,508,70,168
6543,2024-08-12,2,1023,2234,508,225,192
6544,2024-08-19,2,1023,2305,508,594,322
6545,2024-08-26,2,1023,2165,508,476,405
6546,2024-09-02,2,1023,2384,508,31,498
6547,2024-09-09,2,1023,2103,508,82,394
6548,2024-09-16,2,1023,1958,508,476,304
6549,2024-09-23,2,1023,2113,508,72,330
6550,2024-09-30,2,1023,2045,508,544,91
6551,2024-10-07,2,1023,2341,508,524,455
6552,2024-10-14,2,1023,2283,508,171,146
6553,2024-10-21,2,1023,2389,508,335,36
6554,2024-10-28,2,1023,2029,508,149,197
6555,2024-11-04,2,1023,1926,508,119,325
6556,2024-11-11,2,1023,1759,508,228,44
6557,2024-11-18,2,1023,1481,508,81,363
6558,2024-11-25,2,1023,1276,508,33,293
6559,2024-12-02,2,1023,1481,508,370,134
6560,2024-12-09,2,1023,1114,508,222,73
6561,2024-12-16,2,1023,699,508,115,7
6562,2024-12-23,2,1023,384,508,25,121
6563,2024-12-30,2,1023,69,508,20,252
6564,2025-01-06,2,1023,199,508,32,117
6565,2025-01-13,2,1023,47,508,9,189
6566,2025-01-20,2,1023,0,508,0,464
6567,2025-01-27,2,1023,0,508,0,454
6568,2025-02-03,2,1023,131,508,9,435
6569,2025-02-10,2,1023,0,508,0,350
6570,2025-02-17,2,1023,0,508,0,94
6571,2025-02-24,2,1023,0,508,0,240
6572,2025-03-03,2,1023,0,508,0,160
6573,2025-03-10,2,1023,0,508,0,144
6574,2025-03-17,2,1023,219,508,4,431
6575,2025-03-24,2,1023,428,508,7,101
6576,2025-03-31,2,1023,478,508,24,249
6577,2025-04-07,2,1023,223,508,54,389
6578,2025-04-14,2,1023,87,508,12,248
6579,2025-04-21,2,1023,149,508,10,268
6580,2025-04-28,2,1023,0,508,0,346
6581,2025-05-05,2,1023,0,508,0,71
6582,2025-05-12,2,1023,0,508,0,238
6583,2025-05-19,2,1023,153,508,3,81
6584,2025-05-26,2,1023,429,508,30,66
6585,2025-06-02,2,1023,706,508,6,305
6586,2025-06-09,2,1023,826,508,220,16
6587,2025-06-16,2,1023,961,508,94,59
6588,2025-06-23,2,1023,1083,508,258,180
6589,2025-06-30,2,1023,1189,508,275,456
6590,2025-07-07,2,1023,1032,508,167,250
6591,2025-07-14,2,1023,1214,508,357,219
6592,2025-07-21,2,1023,1093,508,249,480
6593,2025-07-28,2,1023,1169,508,194,440
6594,2025-08-04,2,1023,1033,508,230,281
6595,2025-08-11,2,1023,1094,508,217,175
6596,2025-08-18,2,1023,1174,508,324,211
6597,2025-08-25,2,1023,1229,508,234,177
6598,2025-09-01,2,1023,1198,508,209,9
6599,2025-09-08,2,1023,998,508,249,387
6600,2025-09-15,2,1023,1149,508,174,438
6601,2025-09-22,2,1023,1242,508,118,293
6602,2025-09-29,2,1023,1001,508,189,476
6603,2025-10-06,2,1023,702,508,187,128
6604,2025-10-13,2,1023,574,508,117,318
6605,2025-10-20,2,1023,609,508,3,63
6606,2025-10-27,2,1023,320,508,16,293
6607,2025-11-03,2,1023,167,508,30,344
6608,2025-11-10,2,1023,126,508,16,163
6609,2025-11-17,2,1023,417,508,85,414
6610,2025-11-24,2,1023,386,508,58,155
6611,2025-12-01,2,1023,660,508,9,227
6612,2025-12-08,2,1023,594,508,21,179
6613,2025-12-15,2,1023,286,508,28,85
6614,2025-12-22,2,1023,0,508,0,497
6615,2025-12-29,2,1023,103,508,5,154
6616,2024-01-01,2,1024,3209,399,264,234
6617,2024-01-08,2,1024,3415,399,539,291
6618,2024-01-15,2,1024,3657,399,356,381
6619,2024-01-22,2,1024,3431,399,877,452
6620,2024-01-29,2,1024,3501,399,726,473
6621,2024-02-05,2,1024,3290,399,309,140
6622,2024-02-12,2,1024,3023,399,247,126
6623,2024-02-19,2,1024,3113,399,754,442
6624,2024-02-26,2,1024,3355,399,348,116
6625,2024-03-04,2,1024,3205,399,817,19
6626,2024-03-11,2,1024,3113,399,383,275
6627,2024-03-18,2,1024,2939,399,46,1
6628,2024-03-25,2,1024,2750,399,151,193
6629,2024-04-01,2,1024,2880,399,552,60
6630,2024-04-08,2,1024,2618,399,13,103
6631,2024-04-15,2,1024,2592,399,441,428
6632,2024-04-22,2,1024,2681,399,243,239
6633,2024-04-29,2,1024,2706,399,491,393
6634,2024-05-06,2,1024,2423,399,720,70
6635,2024-05-13,2,1024,2671,399,301,52
6636,2024-05-20,2,1024,2715,399,309,368
6637,2024-05-27,2,1024,2901,399,78,310
6638,2024-06-03,2,1024,2702,399,589,286
6639,2024-06-10,2,1024,2544,399,753,300
6640,2024-06-17,2,1024,2728,399,678,65
6641,2024-06-24,2,1024,2525,399,151,358
6642,2024-07-01,2,1024,2695,399,342,352
6643,2024-07-08,2,1024,2827,399,530,8
6644,2024-07-15,2,1024,3031,399,725,29
6645,2024-07-22,2,1024,3119,399,594,115
6646,2024-07-29,2,1024,3281,399,488,102
6647,2024-08-05,2,1024,3282,399,926,17
6648,2024-08-12,2,1024,3378,399,893,389
6649,2024-08-19,2,1024,3432,399,386,279
6650,2024-08-26,2,1024,3573,399,270,173
6651,2024-09-02,2,1024,3457,399,235,497
6652,2024-09-09,2,1024,3571,399,628,134
6653,2024-09-16,2,1024,3603,399,758,105
6654,2024-09-23,2,1024,3783,399,296,413
6655,2024-09-30,2,1024,3925,399,613,0
6656,2024-10-07,2,1024,4227,399,50,378
6657,2024-10-14,2,1024,3996,399,215,6
6658,2024-10-21,2,1024,3620,399,725,466
6659,2024-10-28,2,1024,3841,399,606,173
6660,2024-11-04,2,1024,4097,399,784,69
6661,2024-11-11,2,1024,4200,399,293,379
6662,2024-11-18,2,1024,4564,399,676,361
6663,2024-11-25,2,1024,4925,399,595,273
6664,2024-12-02,2,1024,4870,399,1034,108
6665,2024-12-09,2,1024,5101,399,358,451
6666,2024-12-16,2,1024,5487,399,64,292
6667,2024-12-23,2,1024,5107,399,175,374
6668,2024-12-30,2,1024,5144,399,982,162
6669,2025-01-06,2,1024,5365,399,722,431
6670,2025-01-13,2,1024,5519,399,1015,94
6671,2025-01-20,2,1024,5459,399,939,164
6672,2025-01-27,2,1024,5283,399,1210,17
6673,2025-02-03,2,1024,5297,399,1308,105
6674,2025-02-10,2,1024,5209,399,298,368
6675,2025-02-17,2,1024,5189,399,765,360
6676,2025-02-24,2,1024,5073,399,919,328
6677,2025-03-03,2,1024,4946,399,879,451
6678,2025-03-10,2,1024,4954,399,32,44
6679,2025-03-17,2,1024,5040,399,619,49
6680,2025-03-24,2,1024,5205,399,1132,239
6681,2025-03-31,2,1024,5363,399,423,481
6682,2025-04-07,2,1024,5496,399,1085,436
6683,2025-04-14,2,1024,5729,399,1120,457
6684,2025-04-21,2,1024,5494,399,888,38
6685,2025-04-28,2,1024,5565,399,1536,450
6686,2025-05-05,2,1024,5428,399,588,102
6687,2025-05-12,2,1024,5605,399,1025,137
6688,2025-05-19,2,1024,5563,399,1205,492
6689,2025-05-26,2,1024,5280,399,611,364
6690,2025-06-02,2,1024,5220,399,133,496
6691,2025-06-09,2,1024,5479,399,1608,394
6692,2025-06-16,2,1024,5526,399,553,417
6693,2025-06-23,2,1024,5602,399,1557,457
6694,2025-06-30,2,1024,5808,399,562,223
6695,2025-07-07,2,1024,5920,399,273,372
6696,2025-07-14,2,1024,6010,399,426,363
6697,2025-07-21,2,1024,6180,399,1292,368
6698,2025-07-28,2,1024,5886,399,991,51
6699,2025-08-04,2,1024,5863,399,1650,67
6700,2025-08-11,2,1024,5873,399,197,184
6701,2025-08-18,2,1024,5969,399,1572,59
6702,2025-08-25,2,1024,5981,399,1570,256
6703,2025-09-01,2,1024,5861,399,513,90
6704,2025-09-08,2,1024,6074,399,760,57
6705,2025-09-15,2,1024,6350,399,1781,256
6706,2025-09-22,2,1024,6361,399,1496,451
6707,2025-09-29,2,1024,6524,399,697,10
6708,2025-10-06,2,1024,6477,399,1754,368
6709,2025-10-13,2,1024,6468,399,583,391
6710,2025-10-20,2,1024,6151,399,786,222
6711,2025-10-27,2,1024,6095,399,902,12
6712,2025-11-03,2,1024,6286,399,1843,136
6713,2025-11-10,2,1024,6181,399,1501,322
6714,2025-11-17,2,1024,6272,399,1599,67
6715,2025-11-24,2,1024,6196,399,863,178
6716,2025-12-01,2,1024,6021,399,1264,225
6717,2025-12-08,2,1024,5827,399,715,177
6718,2025-12-15,2,1024,5825,399,1434,127
6719,2025-12-22,2,1024,5931,399,955,449
6720,2025-12-29,2,1024,5572,399,114,392
6721,2024-01-01,2,1025,1520,640,102,12
6722,2024-01-08,2,1025,1255,640,81,475
6723,2024-01-15,2,1025,1157,640,228,399
6724,2024-01-22,2,1025,1027,640,62,62
6725,2024-01-29,2,1025,1262,640,11,14
6726,2024-02-05,2,1025,1387,640,407,443
6727,2024-02-12,2,1025,1293,640,137,464
6728,2024-02-19,2,1025,1504,640,344,36
6729,2024-02-26,2,1025,1736,640,101,142
6730,2024-03-04,2,1025,1531,640,37,229
6731,2024-03-11,2,1025,1752,640,264,12
6732,2024-03-18,2,1025,1920,640,351,314
6733,2024-03-25,2,1025,1710,640,44,12
6734,2024-04-01,2,1025,1830,640,183,92
6735,2024-04-08,2,1025,2042,640,15,364
6736,2024-04-15,2,1025,1921,640,428,93
6737,2024-04-22,2,1025,1867,640,254,194
6738,2024-04-29,2,1025,1844,640,164,51
6739,2024-05-06,2,1025,1775,640,510,169
6740,2024-05-13,2,1025,2004,640,79,277
6741,2024-05-20,2,1025,2024,640,564,374
6742,2024-05-27,2,1025,2286,640,358,17
6743,2024-06-03,2,1025,2330,640,434,202
6744,2024-06-10,2,1025,2336,640,106,53
6745,2024-06-17,2,1025,2238,640,327,276
6746,2024-06-24,2,1025,2105,640,454,349
6747,2024-07-01,2,1025,1840,640,414,411
6748,2024-07-08,2,1025,1541,640,276,473
6749,2024-07-15,2,1025,1279,640,350,385
6750,2024-07-22,2,1025,1318,640,46,238
6751,2024-07-29,2,1025,1235,640,43,419
6752,2024-08-05,2,1025,1119,640,263,166
6753,2024-08-12,2,1025,1139,640,72,105
6754,2024-08-19,2,1025,1024,640,104,413
6755,2024-08-26,2,1025,1140,640,89,254
6756,2024-09-02,2,1025,951,640,223,182
6757,2024-09-09,2,1025,1198,640,168,430
6758,2024-09-16,2,1025,1119,640,228,250
6759,2024-09-23,2,1025,889,640,201,141
6760,2024-09-30,2,1025,800,640,41,472
6761,2024-10-07,2,1025,1141,640,45,183
6762,2024-10-14,2,1025,900,640,159,54
6763,2024-10-21,2,1025,911,640,71,139
6764,2024-10-28,2,1025,1269,640,263,197
6765,2024-11-04,2,1025,1238,640,197,147
6766,2024-11-11,2,1025,1624,640,34,403
6767,2024-11-18,2,1025,1761,640,279,91
6768,2024-11-25,2,1025,1454,640,410,137
6769,2024-12-02,2,1025,1547,640,152,35
6770,2024-12-09,2,1025,1771,640,2,2
6771,2024-12-16,2,1025,1796,640,220,33
6772,2024-12-23,2,1025,1866,640,236,166
6773,2024-12-30,2,1025,2169,640,48,182
6774,2025-01-06,2,1025,2067,640,203,302
6775,2025-01-13,2,1025,2037,640,489,268
6776,2025-01-20,2,1025,2068,640,541,455
6777,2025-01-27,2,1025,1959,640,103,183
6778,2025-02-03,2,1025,2180,640,570,279
6779,2025-02-10,2,1025,2204,640,301,402
6780,2025-02-17,2,1025,2033,640,113,387
6781,2025-02-24,2,1025,2272,640,622,12
6782,2025-03-03,2,1025,2434,640,530,474
6783,2025-03-10,2,1025,2241,640,56,168
6784,2025-03-17,2,1025,2215,640,16,17
6785,2025-03-24,2,1025,2363,640,191,146
6786,2025-03-31,2,1025,2405,640,638,129
6787,2025-04-07,2,1025,2326,640,82,86
6788,2025-04-14,2,1025,2446,640,572,202
6789,2025-04-21,2,1025,2473,640,493,236
6790,2025-04-28,2,1025,2399,640,109,326
6791,2025-05-05,2,1025,2626,640,94,370
6792,2025-05-12,2,1025,2657,640,736,356
6793,2025-05-19,2,1025,2851,640,108,57
6794,2025-05-26,2,1025,2640,640,769,494
6795,2025-06-02,2,1025,2906,640,131,243
6796,2025-06-09,2,1025,2730,640,431,319
6797,2025-06-16,2,1025,2547,640,558,194
6798,2025-06-23,2,1025,2303,640,537,119
6799,2025-06-30,2,1025,2163,640,75,324
6800,2025-07-07,2,1025,1928,640,299,213
6801,2025-07-14,2,1025,1784,640,250,239
6802,2025-07-21,2,1025,1944,640,315,395
6803,2025-07-28,2,1025,1975,640,347,112
6804,2025-08-04,2,1025,2119,640,124,145
6805,2025-08-11,2,1025,1971,640,374,497
6806,2025-08-18,2,1025,1881,640,153,165
6807,2025-08-25,2,1025,1723,640,399,207
6808,2025-09-01,2,1025,1768,640,298,381
6809,2025-09-08,2,1025,1732,640,274,410
6810,2025-09-15,2,1025,1494,640,359,398
6811,2025-09-22,2,1025,1518,640,83,281
6812,2025-09-29,2,1025,1465,640,366,367
6813,2025-10-06,2,1025,1603,640,340,265
6814,2025-10-13,2,1025,1633,640,3,244
6815,2025-10-20,2,1025,1794,640,243,390
6816,2025-10-27,2,1025,1642,640,14,482
6817,2025-11-03,2,1025,1553,640,63,434
6818,2025-11-10,2,1025,1480,640,180,40
6819,2025-11-17,2,1025,1768,640,347,90
6820,2025-11-24,2,1025,1973,640,495,303
6821,2025-12-01,2,1025,2321,640,203,425
6822,2025-12-08,2,1025,1947,640,549,386
6823,2025-12-15,2,1025,2033,640,218,160
6824,2025-12-22,2,1025,1687,640,504,76
6825,2025-12-29,2,1025,1408,640,299,476
6826,2024-01-01,2,1026,3415,705,525,270
6827,2024-01-08,2,1026,3621,705,96,326
6828,2024-01-15,2,1026,3564,705,99,165
6829,2024-01-22,2,1026,3783,705,720,128
6830,2024-01-29,2,1026,3842,705,365,201
6831,2024-02-05,2,1026,3778,705,857,198
6832,2024-02-12,2,1026,3529,705,738,230
6833,2024-02-19,2,1026,3517,705,440,358
6834,2024-02-26,2,1026,3584,705,18,485
6835,2024-03-04,2,1026,3592,705,611,130
6836,2024-03-11,2,1026,3356,705,117,201
6837,2024-03-18,2,1026,3279,705,907,262
6838,2024-03-25,2,1026,3332,705,558,441
6839,2024-04-01,2,1026,3596,705,581,181
6840,2024-04-08,2,1026,3311,705,831,232
6841,2024-04-15,2,1026,3565,705,1037,15
6842,2024-04-22,2,1026,3387,705,552,466
6843,2024-04-29,2,1026,3322,705,439,230
6844,2024-05-06,2,1026,3208,705,26,153
6845,2024-05-13,2,1026,3024,705,79,428
6846,2024-05-20,2,1026,3005,705,164,473
6847,2024-05-27,2,1026,2995,705,179,243
6848,2024-06-03,2,1026,3090,705,852,445
6849,2024-06-10,2,1026,3128,705,97,497
6850,2024-06-17,2,1026,2919,705,716,275
6851,2024-06-24,2,1026,2860,705,584,497
6852,2024-07-01,2,1026,2952,705,188,169
6853,2024-07-08,2,1026,2821,705,609,18
6854,2024-07-15,2,1026,2527,705,371,461
6855,2024-07-22,2,1026,2305,705,353,97
6856,2024-07-29,2,1026,2288,705,380,212
6857,2024-08-05,2,1026,2230,705,153,142
6858,2024-08-12,2,1026,2213,705,309,86
6859,2024-08-19,2,1026,2195,705,351,263
6860,2024-08-26,2,1026,2183,705,223,264
6861,2024-09-02,2,1026,2049,705,451,386
6862,2024-09-09,2,1026,2064,705,67,433
6863,2024-09-16,2,1026,1883,705,263,195
6864,2024-09-23,2,1026,1601,705,60,439
6865,2024-09-30,2,1026,1379,705,359,332
6866,2024-10-07,2,1026,1268,705,327,310
6867,2024-10-14,2,1026,1144,705,242,88
6868,2024-10-21,2,1026,1146,705,78,442
6869,2024-10-28,2,1026,1458,705,383,382
6870,2024-11-04,2,1026,1645,705,327,386
6871,2024-11-11,2,1026,1584,705,63,198
6872,2024-11-18,2,1026,1504,705,327,494
6873,2024-11-25,2,1026,1473,705,434,127
6874,2024-12-02,2,1026,1564,705,75,257
6875,2024-12-09,2,1026,1207,705,77,343
6876,2024-12-16,2,1026,1225,705,355,417
6877,2024-12-23,2,1026,1607,705,368,470
6878,2024-12-30,2,1026,1383,705,411,167
6879,2025-01-06,2,1026,1627,705,318,29
6880,2025-01-13,2,1026,1336,705,100,394
6881,2025-01-20,2,1026,1317,705,117,96
6882,2025-01-27,2,1026,1372,705,234,409
6883,2025-02-03,2,1026,1641,705,215,257
6884,2025-02-10,2,1026,1358,705,20,488
6885,2025-02-17,2,1026,1149,705,86,21
6886,2025-02-24,2,1026,1237,705,251,163
6887,2025-03-03,2,1026,1425,705,2,95
6888,2025-03-10,2,1026,1518,705,255,151
6889,2025-03-17,2,1026,1366,705,245,282
6890,2025-03-24,2,1026,1150,705,7,211
6891,2025-03-31,2,1026,1124,705,214,421
6892,2025-04-07,2,1026,1143,705,270,214
6893,2025-04-14,2,1026,979,705,100,71
6894,2025-04-21,2,1026,1020,705,118,237
6895,2025-04-28,2,1026,1170,705,4,54
6896,2025-05-05,2,1026,1316,705,321,89
6897,2025-05-12,2,1026,1422,705,234,150
6898,2025-05-19,2,1026,1263,705,55,468
6899,2025-05-26,2,1026,1480,705,443,431
6900,2025-06-02,2,1026,1275,705,146,4
6901,2025-06-09,2,1026,1107,705,68,299
6902,2025-06-16,2,1026,1214,705,340,235
6903,2025-06-23,2,1026,1145,705,288,446
6904,2025-06-30,2,1026,1352,705,279,415
6905,2025-07-07,2,1026,1503,705,40,201
6906,2025-07-14,2,1026,1661,705,74,427
6907,2025-07-21,2,1026,1781,705,510,24
6908,2025-07-28,2,1026,1646,705,237,378
6909,2025-08-04,2,1026,1629,705,92,169
6910,2025-08-11,2,1026,1455,705,333,361
6911,2025-08-18,2,1026,1584,705,127,252
6912,2025-08-25,2,1026,1638,705,300,83
6913,2025-09-01,2,1026,1526,705,125,196
6914,2025-09-08,2,1026,1730,705,206,315
6915,2025-09-15,2,1026,2008,705,501,462
6916,2025-09-22,2,1026,2191,705,143,390
6917,2025-09-29,2,1026,2131,705,77,81
6918,2025-10-06,2,1026,2016,705,603,38
6919,2025-10-13,2,1026,2108,705,212,443
6920,2025-10-20,2,1026,1924,705,123,416
6921,2025-10-27,2,1026,1593,705,80,101
6922,2025-11-03,2,1026,1469,705,188,158
6923,2025-11-10,2,1026,1358,705,62,365
6924,2025-11-17,2,1026,1164,705,155,154
6925,2025-11-24,2,1026,811,705,12,133
6926,2025-12-01,2,1026,1035,705,62,418
6927,2025-12-08,2,1026,860,705,25,232
6928,2025-12-15,2,1026,589,705,147,269
6929,2025-12-22,2,1026,918,705,113,135
6930,2025-12-29,2,1026,670,705,139,388
6931,2024-01-01,2,1027,1059,637,217,340
6932,2024-01-08,2,1027,1043,637,79,399
6933,2024-01-15,2,1027,1099,637,83,160
6934,2024-01-22,2,1027,940,637,275,319
6935,2024-01-29,2,1027,1112,637,112,209
6936,2024-02-05,2,1027,1071,637,113,290
6937,2024-02-12,2,1027,1058,637,157,55
6938,2024-02-19,2,1027,1173,637,152,293
6939,2024-02-26,2,1027,1188,637,241,382
6940,2024-03-04,2,1027,891,637,253,229
6941,2024-03-11,2,1027,1038,637,112,293
6942,2024-03-18,2,1027,999,637,6,187
6943,2024-03-25,2,1027,890,637,198,335
6944,2024-04-01,2,1027,915,637,210,111
6945,2024-04-08,2,1027,731,637,11,338
6946,2024-04-15,2,1027,463,637,138,132
6947,2024-04-22,2,1027,715,637,197,3
6948,2024-04-29,2,1027,968,637,211,408
6949,2024-05-06,2,1027,1106,637,84,278
6950,2024-05-13,2,1027,1105,637,18,81
6951,2024-05-20,2,1027,1115,637,294,280
6952,2024-05-27,2,1027,882,637,63,76
6953,2024-06-03,2,1027,602,637,112,74
6954,2024-06-10,2,1027,731,637,184,381
6955,2024-06-17,2,1027,870,637,182,118
6956,2024-06-24,2,1027,637,637,189,225
6957,2024-07-01,2,1027,897,637,27,351
6958,2024-07-08,2,1027,936,637,190,152
6959,2024-07-15,2,1027,772,637,90,349
6960,2024-07-22,2,1027,637,637,48,148
6961,2024-07-29,2,1027,709,637,18,161
6962,2024-08-05,2,1027,849,637,41,182
6963,2024-08-12,2,1027,928,637,64,110
6964,2024-08-19,2,1027,853,637,128,86
6965,2024-08-26,2,1027,703,637,183,331
6966,2024-09-02,2,1027,596,637,9,261
6967,2024-09-09,2,1027,617,637,98,164
6968,2024-09-16,2,1027,527,637,35,358
6969,2024-09-23,2,1027,573,637,126,377
6970,2024-09-30,2,1027,672,637,134,374
6971,2024-10-07,2,1027,666,637,117,116
6972,2024-10-14,2,1027,400,637,109,138
6973,2024-10-21,2,1027,38,637,7,26
6974,2024-10-28,2,1027,33,637,3,435
6975,2024-11-04,2,1027,0,637,0,126
6976,2024-11-11,2,1027,0,637,0,259
6977,2024-11-18,2,1027,383,637,65,294
6978,2024-11-25,2,1027,371,637,76,64
6979,2024-12-02,2,1027,0,637,0,458
6980,2024-12-09,2,1027,366,637,90,74
6981,2024-12-16,2,1027,39,637,11,373
6982,2024-12-23,2,1027,65,637,11,123
6983,2024-12-30,2,1027,0,637,0,267
6984,2025-01-06,2,1027,266,637,41,37
6985,2025-01-13,2,1027,442,637,130,225
6986,2025-01-20,2,1027,409,637,117,410
6987,2025-01-27,2,1027,198,637,14,347
6988,2025-02-03,2,1027,200,637,50,331
6989,2025-02-10,2,1027,261,637,45,147
6990,2025-02-17,2,1027,520,637,22,50
6991,2025-02-24,2,1027,702,637,109,199
6992,2025-03-03,2,1027,508,637,5,214
6993,2025-03-10,2,1027,583,637,51,403
6994,2025-03-17,2,1027,695,637,49,456
6995,2025-03-24,2,1027,958,637,131,332
6996,2025-03-31,2,1027,1188,637,217,10
6997,2025-04-07,2,1027,1237,637,19,15
6998,2025-04-14,2,1027,1140,637,170,330
6999,2025-04-21,2,1027,1232,637,167,441
7000,2025-04-28,2,1027,1427,637,8,493
7001,2025-05-05,2,1027,1214,637,79,460
7002,2025-05-12,2,1027,1320,637,192,94
7003,2025-05-19,2,1027,1515,637,283,326
7004,2025-05-26,2,1027,1602,637,295,176
7005,2025-06-02,2,1027,1340,637,83,225
7006,2025-06-09,2,1027,1131,637,221,18
7007,2025-06-16,2,1027,846,637,127,299
7008,2025-06-23,2,1027,918,637,138,225
7009,2025-06-30,2,1027,1162,637,237,56
7010,2025-07-07,2,1027,1138,637,39,430
7011,2025-07-14,2,1027,959,637,120,385
7012,2025-07-21,2,1027,786,637,118,394
7013,2025-07-28,2,1027,955,637,117,110
7014,2025-08-04,2,1027,805,637,4,61
7015,2025-08-11,2,1027,773,637,222,15
7016,2025-08-18,2,1027,776,637,9,494
7017,2025-08-25,2,1027,738,637,107,94
7018,2025-09-01,2,1027,861,637,44,322
7019,2025-09-08,2,1027,653,637,100,106
7020,2025-09-15,2,1027,486,637,77,24
7021,2025-09-22,2,1027,547,637,161,441
7022,2025-09-29,2,1027,528,637,58,270
7023,2025-10-06,2,1027,141,637,38,384
7024,2025-10-13,2,1027,457,637,115,241
7025,2025-10-20,2,1027,657,637,88,213
7026,2025-10-27,2,1027,820,637,106,288
7027,2025-11-03,2,1027,671,637,175,125
7028,2025-11-10,2,1027,753,637,123,477
7029,2025-11-17,2,1027,893,637,60,394
7030,2025-11-24,2,1027,806,637,74,346
7031,2025-12-01,2,1027,667,637,97,86
7032,2025-12-08,2,1027,702,637,61,15
7033,2025-12-15,2,1027,681,637,101,112
7034,2025-12-22,2,1027,1050,637,214,248
7035,2025-12-29,2,1027,1271,637,168,60
7036,2024-01-01,2,1028,3005,458,721,32
7037,2024-01-08,2,1028,3222,458,957,419
7038,2024-01-15,2,1028,3223,458,820,17
7039,2024-01-22,2,1028,3189,458,194,24
7040,2024-01-29,2,1028,3375,458,47,64
7041,2024-02-05,2,1028,3419,458,960,208
7042,2024-02-12,2,1028,3276,458,248,377
7043,2024-02-19,2,1028,3036,458,458,107
7044,2024-02-26,2,1028,3105,458,475,107
7045,2024-03-04,2,1028,3001,458,386,304
7046,2024-03-11,2,1028,3184,458,901,149
7047,2024-03-18,2,1028,3072,458,587,383
7048,2024-03-25,2,1028,3250,458,618,123
7049,2024-04-01,2,1028,3465,458,690,147
7050,2024-04-08,2,1028,3308,458,598,117
7051,2024-04-15,2,1028,3331,458,338,88
7052,2024-04-22,2,1028,3078,458,768,337
7053,2024-04-29,2,1028,3237,458,27,185
7054,2024-05-06,2,1028,3357,458,660,316
7055,2024-05-13,2,1028,3268,458,774,344
7056,2024-05-20,2,1028,3448,458,890,299
7057,2024-05-27,2,1028,3192,458,361,296
7058,2024-06-03,2,1028,2909,458,637,407
7059,2024-06-10,2,1028,2853,458,641,152
7060,2024-06-17,2,1028,3013,458,59,345
7061,2024-06-24,2,1028,3260,458,486,310
7062,2024-07-01,2,1028,3520,458,143,83
7063,2024-07-08,2,1028,3423,458,470,352
7064,2024-07-15,2,1028,3668,458,115,467
7065,2024-07-22,2,1028,3685,458,146,230
7066,2024-07-29,2,1028,3514,458,640,69
7067,2024-08-05,2,1028,3431,458,295,251
7068,2024-08-12,2,1028,3483,458,844,144
7069,2024-08-19,2,1028,3314,458,223,203
7070,2024-08-26,2,1028,3317,458,904,205
7071,2024-09-02,2,1028,3232,458,280,279
7072,2024-09-09,2,1028,2986,458,187,295
7073,2024-09-16,2,1028,2974,458,262,259
7074,2024-09-23,2,1028,3018,458,273,241
7075,2024-09-30,2,1028,2856,458,552,96
7076,2024-10-07,2,1028,3025,458,834,266
7077,2024-10-14,2,1028,3064,458,871,36
7078,2024-10-21,2,1028,2819,458,447,270
7079,2024-10-28,2,1028,2772,458,576,257
7080,2024-11-04,2,1028,2539,458,99,461
7081,2024-11-11,2,1028,2474,458,505,417
7082,2024-11-18,2,1028,2636,458,533,380
7083,2024-11-25,2,1028,2741,458,131,48
7084,2024-12-02,2,1028,2963,458,498,445
7085,2024-12-09,2,1028,2597,458,198,187
7086,2024-12-16,2,1028,2392,458,95,247
7087,2024-12-23,2,1028,2085,458,557,54
7088,2024-12-30,2,1028,2029,458,252,246
7089,2025-01-06,2,1028,2198,458,240,98
7090,2025-01-13,2,1028,2082,458,128,94
7091,2025-01-20,2,1028,1832,458,109,103
7092,2025-01-27,2,1028,2006,458,339,147
7093,2025-02-03,2,1028,2047,458,225,397
7094,2025-02-10,2,1028,2032,458,401,219
7095,2025-02-17,2,1028,1973,458,196,328
7096,2025-02-24,2,1028,1818,458,115,254
7097,2025-03-03,2,1028,1848,458,40,124
7098,2025-03-10,2,1028,1640,458,291,168
7099,2025-03-17,2,1028,1807,458,143,6
7100,2025-03-24,2,1028,1512,458,303,425
7101,2025-03-31,2,1028,1235,458,123,51
7102,2025-04-07,2,1028,1195,458,270,136
7103,2025-04-14,2,1028,1343,458,168,380
7104,2025-04-21,2,1028,1549,458,177,136
7105,2025-04-28,2,1028,1524,458,181,231
7106,2025-05-05,2,1028,1583,458,191,124
7107,2025-05-12,2,1028,1823,458,459,92
7108,2025-05-19,2,1028,1748,458,12,257
7109,2025-05-26,2,1028,1764,458,128,230
7110,2025-06-02,2,1028,1649,458,226,101
7111,2025-06-09,2,1028,1815,458,407,106
7112,2025-06-16,2,1028,1838,458,401,447
7113,2025-06-23,2,1028,1716,458,253,108
7114,2025-06-30,2,1028,1457,458,22,8
7115,2025-07-07,2,1028,1250,458,281,457
7116,2025-07-14,2,1028,1484,458,274,246
7117,2025-07-21,2,1028,1207,458,225,352
7118,2025-07-28,2,1028,1066,458,281,420
7119,2025-08-04,2,1028,1139,458,123,259
7120,2025-08-11,2,1028,1112,458,239,85
7121,2025-08-18,2,1028,1254,458,112,211
7122,2025-08-25,2,1028,1341,458,276,305
7123,2025-09-01,2,1028,1179,458,88,399
7124,2025-09-08,2,1028,1002,458,52,156
7125,2025-09-15,2,1028,882,458,34,349
7126,2025-09-22,2,1028,728,458,78,494
7127,2025-09-29,2,1028,750,458,98,396
7128,2025-10-06,2,1028,587,458,20,135
7129,2025-10-13,2,1028,622,458,156,254
7130,2025-10-20,2,1028,700,458,119,41
7131,2025-10-27,2,1028,590,458,94,322
7132,2025-11-03,2,1028,714,458,62,374
7133,2025-11-10,2,1028,1066,458,6,392
7134,2025-11-17,2,1028,917,458,270,205
7135,2025-11-24,2,1028,1155,458,19,265
7136,2025-12-01,2,1028,1027,458,211,435
7137,2025-12-08,2,1028,1053,458,295,482
7138,2025-12-15,2,1028,1272,458,251,430
7139,2025-12-22,2,1028,1343,458,402,389
7140,2025-12-29,2,1028,1330,458,1,247
7141,2024-01-01,2,1029,2904,487,734,262
7142,2024-01-08,2,1029,2786,487,135,225
7143,2024-01-15,2,1029,2822,487,774,327
7144,2024-01-22,2,1029,2931,487,159,45
7145,2024-01-29,2,1029,2677,487,113,114
7146,2024-02-05,2,1029,2951,487,67,281
7147,2024-02-12,2,1029,2834,487,143,492
7148,2024-02-19,2,1029,3077,487,308,24
7149,2024-02-26,2,1029,3012,487,745,238
7150,2024-03-04,2,1029,2760,487,814,308
7151,2024-03-11,2,1029,2991,487,84,199
7152,2024-03-18,2,1029,3164,487,545,455
7153,2024-03-25,2,1029,3366,487,455,255
7154,2024-04-01,2,1029,3090,487,340,93
7155,2024-04-08,2,1029,2803,487,300,162
7156,2024-04-15,2,1029,2769,487,415,137
7157,2024-04-22,2,1029,2576,487,741,375
7158,2024-04-29,2,1029,2475,487,651,58
7159,2024-05-06,2,1029,2489,487,387,172
7160,2024-05-13,2,1029,2456,487,101,57
7161,2024-05-20,2,1029,2585,487,398,407
7162,2024-05-27,2,1029,2810,487,778,120
7163,2024-06-03,2,1029,2661,487,302,431
7164,2024-06-10,2,1029,2827,487,300,101
7165,2024-06-17,2,1029,2929,487,287,346
7166,2024-06-24,2,1029,3066,487,873,237
7167,2024-07-01,2,1029,3343,487,454,471
7168,2024-07-08,2,1029,3101,487,358,449
7169,2024-07-15,2,1029,3001,487,191,240
7170,2024-07-22,2,1029,2899,487,604,123
7171,2024-07-29,2,1029,2599,487,444,389
7172,2024-08-05,2,1029,2588,487,241,320
7173,2024-08-12,2,1029,2612,487,542,450
7174,2024-08-19,2,1029,2754,487,638,434
7175,2024-08-26,2,1029,2795,487,564,234
7176,2024-09-02,2,1029,3025,487,331,69
7177,2024-09-09,2,1029,2805,487,145,299
7178,2024-09-16,2,1029,3005,487,340,410
7179,2024-09-23,2,1029,2992,487,741,458
7180,2024-09-30,2,1029,2940,487,8,135
7181,2024-10-07,2,1029,2920,487,69,33
7182,2024-10-14,2,1029,2610,487,16,145
7183,2024-10-21,2,1029,2933,487,513,233
7184,2024-10-28,2,1029,3102,487,828,391
7185,2024-11-04,2,1029,3464,487,1022,13
7186,2024-11-11,2,1029,3672,487,718,286
7187,2024-11-18,2,1029,3845,487,547,112
7188,2024-11-25,2,1029,4042,487,489,172
7189,2024-12-02,2,1029,3998,487,197,183
7190,2024-12-09,2,1029,3733,487,827,164
7191,2024-12-16,2,1029,3833,487,853,135
7192,2024-12-23,2,1029,3950,487,1152,232
7193,2024-12-30,2,1029,4038,487,1167,180
7194,2025-01-06,2,1029,4021,487,118,25
7195,2025-01-13,2,1029,3790,487,1002,129
7196,2025-01-20,2,1029,3943,487,323,366
7197,2025-01-27,2,1029,4206,487,1034,3
7198,2025-02-03,2,1029,4157,487,324,426
7199,2025-02-10,2,1029,4351,487,1267,11
7200,2025-02-17,2,1029,4219,487,288,186
7201,2025-02-24,2,1029,4399,487,979,483
7202,2025-03-03,2,1029,4099,487,562,83
7203,2025-03-10,2,1029,3936,487,462,210
7204,2025-03-17,2,1029,4047,487,157,337
7205,2025-03-24,2,1029,4319,487,698,220
7206,2025-03-31,2,1029,4431,487,199,311
7207,2025-04-07,2,1029,4524,487,755,415
7208,2025-04-14,2,1029,4414,487,486,479
7209,2025-04-21,2,1029,4682,487,136,457
7210,2025-04-28,2,1029,4505,487,1050,485
7211,2025-05-05,2,1029,4282,487,97,217
7212,2025-05-12,2,1029,4324,487,547,402
7213,2025-05-19,2,1029,4445,487,584,316
7214,2025-05-26,2,1029,4596,487,108,113
7215,2025-06-02,2,1029,4426,487,338,493
7216,2025-06-09,2,1029,4170,487,714,225
7217,2025-06-16,2,1029,3907,487,321,390
7218,2025-06-23,2,1029,3905,487,146,383
7219,2025-06-30,2,1029,3724,487,1009,408
7220,2025-07-07,2,1029,3501,487,44,451
7221,2025-07-14,2,1029,3271,487,873,249
7222,2025-07-21,2,1029,2980,487,787,396
7223,2025-07-28,2,1029,2794,487,713,357
7224,2025-08-04,2,1029,2879,487,170,30
7225,2025-08-11,2,1029,2723,487,664,361
7226,2025-08-18,2,1029,2796,487,674,91
7227,2025-08-25,2,1029,2804,487,558,114
7228,2025-09-01,2,1029,3023,487,697,258
7229,2025-09-08,2,1029,2854,487,173,216
7230,2025-09-15,2,1029,2893,487,804,411
7231,2025-09-22,2,1029,3073,487,797,312
7232,2025-09-29,2,1029,3328,487,544,11
7233,2025-10-06,2,1029,3560,487,759,192
7234,2025-10-13,2,1029,3477,487,14,164
7235,2025-10-20,2,1029,3772,487,672,236
7236,2025-10-27,2,1029,4145,487,1035,338
7237,2025-11-03,2,1029,3744,487,856,499
7238,2025-11-10,2,1029,3514,487,991,152
7239,2025-11-17,2,1029,3295,487,884,339
7240,2025-11-24,2,1029,3346,487,142,207
7241,2025-12-01,2,1029,3253,487,132,340
7242,2025-12-08,2,1029,3071,487,591,435
7243,2025-12-15,2,1029,2761,487,106,221
7244,2025-12-22,2,1029,2976,487,252,140
7245,2025-12-29,2,1029,2892,487,126,23
7246,2024-01-01,2,1030,2740,486,31,169
7247,2024-01-08,2,1030,2714,486,484,227
7248,2024-01-15,2,1030,2557,486,763,481
7249,2024-01-22,2,1030,2522,486,570,141
7250,2024-01-29,2,1030,2351,486,24,216
7251,2024-02-05,2,1030,2093,486,183,114
7252,2024-02-12,2,1030,1969,486,113,156
7253,2024-02-19,2,1030,1863,486,67,74
7254,2024-02-26,2,1030,2077,486,189,41
7255,2024-03-04,2,1030,2201,486,603,26
7256,2024-03-11,2,1030,2443,486,414,388
7257,2024-03-18,2,1030,2332,486,633,276
7258,2024-03-25,2,1030,2595,486,585,482
7259,2024-04-01,2,1030,2630,486,131,139
7260,2024-04-08,2,1030,2693,486,189,70
7261,2024-04-15,2,1030,2496,486,299,383
7262,2024-04-22,2,1030,2427,486,369,346
7263,2024-04-29,2,1030,2350,486,26,189
7264,2024-05-06,2,1030,2329,486,210,103
7265,2024-05-13,2,1030,2371,486,298,280
7266,2024-05-20,2,1030,2305,486,591,82
7267,2024-05-27,2,1030,2434,486,578,106
7268,2024-06-03,2,1030,2501,486,660,108
7269,2024-06-10,2,1030,2567,486,22,482
7270,2024-06-17,2,1030,2558,486,440,84
7271,2024-06-24,2,1030,2774,486,429,470
7272,2024-07-01,2,1030,2611,486,352,52
7273,2024-07-08,2,1030,2556,486,427,281
7274,2024-07-15,2,1030,2409,486,238,335
7275,2024-07-22,2,1030,2666,486,390,52
7276,2024-07-29,2,1030,2857,486,824,454
7277,2024-08-05,2,1030,2958,486,350,24
7278,2024-08-12,2,1030,2847,486,686,435
7279,2024-08-19,2,1030,2881,486,274,100
7280,2024-08-26,2,1030,2982,486,514,184
7281,2024-09-02,2,1030,3134,486,476,386
7282,2024-09-09,2,1030,3189,486,349,89
7283,2024-09-16,2,1030,3089,486,667,80
7284,2024-09-23,2,1030,3010,486,366,350
7285,2024-09-30,2,1030,2882,486,688,45
7286,2024-10-07,2,1030,3134,486,147,363
7287,2024-10-14,2,1030,3271,486,241,232
7288,2024-10-21,2,1030,3048,486,174,376
7289,2024-10-28,2,1030,2807,486,333,114
7290,2024-11-04,2,1030,2623,486,162,48
7291,2024-11-11,2,1030,2712,486,646,263
7292,2024-11-18,2,1030,2643,486,6,35
7293,2024-11-25,2,1030,2708,486,673,456
7294,2024-12-02,2,1030,2785,486,706,422
7295,2024-12-09,2,1030,2373,486,159,128
7296,2024-12-16,2,1030,2480,486,279,212
7297,2024-12-23,2,1030,2219,486,609,440
7298,2024-12-30,2,1030,2126,486,538,480
7299,2025-01-06,2,1030,2386,486,19,415
7300,2025-01-13,2,1030,2635,486,569,497
7301,2025-01-20,2,1030,2785,486,154,290
7302,2025-01-27,2,1030,2587,486,367,271
7303,2025-02-03,2,1030,2375,486,510,339
7304,2025-02-10,2,1030,2598,486,741,111
7305,2025-02-17,2,1030,2473,486,383,244
7306,2025-02-24,2,1030,2282,486,230,469
7307,2025-03-03,2,1030,2142,486,331,200
7308,2025-03-10,2,1030,1995,486,10,466
7309,2025-03-17,2,1030,1848,486,74,397
7310,2025-03-24,2,1030,1570,486,222,477
7311,2025-03-31,2,1030,1641,486,445,438
7312,2025-04-07,2,1030,1460,486,33,375
7313,2025-04-14,2,1030,1582,486,245,429
7314,2025-04-21,2,1030,1812,486,253,157
7315,2025-04-28,2,1030,2015,486,39,403
7316,2025-05-05,2,1030,2291,486,283,382
7317,2025-05-12,2,1030,2493,486,27,463
7318,2025-05-19,2,1030,2301,486,405,151
7319,2025-05-26,2,1030,2009,486,337,320
7320,2025-06-02,2,1030,1866,486,296,37
7321,2025-06-09,2,1030,2000,486,376,338
7322,2025-06-16,2,1030,2132,486,222,485
7323,2025-06-23,2,1030,2247,486,361,386
7324,2025-06-30,2,1030,2241,486,420,408
7325,2025-07-07,2,1030,2233,486,299,333
7326,2025-07-14,2,1030,2116,486,381,59
7327,2025-07-21,2,1030,1987,486,0,464
7328,2025-07-28,2,1030,1723,486,454,97
7329,2025-08-04,2,1030,1837,486,527,149
7330,2025-08-11,2,1030,1812,486,147,137
7331,2025-08-18,2,1030,1979,486,361,189
7332,2025-08-25,2,1030,2114,486,226,170
7333,2025-09-01,2,1030,2262,486,529,47
7334,2025-09-08,2,1030,2343,486,170,130
7335,2025-09-15,2,1030,2525,486,355,3
7336,2025-09-22,2,1030,2662,486,433,439
7337,2025-09-29,2,1030,2423,486,317,84
7338,2025-10-06,2,1030,2309,486,641,31
7339,2025-10-13,2,1030,2568,486,244,412
7340,2025-10-20,2,1030,2642,486,349,134
7341,2025-10-27,2,1030,2754,486,358,97
7342,2025-11-03,2,1030,2664,486,621,434
7343,2025-11-10,2,1030,3014,486,41,160
7344,2025-11-17,2,1030,2610,486,408,340
7345,2025-11-24,2,1030,2776,486,762,462
7346,2025-12-01,2,1030,2591,486,370,126
7347,2025-12-08,2,1030,2841,486,290,435
7348,2025-12-15,2,1030,2474,486,629,265
7349,2025-12-22,2,1030,2269,486,672,163
7350,2025-12-29,2,1030,2053,486,386,228
7351,2024-01-01,2,1031,3517,572,449,130
7352,2024-01-08,2,1031,3485,572,555,214
7353,2024-01-15,2,1031,3243,572,518,184
7354,2024-01-22,2,1031,3299,572,300,314
7355,2024-01-29,2,1031,3044,572,189,311
7356,2024-02-05,2,1031,3152,572,74,130
7357,2024-02-12,2,1031,3033,572,389,430
7358,2024-02-19,2,1031,3022,572,608,145
7359,2024-02-26,2,1031,2734,572,406,181
7360,2024-03-04,2,1031,2497,572,203,183
7361,2024-03-11,2,1031,2336,572,6,484
7362,2024-03-18,2,1031,2548,572,508,161
7363,2024-03-25,2,1031,2793,572,415,230
7364,2024-04-01,2,1031,2783,572,636,291
7365,2024-04-08,2,1031,2862,572,51,51
7366,2024-04-15,2,1031,2795,572,383,166
7367,2024-04-22,2,1031,2623,572,9,408
7368,2024-04-29,2,1031,2741,572,276,315
7369,2024-05-06,2,1031,2988,572,509,224
7370,2024-05-13,2,1031,3021,572,186,109
7371,2024-05-20,2,1031,2857,572,713,384
7372,2024-05-27,2,1031,2904,572,548,130
7373,2024-06-03,2,1031,3113,572,556,258
7374,2024-06-10,2,1031,2909,572,521,431
7375,2024-06-17,2,1031,3001,572,425,429
7376,2024-06-24,2,1031,2916,572,139,31
7377,2024-07-01,2,1031,3049,572,346,322
7378,2024-07-08,2,1031,2761,572,614,235
7379,2024-07-15,2,1031,3003,572,661,312
7380,2024-07-22,2,1031,3001,572,836,18
7381,2024-07-29,2,1031,3134,572,668,182
7382,2024-08-05,2,1031,3112,572,196,207
7383,2024-08-12,2,1031,3016,572,78,274
7384,2024-08-19,2,1031,3166,572,264,23
7385,2024-08-26,2,1031,3330,572,245,213
7386,2024-09-02,2,1031,3224,572,27,495
7387,2024-09-09,2,1031,3316,572,421,434
7388,2024-09-16,2,1031,3260,572,889,377
7389,2024-09-23,2,1031,3293,572,492,293
7390,2024-09-30,2,1031,3021,572,881,315
7391,2024-10-07,2,1031,2834,572,481,40
7392,2024-10-14,2,1031,2986,572,733,241
7393,2024-10-21,2,1031,2750,572,528,52
7394,2024-10-28,2,1031,2454,572,560,150
7395,2024-11-04,2,1031,2468,572,621,33
7396,2024-11-11,2,1031,2081,572,552,0
7397,2024-11-18,2,1031,2418,572,671,241
7398,2024-11-25,2,1031,2196,572,607,4
7399,2024-12-02,2,1031,2432,572,48,271
7400,2024-12-09,2,1031,2727,572,229,492
7401,2024-12-16,2,1031,2472,572,49,92
7402,2024-12-23,2,1031,2483,572,503,258
7403,2024-12-30,2,1031,2494,572,519,150
7404,2025-01-06,2,1031,2414,572,328,422
7405,2025-01-13,2,1031,2472,572,79,482
7406,2025-01-20,2,1031,2410,572,532,364
7407,2025-01-27,2,1031,2667,572,111,278
7408,2025-02-03,2,1031,2859,572,141,271
7409,2025-02-10,2,1031,2984,572,484,42
7410,2025-02-17,2,1031,2951,572,710,303
7411,2025-02-24,2,1031,2963,572,828,102
7412,2025-03-03,2,1031,2773,572,536,285
7413,2025-03-10,2,1031,2508,572,602,83
7414,2025-03-17,2,1031,2566,572,142,328
7415,2025-03-24,2,1031,2322,572,268,250
7416,2025-03-31,2,1031,2586,572,763,499
7417,2025-04-07,2,1031,2731,572,315,295
7418,2025-04-14,2,1031,2910,572,231,238
7419,2025-04-21,2,1031,2790,572,421,386
7420,2025-04-28,2,1031,2686,572,36,278
7421,2025-05-05,2,1031,2832,572,182,42
7422,2025-05-12,2,1031,2937,572,385,219
7423,2025-05-19,2,1031,2790,572,652,424
7424,2025-05-26,2,1031,2754,572,26,317
7425,2025-06-02,2,1031,2506,572,740,275
7426,2025-06-09,2,1031,2243,572,371,249
7427,2025-06-16,2,1031,2237,572,175,23
7428,2025-06-23,2,1031,2088,572,541,302
7429,2025-06-30,2,1031,2284,572,573,380
7430,2025-07-07,2,1031,2509,572,471,395
7431,2025-07-14,2,1031,2739,572,294,265
7432,2025-07-21,2,1031,2844,572,370,404
7433,2025-07-28,2,1031,2842,572,851,270
7434,2025-08-04,2,1031,2817,572,358,141
7435,2025-08-11,2,1031,2692,572,271,40
7436,2025-08-18,2,1031,2771,572,223,447
7437,2025-08-25,2,1031,2725,572,438,418
7438,2025-09-01,2,1031,2692,572,793,271
7439,2025-09-08,2,1031,2471,572,225,233
7440,2025-09-15,2,1031,2457,572,369,322
7441,2025-09-22,2,1031,2570,572,688,237
7442,2025-09-29,2,1031,2488,572,311,368
7443,2025-10-06,2,1031,2205,572,48,90
7444,2025-10-13,2,1031,2289,572,670,123
7445,2025-10-20,2,1031,2620,572,784,57
7446,2025-10-27,2,1031,2765,572,407,317
7447,2025-11-03,2,1031,2916,572,264,424
7448,2025-11-10,2,1031,3117,572,165,27
7449,2025-11-17,2,1031,2709,572,471,400
7450,2025-11-24,2,1031,2303,572,523,234
7451,2025-12-01,2,1031,2581,572,365,240
7452,2025-12-08,2,1031,2907,572,498,458
7453,2025-12-15,2,1031,2891,572,551,324
7454,2025-12-22,2,1031,2487,572,744,137
7455,2025-12-29,2,1031,2222,572,212,20
7456,2024-01-01,2,1032,3882,618,1140,3
7457,2024-01-08,2,1032,3929,618,441,213
7458,2024-01-15,2,1032,3814,618,100,74
7459,2024-01-22,2,1032,3532,618,166,94
7460,2024-01-29,2,1032,3498,618,302,239
7461,2024-02-05,2,1032,3769,618,314,350
7462,2024-02-12,2,1032,3953,618,1011,162
7463,2024-02-19,2,1032,3778,618,257,301
7464,2024-02-26,2,1032,3891,618,1123,245
7465,2024-03-04,2,1032,3898,618,439,144
7466,2024-03-11,2,1032,3615,618,856,57
7467,2024-03-18,2,1032,3463,618,206,288
7468,2024-03-25,2,1032,3286,618,662,409
7469,2024-04-01,2,1032,3224,618,782,404
7470,2024-04-08,2,1032,2976,618,613,243
7471,2024-04-15,2,1032,3179,618,812,386
7472,2024-04-22,2,1032,2976,618,534,47
7473,2024-04-29,2,1032,3229,618,773,188
7474,2024-05-06,2,1032,3428,618,954,249
7475,2024-05-13,2,1032,3193,618,176,261
7476,2024-05-20,2,1032,3354,618,798,406
7477,2024-05-27,2,1032,3112,618,801,314
7478,2024-06-03,2,1032,2991,618,829,397
7479,2024-06-10,2,1032,2726,618,496,300
7480,2024-06-17,2,1032,2996,618,529,166
7481,2024-06-24,2,1032,2762,618,74,477
7482,2024-07-01,2,1032,2794,618,609,320
7483,2024-07-08,2,1032,2958,618,516,1
7484,2024-07-15,2,1032,2834,618,86,471
7485,2024-07-22,2,1032,2915,618,485,245
7486,2024-07-29,2,1032,2764,618,788,458
7487,2024-08-05,2,1032,2780,618,652,373
7488,2024-08-12,2,1032,2810,618,130,231
7489,2024-08-19,2,1032,2953,618,510,241
7490,2024-08-26,2,1032,2998,618,464,297
7491,2024-09-02,2,1032,3145,618,890,256
7492,2024-09-09,2,1032,3036,618,774,85
7493,2024-09-16,2,1032,2804,618,358,492
7494,2024-09-23,2,1032,3024,618,529,275
7495,2024-09-30,2,1032,2746,618,302,298
7496,2024-10-07,2,1032,2909,618,283,201
7497,2024-10-14,2,1032,2683,618,645,54
7498,2024-10-21,2,1032,2463,618,150,77
7499,2024-10-28,2,1032,2605,618,541,348
7500,2024-11-04,2,1032,2185,618,368,319
7501,2024-11-11,2,1032,1815,618,495,323
7502,2024-11-18,2,1032,1994,618,439,264
7503,2024-11-25,2,1032,2174,618,120,237
7504,2024-12-02,2,1032,1839,618,247,240
7505,2024-12-09,2,1032,1986,618,591,19
7506,2024-12-16,2,1032,1791,618,488,446
7507,2024-12-23,2,1032,1432,618,129,37
7508,2024-12-30,2,1032,1345,618,142,289
7509,2025-01-06,2,1032,1528,618,200,206
7510,2025-01-13,2,1032,1673,618,443,134
7511,2025-01-20,2,1032,1666,618,191,377
7512,2025-01-27,2,1032,1367,618,299,73
7513,2025-02-03,2,1032,1625,618,116,182
7514,2025-02-10,2,1032,1867,618,549,136
7515,2025-02-17,2,1032,1951,618,372,411
7516,2025-02-24,2,1032,2138,618,624,211
7517,2025-03-03,2,1032,2199,618,14,349
7518,2025-03-10,2,1032,2339,618,209,366
7519,2025-03-17,2,1032,2334,618,436,475
7520,2025-03-24,2,1032,2248,618,80,26
7521,2025-03-31,2,1032,2262,618,323,191
7522,2025-04-07,2,1032,2528,618,59,121
7523,2025-04-14,2,1032,2731,618,404,412
7524,2025-04-21,2,1032,2552,618,225,384
7525,2025-04-28,2,1032,2256,618,366,249
7526,2025-05-05,2,1032,2491,618,561,447
7527,2025-05-12,2,1032,2359,618,250,223
7528,2025-05-19,2,1032,2231,618,84,384
7529,2025-05-26,2,1032,2022,618,434,439
7530,2025-06-02,2,1032,2059,618,178,389
7531,2025-06-09,2,1032,1911,618,415,316
7532,2025-06-16,2,1032,1666,618,108,496
7533,2025-06-23,2,1032,1570,618,412,16
7534,2025-06-30,2,1032,1744,618,43,94
7535,2025-07-07,2,1032,1766,618,443,36
7536,2025-07-14,2,1032,1781,618,247,368
7537,2025-07-21,2,1032,1998,618,440,428
7538,2025-07-28,2,1032,1993,618,104,230
7539,2025-08-04,2,1032,1874,618,133,369
7540,2025-08-11,2,1032,1898,618,311,214
7541,2025-08-18,2,1032,1938,618,114,151
7542,2025-08-25,2,1032,1938,618,354,66
7543,2025-09-01,2,1032,2135,618,176,79
7544,2025-09-08,2,1032,1996,618,594,210
7545,2025-09-15,2,1032,1732,618,253,481
7546,2025-09-22,2,1032,1970,618,324,253
7547,2025-09-29,2,1032,2006,618,161,288
7548,2025-10-06,2,1032,2182,618,629,374
7549,2025-10-13,2,1032,2140,618,555,256
7550,2025-10-20,2,1032,1748,618,441,448
7551,2025-10-27,2,1032,2105,618,536,202
7552,2025-11-03,2,1032,1755,618,335,308
7553,2025-11-10,2,1032,1395,618,28,38
7554,2025-11-17,2,1032,1036,618,44,378
7555,2025-11-24,2,1032,1050,618,235,298
7556,2025-12-01,2,1032,761,618,1,152
7557,2025-12-08,2,1032,686,618,87,83
7558,2025-12-15,2,1032,621,618,103,280
7559,2025-12-22,2,1032,989,618,83,311
7560,2025-12-29,2,1032,1031,618,260,245
7561,2024-01-01,2,1033,1751,854,184,7
7562,2024-01-08,2,1033,1870,854,104,351
7563,2024-01-15,2,1033,1963,854,30,333
7564,2024-01-22,2,1033,1945,854,291,335
7565,2024-01-29,2,1033,2174,854,18,351
7566,2024-02-05,2,1033,2417,854,420,476
7567,2024-02-12,2,1033,2216,854,542,334
7568,2024-02-19,2,1033,2028,854,97,24
7569,2024-02-26,2,1033,2234,854,105,78
7570,2024-03-04,2,1033,2443,854,674,43
7571,2024-03-11,2,1033,2324,854,79,174
7572,2024-03-18,2,1033,2351,854,258,356
7573,2024-03-25,2,1033,2139,854,595,102
7574,2024-04-01,2,1033,1928,854,342,423
7575,2024-04-08,2,1033,2088,854,64,248
7576,2024-04-15,2,1033,2162,854,267,240
7577,2024-04-22,2,1033,2348,854,285,251
7578,2024-04-29,2,1033,2072,854,354,265
7579,2024-05-06,2,1033,2319,854,145,42
7580,2024-05-13,2,1033,2048,854,554,228
7581,2024-05-20,2,1033,2068,854,352,469
7582,2024-05-27,2,1033,1884,854,300,286
7583,2024-06-03,2,1033,1947,854,266,145
7584,2024-06-10,2,1033,1875,854,487,284
7585,2024-06-17,2,1033,1893,854,118,172
7586,2024-06-24,2,1033,1748,854,166,74
7587,2024-07-01,2,1033,2009,854,593,252
7588,2024-07-08,2,1033,2098,854,30,97
7589,2024-07-15,2,1033,1847,854,338,135
7590,2024-07-22,2,1033,1732,854,351,477
7591,2024-07-29,2,1033,1454,854,269,393
7592,2024-08-05,2,1033,1369,854,241,481
7593,2024-08-12,2,1033,1362,854,401,339
7594,2024-08-19,2,1033,1504,854,106,278
7595,2024-08-26,2,1033,1457,854,240,474
7596,2024-09-02,2,1033,1588,854,191,403
7597,2024-09-09,2,1033,1803,854,426,480
7598,2024-09-16,2,1033,1796,854,412,316
7599,2024-09-23,2,1033,1942,854,497,409
7600,2024-09-30,2,1033,1994,854,420,277
7601,2024-10-07,2,1033,2051,854,352,484
7602,2024-10-14,2,1033,1717,854,5,4
7603,2024-10-21,2,1033,1756,854,24,385
7604,2024-10-28,2,1033,2050,854,547,341
7605,2024-11-04,2,1033,1998,854,139,280
7606,2024-11-11,2,1033,1734,854,263,464
7607,2024-11-18,2,1033,1524,854,188,89
7608,2024-11-25,2,1033,1900,854,327,383
7609,2024-12-02,2,1033,1599,854,19,280
7610,2024-12-09,2,1033,1862,854,383,209
7611,2024-12-16,2,1033,2067,854,608,85
7612,2024-12-23,2,1033,1836,854,144,13
7613,2024-12-30,2,1033,1799,854,138,17
7614,2025-01-06,2,1033,1823,854,262,155
7615,2025-01-13,2,1033,2093,854,188,431
7616,2025-01-20,2,1033,2280,854,139,101
7617,2025-01-27,2,1033,2285,854,101,42
7618,2025-02-03,2,1033,2479,854,171,148
7619,2025-02-10,2,1033,2615,854,752,38
7620,2025-02-17,2,1033,2444,854,540,38
7621,2025-02-24,2,1033,2300,854,381,132
7622,2025-03-03,2,1033,2154,854,4,0
7623,2025-03-10,2,1033,2322,854,490,168
7624,2025-03-17,2,1033,2446,854,331,486
7625,2025-03-24,2,1033,2357,854,400,340
7626,2025-03-31,2,1033,2246,854,378,469
7627,2025-04-07,2,1033,2110,854,446,137
7628,2025-04-14,2,1033,2295,854,584,429
7629,2025-04-21,2,1033,2066,854,57,400
7630,2025-04-28,2,1033,2237,854,287,232
7631,2025-05-05,2,1033,2200,854,97,492
7632,2025-05-12,2,1033,2429,854,532,229
7633,2025-05-19,2,1033,2539,854,680,32
7634,2025-05-26,2,1033,2433,854,99,353
7635,2025-06-02,2,1033,2381,854,454,342
7636,2025-06-09,2,1033,2350,854,680,60
7637,2025-06-16,2,1033,2350,854,377,253
7638,2025-06-23,2,1033,2127,854,128,341
7639,2025-06-30,2,1033,1969,854,192,296
7640,2025-07-07,2,1033,2149,854,577,439
7641,2025-07-14,2,1033,2041,854,103,378
7642,2025-07-21,2,1033,1925,854,555,235
7643,2025-07-28,2,1033,1656,854,161,180
7644,2025-08-04,2,1033,1647,854,35,109
7645,2025-08-11,2,1033,1521,854,79,37
7646,2025-08-18,2,1033,1641,854,276,205
7647,2025-08-25,2,1033,1479,854,189,264
7648,2025-09-01,2,1033,1612,854,400,434
7649,2025-09-08,2,1033,1555,854,237,196
7650,2025-09-15,2,1033,1804,854,101,442
7651,2025-09-22,2,1033,2023,854,363,176
7652,2025-09-29,2,1033,1963,854,328,223
7653,2025-10-06,2,1033,2339,854,343,20
7654,2025-10-13,2,1033,2465,854,695,478
7655,2025-10-20,2,1033,2410,854,675,347
7656,2025-10-27,2,1033,2683,854,151,378
7657,2025-11-03,2,1033,2831,854,840,343
7658,2025-11-10,2,1033,2692,854,650,327
7659,2025-11-17,2,1033,2900,854,32,347
7660,2025-11-24,2,1033,3069,854,686,9
7661,2025-12-01,2,1033,2832,854,408,153
7662,2025-12-08,2,1033,2966,854,176,164
7663,2025-12-15,2,1033,2732,854,358,152
7664,2025-12-22,2,1033,2709,854,784,146
7665,2025-12-29,2,1033,2954,854,96,472
7666,2024-01-01,2,1034,1018,900,37,213
7667,2024-01-08,2,1034,1061,900,173,254
7668,2024-01-15,2,1034,835,900,162,226
7669,2024-01-22,2,1034,739,900,104,313
7670,2024-01-29,2,1034,859,900,7,335
7671,2024-02-05,2,1034,1073,900,36,435
7672,2024-02-12,2,1034,1087,900,307,16
7673,2024-02-19,2,1034,1340,900,301,449
7674,2024-02-26,2,1034,1409,900,213,79
7675,2024-03-04,2,1034,1201,900,176,331
7676,2024-03-11,2,1034,1094,900,298,157
7677,2024-03-18,2,1034,802,900,145,32
7678,2024-03-25,2,1034,988,900,13,332
7679,2024-04-01,2,1034,1022,900,166,250
7680,2024-04-08,2,1034,754,900,159,290
7681,2024-04-15,2,1034,695,900,92,42
7682,2024-04-22,2,1034,425,900,50,379
7683,2024-04-29,2,1034,183,900,39,414
7684,2024-05-06,2,1034,336,900,16,88
7685,2024-05-13,2,1034,102,900,29,411
7686,2024-05-20,2,1034,62,900,13,351
7687,2024-05-27,2,1034,0,900,0,286
7688,2024-06-03,2,1034,0,900,0,290
7689,2024-06-10,2,1034,6,900,1,340
7690,2024-06-17,2,1034,0,900,0,11
7691,2024-06-24,2,1034,0,900,0,421
7692,2024-07-01,2,1034,0,900,0,265
7693,2024-07-08,2,1034,0,900,0,33
7694,2024-07-15,2,1034,0,900,0,349
7695,2024-07-22,2,1034,38,900,9,231
7696,2024-07-29,2,1034,80,900,18,24
7697,2024-08-05,2,1034,0,900,0,303
7698,2024-08-12,2,1034,33,900,2,151
7699,2024-08-19,2,1034,15,900,1,159
7700,2024-08-26,2,1034,57,900,12,454
7701,2024-09-02,2,1034,49,900,5,499
7702,2024-09-09,2,1034,103,900,26,190
7703,2024-09-16,2,1034,0,900,0,217
7704,2024-09-23,2,1034,32,900,4,202
7705,2024-09-30,2,1034,46,900,6,355
7706,2024-10-07,2,1034,118,900,33,397
7707,2024-10-14,2,1034,0,900,0,377
7708,2024-10-21,2,1034,389,900,114,319
7709,2024-10-28,2,1034,342,900,49,177
7710,2024-11-04,2,1034,379,900,63,411
7711,2024-11-11,2,1034,548,900,86,494
7712,2024-11-18,2,1034,724,900,166,181
7713,2024-11-25,2,1034,582,900,120,139
7714,2024-12-02,2,1034,601,900,172,159
7715,2024-12-09,2,1034,620,900,145,330
7716,2024-12-16,2,1034,291,900,56,246
7717,2024-12-23,2,1034,0,900,0,129
7718,2024-12-30,2,1034,0,900,0,263
7719,2025-01-06,2,1034,0,900,0,28
7720,2025-01-13,2,1034,0,900,0,65
7721,2025-01-20,2,1034,0,900,0,13
7722,2025-01-27,2,1034,0,900,0,486
7723,2025-02-03,2,1034,32,900,7,417
7724,2025-02-10,2,1034,0,900,0,496
7725,2025-02-17,2,1034,0,900,0,446
7726,2025-02-24,2,1034,0,900,0,16
7727,2025-03-03,2,1034,212,900,11,157
7728,2025-03-10,2,1034,284,900,15,166
7729,2025-03-17,2,1034,447,900,48,210
7730,2025-03-24,2,1034,506,900,140,419
7731,2025-03-31,2,1034,350,900,66,194
7732,2025-04-07,2,1034,365,900,72,306
7733,2025-04-14,2,1034,124,900,3,200
7734,2025-04-21,2,1034,314,900,27,350
7735,2025-04-28,2,1034,408,900,84,294
7736,2025-05-05,2,1034,216,900,26,88
7737,2025-05-12,2,1034,0,900,0,94
7738,2025-05-19,2,1034,213,900,41,50
7739,2025-05-26,2,1034,102,900,17,27
7740,2025-06-02,2,1034,161,900,0,116
7741,2025-06-09,2,1034,60,900,10,441
7742,2025-06-16,2,1034,0,900,0,225
7743,2025-06-23,2,1034,0,900,0,265
7744,2025-06-30,2,1034,128,900,22,437
7745,2025-07-07,2,1034,273,900,11,461
7746,2025-07-14,2,1034,64,900,14,280
7747,2025-07-21,2,1034,0,900,0,469
7748,2025-07-28,2,1034,0,900,0,208
7749,2025-08-04,2,1034,9,900,0,167
7750,2025-08-11,2,1034,0,900,0,274
7751,2025-08-18,2,1034,0,900,0,7
7752,2025-08-25,2,1034,0,900,0,398
7753,2025-09-01,2,1034,178,900,48,77
7754,2025-09-08,2,1034,113,900,14,394
7755,2025-09-15,2,1034,145,900,38,470
7756,2025-09-22,2,1034,0,900,0,202
7757,2025-09-29,2,1034,145,900,19,147
7758,2025-10-06,2,1034,220,900,63,389
7759,2025-10-13,2,1034,0,900,0,37
7760,2025-10-20,2,1034,0,900,0,36
7761,2025-10-27,2,1034,0,900,0,330
7762,2025-11-03,2,1034,0,900,0,246
7763,2025-11-10,2,1034,0,900,0,230
7764,2025-11-17,2,1034,221,900,60,288
7765,2025-11-24,2,1034,379,900,95,142
7766,2025-12-01,2,1034,85,900,15,421
7767,2025-12-08,2,1034,68,900,17,412
7768,2025-12-15,2,1034,98,900,26,331
7769,2025-12-22,2,1034,415,900,42,115
7770,2025-12-29,2,1034,599,900,158,209
7771,2024-01-01,2,1035,1645,671,0,387
7772,2024-01-08,2,1035,1874,671,358,213
7773,2024-01-15,2,1035,1991,671,527,182
7774,2024-01-22,2,1035,2192,671,352,326
7775,2024-01-29,2,1035,2244,671,504,432
7776,2024-02-05,2,1035,2327,671,559,121
7777,2024-02-12,2,1035,2086,671,128,256
7778,2024-02-19,2,1035,1941,671,232,488
7779,2024-02-26,2,1035,2070,671,572,17
7780,2024-03-04,2,1035,2232,671,305,63
7781,2024-03-11,2,1035,2159,671,492,258
7782,2024-03-18,2,1035,2291,671,514,39
7783,2024-03-25,2,1035,2397,671,219,350
7784,2024-04-01,2,1035,2573,671,140,396
7785,2024-04-08,2,1035,2462,671,689,483
7786,2024-04-15,2,1035,2382,671,244,330
7787,2024-04-22,2,1035,2506,671,573,211
7788,2024-04-29,2,1035,2631,671,246,103
7789,2024-05-06,2,1035,2564,671,602,220
7790,2024-05-13,2,1035,2802,671,97,72
7791,2024-05-20,2,1035,2813,671,815,451
7792,2024-05-27,2,1035,2535,671,540,267
7793,2024-06-03,2,1035,2341,671,608,96
7794,2024-06-10,2,1035,2234,671,102,433
7795,2024-06-17,2,1035,2070,671,129,370
7796,2024-06-24,2,1035,2052,671,203,225
7797,2024-07-01,2,1035,2260,671,315,435
7798,2024-07-08,2,1035,2481,671,452,410
7799,2024-07-15,2,1035,2663,671,536,243
7800,2024-07-22,2,1035,2587,671,420,1
7801,2024-07-29,2,1035,2626,671,617,95
7802,2024-08-05,2,1035,2471,671,554,433
7803,2024-08-12,2,1035,2627,671,113,469
7804,2024-08-19,2,1035,2642,671,564,108
7805,2024-08-26,2,1035,2586,671,395,68
7806,2024-09-02,2,1035,2696,671,169,341
7807,2024-09-09,2,1035,2489,671,605,200
7808,2024-09-16,2,1035,2717,671,563,181
7809,2024-09-23,2,1035,2443,671,559,476
7810,2024-09-30,2,1035,2590,671,244,397
7811,2024-10-07,2,1035,2968,671,660,84
7812,2024-10-14,2,1035,3215,671,668,222
7813,2024-10-21,2,1035,3481,671,217,152
7814,2024-10-28,2,1035,3853,671,133,250
7815,2024-11-04,2,1035,3718,671,272,282
7816,2024-11-11,2,1035,3670,671,528,74
7817,2024-11-18,2,1035,3436,671,818,294
7818,2024-11-25,2,1035,3287,671,566,142
7819,2024-12-02,2,1035,3039,671,151,290
7820,2024-12-09,2,1035,3422,671,622,9
7821,2024-12-16,2,1035,3259,671,925,269
7822,2024-12-23,2,1035,3198,671,192,299
7823,2024-12-30,2,1035,2906,671,18,371
7824,2025-01-06,2,1035,2686,671,654,352
7825,2025-01-13,2,1035,2832,671,233,85
7826,2025-01-20,2,1035,2612,671,154,48
7827,2025-01-27,2,1035,2631,671,220,126
7828,2025-02-03,2,1035,2473,671,701,228
7829,2025-02-10,2,1035,2580,671,263,36
7830,2025-02-17,2,1035,2627,671,593,109
7831,2025-02-24,2,1035,2343,671,304,467
7832,2025-03-03,2,1035,2172,671,558,450
7833,2025-03-10,2,1035,2387,671,73,178
7834,2025-03-17,2,1035,2448,671,594,484
7835,2025-03-24,2,1035,2666,671,353,359
7836,2025-03-31,2,1035,2568,671,259,105
7837,2025-04-07,2,1035,2748,671,517,229
7838,2025-04-14,2,1035,2536,671,544,56
7839,2025-04-21,2,1035,2607,671,773,363
7840,2025-04-28,2,1035,2763,671,820,389
7841,2025-05-05,2,1035,2934,671,817,31
7842,2025-05-12,2,1035,3180,671,540,398
7843,2025-05-19,2,1035,3263,671,141,176
7844,2025-05-26,2,1035,3278,671,353,34
7845,2025-06-02,2,1035,3342,671,759,205
7846,2025-06-09,2,1035,3470,671,290,127
7847,2025-06-16,2,1035,3256,671,929,92
7848,2025-06-23,2,1035,3262,671,513,74
7849,2025-06-30,2,1035,3102,671,528,179
7850,2025-07-07,2,1035,3007,671,776,4
7851,2025-07-14,2,1035,3216,671,251,201
7852,2025-07-21,2,1035,3084,671,895,156
7853,2025-07-28,2,1035,3334,671,470,184
7854,2025-08-04,2,1035,3448,671,1029,431
7855,2025-08-11,2,1035,3352,671,135,486
7856,2025-08-18,2,1035,3438,671,617,278
7857,2025-08-25,2,1035,3403,671,494,391
7858,2025-09-01,2,1035,3405,671,367,235
7859,2025-09-08,2,1035,3173,671,622,365
7860,2025-09-15,2,1035,3044,671,535,492
7861,2025-09-22,2,1035,3105,671,901,459
7862,2025-09-29,2,1035,3078,671,34,18
7863,2025-10-06,2,1035,3149,671,566,490
7864,2025-10-13,2,1035,2778,671,367,141
7865,2025-10-20,2,1035,3018,671,94,221
7866,2025-10-27,2,1035,2687,671,258,455
7867,2025-11-03,2,1035,2678,671,698,274
7868,2025-11-10,2,1035,2431,671,136,444
7869,2025-11-17,2,1035,2436,671,100,84
7870,2025-11-24,2,1035,2625,671,251,116
7871,2025-12-01,2,1035,2331,671,106,363
7872,2025-12-08,2,1035,2223,671,251,108
7873,2025-12-15,2,1035,1882,671,142,11
7874,2025-12-22,2,1035,2125,671,354,232
7875,2025-12-29,2,1035,2043,671,240,317
7876,2024-01-01,2,1036,686,1068,176,7
7877,2024-01-08,2,1036,806,1068,138,446
7878,2024-01-15,2,1036,956,1068,84,365
7879,2024-01-22,2,1036,1210,1068,250,99
7880,2024-01-29,2,1036,1299,1068,306,355
7881,2024-02-05,2,1036,1001,1068,42,118
7882,2024-02-12,2,1036,1033,1068,188,166
7883,2024-02-19,2,1036,1253,1068,200,368
7884,2024-02-26,2,1036,1108,1068,162,59
7885,2024-03-04,2,1036,990,1068,202,458
7886,2024-03-11,2,1036,1044,1068,59,163
7887,2024-03-18,2,1036,959,1068,194,434
7888,2024-03-25,2,1036,1206,1068,143,258
7889,2024-04-01,2,1036,1324,1068,167,50
7890,2024-04-08,2,1036,1244,1068,236,293
7891,2024-04-15,2,1036,1501,1068,144,396
7892,2024-04-22,2,1036,1458,1068,23,385
7893,2024-04-29,2,1036,1523,1068,171,209
7894,2024-05-06,2,1036,1292,1068,240,110
7895,2024-05-13,2,1036,1386,1068,51,290
7896,2024-05-20,2,1036,1433,1068,362,373
7897,2024-05-27,2,1036,1447,1068,345,253
7898,2024-06-03,2,1036,1432,1068,99,276
7899,2024-06-10,2,1036,1221,1068,84,51
7900,2024-06-17,2,1036,1293,1068,113,213
7901,2024-06-24,2,1036,1310,1068,315,60
7902,2024-07-01,2,1036,1067,1068,37,71
7903,2024-07-08,2,1036,1194,1068,10,294
7904,2024-07-15,2,1036,1014,1068,131,408
7905,2024-07-22,2,1036,1275,1068,200,247
7906,2024-07-29,2,1036,1057,1068,185,15
7907,2024-08-05,2,1036,1007,1068,17,45
7908,2024-08-12,2,1036,1002,1068,191,333
7909,2024-08-19,2,1036,1156,1068,251,457
7910,2024-08-26,2,1036,1247,1068,341,229
7911,2024-09-02,2,1036,1134,1068,192,79
7912,2024-09-09,2,1036,1397,1068,231,20
7913,2024-09-16,2,1036,1172,1068,336,206
7914,2024-09-23,2,1036,1076,1068,81,142
7915,2024-09-30,2,1036,1141,1068,120,138
7916,2024-10-07,2,1036,1054,1068,68,119
7917,2024-10-14,2,1036,663,1068,14,312
7918,2024-10-21,2,1036,467,1068,59,370
7919,2024-10-28,2,1036,717,1068,46,420
7920,2024-11-04,2,1036,827,1068,229,421
7921,2024-11-11,2,1036,736,1068,216,495
7922,2024-11-18,2,1036,832,1068,238,114
7923,2024-11-25,2,1036,651,1068,127,160
7924,2024-12-02,2,1036,359,1068,98,17
7925,2024-12-09,2,1036,212,1068,10,418
7926,2024-12-16,2,1036,221,1068,11,37
7927,2024-12-23,2,1036,27,1068,3,277
7928,2024-12-30,2,1036,0,1068,0,357
7929,2025-01-06,2,1036,0,1068,0,389
7930,2025-01-13,2,1036,89,1068,0,437
7931,2025-01-20,2,1036,164,1068,26,387
7932,2025-01-27,2,1036,167,1068,25,29
7933,2025-02-03,2,1036,181,1068,27,492
7934,2025-02-10,2,1036,139,1068,14,1
7935,2025-02-17,2,1036,49,1068,1,90
7936,2025-02-24,2,1036,0,1068,0,30
7937,2025-03-03,2,1036,142,1068,18,131
7938,2025-03-10,2,1036,288,1068,67,37
7939,2025-03-17,2,1036,177,1068,26,307
7940,2025-03-24,2,1036,66,1068,1,176
7941,2025-03-31,2,1036,261,1068,64,359
7942,2025-04-07,2,1036,10,1068,1,90
7943,2025-04-14,2,1036,200,1068,2,271
7944,2025-04-21,2,1036,126,1068,9,496
7945,2025-04-28,2,1036,101,1068,4,110
7946,2025-05-05,2,1036,0,1068,0,470
7947,2025-05-12,2,1036,250,1068,5,51
7948,2025-05-19,2,1036,76,1068,14,217
7949,2025-05-26,2,1036,146,1068,4,132
7950,2025-06-02,2,1036,162,1068,22,16
7951,2025-06-09,2,1036,0,1068,0,372
7952,2025-06-16,2,1036,260,1068,22,312
7953,2025-06-23,2,1036,79,1068,8,259
7954,2025-06-30,2,1036,291,1068,66,71
7955,2025-07-07,2,1036,426,1068,115,147
7956,2025-07-14,2,1036,260,1068,67,56
7957,2025-07-21,2,1036,492,1068,102,426
7958,2025-07-28,2,1036,427,1068,116,367
7959,2025-08-04,2,1036,259,1068,22,45
7960,2025-08-11,2,1036,112,1068,12,50
7961,2025-08-18,2,1036,189,1068,22,263
7962,2025-08-25,2,1036,202,1068,25,16
7963,2025-09-01,2,1036,0,1068,0,472
7964,2025-09-08,2,1036,0,1068,0,70
7965,2025-09-15,2,1036,0,1068,0,127
7966,2025-09-22,2,1036,22,1068,3,155
7967,2025-09-29,2,1036,78,1068,12,281
7968,2025-10-06,2,1036,58,1068,11,169
7969,2025-10-13,2,1036,0,1068,0,233
7970,2025-10-20,2,1036,0,1068,0,332
7971,2025-10-27,2,1036,389,1068,105,263
7972,2025-11-03,2,1036,516,1068,114,270
7973,2025-11-10,2,1036,804,1068,86,214
7974,2025-11-17,2,1036,813,1068,86,249
7975,2025-11-24,2,1036,1116,1068,203,163
7976,2025-12-01,2,1036,1151,1068,155,379
7977,2025-12-08,2,1036,1195,1068,103,215
7978,2025-12-15,2,1036,1192,1068,73,296
7979,2025-12-22,2,1036,968,1068,52,372
7980,2025-12-29,2,1036,706,1068,101,64
7981,2024-01-01,2,1037,551,726,79,165
7982,2024-01-08,2,1037,451,726,48,74
7983,2024-01-15,2,1037,284,726,77,272
7984,2024-01-22,2,1037,246,726,0,161
7985,2024-01-29,2,1037,56,726,16,337
7986,2024-02-05,2,1037,0,726,0,494
7987,2024-02-12,2,1037,125,726,25,87
7988,2024-02-19,2,1037,119,726,19,403
7989,2024-02-26,2,1037,7,726,0,175
7990,2024-03-04,2,1037,222,726,13,220
7991,2024-03-11,2,1037,112,726,27,212
7992,2024-03-18,2,1037,130,726,9,277
7993,2024-03-25,2,1037,345,726,36,349
7994,2024-04-01,2,1037,434,726,6,93
7995,2024-04-08,2,1037,709,726,119,433
7996,2024-04-15,2,1037,866,726,128,14
7997,2024-04-22,2,1037,630,726,49,142
7998,2024-04-29,2,1037,558,726,160,461
7999,2024-05-06,2,1037,393,726,29,369
8000,2024-05-13,2,1037,156,726,2,49
8001,2024-05-20,2,1037,109,726,31,24
8002,2024-05-27,2,1037,0,726,0,87
8003,2024-06-03,2,1037,0,726,0,156
8004,2024-06-10,2,1037,0,726,0,408
8005,2024-06-17,2,1037,0,726,0,169
8006,2024-06-24,2,1037,0,726,0,25
8007,2024-07-01,2,1037,0,726,0,407
8008,2024-07-08,2,1037,3,726,0,249
8009,2024-07-15,2,1037,0,726,0,164
8010,2024-07-22,2,1037,0,726,0,11
8011,2024-07-29,2,1037,0,726,0,463
8012,2024-08-05,2,1037,132,726,21,38
8013,2024-08-12,2,1037,269,726,20,366
8014,2024-08-19,2,1037,184,726,36,7
8015,2024-08-26,2,1037,182,726,39,387
8016,2024-09-02,2,1037,0,726,0,84
8017,2024-09-09,2,1037,0,726,0,113
8018,2024-09-16,2,1037,0,726,0,241
8019,2024-09-23,2,1037,38,726,6,157
8020,2024-09-30,2,1037,71,726,3,257
8021,2024-10-07,2,1037,255,726,50,9
8022,2024-10-14,2,1037,235,726,37,121
8023,2024-10-21,2,1037,0,726,0,8
8024,2024-10-28,2,1037,9,726,0,20
8025,2024-11-04,2,1037,86,726,16,364
8026,2024-11-11,2,1037,73,726,2,82
8027,2024-11-18,2,1037,0,726,0,59
8028,2024-11-25,2,1037,0,726,0,142
8029,2024-12-02,2,1037,288,726,86,277
8030,2024-12-09,2,1037,0,726,0,120
8031,2024-12-16,2,1037,0,726,0,461
8032,2024-12-23,2,1037,366,726,38,493
8033,2024-12-30,2,1037,265,726,28,73
8034,2025-01-06,2,1037,432,726,77,40
8035,2025-01-13,2,1037,242,726,24,299
8036,2025-01-20,2,1037,171,726,1,157
8037,2025-01-27,2,1037,187,726,14,332
8038,2025-02-03,2,1037,140,726,21,236
8039,2025-02-10,2,1037,104,726,19,393
8040,2025-02-17,2,1037,0,726,0,485
8041,2025-02-24,2,1037,205,726,53,178
8042,2025-03-03,2,1037,442,726,24,257
8043,2025-03-10,2,1037,279,726,10,282
8044,2025-03-17,2,1037,138,726,1,172
8045,2025-03-24,2,1037,26,726,1,39
8046,2025-03-31,2,1037,0,726,0,310
8047,2025-04-07,2,1037,59,726,10,216
8048,2025-04-14,2,1037,84,726,17,97
8049,2025-04-21,2,1037,175,726,7,272
8050,2025-04-28,2,1037,0,726,0,277
8051,2025-05-05,2,1037,59,726,3,337
8052,2025-05-12,2,1037,214,726,12,24
8053,2025-05-19,2,1037,180,726,38,241
8054,2025-05-26,2,1037,165,726,18,185
8055,2025-06-02,2,1037,353,726,91,219
8056,2025-06-09,2,1037,107,726,29,400
8057,2025-06-16,2,1037,384,726,51,392
8058,2025-06-23,2,1037,562,726,93,285
8059,2025-06-30,2,1037,393,726,86,494
8060,2025-07-07,2,1037,133,726,25,266
8061,2025-07-14,2,1037,304,726,17,479
8062,2025-07-21,2,1037,402,726,42,471
8063,2025-07-28,2,1037,217,726,14,174
8064,2025-08-04,2,1037,124,726,18,177
8065,2025-08-11,2,1037,176,726,8,85
8066,2025-08-18,2,1037,245,726,0,143
8067,2025-08-25,2,1037,125,726,7,323
8068,2025-09-01,2,1037,263,726,29,436
8069,2025-09-08,2,1037,296,726,82,227
8070,2025-09-15,2,1037,446,726,94,12
8071,2025-09-22,2,1037,338,726,64,252
8072,2025-09-29,2,1037,518,726,20,485
8073,2025-10-06,2,1037,330,726,69,337
8074,2025-10-13,2,1037,79,726,4,226
8075,2025-10-20,2,1037,444,726,55,86
8076,2025-10-27,2,1037,584,726,96,337
8077,2025-11-03,2,1037,799,726,12,51
8078,2025-11-10,2,1037,624,726,20,185
8079,2025-11-17,2,1037,583,726,118,70
8080,2025-11-24,2,1037,630,726,122,237
8081,2025-12-01,2,1037,935,726,26,173
8082,2025-12-08,2,1037,909,726,4,32
8083,2025-12-15,2,1037,686,726,198,431
8084,2025-12-22,2,1037,1041,726,295,74
8085,2025-12-29,2,1037,1276,726,246,131
8086,2024-01-01,2,1038,2201,627,408,459
8087,2024-01-08,2,1038,2389,627,616,29
8088,2024-01-15,2,1038,2593,627,205,432
8089,2024-01-22,2,1038,2743,627,287,334
8090,2024-01-29,2,1038,2547,627,235,157
8091,2024-02-05,2,1038,2448,627,413,222
8092,2024-02-12,2,1038,2506,627,299,233
8093,2024-02-19,2,1038,2685,627,42,303
8094,2024-02-26,2,1038,2887,627,632,84
8095,2024-03-04,2,1038,2798,627,516,128
8096,2024-03-11,2,1038,2747,627,89,151
8097,2024-03-18,2,1038,3006,627,318,268
8098,2024-03-25,2,1038,3194,627,746,364
8099,2024-04-01,2,1038,3334,627,35,10
8100,2024-04-08,2,1038,3517,627,504,187
8101,2024-04-15,2,1038,3724,627,437,83
8102,2024-04-22,2,1038,3800,627,342,76
8103,2024-04-29,2,1038,3919,627,1166,193
8104,2024-05-06,2,1038,3804,627,379,99
8105,2024-05-13,2,1038,3936,627,569,9
8106,2024-05-20,2,1038,3798,627,1105,17
8107,2024-05-27,2,1038,3536,627,927,277
8108,2024-06-03,2,1038,3266,627,631,72
8109,2024-06-10,2,1038,3171,627,646,249
8110,2024-06-17,2,1038,3255,627,281,14
8111,2024-06-24,2,1038,3158,627,705,400
8112,2024-07-01,2,1038,2864,627,320,408
8113,2024-07-08,2,1038,2677,627,399,328
8114,2024-07-15,2,1038,2499,627,521,138
8115,2024-07-22,2,1038,2657,627,238,94
8116,2024-07-29,2,1038,2682,627,388,328
8117,2024-08-05,2,1038,2583,627,579,454
8118,2024-08-12,2,1038,2503,627,446,35
8119,2024-08-19,2,1038,2622,627,516,124
8120,2024-08-26,2,1038,2576,627,411,346
8121,2024-09-02,2,1038,2790,627,530,21
8122,2024-09-09,2,1038,2808,627,344,480
8123,2024-09-16,2,1038,2945,627,152,138
8124,2024-09-23,2,1038,3059,627,513,255
8125,2024-09-30,2,1038,2811,627,705,232
8126,2024-10-07,2,1038,2858,627,524,159
8127,2024-10-14,2,1038,2907,627,797,464
8128,2024-10-21,2,1038,2930,627,672,208
8129,2024-10-28,2,1038,2945,627,706,83
8130,2024-11-04,2,1038,3162,627,940,15
8131,2024-11-11,2,1038,3225,627,348,289
8132,2024-11-18,2,1038,3540,627,692,120
8133,2024-11-25,2,1038,3617,627,806,59
8134,2024-12-02,2,1038,3605,627,770,195
8135,2024-12-09,2,1038,3983,627,856,113
8136,2024-12-16,2,1038,4180,627,878,49
8137,2024-12-23,2,1038,4278,627,819,481
8138,2024-12-30,2,1038,4658,627,920,55
8139,2025-01-06,2,1038,4385,627,279,262
8140,2025-01-13,2,1038,4244,627,865,208
8141,2025-01-20,2,1038,4038,627,1082,394
8142,2025-01-27,2,1038,3835,627,964,330
8143,2025-02-03,2,1038,4066,627,1210,58
8144,2025-02-10,2,1038,3775,627,545,285
8145,2025-02-17,2,1038,3933,627,1086,148
8146,2025-02-24,2,1038,3931,627,284,274
8147,2025-03-03,2,1038,3833,627,464,248
8148,2025-03-10,2,1038,3992,627,1118,105
8149,2025-03-17,2,1038,3958,627,1137,17
8150,2025-03-24,2,1038,4059,627,562,215
8151,2025-03-31,2,1038,3821,627,579,383
8152,2025-04-07,2,1038,3748,627,144,303
8153,2025-04-14,2,1038,3960,627,142,349
8154,2025-04-21,2,1038,4202,627,31,74
8155,2025-04-28,2,1038,4011,627,858,134
8156,2025-05-05,2,1038,4264,627,76,410
8157,2025-05-12,2,1038,4109,627,736,374
8158,2025-05-19,2,1038,4355,627,556,56
8159,2025-05-26,2,1038,4391,627,467,253
8160,2025-06-02,2,1038,4164,627,27,185
8161,2025-06-09,2,1038,4253,627,1119,309
8162,2025-06-16,2,1038,4048,627,706,447
8163,2025-06-23,2,1038,4177,627,374,24
8164,2025-06-30,2,1038,4099,627,1136,233
8165,2025-07-07,2,1038,3993,627,321,66
8166,2025-07-14,2,1038,3744,627,680,383
8167,2025-07-21,2,1038,3715,627,1069,486
8168,2025-07-28,2,1038,3758,627,266,57
8169,2025-08-04,2,1038,3597,627,970,43
8170,2025-08-11,2,1038,3676,627,659,421
8171,2025-08-18,2,1038,3652,627,45,470
8172,2025-08-25,2,1038,3672,627,138,59
8173,2025-09-01,2,1038,3811,627,1020,214
8174,2025-09-08,2,1038,4047,627,69,276
8175,2025-09-15,2,1038,3997,627,723,193
8176,2025-09-22,2,1038,3958,627,784,261
8177,2025-09-29,2,1038,3952,627,128,149
8178,2025-10-06,2,1038,3656,627,703,203
8179,2025-10-13,2,1038,3885,627,18,498
8180,2025-10-20,2,1038,3742,627,249,254
8181,2025-10-27,2,1038,4089,627,405,306
8182,2025-11-03,2,1038,4033,627,885,152
8183,2025-11-10,2,1038,3706,627,317,38
8184,2025-11-17,2,1038,4015,627,777,232
8185,2025-11-24,2,1038,3994,627,770,120
8186,2025-12-01,2,1038,4089,627,301,462
8187,2025-12-08,2,1038,4439,627,452,243
8188,2025-12-15,2,1038,4355,627,145,421
8189,2025-12-22,2,1038,4360,627,791,46
8190,2025-12-29,2,1038,4347,627,988,326
8191,2024-01-01,2,1039,1745,893,113,298
8192,2024-01-08,2,1039,1529,893,341,470
8193,2024-01-15,2,1039,1351,893,36,123
8194,2024-01-22,2,1039,1323,893,59,83
8195,2024-01-29,2,1039,1044,893,2,353
8196,2024-02-05,2,1039,1127,893,135,131
8197,2024-02-12,2,1039,929,893,70,14
8198,2024-02-19,2,1039,848,893,216,390
8199,2024-02-26,2,1039,753,893,161,232
8200,2024-03-04,2,1039,1018,893,24,422
8201,2024-03-11,2,1039,739,893,185,404
8202,2024-03-18,2,1039,895,893,109,357
8203,2024-03-25,2,1039,1156,893,53,257
8204,2024-04-01,2,1039,1084,893,233,375
8205,2024-04-08,2,1039,1158,893,289,311
8206,2024-04-15,2,1039,1269,893,200,41
8207,2024-04-22,2,1039,1067,893,190,158
8208,2024-04-29,2,1039,1274,893,109,5
8209,2024-05-06,2,1039,1405,893,184,43
8210,2024-05-13,2,1039,1625,893,22,461
8211,2024-05-20,2,1039,1444,893,302,460
8212,2024-05-27,2,1039,1247,893,296,441
8213,2024-06-03,2,1039,1159,893,155,213
8214,2024-06-10,2,1039,1297,893,195,8
8215,2024-06-17,2,1039,1439,893,327,251
8216,2024-06-24,2,1039,1485,893,126,284
8217,2024-07-01,2,1039,1633,893,378,113
8218,2024-07-08,2,1039,1673,893,50,253
8219,2024-07-15,2,1039,1461,893,173,399
8220,2024-07-22,2,1039,1688,893,57,139
8221,2024-07-29,2,1039,1666,893,26,96
8222,2024-08-05,2,1039,1623,893,300,360
8223,2024-08-12,2,1039,1554,893,77,481
8224,2024-08-19,2,1039,1675,893,321,153
8225,2024-08-26,2,1039,1658,893,270,277
8226,2024-09-02,2,1039,1446,893,8,46
8227,2024-09-09,2,1039,1622,893,344,360
8228,2024-09-16,2,1039,1552,893,386,14
8229,2024-09-23,2,1039,1614,893,105,383
8230,2024-09-30,2,1039,1437,893,113,283
8231,2024-10-07,2,1039,1374,893,71,417
8232,2024-10-14,2,1039,1739,893,343,415
8233,2024-10-21,2,1039,1874,893,486,92
8234,2024-10-28,2,1039,2015,893,384,414
8235,2024-11-04,2,1039,1683,893,317,249
8236,2024-11-11,2,1039,1673,893,51,334
8237,2024-11-18,2,1039,2004,893,562,200
8238,2024-11-25,2,1039,2278,893,52,386
8239,2024-12-02,2,1039,2124,893,39,428
8240,2024-12-09,2,1039,1783,893,180,342
8241,2024-12-16,2,1039,2098,893,302,135
8242,2024-12-23,2,1039,2000,893,580,39
8243,2024-12-30,2,1039,1879,893,96,478
8244,2025-01-06,2,1039,2154,893,618,479
8245,2025-01-13,2,1039,2046,893,8,61
8246,2025-01-20,2,1039,2243,893,227,234
8247,2025-01-27,2,1039,2247,893,347,240
8248,2025-02-03,2,1039,2095,893,397,376
8249,2025-02-10,2,1039,1870,893,281,255
8250,2025-02-17,2,1039,2135,893,189,469
8251,2025-02-24,2,1039,2414,893,227,95
8252,2025-03-03,2,1039,2231,893,199,393
8253,2025-03-10,2,1039,2331,893,265,325
8254,2025-03-17,2,1039,2139,893,476,199
8255,2025-03-24,2,1039,2411,893,446,93
8256,2025-03-31,2,1039,2490,893,602,285
8257,2025-04-07,2,1039,2327,893,99,456
8258,2025-04-14,2,1039,2280,893,97,128
8259,2025-04-21,2,1039,2099,893,383,499
8260,2025-04-28,2,1039,1852,893,535,469
8261,2025-05-05,2,1039,1875,893,149,452
8262,2025-05-12,2,1039,1638,893,114,253
8263,2025-05-19,2,1039,1527,893,195,215
8264,2025-05-26,2,1039,1424,893,296,457
8265,2025-06-02,2,1039,1572,893,348,370
8266,2025-06-09,2,1039,1542,893,159,273
8267,2025-06-16,2,1039,1436,893,149,419
8268,2025-06-23,2,1039,1406,893,63,260
8269,2025-06-30,2,1039,1480,893,208,296
8270,2025-07-07,2,1039,1577,893,143,439
8271,2025-07-14,2,1039,1713,893,63,152
8272,2025-07-21,2,1039,1769,893,406,241
8273,2025-07-28,2,1039,1578,893,42,323
8274,2025-08-04,2,1039,1560,893,152,150
8275,2025-08-11,2,1039,1647,893,389,300
8276,2025-08-18,2,1039,1711,893,130,496
8277,2025-08-25,2,1039,1568,893,198,96
8278,2025-09-01,2,1039,1700,893,366,338
8279,2025-09-08,2,1039,1754,893,164,414
8280,2025-09-15,2,1039,1614,893,324,420
8281,2025-09-22,2,1039,1579,893,460,9
8282,2025-09-29,2,1039,1471,893,33,126
8283,2025-10-06,2,1039,1359,893,217,221
8284,2025-10-13,2,1039,1332,893,306,233
8285,2025-10-20,2,1039,1186,893,288,58
8286,2025-10-27,2,1039,771,893,17,242
8287,2025-11-03,2,1039,976,893,261,487
8288,2025-11-10,2,1039,766,893,116,159
8289,2025-11-17,2,1039,467,893,71,121
8290,2025-11-24,2,1039,398,893,44,124
8291,2025-12-01,2,1039,280,893,37,136
8292,2025-12-08,2,1039,562,893,90,33
8293,2025-12-15,2,1039,790,893,40,109
8294,2025-12-22,2,1039,1054,893,230,174
8295,2025-12-29,2,1039,739,893,167,177
8296,2024-01-01,2,1040,1181,1019,334,82
8297,2024-01-08,2,1040,1009,1019,281,319
8298,2024-01-15,2,1040,1209,1019,10,258
8299,2024-01-22,2,1040,1472,1019,422,428
8300,2024-01-29,2,1040,1602,1019,290,309
8301,2024-02-05,2,1040,1876,1019,109,265
8302,2024-02-12,2,1040,2025,1019,549,448
8303,2024-02-19,2,1040,2014,1019,180,414
8304,2024-02-26,2,1040,1971,1019,574,54
8305,2024-03-04,2,1040,2101,1019,344,358
8306,2024-03-11,2,1040,1864,1019,386,258
8307,2024-03-18,2,1040,1717,1019,509,438
8308,2024-03-25,2,1040,1716,1019,316,286
8309,2024-04-01,2,1040,1995,1019,450,87
8310,2024-04-08,2,1040,1977,1019,326,382
8311,2024-04-15,2,1040,2201,1019,618,194
8312,2024-04-22,2,1040,2181,1019,227,206
8313,2024-04-29,2,1040,2334,1019,111,253
8314,2024-05-06,2,1040,2264,1019,14,151
8315,2024-05-13,2,1040,2450,1019,35,121
8316,2024-05-20,2,1040,2466,1019,735,484
8317,2024-05-27,2,1040,2355,1019,567,444
8318,2024-06-03,2,1040,2133,1019,82,320
8319,2024-06-10,2,1040,1964,1019,472,411
8320,2024-06-17,2,1040,2027,1019,505,467
8321,2024-06-24,2,1040,1892,1019,99,332
8322,2024-07-01,2,1040,1909,1019,19,119
8323,2024-07-08,2,1040,1891,1019,543,246
8324,2024-07-15,2,1040,1967,1019,298,38
8325,2024-07-22,2,1040,1780,1019,245,7
8326,2024-07-29,2,1040,1799,1019,270,392
8327,2024-08-05,2,1040,1808,1019,524,342
8328,2024-08-12,2,1040,1695,1019,202,443
8329,2024-08-19,2,1040,1566,1019,193,299
8330,2024-08-26,2,1040,1419,1019,150,137
8331,2024-09-02,2,1040,1343,1019,293,198
8332,2024-09-09,2,1040,1573,1019,238,404
8333,2024-09-16,2,1040,1723,1019,209,490
8334,2024-09-23,2,1040,1586,1019,71,265
8335,2024-09-30,2,1040,1514,1019,344,13
8336,2024-10-07,2,1040,1581,1019,103,390
8337,2024-10-14,2,1040,1767,1019,46,184
8338,2024-10-21,2,1040,1473,1019,80,416
8339,2024-10-28,2,1040,1607,1019,136,346
8340,2024-11-04,2,1040,1902,1019,52,312
8341,2024-11-11,2,1040,2242,1019,3,23
8342,2024-11-18,2,1040,2566,1019,100,73
8343,2024-11-25,2,1040,2164,1019,174,34
8344,2024-12-02,2,1040,2017,1019,444,97
8345,2024-12-09,2,1040,2325,1019,269,484
8346,2024-12-16,2,1040,2108,1019,177,35
8347,2024-12-23,2,1040,2397,1019,38,250
8348,2024-12-30,2,1040,2328,1019,154,157
8349,2025-01-06,2,1040,2234,1019,174,141
8350,2025-01-13,2,1040,2386,1019,180,205
8351,2025-01-20,2,1040,2608,1019,552,144
8352,2025-01-27,2,1040,2477,1019,48,68
8353,2025-02-03,2,1040,2276,1019,355,81
8354,2025-02-10,2,1040,2455,1019,282,214
8355,2025-02-17,2,1040,2387,1019,655,133
8356,2025-02-24,2,1040,2334,1019,119,302
8357,2025-03-03,2,1040,2139,1019,545,319
8358,2025-03-10,2,1040,2117,1019,497,249
8359,2025-03-17,2,1040,2149,1019,135,29
8360,2025-03-24,2,1040,1993,1019,81,436
8361,2025-03-31,2,1040,1751,1019,321,77
8362,2025-04-07,2,1040,1909,1019,392,385
8363,2025-04-14,2,1040,2133,1019,580,469
8364,2025-04-21,2,1040,2381,1019,549,490
8365,2025-04-28,2,1040,2358,1019,246,131
8366,2025-05-05,2,1040,2103,1019,590,444
8367,2025-05-12,2,1040,1968,1019,90,217
8368,2025-05-19,2,1040,1717,1019,126,359
8369,2025-05-26,2,1040,1912,1019,544,57
8370,2025-06-02,2,1040,1757,1019,442,42
8371,2025-06-09,2,1040,1798,1019,156,352
8372,2025-06-16,2,1040,1668,1019,199,478
8373,2025-06-23,2,1040,1450,1019,282,488
8374,2025-06-30,2,1040,1169,1019,312,419
8375,2025-07-07,2,1040,1308,1019,134,312
8376,2025-07-14,2,1040,1295,1019,161,70
8377,2025-07-21,2,1040,1547,1019,227,216
8378,2025-07-28,2,1040,1796,1019,420,280
8379,2025-08-04,2,1040,1886,1019,401,451
8380,2025-08-11,2,1040,1941,1019,230,253
8381,2025-08-18,2,1040,1796,1019,271,131
8382,2025-08-25,2,1040,1888,1019,69,225
8383,2025-09-01,2,1040,1862,1019,141,285
8384,2025-09-08,2,1040,1824,1019,111,412
8385,2025-09-15,2,1040,1916,1019,371,223
8386,2025-09-22,2,1040,1865,1019,140,463
8387,2025-09-29,2,1040,1726,1019,102,104
8388,2025-10-06,2,1040,2090,1019,144,234
8389,2025-10-13,2,1040,2014,1019,303,33
8390,2025-10-20,2,1040,2138,1019,481,105
8391,2025-10-27,2,1040,2030,1019,314,157
8392,2025-11-03,2,1040,2340,1019,80,359
8393,2025-11-10,2,1040,2278,1019,129,436
8394,2025-11-17,2,1040,1894,1019,88,358
8395,2025-11-24,2,1040,1675,1019,283,132
8396,2025-12-01,2,1040,1876,1019,529,331
8397,2025-12-08,2,1040,2233,1019,588,486
8398,2025-12-15,2,1040,2230,1019,283,227
8399,2025-12-22,2,1040,2175,1019,629,104
8400,2025-12-29,2,1040,2232,1019,499,224
8401,2024-01-01,3,1001,610,220,95,486
8402,2024-01-08,3,1001,509,220,123,301
8403,2024-01-15,3,1001,533,220,2,42
8404,2024-01-22,3,1001,527,220,33,477
8405,2024-01-29,3,1001,249,220,69,52
8406,2024-02-05,3,1001,0,220,0,187
8407,2024-02-12,3,1001,55,220,3,465
8408,2024-02-19,3,1001,107,220,1,34
8409,2024-02-26,3,1001,176,220,9,138
8410,2024-03-04,3,1001,38,220,10,450
8411,2024-03-11,3,1001,179,220,18,220
8412,2024-03-18,3,1001,153,220,38,203
8413,2024-03-25,3,1001,0,220,0,72
8414,2024-04-01,3,1001,67,220,11,140
8415,2024-04-08,3,1001,19,220,5,356
8416,2024-04-15,3,1001,0,220,0,20
8417,2024-04-22,3,1001,227,220,2,153
8418,2024-04-29,3,1001,269,220,34,395
8419,2024-05-06,3,1001,283,220,38,307
8420,2024-05-13,3,1001,525,220,21,183
8421,2024-05-20,3,1001,501,220,17,445
8422,2024-05-27,3,1001,572,220,167,289
8423,2024-06-03,3,1001,495,220,70,143
8424,2024-06-10,3,1001,584,220,44,372
8425,2024-06-17,3,1001,642,220,21,112
8426,2024-06-24,3,1001,489,220,41,11
8427,2024-07-01,3,1001,233,220,5,339
8428,2024-07-08,3,1001,62,220,7,383
8429,2024-07-15,3,1001,39,220,3,276
8430,2024-07-22,3,1001,209,220,47,329
8431,2024-07-29,3,1001,53,220,14,42
8432,2024-08-05,3,1001,124,220,24,294
8433,2024-08-12,3,1001,265,220,7,263
8434,2024-08-19,3,1001,118,220,6,222
8435,2024-08-26,3,1001,0,220,0,255
8436,2024-09-02,3,1001,200,220,12,235
8437,2024-09-09,3,1001,0,220,0,252
8438,2024-09-16,3,1001,0,220,0,464
8439,2024-09-23,3,1001,0,220,0,398
8440,2024-09-30,3,1001,0,220,0,118
8441,2024-10-07,3,1001,0,220,0,9
8442,2024-10-14,3,1001,110,220,18,446
8443,2024-10-21,3,1001,476,220,24,123
8444,2024-10-28,3,1001,544,220,34,360
8445,2024-11-04,3,1001,706,220,182,255
8446,2024-11-11,3,1001,392,220,1,382
8447,2024-11-18,3,1001,120,220,0,351
8448,2024-11-25,3,1001,489,220,54,162
8449,2024-12-02,3,1001,101,220,19,235
8450,2024-12-09,3,1001,252,220,13,495
8451,2024-12-16,3,1001,63,220,3,335
8452,2024-12-23,3,1001,215,220,52,166
8453,2024-12-30,3,1001,44,220,0,35
8454,2025-01-06,3,1001,0,220,0,180
8455,2025-01-13,3,1001,0,220,0,205
8456,2025-01-20,3,1001,0,220,0,367
8457,2025-01-27,3,1001,75,220,11,369
8458,2025-02-03,3,1001,0,220,0,220
8459,2025-02-10,3,1001,0,220,0,492
8460,2025-02-17,3,1001,164,220,33,115
8461,2025-02-24,3,1001,106,220,12,268
8462,2025-03-03,3,1001,338,220,22,307
8463,2025-03-10,3,1001,505,220,66,485
8464,2025-03-17,3,1001,718,220,22,285
8465,2025-03-24,3,1001,763,220,155,439
8466,2025-03-31,3,1001,638,220,81,49
8467,2025-04-07,3,1001,583,220,84,130
8468,2025-04-14,3,1001,507,220,118,208
8469,2025-04-21,3,1001,563,220,74,283
8470,2025-04-28,3,1001,467,220,132,87
8471,2025-05-05,3,1001,707,220,13,151
8472,2025-05-12,3,1001,721,220,39,148
8473,2025-05-19,3,1001,966,220,236,183
8474,2025-05-26,3,1001,1063,220,146,189
8475,2025-06-02,3,1001,1323,220,201,397
8476,2025-06-09,3,1001,1064,220,154,362
8477,2025-06-16,3,1001,1019,220,153,172
8478,2025-06-23,3,1001,1209,220,39,489
8479,2025-06-30,3,1001,1211,220,227,442
8480,2025-07-07,3,1001,950,220,71,484
8481,2025-07-14,3,1001,799,220,26,190
8482,2025-07-21,3,1001,580,220,80,26
8483,2025-07-28,3,1001,391,220,70,44
8484,2025-08-04,3,1001,231,220,65,281
8485,2025-08-11,3,1001,298,220,26,455
8486,2025-08-18,3,1001,264,220,4,462
8487,2025-08-25,3,1001,156,220,27,366
8488,2025-09-01,3,1001,122,220,30,177
8489,2025-09-08,3,1001,86,220,13,176
8490,2025-09-15,3,1001,201,220,16,342
8491,2025-09-22,3,1001,197,220,41,58
8492,2025-09-29,3,1001,21,220,1,92
8493,2025-10-06,3,1001,92,220,20,99
8494,2025-10-13,3,1001,254,220,56,157
8495,2025-10-20,3,1001,350,220,53,283
8496,2025-10-27,3,1001,400,220,69,452
8497,2025-11-03,3,1001,643,220,189,118
8498,2025-11-10,3,1001,857,220,121,155
8499,2025-11-17,3,1001,1009,220,223,188
8500,2025-11-24,3,1001,820,220,86,232
8501,2025-12-01,3,1001,692,220,102,323
8502,2025-12-08,3,1001,750,220,145,8
8503,2025-12-15,3,1001,976,220,281,79
8504,2025-12-22,3,1001,593,220,66,372
8505,2025-12-29,3,1001,464,220,45,30
8506,2024-01-01,3,1002,3886,220,1047,451
8507,2024-01-08,3,1002,4019,220,928,300
8508,2024-01-15,3,1002,3794,220,261,186
8509,2024-01-22,3,1002,3952,220,446,96
8510,2024-01-29,3,1002,4149,220,50,215
8511,2024-02-05,3,1002,4206,220,642,254
8512,2024-02-12,3,1002,4372,220,222,204
8513,2024-02-19,3,1002,4186,220,618,254
8514,2024-02-26,3,1002,4236,220,206,19
8515,2024-03-04,3,1002,4461,220,1128,93
8516,2024-03-11,3,1002,4233,220,1078,440
8517,2024-03-18,3,1002,4463,220,327,148
8518,2024-03-25,3,1002,4664,220,787,50
8519,2024-04-01,3,1002,4829,220,872,213
8520,2024-04-08,3,1002,4701,220,976,405
8521,2024-04-15,3,1002,4806,220,1039,57
8522,2024-04-22,3,1002,4946,220,959,33
8523,2024-04-29,3,1002,4897,220,488,213
8524,2024-05-06,3,1002,5124,220,1251,290
8525,2024-05-13,3,1002,5308,220,145,327
8526,2024-05-20,3,1002,5243,220,557,37
8527,2024-05-27,3,1002,5450,220,541,315
8528,2024-06-03,3,1002,5695,220,1383,62
8529,2024-06-10,3,1002,5898,220,188,299
8530,2024-06-17,3,1002,6164,220,683,42
8531,2024-06-24,3,1002,5910,220,1105,225
8532,2024-07-01,3,1002,6111,220,1334,473
8533,2024-07-08,3,1002,6220,220,1756,170
8534,2024-07-15,3,1002,6481,220,1601,470
8535,2024-07-22,3,1002,6635,220,697,357
8536,2024-07-29,3,1002,6603,220,1049,441
8537,2024-08-05,3,1002,6589,220,1595,484
8538,2024-08-12,3,1002,6754,220,416,119
8539,2024-08-19,3,1002,6848,220,1255,338
8540,2024-08-26,3,1002,6920,220,1039,300
8541,2024-09-02,3,1002,7023,220,1317,209
8542,2024-09-09,3,1002,7103,220,2026,190
8543,2024-09-16,3,1002,6829,220,606,174
8544,2024-09-23,3,1002,6902,220,791,80
8545,2024-09-30,3,1002,6862,220,878,194
8546,2024-10-07,3,1002,7073,220,120,187
8547,2024-10-14,3,1002,7017,220,1403,352
8548,2024-10-21,3,1002,6928,220,135,85
8549,2024-10-28,3,1002,7278,220,827,488
8550,2024-11-04,3,1002,7621,220,2106,82
8551,2024-11-11,3,1002,7311,220,1399,281
8552,2024-11-18,3,1002,7123,220,440,187
8553,2024-11-25,3,1002,7158,220,1151,421
8554,2024-12-02,3,1002,7456,220,1514,211
8555,2024-12-09,3,1002,7631,220,1810,74
8556,2024-12-16,3,1002,7265,220,790,77
8557,2024-12-23,3,1002,7340,220,1708,145
8558,2024-12-30,3,1002,7573,220,1979,407
8559,2025-01-06,3,1002,7664,220,324,465
8560,2025-01-13,3,1002,7524,220,1369,287
8561,2025-01-20,3,1002,7590,220,13,120
8562,2025-01-27,3,1002,7577,220,2223,235
8563,2025-02-03,3,1002,7311,220,808,335
8564,2025-02-10,3,1002,7351,220,2066,316
8565,2025-02-17,3,1002,7094,220,1779,349
8566,2025-02-24,3,1002,6972,220,624,287
8567,2025-03-03,3,1002,6829,220,1815,300
8568,2025-03-10,3,1002,6625,220,144,266
8569,2025-03-17,3,1002,6786,220,1776,450
8570,2025-03-24,3,1002,6635,220,1937,107
8571,2025-03-31,3,1002,6875,220,250,469
8572,2025-04-07,3,1002,6665,220,758,489
8573,2025-04-14,3,1002,6754,220,14,180
8574,2025-04-21,3,1002,6809,220,1748,406
8575,2025-04-28,3,1002,6786,220,163,428
8576,2025-05-05,3,1002,6596,220,1218,314
8577,2025-05-12,3,1002,6653,220,290,462
8578,2025-05-19,3,1002,6715,220,619,126
8579,2025-05-26,3,1002,6474,220,1078,300
8580,2025-06-02,3,1002,6570,220,517,31
8581,2025-06-09,3,1002,6720,220,129,315
8582,2025-06-16,3,1002,6576,220,877,149
8583,2025-06-23,3,1002,6556,220,1215,363
8584,2025-06-30,3,1002,6437,220,313,482
8585,2025-07-07,3,1002,6698,220,232,154
8586,2025-07-14,3,1002,6401,220,1042,257
8587,2025-07-21,3,1002,6189,220,1227,448
8588,2025-07-28,3,1002,6270,220,946,17
8589,2025-08-04,3,1002,6207,220,1283,151
8590,2025-08-11,3,1002,6232,220,520,174
8591,2025-08-18,3,1002,6091,220,241,277
8592,2025-08-25,3,1002,6109,220,831,183
8593,2025-09-01,3,1002,6201,220,83,396
8594,2025-09-08,3,1002,6464,220,1080,330
8595,2025-09-15,3,1002,6287,220,383,49
8596,2025-09-22,3,1002,6494,220,162,37
8597,2025-09-29,3,1002,6256,220,1466,491
8598,2025-10-06,3,1002,6604,220,873,413
8599,2025-10-13,3,1002,6262,220,1294,1
8600,2025-10-20,3,1002,6061,220,1725,65
8601,2025-10-27,3,1002,6371,220,1680,390
8602,2025-11-03,3,1002,5952,220,1677,199
8603,2025-11-10,3,1002,6087,220,88,157
8604,2025-11-17,3,1002,6249,220,1724,244
8605,2025-11-24,3,1002,6107,220,1244,120
8606,2025-12-01,3,1002,5955,220,1171,9
8607,2025-12-08,3,1002,5962,220,231,169
8608,2025-12-15,3,1002,5547,220,1271,403
8609,2025-12-22,3,1002,5306,220,651,47
8610,2025-12-29,3,1002,5611,220,1424,81
8611,2024-01-01,3,1003,2901,223,108,138
8612,2024-01-08,3,1003,3175,223,903,89
8613,2024-01-15,3,1003,3294,223,408,315
8614,2024-01-22,3,1003,3369,223,538,472
8615,2024-01-29,3,1003,3072,223,116,201
8616,2024-02-05,3,1003,3283,223,659,42
8617,2024-02-12,3,1003,3480,223,85,27
8618,2024-02-19,3,1003,3741,223,665,480
8619,2024-02-26,3,1003,3854,223,195,447
8620,2024-03-04,3,1003,3903,223,827,475
8621,2024-03-11,3,1003,4101,223,1114,157
8622,2024-03-18,3,1003,3928,223,1054,52
8623,2024-03-25,3,1003,4053,223,618,330
8624,2024-04-01,3,1003,4040,223,16,440
8625,2024-04-08,3,1003,4093,223,623,278
8626,2024-04-15,3,1003,4353,223,338,77
8627,2024-04-22,3,1003,4456,223,329,92
8628,2024-04-29,3,1003,4305,223,1246,351
8629,2024-05-06,3,1003,4064,223,673,324
8630,2024-05-13,3,1003,3779,223,158,246
8631,2024-05-20,3,1003,3644,223,996,375
8632,2024-05-27,3,1003,3845,223,134,186
8633,2024-06-03,3,1003,3546,223,793,349
8634,2024-06-10,3,1003,3616,223,261,70
8635,2024-06-17,3,1003,3833,223,371,170
8636,2024-06-24,3,1003,3775,223,663,137
8637,2024-07-01,3,1003,3642,223,640,425
8638,2024-07-08,3,1003,3421,223,145,80
8639,2024-07-15,3,1003,3583,223,9,483
8640,2024-07-22,3,1003,3664,223,511,467
8641,2024-07-29,3,1003,3807,223,279,2
8642,2024-08-05,3,1003,3628,223,225,308
8643,2024-08-12,3,1003,3540,223,32,461
8644,2024-08-19,3,1003,3450,223,357,169
8645,2024-08-26,3,1003,3439,223,1017,350
8646,2024-09-02,3,1003,3223,223,405,474
8647,2024-09-09,3,1003,3471,223,956,318
8648,2024-09-16,3,1003,3320,223,150,375
8649,2024-09-23,3,1003,3271,223,440,459
8650,2024-09-30,3,1003,3075,223,62,211
8651,2024-10-07,3,1003,3006,223,824,429
8652,2024-10-14,3,1003,3116,223,181,447
8653,2024-10-21,3,1003,3333,223,222,54
8654,2024-10-28,3,1003,2994,223,301,125
8655,2024-11-04,3,1003,3304,223,977,255
8656,2024-11-11,3,1003,3284,223,219,184
8657,2024-11-18,3,1003,3645,223,647,103
8658,2024-11-25,3,1003,3481,223,480,344
8659,2024-12-02,3,1003,3467,223,15,407
8660,2024-12-09,3,1003,3640,223,661,304
8661,2024-12-16,3,1003,3462,223,212,449
8662,2024-12-23,3,1003,3438,223,509,186
8663,2024-12-30,3,1003,3235,223,274,261
8664,2025-01-06,3,1003,3104,223,151,254
8665,2025-01-13,3,1003,3130,223,886,185
8666,2025-01-20,3,1003,3315,223,136,92
8667,2025-01-27,3,1003,3496,223,767,15
8668,2025-02-03,3,1003,3199,223,193,309
8669,2025-02-10,3,1003,2956,223,170,201
8670,2025-02-17,3,1003,3052,223,126,349
8671,2025-02-24,3,1003,2785,223,284,377
8672,2025-03-03,3,1003,2748,223,665,237
8673,2025-03-10,3,1003,2898,223,335,265
8674,2025-03-17,3,1003,3121,223,489,191
8675,2025-03-24,3,1003,3291,223,274,82
8676,2025-03-31,3,1003,2997,223,182,278
8677,2025-04-07,3,1003,2762,223,213,306
8678,2025-04-14,3,1003,2509,223,93,318
8679,2025-04-21,3,1003,2535,223,570,251
8680,2025-04-28,3,1003,2410,223,552,157
8681,2025-05-05,3,1003,2138,223,495,165
8682,2025-05-12,3,1003,2277,223,32,433
8683,2025-05-19,3,1003,2058,223,597,132
8684,2025-05-26,3,1003,2294,223,89,46
8685,2025-06-02,3,1003,2496,223,199,7
8686,2025-06-09,3,1003,2697,223,206,294
8687,2025-06-16,3,1003,2841,223,392,484
8688,2025-06-23,3,1003,2549,223,175,306
8689,2025-06-30,3,1003,2271,223,185,315
8690,2025-07-07,3,1003,2311,223,569,469
8691,2025-07-14,3,1003,2449,223,302,5
8692,2025-07-21,3,1003,2232,223,364,207
8693,2025-07-28,3,1003,2145,223,559,401
8694,2025-08-04,3,1003,2201,223,460,289
8695,2025-08-11,3,1003,2197,223,57,142
8696,2025-08-18,3,1003,2092,223,14,3
8697,2025-08-25,3,1003,2000,223,124,364
8698,2025-09-01,3,1003,1886,223,52,354
8699,2025-09-08,3,1003,2096,223,393,405
8700,2025-09-15,3,1003,2355,223,581,189
8701,2025-09-22,3,1003,2623,223,656,347
8702,2025-09-29,3,1003,2456,223,36,354
8703,2025-10-06,3,1003,2325,223,378,284
8704,2025-10-13,3,1003,2224,223,119,410
8705,2025-10-20,3,1003,2466,223,70,112
8706,2025-10-27,3,1003,2460,223,3,225
8707,2025-11-03,3,1003,2408,223,109,309
8708,2025-11-10,3,1003,2235,223,66,75
8709,2025-11-17,3,1003,2067,223,133,228
8710,2025-11-24,3,1003,1677,223,111,17
8711,2025-12-01,3,1003,1576,223,2,362
8712,2025-12-08,3,1003,1724,223,117,126
8713,2025-12-15,3,1003,1368,223,90,129
8714,2025-12-22,3,1003,1186,223,273,176
8715,2025-12-29,3,1003,1177,223,116,318
8716,2024-01-01,3,1004,1488,211,148,238
8717,2024-01-08,3,1004,1462,211,263,27
8718,2024-01-15,3,1004,1485,211,167,0
8719,2024-01-22,3,1004,1338,211,263,200
8720,2024-01-29,3,1004,1268,211,220,392
8721,2024-02-05,3,1004,1207,211,286,134
8722,2024-02-12,3,1004,1451,211,410,53
8723,2024-02-19,3,1004,1171,211,166,498
8724,2024-02-26,3,1004,1082,211,29,418
8725,2024-03-04,3,1004,1268,211,254,300
8726,2024-03-11,3,1004,1298,211,358,106
8727,2024-03-18,3,1004,1371,211,378,96
8728,2024-03-25,3,1004,1459,211,34,85
8729,2024-04-01,3,1004,1169,211,307,123
8730,2024-04-08,3,1004,1179,211,117,166
8731,2024-04-15,3,1004,1227,211,160,7
8732,2024-04-22,3,1004,1098,211,115,352
8733,2024-04-29,3,1004,1159,211,221,148
8734,2024-05-06,3,1004,1400,211,334,50
8735,2024-05-13,3,1004,1533,211,364,244
8736,2024-05-20,3,1004,1242,211,365,341
8737,2024-05-27,3,1004,1497,211,104,337
8738,2024-06-03,3,1004,1685,211,191,316
8739,2024-06-10,3,1004,1800,211,142,215
8740,2024-06-17,3,1004,2046,211,550,163
8741,2024-06-24,3,1004,2219,211,38,470
8742,2024-07-01,3,1004,1958,211,310,434
8743,2024-07-08,3,1004,2168,211,143,250
8744,2024-07-15,3,1004,1943,211,267,203
8745,2024-07-22,3,1004,2184,211,619,385
8746,2024-07-29,3,1004,2423,211,370,213
8747,2024-08-05,3,1004,2568,211,756,355
8748,2024-08-12,3,1004,2704,211,354,435
8749,2024-08-19,3,1004,2611,211,588,353
8750,2024-08-26,3,1004,2522,211,267,401
8751,2024-09-02,3,1004,2533,211,654,22
8752,2024-09-09,3,1004,2511,211,59,254
8753,2024-09-16,3,1004,2547,211,59,82
8754,2024-09-23,3,1004,2384,211,79,397
8755,2024-09-30,3,1004,2420,211,178,388
8756,2024-10-07,3,1004,2498,211,496,63
8757,2024-10-14,3,1004,2463,211,1,17
8758,2024-10-21,3,1004,2066,211,298,354
8759,2024-10-28,3,1004,1815,211,262,328
8760,2024-11-04,3,1004,1862,211,260,251
8761,2024-11-11,3,1004,1877,211,544,440
8762,2024-11-18,3,1004,1969,211,116,119
8763,2024-11-25,3,1004,1680,211,479,292
8764,2024-12-02,3,1004,2055,211,282,310
8765,2024-12-09,3,1004,2333,211,446,398
8766,2024-12-16,3,1004,1948,211,451,194
8767,2024-12-23,3,1004,1827,211,316,330
8768,2024-12-30,3,1004,2129,211,336,258
8769,2025-01-06,3,1004,2168,211,525,34
8770,2025-01-13,3,1004,2335,211,440,216
8771,2025-01-20,3,1004,2056,211,539,190
8772,2025-01-27,3,1004,2118,211,346,224
8773,2025-02-03,3,1004,2310,211,261,323
8774,2025-02-10,3,1004,2067,211,159,22
8775,2025-02-17,3,1004,2296,211,544,113
8776,2025-02-24,3,1004,2280,211,561,33
8777,2025-03-03,3,1004,2485,211,596,180
8778,2025-03-10,3,1004,2762,211,794,422
8779,2025-03-17,3,1004,2787,211,558,81
8780,2025-03-24,3,1004,3061,211,833,184
8781,2025-03-31,3,1004,3040,211,204,497
8782,2025-04-07,3,1004,2836,211,118,65
8783,2025-04-14,3,1004,2547,211,574,385
8784,2025-04-21,3,1004,2556,211,348,404
8785,2025-04-28,3,1004,2256,211,320,79
8786,2025-05-05,3,1004,1964,211,406,174
8787,2025-05-12,3,1004,2236,211,597,378
8788,2025-05-19,3,1004,2047,211,392,55
8789,2025-05-26,3,1004,1901,211,308,255
8790,2025-06-02,3,1004,1867,211,144,497
8791,2025-06-09,3,1004,1879,211,382,249
8792,2025-06-16,3,1004,1976,211,108,103
8793,2025-06-23,3,1004,1687,211,402,290
8794,2025-06-30,3,1004,1769,211,240,383
8795,2025-07-07,3,1004,1836,211,487,279
8796,2025-07-14,3,1004,1747,211,234,287
8797,2025-07-21,3,1004,1750,211,360,375
8798,2025-07-28,3,1004,1735,211,371,246
8799,2025-08-04,3,1004,1649,211,60,320
8800,2025-08-11,3,1004,1490,211,37,336
8801,2025-08-18,3,1004,1317,211,387,385
8802,2025-08-25,3,1004,1400,211,225,101
8803,2025-09-01,3,1004,1252,211,274,406
8804,2025-09-08,3,1004,1529,211,165,44
8805,2025-09-15,3,1004,1450,211,370,37
8806,2025-09-22,3,1004,1373,211,362,332
8807,2025-09-29,3,1004,1171,211,320,372
8808,2025-10-06,3,1004,860,211,189,360
8809,2025-10-13,3,1004,697,211,169,190
8810,2025-10-20,3,1004,412,211,78,10
8811,2025-10-27,3,1004,402,211,34,473
8812,2025-11-03,3,1004,376,211,108,421
8813,2025-11-10,3,1004,570,211,9,143
8814,2025-11-17,3,1004,942,211,203,162
8815,2025-11-24,3,1004,726,211,209,34
8816,2025-12-01,3,1004,707,211,115,306
8817,2025-12-08,3,1004,487,211,145,245
8818,2025-12-15,3,1004,313,211,60,39
8819,2025-12-22,3,1004,366,211,78,416
8820,2025-12-29,3,1004,4,211,0,282
8821,2024-01-01,3,1005,926,223,145,61
8822,2024-01-08,3,1005,1070,223,145,226
8823,2024-01-15,3,1005,786,223,73,190
8824,2024-01-22,3,1005,1048,223,186,14
8825,2024-01-29,3,1005,918,223,135,455
8826,2024-02-05,3,1005,806,223,74,146
8827,2024-02-12,3,1005,530,223,69,130
8828,2024-02-19,3,1005,383,223,27,26
8829,2024-02-26,3,1005,348,223,47,471
8830,2024-03-04,3,1005,318,223,1,23
8831,2024-03-11,3,1005,429,223,100,489
8832,2024-03-18,3,1005,437,223,43,132
8833,2024-03-25,3,1005,714,223,137,377
8834,2024-04-01,3,1005,947,223,106,329
8835,2024-04-08,3,1005,1010,223,214,418
8836,2024-04-15,3,1005,835,223,49,363
8837,2024-04-22,3,1005,1114,223,121,151
8838,2024-04-29,3,1005,895,223,54,152
8839,2024-05-06,3,1005,1075,223,209,336
8840,2024-05-13,3,1005,1112,223,204,274
8841,2024-05-20,3,1005,843,223,17,486
8842,2024-05-27,3,1005,546,223,132,336
8843,2024-06-03,3,1005,591,223,54,218
8844,2024-06-10,3,1005,805,223,184,274
8845,2024-06-17,3,1005,840,223,166,432
8846,2024-06-24,3,1005,747,223,200,321
8847,2024-07-01,3,1005,952,223,103,266
8848,2024-07-08,3,1005,1080,223,43,94
8849,2024-07-15,3,1005,995,223,8,185
8850,2024-07-22,3,1005,902,223,236,319
8851,2024-07-29,3,1005,819,223,241,320
8852,2024-08-05,3,1005,743,223,132,462
8853,2024-08-12,3,1005,743,223,43,65
8854,2024-08-19,3,1005,805,223,41,177
8855,2024-08-26,3,1005,805,223,240,207
8856,2024-09-02,3,1005,866,223,195,498
8857,2024-09-09,3,1005,1015,223,259,306
8858,2024-09-16,3,1005,1015,223,258,481
8859,2024-09-23,3,1005,902,223,131,325
8860,2024-09-30,3,1005,639,223,83,187
8861,2024-10-07,3,1005,944,223,74,80
8862,2024-10-14,3,1005,806,223,154,382
8863,2024-10-21,3,1005,505,223,77,157
8864,2024-10-28,3,1005,219,223,15,186
8865,2024-11-04,3,1005,258,223,41,53
8866,2024-11-11,3,1005,556,223,0,314
8867,2024-11-18,3,1005,844,223,47,19
8868,2024-11-25,3,1005,1129,223,248,375
8869,2024-12-02,3,1005,907,223,271,208
8870,2024-12-09,3,1005,530,223,104,252
8871,2024-12-16,3,1005,422,223,117,267
8872,2024-12-23,3,1005,731,223,12,64
8873,2024-12-30,3,1005,830,223,163,275
8874,2025-01-06,3,1005,797,223,117,419
8875,2025-01-13,3,1005,643,223,69,84
8876,2025-01-20,3,1005,363,223,31,390
8877,2025-01-27,3,1005,274,223,9,429
8878,2025-02-03,3,1005,289,223,61,212
8879,2025-02-10,3,1005,24,223,4,178
8880,2025-02-17,3,1005,0,223,0,491
8881,2025-02-24,3,1005,208,223,37,16
8882,2025-03-03,3,1005,68,223,10,476
8883,2025-03-10,3,1005,35,223,2,232
8884,2025-03-17,3,1005,113,223,0,182
8885,2025-03-24,3,1005,0,223,0,262
8886,2025-03-31,3,1005,74,223,9,390
8887,2025-04-07,3,1005,0,223,0,218
8888,2025-04-14,3,1005,254,223,56,467
8889,2025-04-21,3,1005,513,223,140,249
8890,2025-04-28,3,1005,538,223,115,493
8891,2025-05-05,3,1005,470,223,132,451
8892,2025-05-12,3,1005,482,223,42,285
8893,2025-05-19,3,1005,264,223,13,366
8894,2025-05-26,3,1005,510,223,60,167
8895,2025-06-02,3,1005,436,223,56,423
8896,2025-06-09,3,1005,428,223,110,311
8897,2025-06-16,3,1005,450,223,91,68
8898,2025-06-23,3,1005,507,223,83,337
8899,2025-06-30,3,1005,269,223,42,453
8900,2025-07-07,3,1005,136,223,27,78
8901,2025-07-14,3,1005,86,223,25,208
8902,2025-07-21,3,1005,0,223,0,406
8903,2025-07-28,3,1005,0,223,0,186
8904,2025-08-04,3,1005,0,223,0,452
8905,2025-08-11,3,1005,0,223,0,201
8906,2025-08-18,3,1005,23,223,5,226
8907,2025-08-25,3,1005,0,223,0,11
8908,2025-09-01,3,1005,0,223,0,418
8909,2025-09-08,3,1005,250,223,21,154
8910,2025-09-15,3,1005,138,223,36,341
8911,2025-09-22,3,1005,181,223,52,187
8912,2025-09-29,3,1005,0,223,0,76
8913,2025-10-06,3,1005,0,223,0,177
8914,2025-10-13,3,1005,0,223,0,339
8915,2025-10-20,3,1005,0,223,0,69
8916,2025-10-27,3,1005,0,223,0,88
8917,2025-11-03,3,1005,266,223,0,467
8918,2025-11-10,3,1005,119,223,22,183
8919,2025-11-17,3,1005,0,223,0,244
8920,2025-11-24,3,1005,0,223,0,11
8921,2025-12-01,3,1005,0,223,0,330
8922,2025-12-08,3,1005,0,223,0,21
8923,2025-12-15,3,1005,0,223,0,344
8924,2025-12-22,3,1005,125,223,16,154
8925,2025-12-29,3,1005,428,223,7,220
8926,2024-01-01,3,1006,2234,212,282,326
8927,2024-01-08,3,1006,2097,212,325,168
8928,2024-01-15,3,1006,2220,212,660,491
8929,2024-01-22,3,1006,2482,212,512,188
8930,2024-01-29,3,1006,2318,212,576,490
8931,2024-02-05,3,1006,2211,212,127,123
8932,2024-02-12,3,1006,2099,212,35,144
8933,2024-02-19,3,1006,2028,212,487,142
8934,2024-02-26,3,1006,1732,212,0,35
8935,2024-03-04,3,1006,1534,212,90,107
8936,2024-03-11,3,1006,1607,212,77,483
8937,2024-03-18,3,1006,1538,212,294,29
8938,2024-03-25,3,1006,1378,212,70,110
8939,2024-04-01,3,1006,1592,212,104,493
8940,2024-04-08,3,1006,1809,212,513,331
8941,2024-04-15,3,1006,2047,212,296,134
8942,2024-04-22,3,1006,2165,212,160,404
8943,2024-04-29,3,1006,1902,212,296,149
8944,2024-05-06,3,1006,1661,212,388,384
8945,2024-05-13,3,1006,1654,212,31,439
8946,2024-05-20,3,1006,1771,212,258,268
8947,2024-05-27,3,1006,1739,212,293,113
8948,2024-06-03,3,1006,1896,212,79,17
8949,2024-06-10,3,1006,1661,212,85,310
8950,2024-06-17,3,1006,1538,212,346,201
8951,2024-06-24,3,1006,1582,212,29,250
8952,2024-07-01,3,1006,1758,212,24,123
8953,2024-07-08,3,1006,1578,212,420,279
8954,2024-07-15,3,1006,1480,212,151,385
8955,2024-07-22,3,1006,1289,212,69,483
8956,2024-07-29,3,1006,1006,212,256,100
8957,2024-08-05,3,1006,1079,212,121,37
8958,2024-08-12,3,1006,1161,212,98,220
8959,2024-08-19,3,1006,1099,212,291,364
8960,2024-08-26,3,1006,997,212,255,64
8961,2024-09-02,3,1006,840,212,229,50
8962,2024-09-09,3,1006,672,212,58,62
8963,2024-09-16,3,1006,692,212,41,137
8964,2024-09-23,3,1006,406,212,36,371
8965,2024-09-30,3,1006,356,212,1,53
8966,2024-10-07,3,1006,573,212,47,143
8967,2024-10-14,3,1006,294,212,55,341
8968,2024-10-21,3,1006,586,212,79,260
8969,2024-10-28,3,1006,511,212,76,407
8970,2024-11-04,3,1006,218,212,20,42
8971,2024-11-11,3,1006,166,212,49,386
8972,2024-11-18,3,1006,62,212,0,381
8973,2024-11-25,3,1006,0,212,0,149
8974,2024-12-02,3,1006,261,212,48,28
8975,2024-12-09,3,1006,275,212,52,457
8976,2024-12-16,3,1006,636,212,83,18
8977,2024-12-23,3,1006,864,212,227,351
8978,2024-12-30,3,1006,613,212,71,232
8979,2025-01-06,3,1006,730,212,51,203
8980,2025-01-13,3,1006,614,212,64,400
8981,2025-01-20,3,1006,878,212,183,187
8982,2025-01-27,3,1006,880,212,117,226
8983,2025-02-03,3,1006,976,212,261,425
8984,2025-02-10,3,1006,809,212,179,189
8985,2025-02-17,3,1006,651,212,151,245
8986,2025-02-24,3,1006,779,212,161,161
8987,2025-03-03,3,1006,633,212,188,26
8988,2025-03-10,3,1006,526,212,138,97
8989,2025-03-17,3,1006,330,212,37,42
8990,2025-03-24,3,1006,43,212,1,246
8991,2025-03-31,3,1006,1,212,0,164
8992,2025-04-07,3,1006,88,212,15,204
8993,2025-04-14,3,1006,0,212,0,216
8994,2025-04-21,3,1006,0,212,0,482
8995,2025-04-28,3,1006,176,212,2,9
8996,2025-05-05,3,1006,59,212,16,476
8997,2025-05-12,3,1006,0,212,0,41
8998,2025-05-19,3,1006,221,212,7,222
8999,2025-05-26,3,1006,317,212,65,203
9000,2025-06-02,3,1006,158,212,6,216
9001,2025-06-09,3,1006,298,212,20,138
9002,2025-06-16,3,1006,448,212,121,264
9003,2025-06-23,3,1006,175,212,14,0
9004,2025-06-30,3,1006,297,212,50,149
9005,2025-07-07,3,1006,296,212,41,161
9006,2025-07-14,3,1006,551,212,128,173
9007,2025-07-21,3,1006,571,212,56,478
9008,2025-07-28,3,1006,284,212,57,99
9009,2025-08-04,3,1006,158,212,7,89
9010,2025-08-11,3,1006,14,212,3,310
9011,2025-08-18,3,1006,35,212,8,159
9012,2025-08-25,3,1006,0,212,0,322
9013,2025-09-01,3,1006,62,212,17,150
9014,2025-09-08,3,1006,109,212,4,454
9015,2025-09-15,3,1006,221,212,23,373
9016,2025-09-22,3,1006,61,212,15,402
9017,2025-09-29,3,1006,85,212,12,496
9018,2025-10-06,3,1006,346,212,97,471
9019,2025-10-13,3,1006,444,212,112,164
9020,2025-10-20,3,1006,365,212,98,294
9021,2025-10-27,3,1006,528,212,144,306
9022,2025-11-03,3,1006,809,212,86,297
9023,2025-11-10,3,1006,1107,212,181,236
9024,2025-11-17,3,1006,1332,212,283,6
9025,2025-11-24,3,1006,1662,212,351,330
9026,2025-12-01,3,1006,1825,212,545,64
9027,2025-12-08,3,1006,2110,212,387,493
9028,2025-12-15,3,1006,2299,212,176,419
9029,2025-12-22,3,1006,2324,212,684,159
9030,2025-12-29,3,1006,2042,212,549,241
9031,2024-01-01,3,1007,3278,215,930,144
9032,2024-01-08,3,1007,3373,215,477,212
9033,2024-01-15,3,1007,3601,215,210,241
9034,2024-01-22,3,1007,3445,215,539,319
9035,2024-01-29,3,1007,3205,215,745,491
9036,2024-02-05,3,1007,3131,215,835,219
9037,2024-02-12,3,1007,3390,215,582,462
9038,2024-02-19,3,1007,3661,215,571,479
9039,2024-02-26,3,1007,3479,215,548,109
9040,2024-03-04,3,1007,3539,215,544,243
9041,2024-03-11,3,1007,3660,215,224,87
9042,2024-03-18,3,1007,3660,215,829,197
9043,2024-03-25,3,1007,3851,215,93,115
9044,2024-04-01,3,1007,3812,215,453,133
9045,2024-04-08,3,1007,3950,215,485,27
9046,2024-04-15,3,1007,3784,215,936,293
9047,2024-04-22,3,1007,3727,215,817,242
9048,2024-04-29,3,1007,3573,215,579,338
9049,2024-05-06,3,1007,3431,215,298,279
9050,2024-05-13,3,1007,3655,215,581,73
9051,2024-05-20,3,1007,3759,215,417,135
9052,2024-05-27,3,1007,4031,215,810,374
9053,2024-06-03,3,1007,3755,215,146,73
9054,2024-06-10,3,1007,3911,215,455,428
9055,2024-06-17,3,1007,3892,215,715,91
9056,2024-06-24,3,1007,4047,215,733,483
9057,2024-07-01,3,1007,3806,215,1014,300
9058,2024-07-08,3,1007,3585,215,604,99
9059,2024-07-15,3,1007,3692,215,756,120
9060,2024-07-22,3,1007,3767,215,967,283
9061,2024-07-29,3,1007,3923,215,705,290
9062,2024-08-05,3,1007,4089,215,67,243
9063,2024-08-12,3,1007,4174,215,54,235
9064,2024-08-19,3,1007,4337,215,305,306
9065,2024-08-26,3,1007,4220,215,964,6
9066,2024-09-02,3,1007,4038,215,788,164
9067,2024-09-09,3,1007,4200,215,629,343
9068,2024-09-16,3,1007,4179,215,1002,0
9069,2024-09-23,3,1007,4252,215,324,186
9070,2024-09-30,3,1007,3982,215,942,371
9071,2024-10-07,3,1007,4077,215,940,406
9072,2024-10-14,3,1007,4366,215,1017,92
9073,2024-10-21,3,1007,4321,215,397,122
9074,2024-10-28,3,1007,4298,215,281,129
9075,2024-11-04,3,1007,4207,215,779,289
9076,2024-11-11,3,1007,4088,215,243,373
9077,2024-11-18,3,1007,4319,215,772,236
9078,2024-11-25,3,1007,3942,215,262,183
9079,2024-12-02,3,1007,3586,215,299,39
9080,2024-12-09,3,1007,3682,215,186,260
9081,2024-12-16,3,1007,3477,215,737,437
9082,2024-12-23,3,1007,3853,215,234,50
9083,2024-12-30,3,1007,4180,215,1073,25
9084,2025-01-06,3,1007,4119,215,1195,115
9085,2025-01-13,3,1007,4357,215,319,488
9086,2025-01-20,3,1007,4505,215,476,462
9087,2025-01-27,3,1007,4529,215,1235,166
9088,2025-02-03,3,1007,4257,215,874,296
9089,2025-02-10,3,1007,4216,215,660,207
9090,2025-02-17,3,1007,4208,215,215,387
9091,2025-02-24,3,1007,4022,215,965,493
9092,2025-03-03,3,1007,4039,215,848,133
9093,2025-03-10,3,1007,4204,215,947,6
9094,2025-03-17,3,1007,4355,215,182,398
9095,2025-03-24,3,1007,4484,215,872,152
9096,2025-03-31,3,1007,4211,215,86,353
9097,2025-04-07,3,1007,4429,215,637,213
9098,2025-04-14,3,1007,4299,215,451,341
9099,2025-04-21,3,1007,4247,215,276,179
9100,2025-04-28,3,1007,4279,215,121,454
9101,2025-05-05,3,1007,4403,215,188,244
9102,2025-05-12,3,1007,4271,215,890,15
9103,2025-05-19,3,1007,4198,215,733,82
9104,2025-05-26,3,1007,4256,215,1246,312
9105,2025-06-02,3,1007,4332,215,97,215
9106,2025-06-09,3,1007,4216,215,169,230
9107,2025-06-16,3,1007,4341,215,624,259
9108,2025-06-23,3,1007,4331,215,1029,227
9109,2025-06-30,3,1007,4344,215,990,186
9110,2025-07-07,3,1007,4088,215,447,390
9111,2025-07-14,3,1007,4312,215,25,157
9112,2025-07-21,3,1007,4590,215,1012,389
9113,2025-07-28,3,1007,4786,215,225,75
9114,2025-08-04,3,1007,4766,215,183,383
9115,2025-08-11,3,1007,4661,215,309,398
9116,2025-08-18,3,1007,4553,215,258,241
9117,2025-08-25,3,1007,4596,215,797,127
9118,2025-09-01,3,1007,4492,215,797,426
9119,2025-09-08,3,1007,4489,215,745,105
9120,2025-09-15,3,1007,4195,215,649,87
9121,2025-09-22,3,1007,4090,215,959,110
9122,2025-09-29,3,1007,4093,215,766,426
9123,2025-10-06,3,1007,4469,215,1123,197
9124,2025-10-13,3,1007,4665,215,492,181
9125,2025-10-20,3,1007,4784,215,1246,62
9126,2025-10-27,3,1007,4884,215,1387,69
9127,2025-11-03,3,1007,4737,215,1195,365
9128,2025-11-10,3,1007,4468,215,337,242
9129,2025-11-17,3,1007,4811,215,1157,245
9130,2025-11-24,3,1007,4672,215,384,235
9131,2025-12-01,3,1007,4343,215,41,279
9132,2025-12-08,3,1007,4142,215,825,371
9133,2025-12-15,3,1007,4499,215,293,112
9134,2025-12-22,3,1007,4640,215,409,386
9135,2025-12-29,3,1007,4588,215,766,282
9136,2024-01-01,3,1008,554,219,6,323
9137,2024-01-08,3,1008,521,219,120,178
9138,2024-01-15,3,1008,655,219,84,146
9139,2024-01-22,3,1008,421,219,67,218
9140,2024-01-29,3,1008,473,219,116,486
9141,2024-02-05,3,1008,618,219,68,192
9142,2024-02-12,3,1008,680,219,107,453
9143,2024-02-19,3,1008,507,219,40,327
9144,2024-02-26,3,1008,619,219,134,131
9145,2024-03-04,3,1008,735,219,74,218
9146,2024-03-11,3,1008,730,219,43,269
9147,2024-03-18,3,1008,830,219,88,178
9148,2024-03-25,3,1008,718,219,75,90
9149,2024-04-01,3,1008,446,219,58,448
9150,2024-04-08,3,1008,454,219,9,383
9151,2024-04-15,3,1008,369,219,109,16
9152,2024-04-22,3,1008,335,219,40,281
9153,2024-04-29,3,1008,375,219,41,41
9154,2024-05-06,3,1008,145,219,34,464
9155,2024-05-13,3,1008,306,219,67,257
9156,2024-05-20,3,1008,164,219,27,271
9157,2024-05-27,3,1008,136,219,27,193
9158,2024-06-03,3,1008,252,219,29,460
9159,2024-06-10,3,1008,402,219,75,39
9160,2024-06-17,3,1008,529,219,112,127
9161,2024-06-24,3,1008,676,219,115,92
9162,2024-07-01,3,1008,732,219,23,243
9163,2024-07-08,3,1008,739,219,201,279
9164,2024-07-15,3,1008,604,219,72,52
9165,2024-07-22,3,1008,650,219,58,51
9166,2024-07-29,3,1008,471,219,127,129
9167,2024-08-05,3,1008,312,219,22,333
9168,2024-08-12,3,1008,352,219,88,235
9169,2024-08-19,3,1008,218,219,20,129
9170,2024-08-26,3,1008,321,219,15,168
9171,2024-09-02,3,1008,56,219,0,21
9172,2024-09-09,3,1008,276,219,67,334
9173,2024-09-16,3,1008,247,219,67,322
9174,2024-09-23,3,1008,1,219,0,233
9175,2024-09-30,3,1008,0,219,0,35
9176,2024-10-07,3,1008,0,219,0,397
9177,2024-10-14,3,1008,0,219,0,48
9178,2024-10-21,3,1008,0,219,0,263
9179,2024-10-28,3,1008,0,219,0,215
9180,2024-11-04,3,1008,0,219,0,68
9181,2024-11-11,3,1008,106,219,17,97
9182,2024-11-18,3,1008,0,219,0,436
9183,2024-11-25,3,1008,0,219,0,481
9184,2024-12-02,3,1008,0,219,0,494
9185,2024-12-09,3,1008,32,219,7,269
9186,2024-12-16,3,1008,0,219,0,264
9187,2024-12-23,3,1008,51,219,14,233
9188,2024-12-30,3,1008,394,219,44,266
9189,2025-01-06,3,1008,343,219,29,474
9190,2025-01-13,3,1008,569,219,35,425
9191,2025-01-20,3,1008,591,219,86,334
9192,2025-01-27,3,1008,341,219,51,267
9193,2025-02-03,3,1008,367,219,30,179
9194,2025-02-10,3,1008,167,219,22,135
9195,2025-02-17,3,1008,427,219,122,405
9196,2025-02-24,3,1008,353,219,84,110
9197,2025-03-03,3,1008,503,219,142,359
9198,2025-03-10,3,1008,585,219,51,266
9199,2025-03-17,3,1008,855,219,88,349
9200,2025-03-24,3,1008,632,219,91,348
9201,2025-03-31,3,1008,890,219,172,143
9202,2025-04-07,3,1008,946,219,94,356
9203,2025-04-14,3,1008,1071,219,58,333
9204,2025-04-21,3,1008,827,219,216,8
9205,2025-04-28,3,1008,827,219,219,113
9206,2025-05-05,3,1008,547,219,115,10
9207,2025-05-12,3,1008,320,219,14,217
9208,2025-05-19,3,1008,140,219,1,13
9209,2025-05-26,3,1008,412,219,80,36
9210,2025-06-02,3,1008,636,219,27,19
9211,2025-06-09,3,1008,797,219,21,264
9212,2025-06-16,3,1008,575,219,150,465
9213,2025-06-23,3,1008,378,219,91,449
9214,2025-06-30,3,1008,607,219,6,193
9215,2025-07-07,3,1008,850,219,140,150
9216,2025-07-14,3,1008,906,219,227,389
9217,2025-07-21,3,1008,995,219,287,136
9218,2025-07-28,3,1008,1227,219,92,37
9219,2025-08-04,3,1008,1304,219,151,202
9220,2025-08-11,3,1008,1164,219,105,316
9221,2025-08-18,3,1008,1001,219,157,149
9222,2025-08-25,3,1008,822,219,43,350
9223,2025-09-01,3,1008,1099,219,310,77
9224,2025-09-08,3,1008,1148,219,338,144
9225,2025-09-15,3,1008,1116,219,161,248
9226,2025-09-22,3,1008,1073,219,11,457
9227,2025-09-29,3,1008,971,219,153,51
9228,2025-10-06,3,1008,966,219,147,361
9229,2025-10-13,3,1008,834,219,179,279
9230,2025-10-20,3,1008,1185,219,284,267
9231,2025-10-27,3,1008,1026,219,88,337
9232,2025-11-03,3,1008,1322,219,86,351
9233,2025-11-10,3,1008,997,219,79,154
9234,2025-11-17,3,1008,1012,219,2,437
9235,2025-11-24,3,1008,750,219,57,499
9236,2025-12-01,3,1008,782,219,171,250
9237,2025-12-08,3,1008,1158,219,69,251
9238,2025-12-15,3,1008,1303,219,89,375
9239,2025-12-22,3,1008,1367,219,104,394
9240,2025-12-29,3,1008,1323,219,189,298
9241,2024-01-01,3,1009,3919,330,969,129
9242,2024-01-08,3,1009,4161,330,683,364
9243,2024-01-15,3,1009,4306,330,461,354
9244,2024-01-22,3,1009,4400,330,192,314
9245,2024-01-29,3,1009,4666,330,469,394
9246,2024-02-05,3,1009,4379,330,570,492
9247,2024-02-12,3,1009,4177,330,325,465
9248,2024-02-19,3,1009,4049,330,974,145
9249,2024-02-26,3,1009,4024,330,589,440
9250,2024-03-04,3,1009,4237,330,444,31
9251,2024-03-11,3,1009,3987,330,573,402
9252,2024-03-18,3,1009,3936,330,446,359
9253,2024-03-25,3,1009,3955,330,802,16
9254,2024-04-01,3,1009,3814,330,557,148
9255,2024-04-08,3,1009,4013,330,267,456
9256,2024-04-15,3,1009,3810,330,178,174
9257,2024-04-22,3,1009,3603,330,445,18
9258,2024-04-29,3,1009,3823,330,343,49
9259,2024-05-06,3,1009,3935,330,50,424
9260,2024-05-13,3,1009,3694,330,430,316
9261,2024-05-20,3,1009,3731,330,560,195
9262,2024-05-27,3,1009,3506,330,85,172
9263,2024-06-03,3,1009,3705,330,213,442
9264,2024-06-10,3,1009,3582,330,808,342
9265,2024-06-17,3,1009,3631,330,173,103
9266,2024-06-24,3,1009,3491,330,26,456
9267,2024-07-01,3,1009,3472,330,72,218
9268,2024-07-08,3,1009,3489,330,200,212
9269,2024-07-15,3,1009,3727,330,351,459
9270,2024-07-22,3,1009,3594,330,403,398
9271,2024-07-29,3,1009,3360,330,682,265
9272,2024-08-05,3,1009,3474,330,885,336
9273,2024-08-12,3,1009,3375,330,493,158
9274,2024-08-19,3,1009,3494,330,336,417
9275,2024-08-26,3,1009,3491,330,291,105
9276,2024-09-02,3,1009,3374,330,159,164
9277,2024-09-09,3,1009,3567,330,56,91
9278,2024-09-16,3,1009,3811,330,1036,111
9279,2024-09-23,3,1009,3578,330,355,305
9280,2024-09-30,3,1009,3792,330,681,400
9281,2024-10-07,3,1009,3901,330,727,93
9282,2024-10-14,3,1009,3945,330,90,467
9283,2024-10-21,3,1009,4155,330,528,495
9284,2024-10-28,3,1009,3835,330,26,244
9285,2024-11-04,3,1009,3532,330,399,132
9286,2024-11-11,3,1009,3725,330,825,483
9287,2024-11-18,3,1009,3769,330,828,469
9288,2024-11-25,3,1009,4070,330,38,423
9289,2024-12-02,3,1009,4361,330,1063,432
9290,2024-12-09,3,1009,4376,330,921,296
9291,2024-12-16,3,1009,4611,330,70,386
9292,2024-12-23,3,1009,4874,330,1372,124
9293,2024-12-30,3,1009,4874,330,151,150
9294,2025-01-06,3,1009,4853,330,552,341
9295,2025-01-13,3,1009,4605,330,799,412
9296,2025-01-20,3,1009,4853,330,1042,495
9297,2025-01-27,3,1009,4568,330,676,324
9298,2025-02-03,3,1009,4648,330,45,32
9299,2025-02-10,3,1009,4709,330,1074,374
9300,2025-02-17,3,1009,4509,330,746,105
9301,2025-02-24,3,1009,4421,330,974,163
9302,2025-03-03,3,1009,4418,330,585,409
9303,2025-03-10,3,1009,4246,330,459,344
9304,2025-03-17,3,1009,4477,330,994,261
9305,2025-03-24,3,1009,4445,330,24,60
9306,2025-03-31,3,1009,4534,330,1073,323
9307,2025-04-07,3,1009,4253,330,232,313
9308,2025-04-14,3,1009,4509,330,548,252
9309,2025-04-21,3,1009,4564,330,946,472
9310,2025-04-28,3,1009,4716,330,562,259
9311,2025-05-05,3,1009,4912,330,198,169
9312,2025-05-12,3,1009,4660,330,753,351
9313,2025-05-19,3,1009,4550,330,558,38
9314,2025-05-26,3,1009,4754,330,207,383
9315,2025-06-02,3,1009,4679,330,642,388
9316,2025-06-09,3,1009,4417,330,1245,34
9317,2025-06-16,3,1009,4148,330,52,92
9318,2025-06-23,3,1009,3926,330,175,265
9319,2025-06-30,3,1009,3775,330,761,24
9320,2025-07-07,3,1009,3525,330,1021,53
9321,2025-07-14,3,1009,3781,330,988,405
9322,2025-07-21,3,1009,3977,330,650,334
9323,2025-07-28,3,1009,3851,330,677,342
9324,2025-08-04,3,1009,3914,330,217,403
9325,2025-08-11,3,1009,3754,330,763,66
9326,2025-08-18,3,1009,3850,330,1131,99
9327,2025-08-25,3,1009,3902,330,774,74
9328,2025-09-01,3,1009,3787,330,322,398
9329,2025-09-08,3,1009,3535,330,1014,335
9330,2025-09-15,3,1009,3522,330,156,476
9331,2025-09-22,3,1009,3797,330,347,57
9332,2025-09-29,3,1009,3668,330,154,29
9333,2025-10-06,3,1009,3668,330,13,191
9334,2025-10-13,3,1009,3906,330,1130,34
9335,2025-10-20,3,1009,4138,330,387,359
9336,2025-10-27,3,1009,3936,330,565,60
9337,2025-11-03,3,1009,3723,330,305,298
9338,2025-11-10,3,1009,3951,330,536,283
9339,2025-11-17,3,1009,4114,330,517,318
9340,2025-11-24,3,1009,4030,330,147,251
9341,2025-12-01,3,1009,4196,330,588,106
9342,2025-12-08,3,1009,4504,330,1045,265
9343,2025-12-15,3,1009,4322,330,903,91
9344,2025-12-22,3,1009,4352,330,38,228
9345,2025-12-29,3,1009,4079,330,636,25
9346,2024-01-01,3,1010,3825,279,989,314
9347,2024-01-08,3,1010,3659,279,897,147
9348,2024-01-15,3,1010,3460,279,675,360
9349,2024-01-22,3,1010,3258,279,612,247
9350,2024-01-29,3,1010,3116,279,353,197
9351,2024-02-05,3,1010,3191,279,507,111
9352,2024-02-12,3,1010,2942,279,545,200
9353,2024-02-19,3,1010,2968,279,659,385
9354,2024-02-26,3,1010,3162,279,186,225
9355,2024-03-04,3,1010,3252,279,344,243
9356,2024-03-11,3,1010,3088,279,660,449
9357,2024-03-18,3,1010,3086,279,827,308
9358,2024-03-25,3,1010,2925,279,152,229
9359,2024-04-01,3,1010,2917,279,689,490
9360,2024-04-08,3,1010,2917,279,373,26
9361,2024-04-15,3,1010,2990,279,477,362
9362,2024-04-22,3,1010,3059,279,695,56
9363,2024-04-29,3,1010,3328,279,244,18
9364,2024-05-06,3,1010,3377,279,609,11
9365,2024-05-13,3,1010,3210,279,926,296
9366,2024-05-20,3,1010,3366,279,225,200
9367,2024-05-27,3,1010,3634,279,245,100
9368,2024-06-03,3,1010,3480,279,13,43
9369,2024-06-10,3,1010,3245,279,77,419
9370,2024-06-17,3,1010,3486,279,895,334
9371,2024-06-24,3,1010,3580,279,415,159
9372,2024-07-01,3,1010,3716,279,538,418
9373,2024-07-08,3,1010,3973,279,39,374
9374,2024-07-15,3,1010,3677,279,419,30
9375,2024-07-22,3,1010,3864,279,790,350
9376,2024-07-29,3,1010,3751,279,111,4
9377,2024-08-05,3,1010,3766,279,634,283
9378,2024-08-12,3,1010,3596,279,894,28
9379,2024-08-19,3,1010,3678,279,547,234
9380,2024-08-26,3,1010,3558,279,567,166
9381,2024-09-02,3,1010,3623,279,990,429
9382,2024-09-09,3,1010,3459,279,812,228
9383,2024-09-16,3,1010,3451,279,55,259
9384,2024-09-23,3,1010,3615,279,627,354
9385,2024-09-30,3,1010,3343,279,684,265
9386,2024-10-07,3,1010,3375,279,406,443
9387,2024-10-14,3,1010,3027,279,808,367
9388,2024-10-21,3,1010,3361,279,944,146
9389,2024-10-28,3,1010,3453,279,65,184
9390,2024-11-04,3,1010,3549,279,888,102
9391,2024-11-11,3,1010,3935,279,663,177
9392,2024-11-18,3,1010,3803,279,514,89
9393,2024-11-25,3,1010,3849,279,953,18
9394,2024-12-02,3,1010,4194,279,282,409
9395,2024-12-09,3,1010,3975,279,997,106
9396,2024-12-16,3,1010,3928,279,324,213
9397,2024-12-23,3,1010,3604,279,198,137
9398,2024-12-30,3,1010,3452,279,30,17
9399,2025-01-06,3,1010,3715,279,609,44
9400,2025-01-13,3,1010,3892,279,513,53
9401,2025-01-20,3,1010,4147,279,527,200
9402,2025-01-27,3,1010,4077,279,889,253
9403,2025-02-03,3,1010,4103,279,377,308
9404,2025-02-10,3,1010,3803,279,140,159
9405,2025-02-17,3,1010,3653,279,117,429
9406,2025-02-24,3,1010,3652,279,370,33
9407,2025-03-03,3,1010,3757,279,534,53
9408,2025-03-10,3,1010,3579,279,471,303
9409,2025-03-17,3,1010,3701,279,577,239
9410,2025-03-24,3,1010,3647,279,392,208
9411,2025-03-31,3,1010,3748,279,803,295
9412,2025-04-07,3,1010,3812,279,651,303
9413,2025-04-14,3,1010,3720,279,832,469
9414,2025-04-21,3,1010,3928,279,148,85
9415,2025-04-28,3,1010,4161,279,290,294
9416,2025-05-05,3,1010,3938,279,787,55
9417,2025-05-12,3,1010,3892,279,1144,162
9418,2025-05-19,3,1010,3832,279,751,102
9419,2025-05-26,3,1010,3618,279,455,249
9420,2025-06-02,3,1010,3713,279,134,191
9421,2025-06-09,3,1010,3746,279,1073,139
9422,2025-06-16,3,1010,3618,279,653,95
9423,2025-06-23,3,1010,3682,279,923,274
9424,2025-06-30,3,1010,3470,279,744,399
9425,2025-07-07,3,1010,3490,279,570,65
9426,2025-07-14,3,1010,3559,279,846,253
9427,2025-07-21,3,1010,3675,279,60,68
9428,2025-07-28,3,1010,3652,279,735,255
9429,2025-08-04,3,1010,3474,279,313,39
9430,2025-08-11,3,1010,3333,279,316,193
9431,2025-08-18,3,1010,3417,279,804,443
9432,2025-08-25,3,1010,3469,279,140,25
9433,2025-09-01,3,1010,3589,279,782,317
9434,2025-09-08,3,1010,3314,279,549,331
9435,2025-09-15,3,1010,3305,279,642,306
9436,2025-09-22,3,1010,3404,279,67,237
9437,2025-09-29,3,1010,3248,279,804,280
9438,2025-10-06,3,1010,3249,279,793,428
9439,2025-10-13,3,1010,3036,279,854,293
9440,2025-10-20,3,1010,2991,279,436,30
9441,2025-10-27,3,1010,2809,279,668,427
9442,2025-11-03,3,1010,2954,279,765,223
9443,2025-11-10,3,1010,2877,279,704,387
9444,2025-11-17,3,1010,2814,279,256,188
9445,2025-11-24,3,1010,3194,279,261,145
9446,2025-12-01,3,1010,2935,279,515,429
9447,2025-12-08,3,1010,3136,279,130,82
9448,2025-12-15,3,1010,3365,279,979,137
9449,2025-12-22,3,1010,3360,279,973,15
9450,2025-12-29,3,1010,3050,279,522,154
9451,2024-01-01,3,1011,3426,326,849,228
9452,2024-01-08,3,1011,3601,326,281,327
9453,2024-01-15,3,1011,3426,326,381,450
9454,2024-01-22,3,1011,3221,326,223,22
9455,2024-01-29,3,1011,3230,326,696,399
9456,2024-02-05,3,1011,3439,326,91,334
9457,2024-02-12,3,1011,3542,326,648,384
9458,2024-02-19,3,1011,3600,326,477,65
9459,2024-02-26,3,1011,3797,326,812,158
9460,2024-03-04,3,1011,3583,326,732,208
9461,2024-03-11,3,1011,3800,326,487,458
9462,2024-03-18,3,1011,4042,326,425,438
9463,2024-03-25,3,1011,4141,326,193,157
9464,2024-04-01,3,1011,3951,326,882,364
9465,2024-04-08,3,1011,3724,326,1037,65
9466,2024-04-15,3,1011,3502,326,683,188
9467,2024-04-22,3,1011,3495,326,528,430
9468,2024-04-29,3,1011,3462,326,789,440
9469,2024-05-06,3,1011,3625,326,486,187
9470,2024-05-13,3,1011,3689,326,971,320
9471,2024-05-20,3,1011,3832,326,182,493
9472,2024-05-27,3,1011,3977,326,1082,310
9473,2024-06-03,3,1011,4190,326,629,137
9474,2024-06-10,3,1011,3939,326,556,350
9475,2024-06-17,3,1011,3929,326,224,85
9476,2024-06-24,3,1011,3681,326,1091,296
9477,2024-07-01,3,1011,3476,326,511,55
9478,2024-07-08,3,1011,3712,326,844,43
9479,2024-07-15,3,1011,3682,326,775,404
9480,2024-07-22,3,1011,3668,326,905,331
9481,2024-07-29,3,1011,3382,326,619,359
9482,2024-08-05,3,1011,3419,326,111,358
9483,2024-08-12,3,1011,3437,326,681,173
9484,2024-08-19,3,1011,3447,326,217,398
9485,2024-08-26,3,1011,3418,326,456,165
9486,2024-09-02,3,1011,3535,326,390,456
9487,2024-09-09,3,1011,3312,326,865,69
9488,2024-09-16,3,1011,3476,326,899,198
9489,2024-09-23,3,1011,3624,326,1028,41
9490,2024-09-30,3,1011,3740,326,320,477
9491,2024-10-07,3,1011,3871,326,465,18
9492,2024-10-14,3,1011,3486,326,808,115
9493,2024-10-21,3,1011,3640,326,126,21
9494,2024-10-28,3,1011,3532,326,864,329
9495,2024-11-04,3,1011,3697,326,281,16
9496,2024-11-11,3,1011,3954,326,333,304
9497,2024-11-18,3,1011,3716,326,690,325
9498,2024-11-25,3,1011,3954,326,929,252
9499,2024-12-02,3,1011,3987,326,128,35
9500,2024-12-09,3,1011,4311,326,1263,64
9501,2024-12-16,3,1011,4599,326,543,137
9502,2024-12-23,3,1011,4659,326,1030,134
9503,2024-12-30,3,1011,4283,326,729,132
9504,2025-01-06,3,1011,4546,326,1109,55
9505,2025-01-13,3,1011,4582,326,488,477
9506,2025-01-20,3,1011,4427,326,463,49
9507,2025-01-27,3,1011,4132,326,1103,81
9508,2025-02-03,3,1011,4291,326,380,482
9509,2025-02-10,3,1011,4379,326,1003,379
9510,2025-02-17,3,1011,4449,326,122,388
9511,2025-02-24,3,1011,4662,326,616,424
9512,2025-03-03,3,1011,4714,326,472,410
9513,2025-03-10,3,1011,4838,326,322,458
9514,2025-03-17,3,1011,4803,326,17,90
9515,2025-03-24,3,1011,4537,326,577,143
9516,2025-03-31,3,1011,4691,326,90,383
9517,2025-04-07,3,1011,4408,326,793,112
9518,2025-04-14,3,1011,4138,326,856,383
9519,2025-04-21,3,1011,4232,326,986,383
9520,2025-04-28,3,1011,4158,326,355,83
9521,2025-05-05,3,1011,3887,326,849,449
9522,2025-05-12,3,1011,3612,326,1049,480
9523,2025-05-19,3,1011,3650,326,649,1
9524,2025-05-26,3,1011,3790,326,738,399
9525,2025-06-02,3,1011,4014,326,820,34
9526,2025-06-09,3,1011,4061,326,698,235
9527,2025-06-16,3,1011,3782,326,191,397
9528,2025-06-23,3,1011,3727,326,56,178
9529,2025-06-30,3,1011,3542,326,93,285
9530,2025-07-07,3,1011,3395,326,765,126
9531,2025-07-14,3,1011,3502,326,363,56
9532,2025-07-21,3,1011,3497,326,808,375
9533,2025-07-28,3,1011,3716,326,666,374
9534,2025-08-04,3,1011,3690,326,736,348
9535,2025-08-11,3,1011,3623,326,421,273
9536,2025-08-18,3,1011,3780,326,943,55
9537,2025-08-25,3,1011,3799,326,892,249
9538,2025-09-01,3,1011,4036,326,774,234
9539,2025-09-08,3,1011,4175,326,119,490
9540,2025-09-15,3,1011,4181,326,323,144
9541,2025-09-22,3,1011,4349,326,161,447
9542,2025-09-29,3,1011,4447,326,139,419
9543,2025-10-06,3,1011,4578,326,198,491
9544,2025-10-13,3,1011,4214,326,1156,18
9545,2025-10-20,3,1011,4331,326,594,464
9546,2025-10-27,3,1011,3944,326,229,309
9547,2025-11-03,3,1011,4313,326,1086,477
9548,2025-11-10,3,1011,3964,326,1005,443
9549,2025-11-17,3,1011,4122,326,410,277
9550,2025-11-24,3,1011,3814,326,455,496
9551,2025-12-01,3,1011,4029,326,281,485
9552,2025-12-08,3,1011,4299,326,710,299
9553,2025-12-15,3,1011,3975,326,309,132
9554,2025-12-22,3,1011,3814,326,379,390
9555,2025-12-29,3,1011,4133,326,653,334
9556,2024-01-01,3,1012,253,301,21,398
9557,2024-01-08,3,1012,139,301,11,45
9558,2024-01-15,3,1012,0,301,0,385
9559,2024-01-22,3,1012,163,301,12,176
9560,2024-01-29,3,1012,384,301,3,395
9561,2024-02-05,3,1012,538,301,48,365
9562,2024-02-12,3,1012,627,301,130,47
9563,2024-02-19,3,1012,453,301,27,28
9564,2024-02-26,3,1012,646,301,43,467
9565,2024-03-04,3,1012,416,301,86,209
9566,2024-03-11,3,1012,241,301,52,428
9567,2024-03-18,3,1012,207,301,22,386
9568,2024-03-25,3,1012,0,301,0,492
9569,2024-04-01,3,1012,0,301,0,116
9570,2024-04-08,3,1012,0,301,0,148
9571,2024-04-15,3,1012,0,301,0,92
9572,2024-04-22,3,1012,0,301,0,84
9573,2024-04-29,3,1012,0,301,0,240
9574,2024-05-06,3,1012,96,301,23,395
9575,2024-05-13,3,1012,118,301,11,107
9576,2024-05-20,3,1012,29,301,4,455
9577,2024-05-27,3,1012,48,301,11,72
9578,2024-06-03,3,1012,302,301,18,33
9579,2024-06-10,3,1012,538,301,93,151
9580,2024-06-17,3,1012,444,301,25,211
9581,2024-06-24,3,1012,523,301,106,477
9582,2024-07-01,3,1012,744,301,72,34
9583,2024-07-08,3,1012,756,301,145,35
9584,2024-07-15,3,1012,907,301,232,145
9585,2024-07-22,3,1012,1034,301,92,167
9586,2024-07-29,3,1012,1025,301,163,356
9587,2024-08-05,3,1012,1185,301,190,488
9588,2024-08-12,3,1012,1018,301,228,418
9589,2024-08-19,3,1012,974,301,151,203
9590,2024-08-26,3,1012,1051,301,303,402
9591,2024-09-02,3,1012,1217,301,93,321
9592,2024-09-09,3,1012,1042,301,305,141
9593,2024-09-16,3,1012,865,301,35,437
9594,2024-09-23,3,1012,1083,301,144,228
9595,2024-09-30,3,1012,811,301,144,312
9596,2024-10-07,3,1012,690,301,90,248
9597,2024-10-14,3,1012,755,301,224,296
9598,2024-10-21,3,1012,424,301,30,445
9599,2024-10-28,3,1012,683,301,27,202
9600,2024-11-04,3,1012,1052,301,103,68
9601,2024-11-11,3,1012,1143,301,67,192
9602,2024-11-18,3,1012,979,301,162,82
9603,2024-11-25,3,1012,1341,301,152,329
9604,2024-12-02,3,1012,1653,301,103,489
9605,2024-12-09,3,1012,1261,301,317,456
9606,2024-12-16,3,1012,1412,301,48,61
9607,2024-12-23,3,1012,1008,301,248,170
9608,2024-12-30,3,1012,726,301,104,209
9609,2025-01-06,3,1012,920,301,157,484
9610,2025-01-13,3,1012,1142,301,12,71
9611,2025-01-20,3,1012,1087,301,64,347
9612,2025-01-27,3,1012,1019,301,232,369
9613,2025-02-03,3,1012,1236,301,54,123
9614,2025-02-10,3,1012,1136,301,151,450
9615,2025-02-17,3,1012,979,301,58,180
9616,2025-02-24,3,1012,1155,301,300,111
9617,2025-03-03,3,1012,872,301,240,128
9618,2025-03-10,3,1012,1030,301,89,58
9619,2025-03-17,3,1012,1100,301,152,316
9620,2025-03-24,3,1012,919,301,30,255
9621,2025-03-31,3,1012,961,301,9,393
9622,2025-04-07,3,1012,1126,301,223,364
9623,2025-04-14,3,1012,1202,301,195,135
9624,2025-04-21,3,1012,1259,301,346,339
9625,2025-04-28,3,1012,1282,301,106,81
9626,2025-05-05,3,1012,1401,301,141,279
9627,2025-05-12,3,1012,1602,301,211,180
9628,2025-05-19,3,1012,1456,301,33,43
9629,2025-05-26,3,1012,1349,301,209,228
9630,2025-06-02,3,1012,1095,301,320,255
9631,2025-06-09,3,1012,1146,301,263,396
9632,2025-06-16,3,1012,891,301,108,422
9633,2025-06-23,3,1012,815,301,164,152
9634,2025-06-30,3,1012,788,301,59,467
9635,2025-07-07,3,1012,921,301,191,266
9636,2025-07-14,3,1012,858,301,225,5
9637,2025-07-21,3,1012,639,301,98,294
9638,2025-07-28,3,1012,831,301,176,485
9639,2025-08-04,3,1012,834,301,23,296
9640,2025-08-11,3,1012,666,301,133,207
9641,2025-08-18,3,1012,637,301,79,499
9642,2025-08-25,3,1012,592,301,30,61
9643,2025-09-01,3,1012,617,301,70,191
9644,2025-09-08,3,1012,359,301,99,164
9645,2025-09-15,3,1012,348,301,26,93
9646,2025-09-22,3,1012,456,301,116,121
9647,2025-09-29,3,1012,329,301,91,62
9648,2025-10-06,3,1012,387,301,30,9
9649,2025-10-13,3,1012,536,301,99,462
9650,2025-10-20,3,1012,865,301,229,33
9651,2025-10-27,3,1012,935,301,177,182
9652,2025-11-03,3,1012,688,301,154,2
9653,2025-11-10,3,1012,933,301,277,133
9654,2025-11-17,3,1012,692,301,115,105
9655,2025-11-24,3,1012,1060,301,228,148
9656,2025-12-01,3,1012,908,301,12,223
9657,2025-12-08,3,1012,1281,301,246,40
9658,2025-12-15,3,1012,1527,301,36,312
9659,2025-12-22,3,1012,1576,301,435,308
9660,2025-12-29,3,1012,1667,301,190,284
9661,2024-01-01,3,1013,1375,308,1,49
9662,2024-01-08,3,1013,1526,308,260,171
9663,2024-01-15,3,1013,1438,308,425,449
9664,2024-01-22,3,1013,1222,308,105,49
9665,2024-01-29,3,1013,1339,308,138,15
9666,2024-02-05,3,1013,1519,308,189,326
9667,2024-02-12,3,1013,1412,308,28,406
9668,2024-02-19,3,1013,1302,308,390,319
9669,2024-02-26,3,1013,1488,308,430,93
9670,2024-03-04,3,1013,1515,308,146,384
9671,2024-03-11,3,1013,1478,308,47,211
9672,2024-03-18,3,1013,1267,308,213,341
9673,2024-03-25,3,1013,1268,308,200,90
9674,2024-04-01,3,1013,1005,308,291,478
9675,2024-04-08,3,1013,1100,308,47,397
9676,2024-04-15,3,1013,1186,308,216,181
9677,2024-04-22,3,1013,1025,308,268,87
9678,2024-04-29,3,1013,1225,308,100,344
9679,2024-05-06,3,1013,1070,308,221,437
9680,2024-05-13,3,1013,1329,308,255,410
9681,2024-05-20,3,1013,1460,308,376,479
9682,2024-05-27,3,1013,1708,308,474,473
9683,2024-06-03,3,1013,1692,308,432,309
9684,2024-06-10,3,1013,1491,308,44,184
9685,2024-06-17,3,1013,1437,308,55,243
9686,2024-06-24,3,1013,1500,308,264,103
9687,2024-07-01,3,1013,1234,308,5,127
9688,2024-07-08,3,1013,963,308,161,146
9689,2024-07-15,3,1013,789,308,74,244
9690,2024-07-22,3,1013,645,308,49,358
9691,2024-07-29,3,1013,785,308,47,358
9692,2024-08-05,3,1013,923,308,100,36
9693,2024-08-12,3,1013,845,308,187,429
9694,2024-08-19,3,1013,685,308,15,351
9695,2024-08-26,3,1013,824,308,162,89
9696,2024-09-02,3,1013,714,308,88,341
9697,2024-09-09,3,1013,447,308,130,458
9698,2024-09-16,3,1013,308,308,20,76
9699,2024-09-23,3,1013,446,308,107,488
9700,2024-09-30,3,1013,644,308,173,116
9701,2024-10-07,3,1013,988,308,163,319
9702,2024-10-14,3,1013,1163,308,77,372
9703,2024-10-21,3,1013,772,308,98,204
9704,2024-10-28,3,1013,650,308,18,198
9705,2024-11-04,3,1013,918,308,41,207
9706,2024-11-11,3,1013,1259,308,341,312
9707,2024-11-18,3,1013,1296,308,171,371
9708,2024-11-25,3,1013,1143,308,208,236
9709,2024-12-02,3,1013,763,308,218,473
9710,2024-12-09,3,1013,380,308,50,353
9711,2024-12-16,3,1013,584,308,29,110
9712,2024-12-23,3,1013,341,308,37,3
9713,2024-12-30,3,1013,413,308,85,30
9714,2025-01-06,3,1013,420,308,102,73
9715,2025-01-13,3,1013,489,308,126,150
9716,2025-01-20,3,1013,720,308,22,8
9717,2025-01-27,3,1013,968,308,184,392
9718,2025-02-03,3,1013,894,308,241,70
9719,2025-02-10,3,1013,734,308,110,336
9720,2025-02-17,3,1013,442,308,83,363
9721,2025-02-24,3,1013,555,308,149,0
9722,2025-03-03,3,1013,381,308,66,417
9723,2025-03-10,3,1013,437,308,105,263
9724,2025-03-17,3,1013,429,308,121,71
9725,2025-03-24,3,1013,581,308,75,467
9726,2025-03-31,3,1013,550,308,109,298
9727,2025-04-07,3,1013,284,308,70,394
9728,2025-04-14,3,1013,168,308,41,353
9729,2025-04-21,3,1013,72,308,10,138
9730,2025-04-28,3,1013,0,308,0,443
9731,2025-05-05,3,1013,262,308,35,381
9732,2025-05-12,3,1013,12,308,0,261
9733,2025-05-19,3,1013,171,308,30,327
9734,2025-05-26,3,1013,25,308,3,489
9735,2025-06-02,3,1013,0,308,0,238
9736,2025-06-09,3,1013,113,308,19,435
9737,2025-06-16,3,1013,387,308,33,234
9738,2025-06-23,3,1013,462,308,95,499
9739,2025-06-30,3,1013,736,308,28,57
9740,2025-07-07,3,1013,974,308,192,279
9741,2025-07-14,3,1013,1155,308,4,163
9742,2025-07-21,3,1013,1421,308,58,314
9743,2025-07-28,3,1013,1489,308,406,268
9744,2025-08-04,3,1013,1321,308,63,244
9745,2025-08-11,3,1013,1437,308,43,265
9746,2025-08-18,3,1013,1381,308,218,400
9747,2025-08-25,3,1013,1245,308,204,192
9748,2025-09-01,3,1013,1424,308,129,98
9749,2025-09-08,3,1013,1641,308,309,171
9750,2025-09-15,3,1013,1816,308,65,296
9751,2025-09-22,3,1013,1856,308,139,443
9752,2025-09-29,3,1013,1655,308,170,433
9753,2025-10-06,3,1013,1747,308,248,257
9754,2025-10-13,3,1013,1674,308,131,332
9755,2025-10-20,3,1013,1661,308,215,327
9756,2025-10-27,3,1013,2029,308,338,368
9757,2025-11-03,3,1013,2384,308,632,392
9758,2025-11-10,3,1013,2064,308,121,209
9759,2025-11-17,3,1013,1821,308,189,36
9760,2025-11-24,3,1013,1507,308,317,288
9761,2025-12-01,3,1013,1095,308,59,321
9762,2025-12-08,3,1013,1411,308,325,244
9763,2025-12-15,3,1013,1285,308,230,393
9764,2025-12-22,3,1013,1426,308,189,66
9765,2025-12-29,3,1013,1762,308,361,0
9766,2024-01-01,3,1014,3644,332,214,396
9767,2024-01-08,3,1014,3475,332,7,2
9768,2024-01-15,3,1014,3662,332,4,495
9769,2024-01-22,3,1014,3568,332,679,193
9770,2024-01-29,3,1014,3742,332,1073,42
9771,2024-02-05,3,1014,3604,332,1,36
9772,2024-02-12,3,1014,3733,332,569,193
9773,2024-02-19,3,1014,3674,332,778,139
9774,2024-02-26,3,1014,3950,332,267,359
9775,2024-03-04,3,1014,4014,332,717,285
9776,2024-03-11,3,1014,4070,332,646,45
9777,2024-03-18,3,1014,4335,332,329,173
9778,2024-03-25,3,1014,4541,332,898,473
9779,2024-04-01,3,1014,4767,332,1138,421
9780,2024-04-08,3,1014,4849,332,67,452
9781,2024-04-15,3,1014,4899,332,326,20
9782,2024-04-22,3,1014,4795,332,571,472
9783,2024-04-29,3,1014,5001,332,1404,46
9784,2024-05-06,3,1014,5148,332,234,181
9785,2024-05-13,3,1014,5077,332,8,36
9786,2024-05-20,3,1014,5274,332,218,143
9787,2024-05-27,3,1014,5350,332,852,385
9788,2024-06-03,3,1014,5196,332,904,355
9789,2024-06-10,3,1014,5071,332,477,264
9790,2024-06-17,3,1014,4847,332,797,324
9791,2024-06-24,3,1014,5067,332,526,154
9792,2024-07-01,3,1014,5101,332,575,146
9793,2024-07-08,3,1014,4964,332,732,381
9794,2024-07-15,3,1014,4810,332,996,33
9795,2024-07-22,3,1014,5039,332,633,83
9796,2024-07-29,3,1014,5130,332,377,274
9797,2024-08-05,3,1014,5129,332,913,339
9798,2024-08-12,3,1014,5240,332,1084,402
9799,2024-08-19,3,1014,5161,332,1207,326
9800,2024-08-26,3,1014,5275,332,868,283
9801,2024-09-02,3,1014,5305,332,1081,402
9802,2024-09-09,3,1014,5275,332,910,346
9803,2024-09-16,3,1014,5376,332,438,352
9804,2024-09-23,3,1014,5124,332,480,405
9805,2024-09-30,3,1014,5054,332,1354,330
9806,2024-10-07,3,1014,5370,332,995,324
9807,2024-10-14,3,1014,5027,332,209,37
9808,2024-10-21,3,1014,4608,332,617,176
9809,2024-10-28,3,1014,4734,332,1333,10
9810,2024-11-04,3,1014,4496,332,184,141
9811,2024-11-11,3,1014,4293,332,699,380
9812,2024-11-18,3,1014,3902,332,970,342
9813,2024-11-25,3,1014,3983,332,915,307
9814,2024-12-02,3,1014,4335,332,945,262
9815,2024-12-09,3,1014,4571,332,897,216
9816,2024-12-16,3,1014,4373,332,277,294
9817,2024-12-23,3,1014,4746,332,586,202
9818,2024-12-30,3,1014,4736,332,291,116
9819,2025-01-06,3,1014,4503,332,605,75
9820,2025-01-13,3,1014,4570,332,1197,120
9821,2025-01-20,3,1014,4460,332,538,378
9822,2025-01-27,3,1014,4664,332,991,42
9823,2025-02-03,3,1014,4528,332,1244,439
9824,2025-02-10,3,1014,4255,332,821,255
9825,2025-02-17,3,1014,4518,332,79,497
9826,2025-02-24,3,1014,4538,332,501,103
9827,2025-03-03,3,1014,4476,332,319,54
9828,2025-03-10,3,1014,4701,332,224,51
9829,2025-03-17,3,1014,4448,332,133,2
9830,2025-03-24,3,1014,4171,332,712,150
9831,2025-03-31,3,1014,4018,332,1085,107
9832,2025-04-07,3,1014,4168,332,763,414
9833,2025-04-14,3,1014,4024,332,1160,330
9834,2025-04-21,3,1014,3820,332,1067,389
9835,2025-04-28,3,1014,3708,332,783,408
9836,2025-05-05,3,1014,3815,332,612,10
9837,2025-05-12,3,1014,3708,332,285,261
9838,2025-05-19,3,1014,3660,332,997,236
9839,2025-05-26,3,1014,3543,332,652,116
9840,2025-06-02,3,1014,3290,332,170,498
9841,2025-06-09,3,1014,2998,332,821,318
9842,2025-06-16,3,1014,3056,332,681,19
9843,2025-06-23,3,1014,3174,332,19,111
9844,2025-06-30,3,1014,3146,332,845,139
9845,2025-07-07,3,1014,3271,332,691,453
9846,2025-07-14,3,1014,3331,332,292,89
9847,2025-07-21,3,1014,3241,332,0,198
9848,2025-07-28,3,1014,3333,332,259,119
9849,2025-08-04,3,1014,3279,332,82,161
9850,2025-08-11,3,1014,3403,332,177,468
9851,2025-08-18,3,1014,3377,332,365,419
9852,2025-08-25,3,1014,3267,332,831,67
9853,2025-09-01,3,1014,3115,332,295,418
9854,2025-09-08,3,1014,3294,332,412,61
9855,2025-09-15,3,1014,3323,332,769,132
9856,2025-09-22,3,1014,3227,332,439,341
9857,2025-09-29,3,1014,3117,332,83,377
9858,2025-10-06,3,1014,3250,332,361,343
9859,2025-10-13,3,1014,2873,332,824,209
9860,2025-10-20,3,1014,2815,332,14,90
9861,2025-10-27,3,1014,2687,332,594,102
9862,2025-11-03,3,1014,2482,332,22,432
9863,2025-11-10,3,1014,2864,332,532,67
9864,2025-11-17,3,1014,2847,332,670,373
9865,2025-11-24,3,1014,2669,332,510,452
9866,2025-12-01,3,1014,2275,332,198,243
9867,2025-12-08,3,1014,1890,332,122,247
9868,2025-12-15,3,1014,2151,332,241,312
9869,2025-12-22,3,1014,1798,332,527,489
9870,2025-12-29,3,1014,1736,332,96,498
9871,2024-01-01,3,1015,1475,316,183,20
9872,2024-01-08,3,1015,1740,316,478,181
9873,2024-01-15,3,1015,1942,316,366,321
9874,2024-01-22,3,1015,2202,316,94,473
9875,2024-01-29,3,1015,2197,316,426,264
9876,2024-02-05,3,1015,2130,316,123,235
9877,2024-02-12,3,1015,1986,316,9,133
9878,2024-02-19,3,1015,1690,316,283,128
9879,2024-02-26,3,1015,1864,316,388,419
9880,2024-03-04,3,1015,1920,316,572,472
9881,2024-03-11,3,1015,1840,316,359,136
9882,2024-03-18,3,1015,1816,316,28,370
9883,2024-03-25,3,1015,1834,316,425,254
9884,2024-04-01,3,1015,2028,316,252,234
9885,2024-04-08,3,1015,2152,316,69,274
9886,2024-04-15,3,1015,2402,316,7,37
9887,2024-04-22,3,1015,2342,316,323,206
9888,2024-04-29,3,1015,2085,316,569,472
9889,2024-05-06,3,1015,1876,316,545,190
9890,2024-05-13,3,1015,1854,316,132,79
9891,2024-05-20,3,1015,1892,316,211,259
9892,2024-05-27,3,1015,1715,316,2,265
9893,2024-06-03,3,1015,1624,316,133,337
9894,2024-06-10,3,1015,1729,316,473,153
9895,2024-06-17,3,1015,1433,316,174,443
9896,2024-06-24,3,1015,1471,316,348,188
9897,2024-07-01,3,1015,1417,316,58,364
9898,2024-07-08,3,1015,1407,316,210,199
9899,2024-07-15,3,1015,1606,316,49,236
9900,2024-07-22,3,1015,1516,316,289,315
9901,2024-07-29,3,1015,1540,316,279,392
9902,2024-08-05,3,1015,1390,316,101,22
9903,2024-08-12,3,1015,1440,316,179,267
9904,2024-08-19,3,1015,1396,316,29,305
9905,2024-08-26,3,1015,1336,316,87,153
9906,2024-09-02,3,1015,1238,316,45,292
9907,2024-09-09,3,1015,1504,316,383,169
9908,2024-09-16,3,1015,1527,316,203,353
9909,2024-09-23,3,1015,1551,316,7,251
9910,2024-09-30,3,1015,1255,316,119,407
9911,2024-10-07,3,1015,1542,316,147,124
9912,2024-10-14,3,1015,1689,316,414,99
9913,2024-10-21,3,1015,1283,316,182,28
9914,2024-10-28,3,1015,1309,316,19,328
9915,2024-11-04,3,1015,1275,316,155,262
9916,2024-11-11,3,1015,1497,316,397,362
9917,2024-11-18,3,1015,1156,316,93,16
9918,2024-11-25,3,1015,957,316,274,324
9919,2024-12-02,3,1015,852,316,254,476
9920,2024-12-09,3,1015,930,316,32,424
9921,2024-12-16,3,1015,661,316,32,405
9922,2024-12-23,3,1015,409,316,70,254
9923,2024-12-30,3,1015,777,316,29,313
9924,2025-01-06,3,1015,603,316,12,380
9925,2025-01-13,3,1015,651,316,100,479
9926,2025-01-20,3,1015,745,316,44,162
9927,2025-01-27,3,1015,792,316,169,461
9928,2025-02-03,3,1015,685,316,148,278
9929,2025-02-10,3,1015,431,316,60,432
9930,2025-02-17,3,1015,357,316,24,480
9931,2025-02-24,3,1015,539,316,102,391
9932,2025-03-03,3,1015,512,316,131,499
9933,2025-03-10,3,1015,774,316,161,494
9934,2025-03-17,3,1015,967,316,129,287
9935,2025-03-24,3,1015,1191,316,256,214
9936,2025-03-31,3,1015,1455,316,117,76
9937,2025-04-07,3,1015,1489,316,378,217
9938,2025-04-14,3,1015,1310,316,67,9
9939,2025-04-21,3,1015,1323,316,202,428
9940,2025-04-28,3,1015,1210,316,13,201
9941,2025-05-05,3,1015,1011,316,203,291
9942,2025-05-12,3,1015,900,316,178,64
9943,2025-05-19,3,1015,726,316,119,476
9944,2025-05-26,3,1015,951,316,219,112
9945,2025-06-02,3,1015,1090,316,65,74
9946,2025-06-09,3,1015,1200,316,312,371
9947,2025-06-16,3,1015,947,316,157,155
9948,2025-06-23,3,1015,1124,316,249,281
9949,2025-06-30,3,1015,1363,316,32,83
9950,2025-07-07,3,1015,1300,316,370,366
9951,2025-07-14,3,1015,1407,316,347,477
9952,2025-07-21,3,1015,1639,316,117,460
9953,2025-07-28,3,1015,1583,316,86,13
9954,2025-08-04,3,1015,1439,316,227,303
9955,2025-08-11,3,1015,1287,316,39,482
9956,2025-08-18,3,1015,1395,316,6,107
9957,2025-08-25,3,1015,1232,316,148,123
9958,2025-09-01,3,1015,1412,316,20,184
9959,2025-09-08,3,1015,1690,316,140,289
9960,2025-09-15,3,1015,1860,316,222,28
9961,2025-09-22,3,1015,1850,316,507,464
9962,2025-09-29,3,1015,1613,316,88,102
9963,2025-10-06,3,1015,1923,316,514,328
9964,2025-10-13,3,1015,1766,316,311,268
9965,2025-10-20,3,1015,1753,316,344,301
9966,2025-10-27,3,1015,2073,316,402,454
9967,2025-11-03,3,1015,2159,316,596,62
9968,2025-11-10,3,1015,2315,316,5,204
9969,2025-11-17,3,1015,2378,316,624,300
9970,2025-11-24,3,1015,2376,316,16,320
9971,2025-12-01,3,1015,2513,316,576,263
9972,2025-12-08,3,1015,2184,316,148,217
9973,2025-12-15,3,1015,1967,316,33,475
9974,2025-12-22,3,1015,2133,316,408,23
9975,2025-12-29,3,1015,2060,316,565,157
9976,2024-01-01,3,1016,968,276,139,126
9977,2024-01-08,3,1016,942,276,229,411
9978,2024-01-15,3,1016,1082,276,205,108
9979,2024-01-22,3,1016,1177,276,316,76
9980,2024-01-29,3,1016,928,276,56,427
9981,2024-02-05,3,1016,812,276,89,75
9982,2024-02-12,3,1016,585,276,114,205
9983,2024-02-19,3,1016,525,276,38,22
9984,2024-02-26,3,1016,722,276,115,195
9985,2024-03-04,3,1016,606,276,150,465
9986,2024-03-11,3,1016,580,276,72,392
9987,2024-03-18,3,1016,697,276,195,288
9988,2024-03-25,3,1016,812,276,222,264
9989,2024-04-01,3,1016,1088,276,273,456
9990,2024-04-08,3,1016,1198,276,175,111
9991,2024-04-15,3,1016,1119,276,231,375
9992,2024-04-22,3,1016,1090,276,165,448
9993,2024-04-29,3,1016,1250,276,304,448
9994,2024-05-06,3,1016,1079,276,197,220
9995,2024-05-13,3,1016,1342,276,359,497
9996,2024-05-20,3,1016,1062,276,270,87
9997,2024-05-27,3,1016,1270,276,103,326
9998,2024-06-03,3,1016,1531,276,196,160
9999,2024-06-10,3,1016,1665,276,20,82
10000,2024-06-17,3,1016,1459,276,179,332
10001,2024-06-24,3,1016,1215,276,214,323
10002,2024-07-01,3,1016,1065,276,90,217
10003,2024-07-08,3,1016,1153,276,173,81
10004,2024-07-15,3,1016,978,276,61,252
10005,2024-07-22,3,1016,869,276,82,119
10006,2024-07-29,3,1016,1105,276,247,307
10007,2024-08-05,3,1016,1018,276,289,154
10008,2024-08-12,3,1016,1156,276,296,218
10009,2024-08-19,3,1016,1230,276,283,157
10010,2024-08-26,3,1016,1214,276,106,178
10011,2024-09-02,3,1016,1217,276,278,355
10012,2024-09-09,3,1016,1137,276,111,75
10013,2024-09-16,3,1016,923,276,211,50
10014,2024-09-23,3,1016,1007,276,164,448
10015,2024-09-30,3,1016,885,276,147,499
10016,2024-10-07,3,1016,508,276,23,312
10017,2024-10-14,3,1016,327,276,9,370
10018,2024-10-21,3,1016,0,276,0,493
10019,2024-10-28,3,1016,295,276,0,187
10020,2024-11-04,3,1016,524,276,89,491
10021,2024-11-11,3,1016,143,276,17,378
10022,2024-11-18,3,1016,236,276,5,362
10023,2024-11-25,3,1016,0,276,0,43
10024,2024-12-02,3,1016,191,276,4,298
10025,2024-12-09,3,1016,277,276,24,28
10026,2024-12-16,3,1016,341,276,2,468
10027,2024-12-23,3,1016,346,276,85,46
10028,2024-12-30,3,1016,557,276,88,253
10029,2025-01-06,3,1016,379,276,86,347
10030,2025-01-13,3,1016,394,276,34,64
10031,2025-01-20,3,1016,632,276,100,107
10032,2025-01-27,3,1016,856,276,110,493
10033,2025-02-03,3,1016,819,276,88,347
10034,2025-02-10,3,1016,738,276,75,336
10035,2025-02-17,3,1016,877,276,73,2
10036,2025-02-24,3,1016,706,276,185,370
10037,2025-03-03,3,1016,973,276,150,30
10038,2025-03-10,3,1016,767,276,22,141
10039,2025-03-17,3,1016,822,276,192,322
10040,2025-03-24,3,1016,936,276,251,111
10041,2025-03-31,3,1016,876,276,246,207
10042,2025-04-07,3,1016,971,276,217,320
10043,2025-04-14,3,1016,1040,276,25,273
10044,2025-04-21,3,1016,1248,276,99,204
10045,2025-04-28,3,1016,1005,276,273,338
10046,2025-05-05,3,1016,864,276,256,218
10047,2025-05-12,3,1016,1061,276,210,207
10048,2025-05-19,3,1016,1276,276,311,262
10049,2025-05-26,3,1016,1356,276,237,288
10050,2025-06-02,3,1016,1484,276,84,58
10051,2025-06-09,3,1016,1567,276,27,415
10052,2025-06-16,3,1016,1773,276,374,121
10053,2025-06-23,3,1016,1544,276,446,430
10054,2025-06-30,3,1016,1800,276,305,139
10055,2025-07-07,3,1016,1503,276,390,107
10056,2025-07-14,3,1016,1725,276,71,421
10057,2025-07-21,3,1016,1703,276,476,112
10058,2025-07-28,3,1016,1892,276,541,429
10059,2025-08-04,3,1016,1959,276,149,35
10060,2025-08-11,3,1016,2026,276,262,373
10061,2025-08-18,3,1016,2091,276,297,468
10062,2025-08-25,3,1016,2207,276,405,46
10063,2025-09-01,3,1016,2126,276,170,244
10064,2025-09-08,3,1016,2246,276,591,3
10065,2025-09-15,3,1016,2491,276,673,23
10066,2025-09-22,3,1016,2206,276,402,332
10067,2025-09-29,3,1016,2322,276,151,339
10068,2025-10-06,3,1016,2151,276,466,285
10069,2025-10-13,3,1016,2488,276,146,12
10070,2025-10-20,3,1016,2672,276,341,350
10071,2025-10-27,3,1016,2504,276,221,438
10072,2025-11-03,3,1016,2751,276,47,5
10073,2025-11-10,3,1016,2938,276,229,160
10074,2025-11-17,3,1016,2774,276,592,136
10075,2025-11-24,3,1016,2751,276,47,215
10076,2025-12-01,3,1016,2972,276,405,379
10077,2025-12-08,3,1016,2871,276,476,345
10078,2025-12-15,3,1016,2997,276,851,300
10079,2025-12-22,3,1016,2628,276,531,13
10080,2025-12-29,3,1016,2332,276,2,412
10081,2024-01-01,3,1017,3235,402,297,476
10082,2024-01-08,3,1017,3335,402,588,230
10083,2024-01-15,3,1017,3253,402,813,301
10084,2024-01-22,3,1017,3317,402,605,171
10085,2024-01-29,3,1017,3398,402,838,43
10086,2024-02-05,3,1017,3195,402,575,331
10087,2024-02-12,3,1017,2951,402,44,28
10088,2024-02-19,3,1017,2982,402,207,42
10089,2024-02-26,3,1017,3117,402,408,213
10090,2024-03-04,3,1017,3092,402,411,78
10091,2024-03-11,3,1017,2837,402,85,257
10092,2024-03-18,3,1017,3034,402,676,62
10093,2024-03-25,3,1017,2889,402,161,498
10094,2024-04-01,3,1017,2992,402,168,231
10095,2024-04-08,3,1017,3203,402,173,29
10096,2024-04-15,3,1017,3029,402,498,179
10097,2024-04-22,3,1017,3294,402,445,261
10098,2024-04-29,3,1017,3065,402,352,179
10099,2024-05-06,3,1017,3102,402,207,1
10100,2024-05-13,3,1017,3278,402,573,87
10101,2024-05-20,3,1017,3153,402,207,223
10102,2024-05-27,3,1017,2909,402,589,65
10103,2024-06-03,3,1017,2892,402,221,450
10104,2024-06-10,3,1017,2666,402,129,307
10105,2024-06-17,3,1017,2939,402,161,120
10106,2024-06-24,3,1017,2666,402,33,271
10107,2024-07-01,3,1017,2844,402,768,232
10108,2024-07-08,3,1017,2567,402,454,69
10109,2024-07-15,3,1017,2610,402,430,20
10110,2024-07-22,3,1017,2537,402,148,396
10111,2024-07-29,3,1017,2263,402,282,191
10112,2024-08-05,3,1017,2172,402,27,431
10113,2024-08-12,3,1017,2003,402,58,158
10114,2024-08-19,3,1017,2034,402,313,329
10115,2024-08-26,3,1017,2135,402,112,266
10116,2024-09-02,3,1017,2115,402,554,185
10117,2024-09-09,3,1017,2296,402,593,309
10118,2024-09-16,3,1017,2280,402,392,315
10119,2024-09-23,3,1017,2171,402,326,449
10120,2024-09-30,3,1017,2274,402,81,359
10121,2024-10-07,3,1017,2570,402,350,92
10122,2024-10-14,3,1017,2939,402,205,171
10123,2024-10-21,3,1017,2614,402,535,164
10124,2024-10-28,3,1017,2940,402,103,321
10125,2024-11-04,3,1017,2886,402,605,492
10126,2024-11-11,3,1017,3142,402,82,111
10127,2024-11-18,3,1017,2869,402,312,444
10128,2024-11-25,3,1017,2974,402,251,115
10129,2024-12-02,3,1017,3340,402,777,134
10130,2024-12-09,3,1017,3307,402,344,322
10131,2024-12-16,3,1017,2943,402,844,165
10132,2024-12-23,3,1017,2941,402,638,322
10133,2024-12-30,3,1017,2564,402,761,149
10134,2025-01-06,3,1017,2755,402,198,373
10135,2025-01-13,3,1017,2971,402,346,461
10136,2025-01-20,3,1017,3003,402,337,33
10137,2025-01-27,3,1017,2973,402,386,404
10138,2025-02-03,3,1017,3122,402,452,260
10139,2025-02-10,3,1017,2838,402,37,477
10140,2025-02-17,3,1017,2906,402,678,137
10141,2025-02-24,3,1017,3171,402,329,30
10142,2025-03-03,3,1017,3447,402,102,433
10143,2025-03-10,3,1017,3275,402,320,82
10144,2025-03-17,3,1017,2991,402,330,360
10145,2025-03-24,3,1017,3249,402,4,414
10146,2025-03-31,3,1017,3463,402,873,32
10147,2025-04-07,3,1017,3391,402,512,191
10148,2025-04-14,3,1017,3632,402,146,452
10149,2025-04-21,3,1017,3465,402,775,313
10150,2025-04-28,3,1017,3623,402,270,230
10151,2025-05-05,3,1017,3744,402,642,9
10152,2025-05-12,3,1017,3451,402,252,93
10153,2025-05-19,3,1017,3588,402,630,168
10154,2025-05-26,3,1017,3737,402,834,442
10155,2025-06-02,3,1017,3912,402,119,277
10156,2025-06-09,3,1017,3905,402,314,90
10157,2025-06-16,3,1017,4025,402,819,297
10158,2025-06-23,3,1017,4240,402,712,144
10159,2025-06-30,3,1017,4431,402,765,368
10160,2025-07-07,3,1017,4603,402,274,485
10161,2025-07-14,3,1017,4380,402,63,332
10162,2025-07-21,3,1017,4371,402,4,33
10163,2025-07-28,3,1017,4170,402,37,158
10164,2025-08-04,3,1017,4068,402,614,432
10165,2025-08-11,3,1017,4222,402,883,355
10166,2025-08-18,3,1017,4323,402,133,445
10167,2025-08-25,3,1017,4386,402,938,21
10168,2025-09-01,3,1017,4391,402,15,410
10169,2025-09-08,3,1017,4499,402,538,270
10170,2025-09-15,3,1017,4693,402,982,455
10171,2025-09-22,3,1017,4675,402,493,490
10172,2025-09-29,3,1017,4875,402,1090,70
10173,2025-10-06,3,1017,5002,402,631,375
10174,2025-10-13,3,1017,5137,402,120,95
10175,2025-10-20,3,1017,5125,402,305,320
10176,2025-10-27,3,1017,5385,402,1029,37
10177,2025-11-03,3,1017,5284,402,840,312
10178,2025-11-10,3,1017,5622,402,602,378
10179,2025-11-17,3,1017,5343,402,1528,258
10180,2025-11-24,3,1017,5449,402,205,134
10181,2025-12-01,3,1017,5738,402,866,191
10182,2025-12-08,3,1017,5428,402,793,402
10183,2025-12-15,3,1017,5052,402,908,329
10184,2025-12-22,3,1017,5134,402,1229,226
10185,2025-12-29,3,1017,4897,402,1105,59
10186,2024-01-01,3,1018,1752,433,496,145
10187,2024-01-08,3,1018,1619,433,83,386
10188,2024-01-15,3,1018,1487,433,108,355
10189,2024-01-22,3,1018,1686,433,324,491
10190,2024-01-29,3,1018,1680,433,376,210
10191,2024-02-05,3,1018,1415,433,160,3
10192,2024-02-12,3,1018,1316,433,363,458
10193,2024-02-19,3,1018,1204,433,108,41
10194,2024-02-26,3,1018,1449,433,359,434
10195,2024-03-04,3,1018,1577,433,26,414
10196,2024-03-11,3,1018,1420,433,84,41
10197,2024-03-18,3,1018,1612,433,452,101
10198,2024-03-25,3,1018,1704,433,437,132
10199,2024-04-01,3,1018,1681,433,68,196
10200,2024-04-08,3,1018,1809,433,479,488
10201,2024-04-15,3,1018,2011,433,123,87
10202,2024-04-22,3,1018,2267,433,300,88
10203,2024-04-29,3,1018,2253,433,334,424
10204,2024-05-06,3,1018,2083,433,306,181
10205,2024-05-13,3,1018,2119,433,594,107
10206,2024-05-20,3,1018,2375,433,159,50
10207,2024-05-27,3,1018,2155,433,136,390
10208,2024-06-03,3,1018,2033,433,329,99
10209,2024-06-10,3,1018,1995,433,5,414
10210,2024-06-17,3,1018,1723,433,377,186
10211,2024-06-24,3,1018,1900,433,448,397
10212,2024-07-01,3,1018,1602,433,222,73
10213,2024-07-08,3,1018,1844,433,549,274
10214,2024-07-15,3,1018,2112,433,556,46
10215,2024-07-22,3,1018,2182,433,572,491
10216,2024-07-29,3,1018,2409,433,418,497
10217,2024-08-05,3,1018,2275,433,119,281
10218,2024-08-12,3,1018,2333,433,445,441
10219,2024-08-19,3,1018,2298,433,76,23
10220,2024-08-26,3,1018,2194,433,656,95
10221,2024-09-02,3,1018,1898,433,473,196
10222,2024-09-09,3,1018,1953,433,24,439
10223,2024-09-16,3,1018,1899,433,464,71
10224,2024-09-23,3,1018,1956,433,543,481
10225,2024-09-30,3,1018,2213,433,549,53
10226,2024-10-07,3,1018,2381,433,77,469
10227,2024-10-14,3,1018,2581,433,493,388
10228,2024-10-21,3,1018,2467,433,582,165
10229,2024-10-28,3,1018,2406,433,507,413
10230,2024-11-04,3,1018,2561,433,585,455
10231,2024-11-11,3,1018,2422,433,133,450
10232,2024-11-18,3,1018,2592,433,308,370
10233,2024-11-25,3,1018,2961,433,885,495
10234,2024-12-02,3,1018,3308,433,466,198
10235,2024-12-09,3,1018,3655,433,41,98
10236,2024-12-16,3,1018,3758,433,1102,482
10237,2024-12-23,3,1018,3346,433,763,424
10238,2024-12-30,3,1018,3407,433,69,266
10239,2025-01-06,3,1018,3229,433,131,261
10240,2025-01-13,3,1018,3360,433,788,483
10241,2025-01-20,3,1018,3624,433,840,26
10242,2025-01-27,3,1018,3777,433,497,425
10243,2025-02-03,3,1018,3566,433,452,410
10244,2025-02-10,3,1018,3327,433,845,306
10245,2025-02-17,3,1018,3285,433,782,247
10246,2025-02-24,3,1018,3537,433,374,237
10247,2025-03-03,3,1018,3357,433,246,11
10248,2025-03-10,3,1018,3488,433,252,211
10249,2025-03-17,3,1018,3382,433,619,41
10250,2025-03-24,3,1018,3340,433,213,62
10251,2025-03-31,3,1018,3319,433,442,315
10252,2025-04-07,3,1018,3398,433,411,422
10253,2025-04-14,3,1018,3567,433,252,291
10254,2025-04-21,3,1018,3560,433,855,179
10255,2025-04-28,3,1018,3415,433,242,482
10256,2025-05-05,3,1018,3447,433,557,467
10257,2025-05-12,3,1018,3699,433,893,62
10258,2025-05-19,3,1018,3577,433,152,28
10259,2025-05-26,3,1018,3422,433,415,285
10260,2025-06-02,3,1018,3174,433,254,408
10261,2025-06-09,3,1018,3339,433,578,185
10262,2025-06-16,3,1018,3061,433,8,425
10263,2025-06-23,3,1018,2984,433,37,168
10264,2025-06-30,3,1018,2862,433,197,132
10265,2025-07-07,3,1018,2842,433,473,164
10266,2025-07-14,3,1018,2938,433,373,487
10267,2025-07-21,3,1018,2985,433,552,407
10268,2025-07-28,3,1018,2876,433,252,377
10269,2025-08-04,3,1018,2927,433,198,29
10270,2025-08-11,3,1018,2768,433,44,469
10271,2025-08-18,3,1018,2704,433,792,247
10272,2025-08-25,3,1018,2695,433,254,38
10273,2025-09-01,3,1018,2782,433,118,494
10274,2025-09-08,3,1018,2985,433,890,325
10275,2025-09-15,3,1018,3046,433,109,457
10276,2025-09-22,3,1018,3282,433,109,274
10277,2025-09-29,3,1018,3059,433,658,194
10278,2025-10-06,3,1018,3227,433,218,203
10279,2025-10-13,3,1018,3361,433,934,462
10280,2025-10-20,3,1018,3617,433,287,237
10281,2025-10-27,3,1018,3475,433,1017,480
10282,2025-11-03,3,1018,3431,433,883,332
10283,2025-11-10,3,1018,3036,433,29,29
10284,2025-11-17,3,1018,2750,433,224,296
10285,2025-11-24,3,1018,3048,433,131,288
10286,2025-12-01,3,1018,3294,433,683,464
10287,2025-12-08,3,1018,3254,433,512,412
10288,2025-12-15,3,1018,3304,433,301,330
10289,2025-12-22,3,1018,3530,433,177,458
10290,2025-12-29,3,1018,3244,433,601,103
10291,2024-01-01,3,1019,1478,575,284,6
10292,2024-01-08,3,1019,1612,575,321,402
10293,2024-01-15,3,1019,1568,575,324,237
10294,2024-01-22,3,1019,1319,575,254,219
10295,2024-01-29,3,1019,1049,575,230,208
10296,2024-02-05,3,1019,813,575,182,477
10297,2024-02-12,3,1019,1006,575,44,298
10298,2024-02-19,3,1019,818,575,4,45
10299,2024-02-26,3,1019,792,575,64,246
10300,2024-03-04,3,1019,581,575,45,84
10301,2024-03-11,3,1019,590,575,39,482
10302,2024-03-18,3,1019,558,575,164,264
10303,2024-03-25,3,1019,378,575,27,67
10304,2024-04-01,3,1019,82,575,17,295
10305,2024-04-08,3,1019,220,575,43,426
10306,2024-04-15,3,1019,375,575,24,13
10307,2024-04-22,3,1019,414,575,15,274
10308,2024-04-29,3,1019,602,575,146,67
10309,2024-05-06,3,1019,780,575,47,376
10310,2024-05-13,3,1019,683,575,200,246
10311,2024-05-20,3,1019,598,575,129,295
10312,2024-05-27,3,1019,582,575,73,327
10313,2024-06-03,3,1019,668,575,15,408
10314,2024-06-10,3,1019,418,575,51,303
10315,2024-06-17,3,1019,132,575,24,437
10316,2024-06-24,3,1019,345,575,78,136
10317,2024-07-01,3,1019,563,575,131,197
10318,2024-07-08,3,1019,536,575,58,56
10319,2024-07-15,3,1019,349,575,13,284
10320,2024-07-22,3,1019,293,575,77,252
10321,2024-07-29,3,1019,356,575,46,31
10322,2024-08-05,3,1019,492,575,17,396
10323,2024-08-12,3,1019,543,575,78,25
10324,2024-08-19,3,1019,682,575,134,472
10325,2024-08-26,3,1019,638,575,179,430
10326,2024-09-02,3,1019,757,575,16,256
10327,2024-09-09,3,1019,728,575,156,51
10328,2024-09-16,3,1019,752,575,51,330
10329,2024-09-23,3,1019,718,575,51,378
10330,2024-09-30,3,1019,629,575,70,280
10331,2024-10-07,3,1019,585,575,119,351
10332,2024-10-14,3,1019,856,575,72,412
10333,2024-10-21,3,1019,1238,575,84,200
10334,2024-10-28,3,1019,984,575,13,263
10335,2024-11-04,3,1019,1129,575,114,447
10336,2024-11-11,3,1019,1414,575,174,164
10337,2024-11-18,3,1019,1086,575,214,163
10338,2024-11-25,3,1019,1245,575,190,468
10339,2024-12-02,3,1019,1428,575,140,404
10340,2024-12-09,3,1019,1285,575,347,208
10341,2024-12-16,3,1019,1231,575,186,26
10342,2024-12-23,3,1019,1564,575,285,415
10343,2024-12-30,3,1019,1660,575,29,50
10344,2025-01-06,3,1019,1695,575,206,440
10345,2025-01-13,3,1019,1765,575,95,231
10346,2025-01-20,3,1019,1930,575,240,234
10347,2025-01-27,3,1019,2055,575,57,390
10348,2025-02-03,3,1019,1871,575,545,318
10349,2025-02-10,3,1019,1659,575,360,144
10350,2025-02-17,3,1019,1557,575,225,47
10351,2025-02-24,3,1019,1319,575,284,180
10352,2025-03-03,3,1019,1414,575,324,478
10353,2025-03-10,3,1019,1139,575,279,95
10354,2025-03-17,3,1019,1210,575,247,15
10355,2025-03-24,3,1019,943,575,237,23
10356,2025-03-31,3,1019,868,575,169,445
10357,2025-04-07,3,1019,913,575,54,121
10358,2025-04-14,3,1019,1020,575,95,110
10359,2025-04-21,3,1019,947,575,15,250
10360,2025-04-28,3,1019,773,575,115,387
10361,2025-05-05,3,1019,777,575,150,279
10362,2025-05-12,3,1019,650,575,117,79
10363,2025-05-19,3,1019,425,575,59,201
10364,2025-05-26,3,1019,591,575,43,300
10365,2025-06-02,3,1019,452,575,56,42
10366,2025-06-09,3,1019,712,575,16,76
10367,2025-06-16,3,1019,671,575,123,362
10368,2025-06-23,3,1019,812,575,119,79
10369,2025-06-30,3,1019,810,575,221,457
10370,2025-07-07,3,1019,660,575,181,221
10371,2025-07-14,3,1019,584,575,21,424
10372,2025-07-21,3,1019,660,575,52,139
10373,2025-07-28,3,1019,538,575,88,19
10374,2025-08-04,3,1019,498,575,7,305
10375,2025-08-11,3,1019,505,575,32,299
10376,2025-08-18,3,1019,444,575,3,131
10377,2025-08-25,3,1019,277,575,54,5
10378,2025-09-01,3,1019,195,575,56,108
10379,2025-09-08,3,1019,384,575,4,450
10380,2025-09-15,3,1019,260,575,52,414
10381,2025-09-22,3,1019,279,575,19,204
10382,2025-09-29,3,1019,107,575,29,283
10383,2025-10-06,3,1019,0,575,0,57
10384,2025-10-13,3,1019,35,575,0,340
10385,2025-10-20,3,1019,0,575,0,246
10386,2025-10-27,3,1019,376,575,8,344
10387,2025-11-03,3,1019,0,575,0,195
10388,2025-11-10,3,1019,0,575,0,480
10389,2025-11-17,3,1019,175,575,12,248
10390,2025-11-24,3,1019,0,575,0,281
10391,2025-12-01,3,1019,0,575,0,349
10392,2025-12-08,3,1019,270,575,47,476
10393,2025-12-15,3,1019,165,575,4,453
10394,2025-12-22,3,1019,492,575,81,154
10395,2025-12-29,3,1019,350,575,84,295
10396,2024-01-01,3,1020,3581,522,760,153
10397,2024-01-08,3,1020,3601,522,1035,130
10398,2024-01-15,3,1020,3767,522,341,211
10399,2024-01-22,3,1020,3477,522,579,379
10400,2024-01-29,3,1020,3477,522,910,261
10401,2024-02-05,3,1020,3234,522,569,196
10402,2024-02-12,3,1020,3511,522,26,473
10403,2024-02-19,3,1020,3242,522,2,336
10404,2024-02-26,3,1020,2975,522,201,119
10405,2024-03-04,3,1020,3057,522,461,497
10406,2024-03-11,3,1020,2806,522,299,120
10407,2024-03-18,3,1020,2741,522,521,95
10408,2024-03-25,3,1020,2592,522,3,10
10409,2024-04-01,3,1020,2329,522,35,122
10410,2024-04-08,3,1020,2506,522,13,9
10411,2024-04-15,3,1020,2369,522,248,337
10412,2024-04-22,3,1020,2539,522,590,303
10413,2024-04-29,3,1020,2653,522,514,474
10414,2024-05-06,3,1020,2695,522,771,330
10415,2024-05-13,3,1020,2398,522,357,103
10416,2024-05-20,3,1020,2482,522,468,149
10417,2024-05-27,3,1020,2749,522,619,178
10418,2024-06-03,3,1020,2794,522,228,137
10419,2024-06-10,3,1020,3013,522,291,263
10420,2024-06-17,3,1020,3127,522,316,410
10421,2024-06-24,3,1020,3172,522,408,39
10422,2024-07-01,3,1020,3142,522,385,51
10423,2024-07-08,3,1020,3300,522,583,404
10424,2024-07-15,3,1020,3292,522,487,20
10425,2024-07-22,3,1020,3263,522,794,276
10426,2024-07-29,3,1020,3252,522,480,493
10427,2024-08-05,3,1020,3118,522,229,66
10428,2024-08-12,3,1020,3219,522,796,218
10429,2024-08-19,3,1020,3160,522,187,189
10430,2024-08-26,3,1020,3254,522,893,177
10431,2024-09-02,3,1020,3360,522,381,288
10432,2024-09-09,3,1020,3346,522,879,262
10433,2024-09-16,3,1020,3134,522,44,216
10434,2024-09-23,3,1020,3360,522,576,23
10435,2024-09-30,3,1020,3429,522,142,375
10436,2024-10-07,3,1020,3598,522,608,213
10437,2024-10-14,3,1020,3451,522,693,99
10438,2024-10-21,3,1020,3775,522,1041,293
10439,2024-10-28,3,1020,3383,522,93,406
10440,2024-11-04,3,1020,3405,522,640,376
10441,2024-11-11,3,1020,3742,522,691,410
10442,2024-11-18,3,1020,3968,522,841,52
10443,2024-11-25,3,1020,3899,522,393,246
10444,2024-12-02,3,1020,3997,522,773,29
10445,2024-12-09,3,1020,3865,522,355,146
10446,2024-12-16,3,1020,3536,522,101,340
10447,2024-12-23,3,1020,3186,522,668,174
10448,2024-12-30,3,1020,3197,522,839,100
10449,2025-01-06,3,1020,2962,522,887,145
10450,2025-01-13,3,1020,2924,522,690,95
10451,2025-01-20,3,1020,2757,522,263,121
10452,2025-01-27,3,1020,2527,522,267,132
10453,2025-02-03,3,1020,2443,522,237,50
10454,2025-02-10,3,1020,2668,522,679,365
10455,2025-02-17,3,1020,2429,522,285,245
10456,2025-02-24,3,1020,2312,522,645,156
10457,2025-03-03,3,1020,2361,522,630,155
10458,2025-03-10,3,1020,2301,522,427,468
10459,2025-03-17,3,1020,2081,522,72,273
10460,2025-03-24,3,1020,2136,522,361,378
10461,2025-03-31,3,1020,2354,522,485,407
10462,2025-04-07,3,1020,2177,522,340,258
10463,2025-04-14,3,1020,1901,522,373,49
10464,2025-04-21,3,1020,1672,522,208,220
10465,2025-04-28,3,1020,1394,522,278,231
10466,2025-05-05,3,1020,1490,522,65,115
10467,2025-05-12,3,1020,1291,522,124,251
10468,2025-05-19,3,1020,1568,522,417,292
10469,2025-05-26,3,1020,1536,522,371,327
10470,2025-06-02,3,1020,1238,522,43,236
10471,2025-06-09,3,1020,1360,522,365,315
10472,2025-06-16,3,1020,1126,522,264,414
10473,2025-06-23,3,1020,860,522,89,433
10474,2025-06-30,3,1020,1004,522,144,39
10475,2025-07-07,3,1020,1135,522,96,168
10476,2025-07-14,3,1020,1222,522,289,295
10477,2025-07-21,3,1020,1037,522,57,149
10478,2025-07-28,3,1020,763,522,87,340
10479,2025-08-04,3,1020,587,522,92,81
10480,2025-08-11,3,1020,503,522,149,451
10481,2025-08-18,3,1020,626,522,103,16
10482,2025-08-25,3,1020,758,522,218,94
10483,2025-09-01,3,1020,806,522,86,145
10484,2025-09-08,3,1020,1017,522,81,2
10485,2025-09-15,3,1020,907,522,176,195
10486,2025-09-22,3,1020,626,522,22,60
10487,2025-09-29,3,1020,647,522,27,324
10488,2025-10-06,3,1020,921,522,241,34
10489,2025-10-13,3,1020,916,522,25,466
10490,2025-10-20,3,1020,722,522,126,181
10491,2025-10-27,3,1020,345,522,36,251
10492,2025-11-03,3,1020,69,522,11,490
10493,2025-11-10,3,1020,356,522,95,126
10494,2025-11-17,3,1020,14,522,0,338
10495,2025-11-24,3,1020,183,522,0,3
10496,2025-12-01,3,1020,166,522,32,357
10497,2025-12-08,3,1020,61,522,7,341
10498,2025-12-15,3,1020,0,522,0,483
10499,2025-12-22,3,1020,0,522,0,273
10500,2025-12-29,3,1020,257,522,46,197
10501,2024-01-01,3,1021,1276,466,269,202
10502,2024-01-08,3,1021,1488,466,54,237
10503,2024-01-15,3,1021,1432,466,40,332
10504,2024-01-22,3,1021,1442,466,138,493
10505,2024-01-29,3,1021,1550,466,277,79
10506,2024-02-05,3,1021,1474,466,317,377
10507,2024-02-12,3,1021,1485,466,240,133
10508,2024-02-19,3,1021,1597,466,390,346
10509,2024-02-26,3,1021,1403,466,3,242
10510,2024-03-04,3,1021,1263,466,232,211
10511,2024-03-11,3,1021,1137,466,315,70
10512,2024-03-18,3,1021,924,466,42,89
10513,2024-03-25,3,1021,872,466,65,0
10514,2024-04-01,3,1021,572,466,123,417
10515,2024-04-08,3,1021,664,466,185,75
10516,2024-04-15,3,1021,649,466,98,319
10517,2024-04-22,3,1021,726,466,193,62
10518,2024-04-29,3,1021,867,466,35,300
10519,2024-05-06,3,1021,773,466,8,241
10520,2024-05-13,3,1021,724,466,40,38
10521,2024-05-20,3,1021,714,466,175,213
10522,2024-05-27,3,1021,520,466,106,335
10523,2024-06-03,3,1021,395,466,23,37
10524,2024-06-10,3,1021,398,466,112,221
10525,2024-06-17,3,1021,197,466,12,313
10526,2024-06-24,3,1021,37,466,0,2
10527,2024-07-01,3,1021,0,466,0,88
10528,2024-07-08,3,1021,0,466,0,71
10529,2024-07-15,3,1021,28,466,1,287
10530,2024-07-22,3,1021,302,466,87,111
10531,2024-07-29,3,1021,455,466,114,407
10532,2024-08-05,3,1021,614,466,178,15
10533,2024-08-12,3,1021,606,466,15,240
10534,2024-08-19,3,1021,616,466,18,157
10535,2024-08-26,3,1021,705,466,26,163
10536,2024-09-02,3,1021,458,466,9,125
10537,2024-09-09,3,1021,525,466,53,128
10538,2024-09-16,3,1021,661,466,37,457
10539,2024-09-23,3,1021,738,466,181,413
10540,2024-09-30,3,1021,549,466,72,280
10541,2024-10-07,3,1021,218,466,59,200
10542,2024-10-14,3,1021,0,466,0,476
10543,2024-10-21,3,1021,320,466,75,431
10544,2024-10-28,3,1021,446,466,32,357
10545,2024-11-04,3,1021,335,466,25,207
10546,2024-11-11,3,1021,22,466,1,376
10547,2024-11-18,3,1021,409,466,40,351
10548,2024-11-25,3,1021,94,466,25,31
10549,2024-12-02,3,1021,358,466,24,207
10550,2024-12-09,3,1021,645,466,25,267
10551,2024-12-16,3,1021,271,466,1,5
10552,2024-12-23,3,1021,447,466,106,495
10553,2024-12-30,3,1021,662,466,97,422
10554,2025-01-06,3,1021,551,466,30,265
10555,2025-01-13,3,1021,603,466,104,249
10556,2025-01-20,3,1021,389,466,99,411
10557,2025-01-27,3,1021,362,466,103,409
10558,2025-02-03,3,1021,629,466,52,452
10559,2025-02-10,3,1021,692,466,77,98
10560,2025-02-17,3,1021,476,466,118,41
10561,2025-02-24,3,1021,495,466,17,232
10562,2025-03-03,3,1021,277,466,45,227
10563,2025-03-10,3,1021,476,466,44,180
10564,2025-03-17,3,1021,325,466,24,221
10565,2025-03-24,3,1021,580,466,122,188
10566,2025-03-31,3,1021,463,466,7,451
10567,2025-04-07,3,1021,394,466,49,485
10568,2025-04-14,3,1021,649,466,128,422
10569,2025-04-21,3,1021,761,466,35,411
10570,2025-04-28,3,1021,677,466,9,62
10571,2025-05-05,3,1021,917,466,177,108
10572,2025-05-12,3,1021,814,466,162,251
10573,2025-05-19,3,1021,1061,466,51,486
10574,2025-05-26,3,1021,898,466,60,110
10575,2025-06-02,3,1021,1007,466,9,362
10576,2025-06-09,3,1021,779,466,128,168
10577,2025-06-16,3,1021,665,466,185,6
10578,2025-06-23,3,1021,944,466,232,480
10579,2025-06-30,3,1021,938,466,164,235
10580,2025-07-07,3,1021,1083,466,261,12
10581,2025-07-14,3,1021,1048,466,197,6
10582,2025-07-21,3,1021,912,466,216,44
10583,2025-07-28,3,1021,616,466,29,264
10584,2025-08-04,3,1021,594,466,43,33
10585,2025-08-11,3,1021,588,466,21,484
10586,2025-08-18,3,1021,601,466,49,227
10587,2025-08-25,3,1021,643,466,147,331
10588,2025-09-01,3,1021,568,466,79,469
10589,2025-09-08,3,1021,350,466,29,231
10590,2025-09-15,3,1021,624,466,185,373
10591,2025-09-22,3,1021,809,466,170,178
10592,2025-09-29,3,1021,517,466,126,385
10593,2025-10-06,3,1021,469,466,57,302
10594,2025-10-13,3,1021,369,466,11,295
10595,2025-10-20,3,1021,647,466,30,484
10596,2025-10-27,3,1021,326,466,58,109
10597,2025-11-03,3,1021,135,466,2,269
10598,2025-11-10,3,1021,170,466,33,280
10599,2025-11-17,3,1021,535,466,92,239
10600,2025-11-24,3,1021,259,466,69,57
10601,2025-12-01,3,1021,296,466,54,496
10602,2025-12-08,3,1021,389,466,81,275
10603,2025-12-15,3,1021,405,466,22,442
10604,2025-12-22,3,1021,500,466,60,248
10605,2025-12-29,3,1021,613,466,75,80
10606,2024-01-01,3,1022,2545,531,86,238
10607,2024-01-08,3,1022,2350,531,452,486
10608,2024-01-15,3,1022,2173,531,113,372
10609,2024-01-22,3,1022,2408,531,317,493
10610,2024-01-29,3,1022,2232,531,338,280
10611,2024-02-05,3,1022,1970,531,137,68
10612,2024-02-12,3,1022,2000,531,108,73
10613,2024-02-19,3,1022,2235,531,163,145
10614,2024-02-26,3,1022,2101,531,445,391
10615,2024-03-04,3,1022,2303,531,57,328
10616,2024-03-11,3,1022,2326,531,511,414
10617,2024-03-18,3,1022,2527,531,66,310
10618,2024-03-25,3,1022,2803,531,83,23
10619,2024-04-01,3,1022,2968,531,131,479
10620,2024-04-08,3,1022,3025,531,308,116
10621,2024-04-15,3,1022,2922,531,324,77
10622,2024-04-22,3,1022,3039,531,353,497
10623,2024-04-29,3,1022,3280,531,196,241
10624,2024-05-06,3,1022,2982,531,156,345
10625,2024-05-13,3,1022,3238,531,622,230
10626,2024-05-20,3,1022,3294,531,966,122
10627,2024-05-27,3,1022,3256,531,305,493
10628,2024-06-03,3,1022,2961,531,247,57
10629,2024-06-10,3,1022,2937,531,1,316
10630,2024-06-17,3,1022,3136,531,514,482
10631,2024-06-24,3,1022,3345,531,711,154
10632,2024-07-01,3,1022,3408,531,726,232
10633,2024-07-08,3,1022,3537,531,425,146
10634,2024-07-15,3,1022,3653,531,950,234
10635,2024-07-22,3,1022,3788,531,766,297
10636,2024-07-29,3,1022,3972,531,250,198
10637,2024-08-05,3,1022,3904,531,675,59
10638,2024-08-12,3,1022,3794,531,790,298
10639,2024-08-19,3,1022,3876,531,29,155
10640,2024-08-26,3,1022,3925,531,35,402
10641,2024-09-02,3,1022,3652,531,163,388
10642,2024-09-09,3,1022,3484,531,902,95
10643,2024-09-16,3,1022,3507,531,57,217
10644,2024-09-23,3,1022,3764,531,527,14
10645,2024-09-30,3,1022,3783,531,802,158
10646,2024-10-07,3,1022,4043,531,715,87
10647,2024-10-14,3,1022,4129,531,106,329
10648,2024-10-21,3,1022,3752,531,292,229
10649,2024-10-28,3,1022,3777,531,1016,248
10650,2024-11-04,3,1022,3497,531,986,199
10651,2024-11-11,3,1022,3291,531,809,53
10652,2024-11-18,3,1022,3102,531,376,291
10653,2024-11-25,3,1022,3251,531,860,202
10654,2024-12-02,3,1022,3029,531,701,118
10655,2024-12-09,3,1022,3415,531,409,362
10656,2024-12-16,3,1022,3073,531,526,233
10657,2024-12-23,3,1022,2846,531,78,436
10658,2024-12-30,3,1022,2916,531,307,401
10659,2025-01-06,3,1022,2791,531,761,187
10660,2025-01-13,3,1022,2554,531,342,435
10661,2025-01-20,3,1022,2667,531,496,65
10662,2025-01-27,3,1022,2738,531,661,10
10663,2025-02-03,3,1022,2634,531,357,499
10664,2025-02-10,3,1022,2524,531,193,370
10665,2025-02-17,3,1022,2436,531,246,347
10666,2025-02-24,3,1022,2381,531,611,252
10667,2025-03-03,3,1022,2283,531,304,102
10668,2025-03-10,3,1022,2233,531,189,93
10669,2025-03-17,3,1022,2212,531,575,440
10670,2025-03-24,3,1022,2071,531,302,165
10671,2025-03-31,3,1022,2051,531,426,392
10672,2025-04-07,3,1022,2041,531,138,105
10673,2025-04-14,3,1022,1954,531,101,325
10674,2025-04-21,3,1022,1704,531,83,117
10675,2025-04-28,3,1022,1461,531,40,468
10676,2025-05-05,3,1022,1243,531,139,58
10677,2025-05-12,3,1022,1025,531,149,212
10678,2025-05-19,3,1022,873,531,219,171
10679,2025-05-26,3,1022,640,531,137,410
10680,2025-06-02,3,1022,382,531,111,181
10681,2025-06-09,3,1022,494,531,127,491
10682,2025-06-16,3,1022,247,531,45,64
10683,2025-06-23,3,1022,0,531,0,83
10684,2025-06-30,3,1022,269,531,29,471
10685,2025-07-07,3,1022,302,531,46,385
10686,2025-07-14,3,1022,183,531,3,282
10687,2025-07-21,3,1022,387,531,77,54
10688,2025-07-28,3,1022,653,531,121,499
10689,2025-08-04,3,1022,509,531,67,16
10690,2025-08-11,3,1022,420,531,117,361
10691,2025-08-18,3,1022,313,531,41,170
10692,2025-08-25,3,1022,461,531,11,118
10693,2025-09-01,3,1022,592,531,113,212
10694,2025-09-08,3,1022,542,531,16,131
10695,2025-09-15,3,1022,727,531,5,270
10696,2025-09-22,3,1022,882,531,159,209
10697,2025-09-29,3,1022,693,531,116,318
10698,2025-10-06,3,1022,835,531,97,423
10699,2025-10-13,3,1022,1064,531,305,39
10700,2025-10-20,3,1022,1246,531,0,246
10701,2025-10-27,3,1022,1103,531,302,282
10702,2025-11-03,3,1022,957,531,54,216
10703,2025-11-10,3,1022,653,531,157,11
10704,2025-11-17,3,1022,430,531,59,379
10705,2025-11-24,3,1022,417,531,120,397
10706,2025-12-01,3,1022,522,531,150,401
10707,2025-12-08,3,1022,271,531,69,317
10708,2025-12-15,3,1022,17,531,1,240
10709,2025-12-22,3,1022,390,531,57,478
10710,2025-12-29,3,1022,262,531,51,14
10711,2024-01-01,3,1023,3050,508,764,226
10712,2024-01-08,3,1023,2912,508,750,320
10713,2024-01-15,3,1023,3030,508,582,474
10714,2024-01-22,3,1023,3158,508,76,356
10715,2024-01-29,3,1023,3141,508,919,397
10716,2024-02-05,3,1023,3195,508,389,236
10717,2024-02-12,3,1023,3452,508,219,349
10718,2024-02-19,3,1023,3379,508,940,58
10719,2024-02-26,3,1023,3312,508,690,33
10720,2024-03-04,3,1023,3289,508,10,150
10721,2024-03-11,3,1023,3373,508,838,119
10722,2024-03-18,3,1023,3207,508,204,10
10723,2024-03-25,3,1023,3321,508,979,368
10724,2024-04-01,3,1023,3470,508,555,332
10725,2024-04-08,3,1023,3353,508,736,194
10726,2024-04-15,3,1023,3385,508,83,106
10727,2024-04-22,3,1023,3252,508,885,350
10728,2024-04-29,3,1023,3384,508,382,436
10729,2024-05-06,3,1023,3090,508,74,469
10730,2024-05-13,3,1023,2861,508,467,32
10731,2024-05-20,3,1023,2742,508,225,345
10732,2024-05-27,3,1023,2751,508,46,293
10733,2024-06-03,3,1023,2703,508,453,449
10734,2024-06-10,3,1023,2965,508,517,472
10735,2024-06-17,3,1023,3216,508,916,423
10736,2024-06-24,3,1023,2956,508,292,234
10737,2024-07-01,3,1023,3153,508,349,161
10738,2024-07-08,3,1023,3296,508,930,132
10739,2024-07-15,3,1023,3446,508,626,263
10740,2024-07-22,3,1023,3382,508,895,34
10741,2024-07-29,3,1023,3501,508,541,40
10742,2024-08-05,3,1023,3615,508,113,432
10743,2024-08-12,3,1023,3499,508,750,415
10744,2024-08-19,3,1023,3503,508,351,270
10745,2024-08-26,3,1023,3486,508,983,362
10746,2024-09-02,3,1023,3294,508,5,81
10747,2024-09-09,3,1023,3461,508,1026,2
10748,2024-09-16,3,1023,3498,508,531,278
10749,2024-09-23,3,1023,3213,508,294,95
10750,2024-09-30,3,1023,3128,508,139,304
10751,2024-10-07,3,1023,3196,508,15,250
10752,2024-10-14,3,1023,3289,508,197,371
10753,2024-10-21,3,1023,3514,508,1014,489
10754,2024-10-28,3,1023,3544,508,507,46
10755,2024-11-04,3,1023,3184,508,526,142
10756,2024-11-11,3,1023,3140,508,714,285
10757,2024-11-18,3,1023,3127,508,160,320
10758,2024-11-25,3,1023,3013,508,847,263
10759,2024-12-02,3,1023,3032,508,39,16
10760,2024-12-09,3,1023,2822,508,646,123
10761,2024-12-16,3,1023,2644,508,143,499
10762,2024-12-23,3,1023,2751,508,711,145
10763,2024-12-30,3,1023,2619,508,244,325
10764,2025-01-06,3,1023,2352,508,126,349
10765,2025-01-13,3,1023,2123,508,69,355
10766,2025-01-20,3,1023,2149,508,315,286
10767,2025-01-27,3,1023,1962,508,321,218
10768,2025-02-03,3,1023,1821,508,292,494
10769,2025-02-10,3,1023,1987,508,113,76
10770,2025-02-17,3,1023,2162,508,474,120
10771,2025-02-24,3,1023,1876,508,116,92
10772,2025-03-03,3,1023,2032,508,461,489
10773,2025-03-10,3,1023,1862,508,326,190
10774,2025-03-17,3,1023,1729,508,320,233
10775,2025-03-24,3,1023,1687,508,397,476
10776,2025-03-31,3,1023,1406,508,61,261
10777,2025-04-07,3,1023,1430,508,208,31
10778,2025-04-14,3,1023,1271,508,373,33
10779,2025-04-21,3,1023,1465,508,71,252
10780,2025-04-28,3,1023,1205,508,82,116
10781,2025-05-05,3,1023,1460,508,192,256
10782,2025-05-12,3,1023,1733,508,208,313
10783,2025-05-19,3,1023,1955,508,220,337
10784,2025-05-26,3,1023,2185,508,26,153
10785,2025-06-02,3,1023,2321,508,349,397
10786,2025-06-09,3,1023,2162,508,297,99
10787,2025-06-16,3,1023,2252,508,145,164
10788,2025-06-23,3,1023,2200,508,306,332
10789,2025-06-30,3,1023,2204,508,309,215
10790,2025-07-07,3,1023,2050,508,490,326
10791,2025-07-14,3,1023,1926,508,313,231
10792,2025-07-21,3,1023,1715,508,90,322
10793,2025-07-28,3,1023,1782,508,17,385
10794,2025-08-04,3,1023,1837,508,542,118
10795,2025-08-11,3,1023,1769,508,223,312
10796,2025-08-18,3,1023,1731,508,202,368
10797,2025-08-25,3,1023,1729,508,389,180
10798,2025-09-01,3,1023,1441,508,203,233
10799,2025-09-08,3,1023,1200,508,297,55
10800,2025-09-15,3,1023,1061,508,179,173
10801,2025-09-22,3,1023,1294,508,236,204
10802,2025-09-29,3,1023,1456,508,418,263
10803,2025-10-06,3,1023,1290,508,66,478
10804,2025-10-13,3,1023,1417,508,186,446
10805,2025-10-20,3,1023,1715,508,379,234
10806,2025-10-27,3,1023,1348,508,291,253
10807,2025-11-03,3,1023,1355,508,294,209
10808,2025-11-10,3,1023,1590,508,53,245
10809,2025-11-17,3,1023,1823,508,369,299
10810,2025-11-24,3,1023,1968,508,393,123
10811,2025-12-01,3,1023,1669,508,241,497
10812,2025-12-08,3,1023,1974,508,100,156
10813,2025-12-15,3,1023,2123,508,144,98
10814,2025-12-22,3,1023,2202,508,16,180
10815,2025-12-29,3,1023,2137,508,568,238
10816,2024-01-01,3,1024,3810,399,582,38
10817,2024-01-08,3,1024,3841,399,1123,252
10818,2024-01-15,3,1024,3709,399,1067,109
10819,2024-01-22,3,1024,3851,399,512,464
10820,2024-01-29,3,1024,4039,399,1157,88
10821,2024-02-05,3,1024,4284,399,580,149
10822,2024-02-12,3,1024,4511,399,952,263
10823,2024-02-19,3,1024,4256,399,46,90
10824,2024-02-26,3,1024,4187,399,809,30
10825,2024-03-04,3,1024,4405,399,49,369
10826,2024-03-11,3,1024,4261,399,955,302
10827,2024-03-18,3,1024,4171,399,754,430
10828,2024-03-25,3,1024,4102,399,255,265
10829,2024-04-01,3,1024,3837,399,618,144
10830,2024-04-08,3,1024,3644,399,75,477
10831,2024-04-15,3,1024,3523,399,978,7
10832,2024-04-22,3,1024,3547,399,255,489
10833,2024-04-29,3,1024,3606,399,833,70
10834,2024-05-06,3,1024,3799,399,1128,314
10835,2024-05-13,3,1024,3857,399,500,249
10836,2024-05-20,3,1024,3951,399,130,490
10837,2024-05-27,3,1024,4078,399,340,399
10838,2024-06-03,3,1024,4164,399,582,473
10839,2024-06-10,3,1024,4010,399,925,112
10840,2024-06-17,3,1024,4218,399,722,121
10841,2024-06-24,3,1024,4404,399,1109,267
10842,2024-07-01,3,1024,4244,399,776,97
10843,2024-07-08,3,1024,4520,399,155,382
10844,2024-07-15,3,1024,4595,399,505,50
10845,2024-07-22,3,1024,4519,399,82,408
10846,2024-07-29,3,1024,4381,399,1123,342
10847,2024-08-05,3,1024,4221,399,388,337
10848,2024-08-12,3,1024,4384,399,191,417
10849,2024-08-19,3,1024,4469,399,1333,35
10850,2024-08-26,3,1024,4598,399,1179,315
10851,2024-09-02,3,1024,4876,399,398,260
10852,2024-09-09,3,1024,5133,399,832,357
10853,2024-09-16,3,1024,4894,399,1270,218
10854,2024-09-23,3,1024,4669,399,248,292
10855,2024-09-30,3,1024,4369,399,495,245
10856,2024-10-07,3,1024,4286,399,333,432
10857,2024-10-14,3,1024,4531,399,1197,380
10858,2024-10-21,3,1024,4349,399,678,342
10859,2024-10-28,3,1024,4693,399,254,473
10860,2024-11-04,3,1024,4449,399,502,414
10861,2024-11-11,3,1024,4225,399,46,155
10862,2024-11-18,3,1024,4534,399,71,488
10863,2024-11-25,3,1024,4409,399,126,145
10864,2024-12-02,3,1024,4270,399,138,255
10865,2024-12-09,3,1024,3939,399,757,343
10866,2024-12-16,3,1024,3877,399,317,463
10867,2024-12-23,3,1024,4231,399,1231,276
10868,2024-12-30,3,1024,4308,399,263,470
10869,2025-01-06,3,1024,4547,399,499,449
10870,2025-01-13,3,1024,4527,399,1001,8
10871,2025-01-20,3,1024,4657,399,641,275
10872,2025-01-27,3,1024,4669,399,1362,250
10873,2025-02-03,3,1024,4656,399,986,234
10874,2025-02-10,3,1024,4479,399,832,123
10875,2025-02-17,3,1024,4282,399,470,390
10876,2025-02-24,3,1024,4242,399,854,395
10877,2025-03-03,3,1024,3989,399,120,361
10878,2025-03-10,3,1024,3719,399,425,98
10879,2025-03-17,3,1024,3535,399,816,245
10880,2025-03-24,3,1024,3713,399,272,223
10881,2025-03-31,3,1024,3769,399,553,148
10882,2025-04-07,3,1024,3585,399,684,240
10883,2025-04-14,3,1024,3712,399,932,478
10884,2025-04-21,3,1024,3587,399,166,265
10885,2025-04-28,3,1024,3827,399,1068,101
10886,2025-05-05,3,1024,3692,399,62,119
10887,2025-05-12,3,1024,3803,399,416,278
10888,2025-05-19,3,1024,3943,399,84,295
10889,2025-05-26,3,1024,3909,399,389,408
10890,2025-06-02,3,1024,3981,399,847,145
10891,2025-06-09,3,1024,4231,399,441,61
10892,2025-06-16,3,1024,4005,399,1154,198
10893,2025-06-23,3,1024,4035,399,1129,344
10894,2025-06-30,3,1024,4216,399,620,219
10895,2025-07-07,3,1024,3967,399,356,358
10896,2025-07-14,3,1024,4072,399,896,86
10897,2025-07-21,3,1024,3917,399,752,438
10898,2025-07-28,3,1024,3676,399,235,171
10899,2025-08-04,3,1024,3538,399,215,260
10900,2025-08-11,3,1024,3415,399,737,199
10901,2025-08-18,3,1024,3553,399,1030,299
10902,2025-08-25,3,1024,3508,399,904,471
10903,2025-09-01,3,1024,3261,399,556,167
10904,2025-09-08,3,1024,3312,399,407,364
10905,2025-09-15,3,1024,3025,399,299,110
10906,2025-09-22,3,1024,2727,399,661,420
10907,2025-09-29,3,1024,3006,399,187,103
10908,2025-10-06,3,1024,3211,399,858,21
10909,2025-10-13,3,1024,3024,399,588,367
10910,2025-10-20,3,1024,2805,399,55,4
10911,2025-10-27,3,1024,2852,399,248,293
10912,2025-11-03,3,1024,3132,399,900,310
10913,2025-11-10,3,1024,2854,399,128,15
10914,2025-11-17,3,1024,2596,399,362,171
10915,2025-11-24,3,1024,2433,399,467,488
10916,2025-12-01,3,1024,2389,399,15,340
10917,2025-12-08,3,1024,2576,399,272,279
10918,2025-12-15,3,1024,2693,399,678,171
10919,2025-12-22,3,1024,2361,399,421,82
10920,2025-12-29,3,1024,2697,399,109,459
10921,2024-01-01,3,1025,2306,640,295,108
10922,2024-01-08,3,1025,2471,640,623,365
10923,2024-01-15,3,1025,2731,640,658,462
10924,2024-01-22,3,1025,2532,640,68,434
10925,2024-01-29,3,1025,2233,640,466,350
10926,2024-02-05,3,1025,2133,640,215,43
10927,2024-02-12,3,1025,2082,640,404,176
10928,2024-02-19,3,1025,2010,640,565,271
10929,2024-02-26,3,1025,2269,640,403,71
10930,2024-03-04,3,1025,2436,640,627,66
10931,2024-03-11,3,1025,2340,640,196,190
10932,2024-03-18,3,1025,2506,640,89,141
10933,2024-03-25,3,1025,2726,640,314,104
10934,2024-04-01,3,1025,2518,640,382,17
10935,2024-04-08,3,1025,2325,640,383,92
10936,2024-04-15,3,1025,2063,640,159,68
10937,2024-04-22,3,1025,1890,640,563,395
10938,2024-04-29,3,1025,1979,640,280,174
10939,2024-05-06,3,1025,2109,640,226,220
10940,2024-05-13,3,1025,1931,640,372,129
10941,2024-05-20,3,1025,2107,640,283,117
10942,2024-05-27,3,1025,1841,640,412,197
10943,2024-06-03,3,1025,1987,640,13,408
10944,2024-06-10,3,1025,1900,640,65,283
10945,2024-06-17,3,1025,1814,640,184,44
10946,2024-06-24,3,1025,1859,640,518,35
10947,2024-07-01,3,1025,1704,640,329,346
10948,2024-07-08,3,1025,1973,640,503,84
10949,2024-07-15,3,1025,1967,640,155,130
10950,2024-07-22,3,1025,1926,640,361,445
10951,2024-07-29,3,1025,2160,640,630,333
10952,2024-08-05,3,1025,2134,640,175,199
10953,2024-08-12,3,1025,2123,640,126,133
10954,2024-08-19,3,1025,2181,640,188,418
10955,2024-08-26,3,1025,2054,640,477,58
10956,2024-09-02,3,1025,2195,640,504,481
10957,2024-09-09,3,1025,2234,640,115,166
10958,2024-09-16,3,1025,2228,640,443,393
10959,2024-09-23,3,1025,2019,640,573,98
10960,2024-09-30,3,1025,1895,640,336,296
10961,2024-10-07,3,1025,2042,640,125,198
10962,2024-10-14,3,1025,1979,640,249,291
10963,2024-10-21,3,1025,1868,640,10,81
10964,2024-10-28,3,1025,1740,640,486,442
10965,2024-11-04,3,1025,1734,640,152,50
10966,2024-11-11,3,1025,1815,640,351,362
10967,2024-11-18,3,1025,1882,640,182,198
10968,2024-11-25,3,1025,1929,640,64,493
10969,2024-12-02,3,1025,1601,640,184,410
10970,2024-12-09,3,1025,1423,640,340,6
10971,2024-12-16,3,1025,1529,640,380,487
10972,2024-12-23,3,1025,1895,640,423,310
10973,2024-12-30,3,1025,1759,640,146,139
10974,2025-01-06,3,1025,1902,640,336,429
10975,2025-01-13,3,1025,1656,640,313,223
10976,2025-01-20,3,1025,1400,640,378,190
10977,2025-01-27,3,1025,1524,640,73,145
10978,2025-02-03,3,1025,1631,640,452,90
10979,2025-02-10,3,1025,1717,640,503,153
10980,2025-02-17,3,1025,1492,640,22,20
10981,2025-02-24,3,1025,1665,640,201,410
10982,2025-03-03,3,1025,1906,640,338,351
10983,2025-03-10,3,1025,1920,640,302,343
10984,2025-03-17,3,1025,2170,640,370,351
10985,2025-03-24,3,1025,2102,640,440,201
10986,2025-03-31,3,1025,2037,640,163,60
10987,2025-04-07,3,1025,2170,640,546,93
10988,2025-04-14,3,1025,2168,640,0,311
10989,2025-04-21,3,1025,2143,640,177,412
10990,2025-04-28,3,1025,2130,640,51,5
10991,2025-05-05,3,1025,2030,640,111,277
10992,2025-05-12,3,1025,2234,640,573,314
10993,2025-05-19,3,1025,2437,640,636,204
10994,2025-05-26,3,1025,2579,640,495,106
10995,2025-06-02,3,1025,2360,640,389,446
10996,2025-06-09,3,1025,2266,640,411,390
10997,2025-06-16,3,1025,1999,640,551,80
10998,2025-06-23,3,1025,2099,640,494,102
10999,2025-06-30,3,1025,1844,640,270,46
11000,2025-07-07,3,1025,1987,640,402,291
11001,2025-07-14,3,1025,2072,640,34,350
11002,2025-07-21,3,1025,2309,640,462,161
11003,2025-07-28,3,1025,2371,640,317,187
11004,2025-08-04,3,1025,2279,640,410,49
11005,2025-08-11,3,1025,2249,640,76,163
11006,2025-08-18,3,1025,2377,640,286,252
11007,2025-08-25,3,1025,2300,640,157,315
11008,2025-09-01,3,1025,2293,640,235,75
11009,2025-09-08,3,1025,2411,640,154,459
11010,2025-09-15,3,1025,2153,640,506,147
11011,2025-09-22,3,1025,2098,640,248,379
11012,2025-09-29,3,1025,1993,640,447,405
11013,2025-10-06,3,1025,2105,640,391,142
11014,2025-10-13,3,1025,2242,640,350,130
11015,2025-10-20,3,1025,1826,640,261,221
11016,2025-10-27,3,1025,1505,640,357,477
11017,2025-11-03,3,1025,1276,640,19,309
11018,2025-11-10,3,1025,1609,640,308,63
11019,2025-11-17,3,1025,1366,640,19,459
11020,2025-11-24,3,1025,968,640,136,494
11021,2025-12-01,3,1025,1169,640,239,190
11022,2025-12-08,3,1025,1359,640,83,494
11023,2025-12-15,3,1025,1021,640,37,481
11024,2025-12-22,3,1025,839,640,177,405
11025,2025-12-29,3,1025,815,640,133,243
11026,2024-01-01,3,1026,3294,705,756,446
11027,2024-01-08,3,1026,3567,705,121,450
11028,2024-01-15,3,1026,3497,705,260,431
11029,2024-01-22,3,1026,3386,705,982,342
11030,2024-01-29,3,1026,3407,705,852,377
11031,2024-02-05,3,1026,3112,705,487,173
11032,2024-02-12,3,1026,3366,705,344,2
11033,2024-02-19,3,1026,3352,705,301,341
11034,2024-02-26,3,1026,3464,705,9,283
11035,2024-03-04,3,1026,3494,705,116,210
11036,2024-03-11,3,1026,3456,705,522,342
11037,2024-03-18,3,1026,3392,705,51,27
11038,2024-03-25,3,1026,3415,705,256,305
11039,2024-04-01,3,1026,3370,705,91,60
11040,2024-04-08,3,1026,3164,705,584,308
11041,2024-04-15,3,1026,3440,705,1012,364
11042,2024-04-22,3,1026,3206,705,557,51
11043,2024-04-29,3,1026,3430,705,410,209
11044,2024-05-06,3,1026,3596,705,153,301
11045,2024-05-13,3,1026,3867,705,746,269
11046,2024-05-20,3,1026,3925,705,684,418
11047,2024-05-27,3,1026,4148,705,384,108
11048,2024-06-03,3,1026,3972,705,636,221
11049,2024-06-10,3,1026,4243,705,1251,459
11050,2024-06-17,3,1026,3996,705,57,320
11051,2024-06-24,3,1026,4164,705,803,118
11052,2024-07-01,3,1026,4226,705,886,18
11053,2024-07-08,3,1026,3944,705,485,68
11054,2024-07-15,3,1026,3922,705,775,16
11055,2024-07-22,3,1026,3958,705,897,361
11056,2024-07-29,3,1026,3972,705,753,298
11057,2024-08-05,3,1026,3793,705,724,473
11058,2024-08-12,3,1026,3790,705,469,66
11059,2024-08-19,3,1026,3852,705,2,439
11060,2024-08-26,3,1026,3939,705,1047,363
11061,2024-09-02,3,1026,3704,705,393,492
11062,2024-09-09,3,1026,3907,705,72,454
11063,2024-09-16,3,1026,3738,705,903,248
11064,2024-09-23,3,1026,3645,705,370,37
11065,2024-09-30,3,1026,3576,705,1037,228
11066,2024-10-07,3,1026,3202,705,352,150
11067,2024-10-14,3,1026,3074,705,902,23
11068,2024-10-21,3,1026,2886,705,817,321
11069,2024-10-28,3,1026,2792,705,382,431
11070,2024-11-04,3,1026,2920,705,420,141
11071,2024-11-11,3,1026,2675,705,673,289
11072,2024-11-18,3,1026,2483,705,638,297
11073,2024-11-25,3,1026,2848,705,456,119
11074,2024-12-02,3,1026,2569,705,125,159
11075,2024-12-09,3,1026,2840,705,241,365
11076,2024-12-16,3,1026,2820,705,663,230
11077,2024-12-23,3,1026,2444,705,317,470
11078,2024-12-30,3,1026,2567,705,442,191
11079,2025-01-06,3,1026,2502,705,264,363
11080,2025-01-13,3,1026,2248,705,408,72
11081,2025-01-20,3,1026,1981,705,309,94
11082,2025-01-27,3,1026,1758,705,21,309
11083,2025-02-03,3,1026,1740,705,159,299
11084,2025-02-10,3,1026,1723,705,84,223
11085,2025-02-17,3,1026,1983,705,8,170
11086,2025-02-24,3,1026,1761,705,375,281
11087,2025-03-03,3,1026,2000,705,27,466
11088,2025-03-10,3,1026,1712,705,286,315
11089,2025-03-17,3,1026,1667,705,102,52
11090,2025-03-24,3,1026,1443,705,369,221
11091,2025-03-31,3,1026,1214,705,253,182
11092,2025-04-07,3,1026,1393,705,9,387
11093,2025-04-14,3,1026,1524,705,312,103
11094,2025-04-21,3,1026,1538,705,36,497
11095,2025-04-28,3,1026,1764,705,480,268
11096,2025-05-05,3,1026,1662,705,167,214
11097,2025-05-12,3,1026,1679,705,441,432
11098,2025-05-19,3,1026,1919,705,143,291
11099,2025-05-26,3,1026,1941,705,212,266
11100,2025-06-02,3,1026,1767,705,1,7
11101,2025-06-09,3,1026,1637,705,161,343
11102,2025-06-16,3,1026,1716,705,331,204
11103,2025-06-23,3,1026,1983,705,394,413
11104,2025-06-30,3,1026,1771,705,313,282
11105,2025-07-07,3,1026,1567,705,72,201
11106,2025-07-14,3,1026,1804,705,96,3
11107,2025-07-21,3,1026,1780,705,484,52
11108,2025-07-28,3,1026,1831,705,252,131
11109,2025-08-04,3,1026,1767,705,66,435
11110,2025-08-11,3,1026,1885,705,454,326
11111,2025-08-18,3,1026,2024,705,470,254
11112,2025-08-25,3,1026,2014,705,117,267
11113,2025-09-01,3,1026,2225,705,136,293
11114,2025-09-08,3,1026,2196,705,433,170
11115,2025-09-15,3,1026,2388,705,604,461
11116,2025-09-22,3,1026,2299,705,83,363
11117,2025-09-29,3,1026,2283,705,597,182
11118,2025-10-06,3,1026,2096,705,338,391
11119,2025-10-13,3,1026,1803,705,401,168
11120,2025-10-20,3,1026,1875,705,416,25
11121,2025-10-27,3,1026,1690,705,342,266
11122,2025-11-03,3,1026,1408,705,177,326
11123,2025-11-10,3,1026,1669,705,256,303
11124,2025-11-17,3,1026,1978,705,484,374
11125,2025-11-24,3,1026,1985,705,202,478
11126,2025-12-01,3,1026,2171,705,488,137
11127,2025-12-08,3,1026,2172,705,89,494
11128,2025-12-15,3,1026,2011,705,288,433
11129,2025-12-22,3,1026,2356,705,546,285
11130,2025-12-29,3,1026,2566,705,157,425
11131,2024-01-01,3,1027,671,637,57,486
11132,2024-01-08,3,1027,819,637,185,327
11133,2024-01-15,3,1027,656,637,14,261
11134,2024-01-22,3,1027,811,637,226,167
11135,2024-01-29,3,1027,916,637,261,278
11136,2024-02-05,3,1027,826,637,16,80
11137,2024-02-12,3,1027,1019,637,85,329
11138,2024-02-19,3,1027,950,637,104,285
11139,2024-02-26,3,1027,967,637,25,124
11140,2024-03-04,3,1027,864,637,13,276
11141,2024-03-11,3,1027,1009,637,79,359
11142,2024-03-18,3,1027,1071,637,266,70
11143,2024-03-25,3,1027,1214,637,46,450
11144,2024-04-01,3,1027,947,637,133,475
11145,2024-04-08,3,1027,975,637,107,59
11146,2024-04-15,3,1027,810,637,63,274
11147,2024-04-22,3,1027,646,637,22,390
11148,2024-04-29,3,1027,785,637,98,442
11149,2024-05-06,3,1027,548,637,73,488
11150,2024-05-13,3,1027,298,637,34,8
11151,2024-05-20,3,1027,247,637,26,197
11152,2024-05-27,3,1027,185,637,32,376
11153,2024-06-03,3,1027,309,637,57,452
11154,2024-06-10,3,1027,316,637,25,292
11155,2024-06-17,3,1027,492,637,103,330
11156,2024-06-24,3,1027,645,637,10,22
11157,2024-07-01,3,1027,361,637,63,104
11158,2024-07-08,3,1027,541,637,57,317
11159,2024-07-15,3,1027,765,637,37,122
11160,2024-07-22,3,1027,801,637,108,150
11161,2024-07-29,3,1027,565,637,147,299
11162,2024-08-05,3,1027,701,637,114,317
11163,2024-08-12,3,1027,845,637,109,172
11164,2024-08-19,3,1027,779,637,148,322
11165,2024-08-26,3,1027,890,637,216,105
11166,2024-09-02,3,1027,761,637,224,414
11167,2024-09-09,3,1027,737,637,22,447
11168,2024-09-16,3,1027,562,637,9,217
11169,2024-09-23,3,1027,825,637,215,384
11170,2024-09-30,3,1027,1065,637,59,244
11171,2024-10-07,3,1027,1315,637,51,229
11172,2024-10-14,3,1027,921,637,33,45
11173,2024-10-21,3,1027,1182,637,316,50
11174,2024-10-28,3,1027,1193,637,101,15
11175,2024-11-04,3,1027,990,637,132,102
11176,2024-11-11,3,1027,641,637,48,127
11177,2024-11-18,3,1027,351,637,69,446
11178,2024-11-25,3,1027,0,637,0,148
11179,2024-12-02,3,1027,82,637,9,184
11180,2024-12-09,3,1027,0,637,0,93
11181,2024-12-16,3,1027,365,637,78,437
11182,2024-12-23,3,1027,593,637,144,19
11183,2024-12-30,3,1027,919,637,199,203
11184,2025-01-06,3,1027,876,637,203,196
11185,2025-01-13,3,1027,1116,637,225,331
11186,2025-01-20,3,1027,1033,637,255,440
11187,2025-01-27,3,1027,1047,637,207,246
11188,2025-02-03,3,1027,1105,637,218,189
11189,2025-02-10,3,1027,965,637,165,133
11190,2025-02-17,3,1027,912,637,138,407
11191,2025-02-24,3,1027,669,637,57,341
11192,2025-03-03,3,1027,944,637,133,409
11193,2025-03-10,3,1027,1043,637,9,198
11194,2025-03-17,3,1027,1023,637,38,49
11195,2025-03-24,3,1027,759,637,17,242
11196,2025-03-31,3,1027,795,637,37,310
11197,2025-04-07,3,1027,513,637,78,311
11198,2025-04-14,3,1027,644,637,89,142
11199,2025-04-21,3,1027,381,637,15,230
11200,2025-04-28,3,1027,617,637,118,231
11201,2025-05-05,3,1027,829,637,222,346
11202,2025-05-12,3,1027,1010,637,161,361
11203,2025-05-19,3,1027,1278,637,178,149
11204,2025-05-26,3,1027,1281,637,363,487
11205,2025-06-02,3,1027,1451,637,14,368
11206,2025-06-09,3,1027,1343,637,392,32
11207,2025-06-16,3,1027,1501,637,219,405
11208,2025-06-23,3,1027,1431,637,78,200
11209,2025-06-30,3,1027,1159,637,226,259
11210,2025-07-07,3,1027,967,637,137,64
11211,2025-07-14,3,1027,827,637,220,177
11212,2025-07-21,3,1027,992,637,268,355
11213,2025-07-28,3,1027,1068,637,52,178
11214,2025-08-04,3,1027,1042,637,132,415
11215,2025-08-11,3,1027,1190,637,257,286
11216,2025-08-18,3,1027,1190,637,286,310
11217,2025-08-25,3,1027,1254,637,32,88
11218,2025-09-01,3,1027,1120,637,177,168
11219,2025-09-08,3,1027,1362,637,323,377
11220,2025-09-15,3,1027,1564,637,362,284
11221,2025-09-22,3,1027,1610,637,117,286
11222,2025-09-29,3,1027,1351,637,241,373
11223,2025-10-06,3,1027,1065,637,258,283
11224,2025-10-13,3,1027,846,637,58,19
11225,2025-10-20,3,1027,715,637,46,342
11226,2025-10-27,3,1027,316,637,90,96
11227,2025-11-03,3,1027,150,637,21,465
11228,2025-11-10,3,1027,0,637,0,51
11229,2025-11-17,3,1027,352,637,37,391
11230,2025-11-24,3,1027,126,637,3,378
11231,2025-12-01,3,1027,0,637,0,227
11232,2025-12-08,3,1027,0,637,0,440
11233,2025-12-15,3,1027,247,637,10,84
11234,2025-12-22,3,1027,503,637,16,53
11235,2025-12-29,3,1027,652,637,33,236
11236,2024-01-01,3,1028,2915,458,445,250
11237,2024-01-08,3,1028,3120,458,771,56
11238,2024-01-15,3,1028,3247,458,166,101
11239,2024-01-22,3,1028,3214,458,884,244
11240,2024-01-29,3,1028,3357,458,548,111
11241,2024-02-05,3,1028,3374,458,349,433
11242,2024-02-12,3,1028,3565,458,962,420
11243,2024-02-19,3,1028,3661,458,1097,159
11244,2024-02-26,3,1028,3814,458,941,73
11245,2024-03-04,3,1028,3806,458,536,470
11246,2024-03-11,3,1028,3718,458,545,255
11247,2024-03-18,3,1028,3764,458,611,462
11248,2024-03-25,3,1028,3582,458,472,422
11249,2024-04-01,3,1028,3570,458,579,479
11250,2024-04-08,3,1028,3302,458,722,185
11251,2024-04-15,3,1028,3563,458,201,214
11252,2024-04-22,3,1028,3765,458,231,177
11253,2024-04-29,3,1028,3495,458,780,267
11254,2024-05-06,3,1028,3694,458,935,315
11255,2024-05-13,3,1028,3445,458,6,474
11256,2024-05-20,3,1028,3659,458,283,23
11257,2024-05-27,3,1028,3484,458,883,85
11258,2024-06-03,3,1028,3353,458,495,10
11259,2024-06-10,3,1028,3589,458,746,250
11260,2024-06-17,3,1028,3541,458,533,250
11261,2024-06-24,3,1028,3431,458,882,274
11262,2024-07-01,3,1028,3451,458,848,265
11263,2024-07-08,3,1028,3729,458,527,493
11264,2024-07-15,3,1028,3441,458,918,211
11265,2024-07-22,3,1028,3280,458,252,331
11266,2024-07-29,3,1028,3175,458,922,188
11267,2024-08-05,3,1028,3219,458,713,26
11268,2024-08-12,3,1028,3086,458,348,160
11269,2024-08-19,3,1028,2990,458,16,382
11270,2024-08-26,3,1028,3038,458,9,81
11271,2024-09-02,3,1028,3242,458,639,30
11272,2024-09-09,3,1028,3250,458,434,396
11273,2024-09-16,3,1028,3203,458,301,357
11274,2024-09-23,3,1028,3291,458,599,406
11275,2024-09-30,3,1028,3173,458,905,420
11276,2024-10-07,3,1028,3062,458,665,117
11277,2024-10-14,3,1028,3004,458,100,420
11278,2024-10-21,3,1028,3321,458,793,256
11279,2024-10-28,3,1028,3043,458,395,475
11280,2024-11-04,3,1028,3314,458,730,353
11281,2024-11-11,3,1028,3426,458,838,20
11282,2024-11-18,3,1028,3263,458,829,37
11283,2024-11-25,3,1028,3579,458,62,160
11284,2024-12-02,3,1028,3901,458,1129,427
11285,2024-12-09,3,1028,3794,458,1012,292
11286,2024-12-16,3,1028,3417,458,716,109
11287,2024-12-23,3,1028,3376,458,493,356
11288,2024-12-30,3,1028,3698,458,691,194
11289,2025-01-06,3,1028,3917,458,212,101
11290,2025-01-13,3,1028,4032,458,283,228
11291,2025-01-20,3,1028,3825,458,996,480
11292,2025-01-27,3,1028,3867,458,165,284
11293,2025-02-03,3,1028,3881,458,754,194
11294,2025-02-10,3,1028,4101,458,234,17
11295,2025-02-17,3,1028,3909,458,844,111
11296,2025-02-24,3,1028,3842,458,822,238
11297,2025-03-03,3,1028,3657,458,699,399
11298,2025-03-10,3,1028,3474,458,436,246
11299,2025-03-17,3,1028,3699,458,247,347
11300,2025-03-24,3,1028,3525,458,741,347
11301,2025-03-31,3,1028,3364,458,562,10
11302,2025-04-07,3,1028,3399,458,881,474
11303,2025-04-14,3,1028,3129,458,873,302
11304,2025-04-21,3,1028,3220,458,829,5
11305,2025-04-28,3,1028,3179,458,135,207
11306,2025-05-05,3,1028,3379,458,418,75
11307,2025-05-12,3,1028,3396,458,403,370
11308,2025-05-19,3,1028,3140,458,207,140
11309,2025-05-26,3,1028,3393,458,606,401
11310,2025-06-02,3,1028,3388,458,39,396
11311,2025-06-09,3,1028,3596,458,1061,367
11312,2025-06-16,3,1028,3332,458,735,364
11313,2025-06-23,3,1028,3588,458,1001,332
11314,2025-06-30,3,1028,3667,458,597,28
11315,2025-07-07,3,1028,3407,458,555,380
11316,2025-07-14,3,1028,3611,458,164,321
11317,2025-07-21,3,1028,3399,458,828,408
11318,2025-07-28,3,1028,3661,458,91,448
11319,2025-08-04,3,1028,3533,458,423,325
11320,2025-08-11,3,1028,3678,458,98,76
11321,2025-08-18,3,1028,3510,458,973,24
11322,2025-08-25,3,1028,3479,458,600,368
11323,2025-09-01,3,1028,3383,458,642,38
11324,2025-09-08,3,1028,3391,458,18,141
11325,2025-09-15,3,1028,3194,458,51,289
11326,2025-09-22,3,1028,2955,458,142,473
11327,2025-09-29,3,1028,3181,458,199,7
11328,2025-10-06,3,1028,3564,458,965,301
11329,2025-10-13,3,1028,3488,458,78,458
11330,2025-10-20,3,1028,3850,458,864,119
11331,2025-10-27,3,1028,3690,458,300,335
11332,2025-11-03,3,1028,3988,458,935,466
11333,2025-11-10,3,1028,3737,458,235,112
11334,2025-11-17,3,1028,3965,458,1031,494
11335,2025-11-24,3,1028,3972,458,182,309
11336,2025-12-01,3,1028,3750,458,733,492
11337,2025-12-08,3,1028,3470,458,34,260
11338,2025-12-15,3,1028,3292,458,635,18
11339,2025-12-22,3,1028,3269,458,938,482
11340,2025-12-29,3,1028,2956,458,822,408
11341,2024-01-01,3,1029,1928,487,104,471
11342,2024-01-08,3,1029,1769,487,191,130
11343,2024-01-15,3,1029,1644,487,94,62
11344,2024-01-22,3,1029,1417,487,237,205
11345,2024-01-29,3,1029,1187,487,2,286
11346,2024-02-05,3,1029,984,487,89,400
11347,2024-02-12,3,1029,783,487,63,368
11348,2024-02-19,3,1029,753,487,134,142
11349,2024-02-26,3,1029,496,487,17,8
11350,2024-03-04,3,1029,252,487,34,484
11351,2024-03-11,3,1029,0,487,0,413
11352,2024-03-18,3,1029,253,487,35,3
11353,2024-03-25,3,1029,137,487,32,311
11354,2024-04-01,3,1029,37,487,1,483
11355,2024-04-08,3,1029,225,487,29,351
11356,2024-04-15,3,1029,0,487,0,197
11357,2024-04-22,3,1029,0,487,0,495
11358,2024-04-29,3,1029,0,487,0,314
11359,2024-05-06,3,1029,0,487,0,117
11360,2024-05-13,3,1029,133,487,19,230
11361,2024-05-20,3,1029,180,487,14,392
11362,2024-05-27,3,1029,435,487,63,468
11363,2024-06-03,3,1029,396,487,46,258
11364,2024-06-10,3,1029,244,487,40,38
11365,2024-06-17,3,1029,339,487,5,328
11366,2024-06-24,3,1029,301,487,74,148
11367,2024-07-01,3,1029,263,487,47,247
11368,2024-07-08,3,1029,504,487,8,183
11369,2024-07-15,3,1029,210,487,16,280
11370,2024-07-22,3,1029,318,487,37,354
11371,2024-07-29,3,1029,542,487,91,254
11372,2024-08-05,3,1029,502,487,122,361
11373,2024-08-12,3,1029,396,487,11,50
11374,2024-08-19,3,1029,404,487,79,80
11375,2024-08-26,3,1029,556,487,129,125
11376,2024-09-02,3,1029,501,487,63,191
11377,2024-09-09,3,1029,460,487,85,279
11378,2024-09-16,3,1029,474,487,58,9
11379,2024-09-23,3,1029,214,487,39,408
11380,2024-09-30,3,1029,420,487,117,137
11381,2024-10-07,3,1029,544,487,75,484
11382,2024-10-14,3,1029,657,487,172,173
11383,2024-10-21,3,1029,904,487,197,141
11384,2024-10-28,3,1029,540,487,102,343
11385,2024-11-04,3,1029,387,487,20,80
11386,2024-11-11,3,1029,730,487,118,193
11387,2024-11-18,3,1029,1068,487,234,182
11388,2024-11-25,3,1029,1192,487,216,138
11389,2024-12-02,3,1029,1521,487,201,122
11390,2024-12-09,3,1029,1481,487,226,212
11391,2024-12-16,3,1029,1839,487,188,376
11392,2024-12-23,3,1029,2098,487,564,322
11393,2024-12-30,3,1029,2065,487,318,156
11394,2025-01-06,3,1029,1849,487,460,151
11395,2025-01-13,3,1029,1971,487,582,145
11396,2025-01-20,3,1029,1969,487,528,33
11397,2025-01-27,3,1029,1944,487,90,401
11398,2025-02-03,3,1029,1982,487,22,333
11399,2025-02-10,3,1029,1755,487,298,27
11400,2025-02-17,3,1029,1618,487,150,293
11401,2025-02-24,3,1029,1391,487,252,435
11402,2025-03-03,3,1029,1279,487,233,321
11403,2025-03-10,3,1029,1471,487,30,202
11404,2025-03-17,3,1029,1626,487,402,282
11405,2025-03-24,3,1029,1675,487,68,453
11406,2025-03-31,3,1029,1944,487,122,366
11407,2025-04-07,3,1029,2032,487,39,103
11408,2025-04-14,3,1029,1768,487,396,486
11409,2025-04-21,3,1029,1870,487,479,169
11410,2025-04-28,3,1029,1921,487,196,72
11411,2025-05-05,3,1029,1973,487,258,24
11412,2025-05-12,3,1029,2203,487,654,127
11413,2025-05-19,3,1029,2196,487,112,94
11414,2025-05-26,3,1029,2083,487,315,23
11415,2025-06-02,3,1029,2278,487,521,39
11416,2025-06-09,3,1029,2499,487,744,209
11417,2025-06-16,3,1029,2579,487,342,35
11418,2025-06-23,3,1029,2680,487,345,485
11419,2025-06-30,3,1029,2855,487,116,173
11420,2025-07-07,3,1029,2749,487,258,302
11421,2025-07-14,3,1029,2929,487,809,285
11422,2025-07-21,3,1029,2874,487,54,287
11423,2025-07-28,3,1029,2671,487,566,246
11424,2025-08-04,3,1029,2692,487,109,299
11425,2025-08-11,3,1029,2684,487,427,213
11426,2025-08-18,3,1029,2669,487,739,192
11427,2025-08-25,3,1029,2742,487,625,492
11428,2025-09-01,3,1029,2742,487,771,460
11429,2025-09-08,3,1029,2568,487,262,174
11430,2025-09-15,3,1029,2449,487,158,20
11431,2025-09-22,3,1029,2315,487,116,77
11432,2025-09-29,3,1029,2033,487,205,79
11433,2025-10-06,3,1029,2206,487,571,324
11434,2025-10-13,3,1029,1849,487,360,91
11435,2025-10-20,3,1029,2203,487,427,257
11436,2025-10-27,3,1029,1939,487,489,3
11437,2025-11-03,3,1029,1764,487,414,195
11438,2025-11-10,3,1029,1485,487,428,170
11439,2025-11-17,3,1029,1157,487,322,336
11440,2025-11-24,3,1029,1113,487,99,207
11441,2025-12-01,3,1029,1304,487,56,226
11442,2025-12-08,3,1029,1364,487,154,110
11443,2025-12-15,3,1029,1291,487,16,169
11444,2025-12-22,3,1029,1355,487,250,107
11445,2025-12-29,3,1029,979,487,58,448
11446,2024-01-01,3,1030,3432,486,767,276
11447,2024-01-08,3,1030,3502,486,930,19
11448,2024-01-15,3,1030,3286,486,889,259
11449,2024-01-22,3,1030,3147,486,260,145
11450,2024-01-29,3,1030,3091,486,892,287
11451,2024-02-05,3,1030,2850,486,530,1
11452,2024-02-12,3,1030,3042,486,862,262
11453,2024-02-19,3,1030,3188,486,60,204
11454,2024-02-26,3,1030,3364,486,784,356
11455,2024-03-04,3,1030,3612,486,195,197
11456,2024-03-11,3,1030,3603,486,427,245
11457,2024-03-18,3,1030,3705,486,178,363
11458,2024-03-25,3,1030,3429,486,325,463
11459,2024-04-01,3,1030,3547,486,679,280
11460,2024-04-08,3,1030,3419,486,609,481
11461,2024-04-15,3,1030,3427,486,321,156
11462,2024-04-22,3,1030,3138,486,475,113
11463,2024-04-29,3,1030,2843,486,603,2
11464,2024-05-06,3,1030,2667,486,253,234
11465,2024-05-13,3,1030,2432,486,407,483
11466,2024-05-20,3,1030,2198,486,289,469
11467,2024-05-27,3,1030,2284,486,664,369
11468,2024-06-03,3,1030,2281,486,155,120
11469,2024-06-10,3,1030,2378,486,218,347
11470,2024-06-17,3,1030,2239,486,426,23
11471,2024-06-24,3,1030,1972,486,230,103
11472,2024-07-01,3,1030,1885,486,86,413
11473,2024-07-08,3,1030,1936,486,448,12
11474,2024-07-15,3,1030,1814,486,203,227
11475,2024-07-22,3,1030,1734,486,303,40
11476,2024-07-29,3,1030,1878,486,81,355
11477,2024-08-05,3,1030,1702,486,379,153
11478,2024-08-12,3,1030,1641,486,257,195
11479,2024-08-19,3,1030,1691,486,503,130
11480,2024-08-26,3,1030,1776,486,173,185
11481,2024-09-02,3,1030,1582,486,255,354
11482,2024-09-09,3,1030,1572,486,58,199
11483,2024-09-16,3,1030,1537,486,444,307
11484,2024-09-23,3,1030,1550,486,460,190
11485,2024-09-30,3,1030,1364,486,234,62
11486,2024-10-07,3,1030,1023,486,228,323
11487,2024-10-14,3,1030,839,486,241,59
11488,2024-10-21,3,1030,438,486,74,400
11489,2024-10-28,3,1030,589,486,76,230
11490,2024-11-04,3,1030,951,486,85,224
11491,2024-11-11,3,1030,549,486,112,250
11492,2024-11-18,3,1030,546,486,99,90
11493,2024-11-25,3,1030,574,486,123,352
11494,2024-12-02,3,1030,537,486,10,42
11495,2024-12-09,3,1030,163,486,1,121
11496,2024-12-16,3,1030,525,486,150,394
11497,2024-12-23,3,1030,420,486,84,310
11498,2024-12-30,3,1030,42,486,8,189
11499,2025-01-06,3,1030,6,486,0,177
11500,2025-01-13,3,1030,0,486,0,399
11501,2025-01-20,3,1030,0,486,0,30
11502,2025-01-27,3,1030,0,486,0,112
11503,2025-02-03,3,1030,0,486,0,162
11504,2025-02-10,3,1030,0,486,0,102
11505,2025-02-17,3,1030,252,486,69,431
11506,2025-02-24,3,1030,96,486,12,180
11507,2025-03-03,3,1030,148,486,8,103
11508,2025-03-10,3,1030,212,486,26,130
11509,2025-03-17,3,1030,0,486,0,407
11510,2025-03-24,3,1030,0,486,0,483
11511,2025-03-31,3,1030,0,486,0,274
11512,2025-04-07,3,1030,29,486,3,217
11513,2025-04-14,3,1030,0,486,0,467
11514,2025-04-21,3,1030,70,486,17,438
11515,2025-04-28,3,1030,51,486,2,415
11516,2025-05-05,3,1030,0,486,0,71
11517,2025-05-12,3,1030,212,486,39,203
11518,2025-05-19,3,1030,449,486,43,387
11519,2025-05-26,3,1030,655,486,155,307
11520,2025-06-02,3,1030,905,486,65,173
11521,2025-06-09,3,1030,1154,486,228,497
11522,2025-06-16,3,1030,1280,486,71,107
11523,2025-06-23,3,1030,1105,486,329,417
11524,2025-06-30,3,1030,1259,486,335,354
11525,2025-07-07,3,1030,1111,486,165,98
11526,2025-07-14,3,1030,1118,486,89,109
11527,2025-07-21,3,1030,901,486,50,457
11528,2025-07-28,3,1030,785,486,99,423
11529,2025-08-04,3,1030,611,486,87,269
11530,2025-08-11,3,1030,614,486,87,388
11531,2025-08-18,3,1030,639,486,17,346
11532,2025-08-25,3,1030,765,486,53,119
11533,2025-09-01,3,1030,718,486,184,191
11534,2025-09-08,3,1030,833,486,180,459
11535,2025-09-15,3,1030,997,486,289,472
11536,2025-09-22,3,1030,720,486,215,424
11537,2025-09-29,3,1030,962,486,40,15
11538,2025-10-06,3,1030,780,486,154,431
11539,2025-10-13,3,1030,1074,486,174,264
11540,2025-10-20,3,1030,1069,486,38,35
11541,2025-10-27,3,1030,1235,486,185,90
11542,2025-11-03,3,1030,899,486,246,474
11543,2025-11-10,3,1030,670,486,107,475
11544,2025-11-17,3,1030,926,486,187,408
11545,2025-11-24,3,1030,696,486,208,185
11546,2025-12-01,3,1030,350,486,84,29
11547,2025-12-08,3,1030,306,486,6,220
11548,2025-12-15,3,1030,82,486,2,280
11549,2025-12-22,3,1030,0,486,0,254
11550,2025-12-29,3,1030,0,486,0,353
11551,2024-01-01,3,1031,857,572,90,122
11552,2024-01-08,3,1031,923,572,58,473
11553,2024-01-15,3,1031,832,572,92,328
11554,2024-01-22,3,1031,1029,572,171,71
11555,2024-01-29,3,1031,971,572,254,186
11556,2024-02-05,3,1031,714,572,122,462
11557,2024-02-12,3,1031,644,572,102,146
11558,2024-02-19,3,1031,471,572,95,442
11559,2024-02-26,3,1031,252,572,4,43
11560,2024-03-04,3,1031,502,572,85,77
11561,2024-03-11,3,1031,695,572,52,83
11562,2024-03-18,3,1031,953,572,161,264
11563,2024-03-25,3,1031,1091,572,142,412
11564,2024-04-01,3,1031,1083,572,25,388
11565,2024-04-08,3,1031,813,572,104,271
11566,2024-04-15,3,1031,669,572,144,462
11567,2024-04-22,3,1031,452,572,122,345
11568,2024-04-29,3,1031,483,572,109,123
11569,2024-05-06,3,1031,420,572,125,433
11570,2024-05-13,3,1031,424,572,84,214
11571,2024-05-20,3,1031,437,572,73,94
11572,2024-05-27,3,1031,385,572,15,222
11573,2024-06-03,3,1031,126,572,34,458
11574,2024-06-10,3,1031,234,572,12,479
11575,2024-06-17,3,1031,232,572,51,9
11576,2024-06-24,3,1031,208,572,39,135
11577,2024-07-01,3,1031,383,572,66,266
11578,2024-07-08,3,1031,164,572,0,248
11579,2024-07-15,3,1031,264,572,73,133
11580,2024-07-22,3,1031,0,572,0,211
11581,2024-07-29,3,1031,266,572,29,11
11582,2024-08-05,3,1031,117,572,18,111
11583,2024-08-12,3,1031,8,572,0,346
11584,2024-08-19,3,1031,79,572,0,355
11585,2024-08-26,3,1031,41,572,1,341
11586,2024-09-02,3,1031,82,572,3,174
11587,2024-09-09,3,1031,211,572,50,277
11588,2024-09-16,3,1031,49,572,13,280
11589,2024-09-23,3,1031,0,572,0,16
11590,2024-09-30,3,1031,273,572,26,189
11591,2024-10-07,3,1031,294,572,50,210
11592,2024-10-14,3,1031,252,572,15,96
11593,2024-10-21,3,1031,0,572,0,70
11594,2024-10-28,3,1031,0,572,0,322
11595,2024-11-04,3,1031,0,572,0,143
11596,2024-11-11,3,1031,0,572,0,316
11597,2024-11-18,3,1031,99,572,6,22
11598,2024-11-25,3,1031,0,572,0,244
11599,2024-12-02,3,1031,85,572,25,161
11600,2024-12-09,3,1031,24,572,3,467
11601,2024-12-16,3,1031,0,572,0,418
11602,2024-12-23,3,1031,0,572,0,372
11603,2024-12-30,3,1031,0,572,0,416
11604,2025-01-06,3,1031,136,572,0,413
11605,2025-01-13,3,1031,347,572,80,192
11606,2025-01-20,3,1031,420,572,23,203
11607,2025-01-27,3,1031,487,572,89,387
11608,2025-02-03,3,1031,443,572,45,262
11609,2025-02-10,3,1031,661,572,171,48
11610,2025-02-17,3,1031,664,572,126,100
11611,2025-02-24,3,1031,607,572,41,146
11612,2025-03-03,3,1031,815,572,179,223
11613,2025-03-10,3,1031,1003,572,27,115
11614,2025-03-17,3,1031,1081,572,177,242
11615,2025-03-24,3,1031,924,572,124,328
11616,2025-03-31,3,1031,976,572,44,193
11617,2025-04-07,3,1031,1234,572,91,150
11618,2025-04-14,3,1031,1350,572,386,66
11619,2025-04-21,3,1031,1578,572,270,91
11620,2025-04-28,3,1031,1778,572,292,201
11621,2025-05-05,3,1031,1650,572,257,292
11622,2025-05-12,3,1031,1395,572,142,164
11623,2025-05-19,3,1031,1669,572,206,85
11624,2025-05-26,3,1031,1746,572,519,181
11625,2025-06-02,3,1031,1557,572,269,46
11626,2025-06-09,3,1031,1766,572,491,494
11627,2025-06-16,3,1031,1521,572,181,346
11628,2025-06-23,3,1031,1714,572,481,363
11629,2025-06-30,3,1031,1701,572,175,271
11630,2025-07-07,3,1031,1814,572,275,6
11631,2025-07-14,3,1031,2044,572,195,46
11632,2025-07-21,3,1031,1895,572,157,311
11633,2025-07-28,3,1031,1719,572,303,111
11634,2025-08-04,3,1031,1698,572,472,36
11635,2025-08-11,3,1031,1801,572,534,491
11636,2025-08-18,3,1031,1859,572,1,3
11637,2025-08-25,3,1031,1726,572,474,51
11638,2025-09-01,3,1031,1520,572,8,434
11639,2025-09-08,3,1031,1414,572,128,35
11640,2025-09-15,3,1031,1143,572,0,139
11641,2025-09-22,3,1031,1204,572,244,40
11642,2025-09-29,3,1031,1393,572,147,295
11643,2025-10-06,3,1031,1164,572,165,122
11644,2025-10-13,3,1031,1263,572,115,319
11645,2025-10-20,3,1031,1611,572,443,66
11646,2025-10-27,3,1031,1870,572,470,57
11647,2025-11-03,3,1031,1731,572,243,281
11648,2025-11-10,3,1031,1847,572,387,127
11649,2025-11-17,3,1031,1509,572,46,245
11650,2025-11-24,3,1031,1296,572,266,410
11651,2025-12-01,3,1031,1563,572,106,384
11652,2025-12-08,3,1031,1676,572,165,160
11653,2025-12-15,3,1031,1649,572,436,80
11654,2025-12-22,3,1031,1954,572,180,182
11655,2025-12-29,3,1031,1874,572,537,237
11656,2024-01-01,3,1032,3139,618,875,167
11657,2024-01-08,3,1032,3379,618,324,151
11658,2024-01-15,3,1032,3423,618,659,304
11659,2024-01-22,3,1032,3288,618,979,408
11660,2024-01-29,3,1032,3334,618,714,279
11661,2024-02-05,3,1032,3434,618,230,280
11662,2024-02-12,3,1032,3478,618,901,309
11663,2024-02-19,3,1032,3620,618,497,333
11664,2024-02-26,3,1032,3634,618,699,287
11665,2024-03-04,3,1032,3549,618,354,280
11666,2024-03-11,3,1032,3509,618,1051,305
11667,2024-03-18,3,1032,3614,618,144,478
11668,2024-03-25,3,1032,3386,618,138,360
11669,2024-04-01,3,1032,3597,618,156,237
11670,2024-04-08,3,1032,3558,618,686,132
11671,2024-04-15,3,1032,3728,618,360,338
11672,2024-04-22,3,1032,3562,618,110,106
11673,2024-04-29,3,1032,3308,618,150,292
11674,2024-05-06,3,1032,3405,618,70,497
11675,2024-05-13,3,1032,3481,618,896,181
11676,2024-05-20,3,1032,3481,618,982,492
11677,2024-05-27,3,1032,3450,618,486,101
11678,2024-06-03,3,1032,3241,618,616,102
11679,2024-06-10,3,1032,3382,618,204,130
11680,2024-06-17,3,1032,3437,618,428,321
11681,2024-06-24,3,1032,3706,618,82,292
11682,2024-07-01,3,1032,3633,618,450,488
11683,2024-07-08,3,1032,3604,618,327,464
11684,2024-07-15,3,1032,3468,618,366,137
11685,2024-07-22,3,1032,3261,618,127,85
11686,2024-07-29,3,1032,3478,618,527,465
11687,2024-08-05,3,1032,3569,618,366,492
11688,2024-08-12,3,1032,3712,618,904,34
11689,2024-08-19,3,1032,3866,618,893,120
11690,2024-08-26,3,1032,3935,618,699,8
11691,2024-09-02,3,1032,4096,618,387,488
11692,2024-09-09,3,1032,3835,618,413,316
11693,2024-09-16,3,1032,3983,618,126,443
11694,2024-09-23,3,1032,4200,618,676,294
11695,2024-09-30,3,1032,4363,618,665,345
11696,2024-10-07,3,1032,4626,618,1380,426
11697,2024-10-14,3,1032,4861,618,1279,390
11698,2024-10-21,3,1032,5108,618,689,425
11699,2024-10-28,3,1032,4975,618,843,379
11700,2024-11-04,3,1032,4721,618,624,475
11701,2024-11-11,3,1032,4407,618,396,475
11702,2024-11-18,3,1032,4558,618,102,302
11703,2024-11-25,3,1032,4885,618,72,429
11704,2024-12-02,3,1032,4670,618,1342,168
11705,2024-12-09,3,1032,4957,618,143,190
11706,2024-12-16,3,1032,5244,618,1332,226
11707,2024-12-23,3,1032,5213,618,1359,428
11708,2024-12-30,3,1032,5186,618,227,441
11709,2025-01-06,3,1032,5016,618,500,165
11710,2025-01-13,3,1032,4913,618,1090,78
11711,2025-01-20,3,1032,4737,618,1062,486
11712,2025-01-27,3,1032,4757,618,849,48
11713,2025-02-03,3,1032,4869,618,1152,143
11714,2025-02-10,3,1032,4792,618,981,330
11715,2025-02-17,3,1032,4518,618,1044,403
11716,2025-02-24,3,1032,4660,618,1358,376
11717,2025-03-03,3,1032,4464,618,176,376
11718,2025-03-10,3,1032,4698,618,470,440
11719,2025-03-17,3,1032,4749,618,1359,250
11720,2025-03-24,3,1032,4840,618,384,361
11721,2025-03-31,3,1032,4612,618,474,427
11722,2025-04-07,3,1032,4698,618,1338,436
11723,2025-04-14,3,1032,4434,618,576,27
11724,2025-04-21,3,1032,4600,618,1206,213
11725,2025-04-28,3,1032,4796,618,1118,306
11726,2025-05-05,3,1032,4603,618,484,93
11727,2025-05-12,3,1032,4644,618,187,456
11728,2025-05-19,3,1032,4571,618,289,102
11729,2025-05-26,3,1032,4442,618,1058,112
11730,2025-06-02,3,1032,4539,618,7,224
11731,2025-06-09,3,1032,4781,618,753,251
11732,2025-06-16,3,1032,4860,618,904,75
11733,2025-06-23,3,1032,4601,618,1226,172
11734,2025-06-30,3,1032,4697,618,362,76
11735,2025-07-07,3,1032,4446,618,1324,243
11736,2025-07-14,3,1032,4688,618,1016,121
11737,2025-07-21,3,1032,4698,618,834,128
11738,2025-07-28,3,1032,4683,618,1209,385
11739,2025-08-04,3,1032,4760,618,99,185
11740,2025-08-11,3,1032,4693,618,1020,340
11741,2025-08-18,3,1032,4855,618,1104,419
11742,2025-08-25,3,1032,4847,618,1118,198
11743,2025-09-01,3,1032,4967,618,1060,161
11744,2025-09-08,3,1032,5216,618,965,489
11745,2025-09-15,3,1032,5216,618,1162,205
11746,2025-09-22,3,1032,5430,618,1018,147
11747,2025-09-29,3,1032,5141,618,111,425
11748,2025-10-06,3,1032,5395,618,817,378
11749,2025-10-13,3,1032,5777,618,376,253
11750,2025-10-20,3,1032,5931,618,743,73
11751,2025-10-27,3,1032,5526,618,607,483
11752,2025-11-03,3,1032,5262,618,857,10
11753,2025-11-10,3,1032,5546,618,1650,112
11754,2025-11-17,3,1032,5572,618,1553,73
11755,2025-11-24,3,1032,5859,618,345,202
11756,2025-12-01,3,1032,5460,618,1408,119
11757,2025-12-08,3,1032,5504,618,1282,229
11758,2025-12-15,3,1032,5607,618,381,387
11759,2025-12-22,3,1032,5553,618,585,398
11760,2025-12-29,3,1032,5695,618,96,222
11761,2024-01-01,3,1033,1917,854,406,122
11762,2024-01-08,3,1033,1654,854,347,232
11763,2024-01-15,3,1033,1617,854,372,396
11764,2024-01-22,3,1033,1895,854,56,461
11765,2024-01-29,3,1033,1714,854,119,41
11766,2024-02-05,3,1033,1761,854,263,227
11767,2024-02-12,3,1033,1880,854,557,448
11768,2024-02-19,3,1033,1826,854,520,169
11769,2024-02-26,3,1033,1596,854,88,127
11770,2024-03-04,3,1033,1507,854,171,345
11771,2024-03-11,3,1033,1412,854,383,399
11772,2024-03-18,3,1033,1436,854,375,285
11773,2024-03-25,3,1033,1673,854,33,157
11774,2024-04-01,3,1033,1810,854,523,274
11775,2024-04-08,3,1033,1628,854,355,309
11776,2024-04-15,3,1033,1341,854,313,455
11777,2024-04-22,3,1033,1142,854,278,301
11778,2024-04-29,3,1033,853,854,149,167
11779,2024-05-06,3,1033,782,854,98,442
11780,2024-05-13,3,1033,922,854,201,411
11781,2024-05-20,3,1033,696,854,135,165
11782,2024-05-27,3,1033,950,854,99,220
11783,2024-06-03,3,1033,752,854,35,348
11784,2024-06-10,3,1033,970,854,44,329
11785,2024-06-17,3,1033,789,854,179,244
11786,2024-06-24,3,1033,682,854,77,332
11787,2024-07-01,3,1033,862,854,63,225
11788,2024-07-08,3,1033,939,854,254,207
11789,2024-07-15,3,1033,905,854,26,421
11790,2024-07-22,3,1033,822,854,9,91
11791,2024-07-29,3,1033,913,854,226,207
11792,2024-08-05,3,1033,871,854,61,289
11793,2024-08-12,3,1033,1028,854,28,196
11794,2024-08-19,3,1033,934,854,104,191
11795,2024-08-26,3,1033,910,854,57,133
11796,2024-09-02,3,1033,1034,854,44,107
11797,2024-09-09,3,1033,1082,854,317,68
11798,2024-09-16,3,1033,881,854,169,326
11799,2024-09-23,3,1033,839,854,42,196
11800,2024-09-30,3,1033,781,854,87,243
11801,2024-10-07,3,1033,1147,854,261,121
11802,2024-10-14,3,1033,1336,854,288,116
11803,2024-10-21,3,1033,916,854,136,63
11804,2024-10-28,3,1033,941,854,194,339
11805,2024-11-04,3,1033,644,854,87,489
11806,2024-11-11,3,1033,1005,854,224,188
11807,2024-11-18,3,1033,1038,854,153,32
11808,2024-11-25,3,1033,1168,854,92,435
11809,2024-12-02,3,1033,1198,854,58,251
11810,2024-12-09,3,1033,1160,854,295,472
11811,2024-12-16,3,1033,1407,854,62,383
11812,2024-12-23,3,1033,1268,854,81,251
11813,2024-12-30,3,1033,1522,854,424,458
11814,2025-01-06,3,1033,1789,854,353,365
11815,2025-01-13,3,1033,1895,854,41,121
11816,2025-01-20,3,1033,2052,854,146,419
11817,2025-01-27,3,1033,2094,854,161,133
11818,2025-02-03,3,1033,2105,854,204,174
11819,2025-02-10,3,1033,2214,854,85,128
11820,2025-02-17,3,1033,1985,854,561,388
11821,2025-02-24,3,1033,2262,854,391,75
11822,2025-03-03,3,1033,2462,854,331,219
11823,2025-03-10,3,1033,2198,854,497,377
11824,2025-03-17,3,1033,2315,854,619,31
11825,2025-03-24,3,1033,2435,854,320,6
11826,2025-03-31,3,1033,2160,854,431,46
11827,2025-04-07,3,1033,2172,854,91,208
11828,2025-04-14,3,1033,2314,854,180,169
11829,2025-04-21,3,1033,2272,854,456,326
11830,2025-04-28,3,1033,2348,854,548,274
11831,2025-05-05,3,1033,2055,854,404,11
11832,2025-05-12,3,1033,1847,854,256,326
11833,2025-05-19,3,1033,1613,854,35,419
11834,2025-05-26,3,1033,1877,854,176,380
11835,2025-06-02,3,1033,1647,854,11,15
11836,2025-06-09,3,1033,1813,854,319,122
11837,2025-06-16,3,1033,1910,854,65,308
11838,2025-06-23,3,1033,1872,854,57,145
11839,2025-06-30,3,1033,1691,854,432,418
11840,2025-07-07,3,1033,1845,854,497,102
11841,2025-07-14,3,1033,1943,854,313,41
11842,2025-07-21,3,1033,2166,854,260,358
11843,2025-07-28,3,1033,1905,854,437,47
11844,2025-08-04,3,1033,1807,854,177,393
11845,2025-08-11,3,1033,1853,854,511,11
11846,2025-08-18,3,1033,1685,854,132,40
11847,2025-08-25,3,1033,1599,854,213,217
11848,2025-09-01,3,1033,1522,854,96,261
11849,2025-09-08,3,1033,1266,854,354,194
11850,2025-09-15,3,1033,1131,854,30,443
11851,2025-09-22,3,1033,851,854,140,390
11852,2025-09-29,3,1033,1004,854,237,16
11853,2025-10-06,3,1033,917,854,67,77
11854,2025-10-13,3,1033,912,854,209,37
11855,2025-10-20,3,1033,511,854,128,353
11856,2025-10-27,3,1033,796,854,102,253
11857,2025-11-03,3,1033,922,854,2,275
11858,2025-11-10,3,1033,992,854,246,388
11859,2025-11-17,3,1033,881,854,240,29
11860,2025-11-24,3,1033,1029,854,72,205
11861,2025-12-01,3,1033,775,854,228,19
11862,2025-12-08,3,1033,1095,854,202,332
11863,2025-12-15,3,1033,845,854,203,73
11864,2025-12-22,3,1033,1091,854,116,294
11865,2025-12-29,3,1033,700,854,29,312
11866,2024-01-01,3,1034,578,900,27,330
11867,2024-01-08,3,1034,344,900,102,26
11868,2024-01-15,3,1034,209,900,0,331
11869,2024-01-22,3,1034,35,900,3,411
11870,2024-01-29,3,1034,0,900,0,431
11871,2024-02-05,3,1034,2,900,0,144
11872,2024-02-12,3,1034,217,900,15,343
11873,2024-02-19,3,1034,0,900,0,26
11874,2024-02-26,3,1034,159,900,16,102
11875,2024-03-04,3,1034,382,900,9,115
11876,2024-03-11,3,1034,395,900,34,39
11877,2024-03-18,3,1034,640,900,91,138
11878,2024-03-25,3,1034,497,900,4,499
11879,2024-04-01,3,1034,480,900,22,245
11880,2024-04-08,3,1034,223,900,10,468
11881,2024-04-15,3,1034,226,900,16,304
11882,2024-04-22,3,1034,171,900,26,20
11883,2024-04-29,3,1034,0,900,0,434
11884,2024-05-06,3,1034,0,900,0,315
11885,2024-05-13,3,1034,105,900,22,33
11886,2024-05-20,3,1034,208,900,4,119
11887,2024-05-27,3,1034,432,900,105,371
11888,2024-06-03,3,1034,641,900,32,305
11889,2024-06-10,3,1034,681,900,190,282
11890,2024-06-17,3,1034,922,900,102,166
11891,2024-06-24,3,1034,1116,900,154,456
11892,2024-07-01,3,1034,863,900,251,421
11893,2024-07-08,3,1034,742,900,64,5
11894,2024-07-15,3,1034,963,900,214,443
11895,2024-07-22,3,1034,873,900,209,197
11896,2024-07-29,3,1034,584,900,101,314
11897,2024-08-05,3,1034,498,900,82,415
11898,2024-08-12,3,1034,432,900,93,82
11899,2024-08-19,3,1034,472,900,101,467
11900,2024-08-26,3,1034,538,900,120,286
11901,2024-09-02,3,1034,808,900,107,291
11902,2024-09-09,3,1034,946,900,62,138
11903,2024-09-16,3,1034,1203,900,307,348
11904,2024-09-23,3,1034,959,900,230,462
11905,2024-09-30,3,1034,997,900,120,361
11906,2024-10-07,3,1034,666,900,124,225
11907,2024-10-14,3,1034,670,900,167,471
11908,2024-10-21,3,1034,572,900,89,74
11909,2024-10-28,3,1034,502,900,12,283
11910,2024-11-04,3,1034,455,900,130,203
11911,2024-11-11,3,1034,47,900,10,411
11912,2024-11-18,3,1034,0,900,0,130
11913,2024-11-25,3,1034,133,900,14,457
11914,2024-12-02,3,1034,518,900,80,361
11915,2024-12-09,3,1034,432,900,124,422
11916,2024-12-16,3,1034,243,900,70,490
11917,2024-12-23,3,1034,451,900,73,35
11918,2024-12-30,3,1034,332,900,6,39
11919,2025-01-06,3,1034,578,900,110,479
11920,2025-01-13,3,1034,582,900,114,76
11921,2025-01-20,3,1034,796,900,71,284
11922,2025-01-27,3,1034,796,900,195,126
11923,2025-02-03,3,1034,1009,900,215,415
11924,2025-02-10,3,1034,1050,900,122,438
11925,2025-02-17,3,1034,891,900,172,418
11926,2025-02-24,3,1034,1005,900,145,192
11927,2025-03-03,3,1034,1253,900,59,26
11928,2025-03-10,3,1034,1253,900,253,258
11929,2025-03-17,3,1034,1499,900,118,423
11930,2025-03-24,3,1034,1340,900,194,232
11931,2025-03-31,3,1034,1447,900,136,3
11932,2025-04-07,3,1034,1442,900,55,373
11933,2025-04-14,3,1034,1681,900,99,137
11934,2025-04-21,3,1034,1527,900,194,270
11935,2025-04-28,3,1034,1307,900,374,39
11936,2025-05-05,3,1034,1386,900,274,363
11937,2025-05-12,3,1034,1202,900,122,387
11938,2025-05-19,3,1034,1013,900,24,44
11939,2025-05-26,3,1034,961,900,132,114
11940,2025-06-02,3,1034,1052,900,139,312
11941,2025-06-09,3,1034,1325,900,193,381
11942,2025-06-16,3,1034,1285,900,102,52
11943,2025-06-23,3,1034,1341,900,326,28
11944,2025-06-30,3,1034,1601,900,68,198
11945,2025-07-07,3,1034,1316,900,386,266
11946,2025-07-14,3,1034,1257,900,254,213
11947,2025-07-21,3,1034,1507,900,10,413
11948,2025-07-28,3,1034,1306,900,310,209
11949,2025-08-04,3,1034,1363,900,182,157
11950,2025-08-11,3,1034,1516,900,299,166
11951,2025-08-18,3,1034,1345,900,41,138
11952,2025-08-25,3,1034,1472,900,423,137
11953,2025-09-01,3,1034,1314,900,88,447
11954,2025-09-08,3,1034,1039,900,36,345
11955,2025-09-15,3,1034,879,900,240,130
11956,2025-09-22,3,1034,657,900,15,411
11957,2025-09-29,3,1034,925,900,30,498
11958,2025-10-06,3,1034,643,900,101,283
11959,2025-10-13,3,1034,442,900,55,408
11960,2025-10-20,3,1034,359,900,61,415
11961,2025-10-27,3,1034,0,900,0,114
11962,2025-11-03,3,1034,0,900,0,440
11963,2025-11-10,3,1034,274,900,1,99
11964,2025-11-17,3,1034,534,900,32,95
11965,2025-11-24,3,1034,114,900,1,106
11966,2025-12-01,3,1034,391,900,41,266
11967,2025-12-08,3,1034,238,900,57,261
11968,2025-12-15,3,1034,623,900,168,288
11969,2025-12-22,3,1034,984,900,26,325
11970,2025-12-29,3,1034,894,900,65,16
11971,2024-01-01,3,1035,2537,671,735,484
11972,2024-01-08,3,1035,2720,671,632,332
11973,2024-01-15,3,1035,2762,671,365,436
11974,2024-01-22,3,1035,2631,671,690,276
11975,2024-01-29,3,1035,2331,671,262,195
11976,2024-02-05,3,1035,2340,671,612,416
11977,2024-02-12,3,1035,2596,671,364,380
11978,2024-02-19,3,1035,2577,671,91,206
11979,2024-02-26,3,1035,2337,671,162,161
11980,2024-03-04,3,1035,2557,671,575,93
11981,2024-03-11,3,1035,2652,671,54,330
11982,2024-03-18,3,1035,2914,671,314,81
11983,2024-03-25,3,1035,2716,671,692,219
11984,2024-04-01,3,1035,2423,671,162,19
11985,2024-04-08,3,1035,2501,671,277,442
11986,2024-04-15,3,1035,2265,671,396,111
11987,2024-04-22,3,1035,1991,671,557,480
11988,2024-04-29,3,1035,1979,671,61,262
11989,2024-05-06,3,1035,1892,671,178,73
11990,2024-05-13,3,1035,1970,671,472,430
11991,2024-05-20,3,1035,1687,671,256,488
11992,2024-05-27,3,1035,1498,671,142,290
11993,2024-06-03,3,1035,1201,671,260,255
11994,2024-06-10,3,1035,1239,671,329,19
11995,2024-06-17,3,1035,1439,671,135,306
11996,2024-06-24,3,1035,1643,671,488,161
11997,2024-07-01,3,1035,1661,671,278,149
11998,2024-07-08,3,1035,1874,671,311,179
11999,2024-07-15,3,1035,2059,671,301,211
12000,2024-07-22,3,1035,1936,671,36,39
12001,2024-07-29,3,1035,1943,671,495,426
12002,2024-08-05,3,1035,2102,671,386,489
12003,2024-08-12,3,1035,2150,671,564,150
12004,2024-08-19,3,1035,2167,671,190,473
12005,2024-08-26,3,1035,2237,671,339,208
12006,2024-09-02,3,1035,2426,671,425,216
12007,2024-09-09,3,1035,2505,671,687,451
12008,2024-09-16,3,1035,2272,671,488,51
12009,2024-09-23,3,1035,2256,671,220,64
12010,2024-09-30,3,1035,2225,671,606,198
12011,2024-10-07,3,1035,1939,671,349,181
12012,2024-10-14,3,1035,1538,671,166,316
12013,2024-10-21,3,1035,1760,671,278,349
12014,2024-10-28,3,1035,1851,671,253,161
12015,2024-11-04,3,1035,1442,671,14,101
12016,2024-11-11,3,1035,1713,671,471,182
12017,2024-11-18,3,1035,1939,671,515,189
12018,2024-11-25,3,1035,1836,671,259,40
12019,2024-12-02,3,1035,1908,671,238,147
12020,2024-12-09,3,1035,1913,671,177,349
12021,2024-12-16,3,1035,1508,671,18,69
12022,2024-12-23,3,1035,1459,671,313,150
12023,2024-12-30,3,1035,1548,671,458,234
12024,2025-01-06,3,1035,1810,671,495,114
12025,2025-01-13,3,1035,1857,671,431,411
12026,2025-01-20,3,1035,1792,671,11,348
12027,2025-01-27,3,1035,1535,671,95,385
12028,2025-02-03,3,1035,1237,671,81,150
12029,2025-02-10,3,1035,1183,671,76,214
12030,2025-02-17,3,1035,1390,671,283,426
12031,2025-02-24,3,1035,1184,671,263,322
12032,2025-03-03,3,1035,907,671,150,158
12033,2025-03-10,3,1035,703,671,118,321
12034,2025-03-17,3,1035,432,671,7,289
12035,2025-03-24,3,1035,236,671,40,227
12036,2025-03-31,3,1035,71,671,3,54
12037,2025-04-07,3,1035,0,671,0,284
12038,2025-04-14,3,1035,0,671,0,255
12039,2025-04-21,3,1035,256,671,60,88
12040,2025-04-28,3,1035,0,671,0,405
12041,2025-05-05,3,1035,31,671,3,161
12042,2025-05-12,3,1035,48,671,7,99
12043,2025-05-19,3,1035,208,671,47,485
12044,2025-05-26,3,1035,436,671,45,139
12045,2025-06-02,3,1035,204,671,42,97
12046,2025-06-09,3,1035,359,671,94,169
12047,2025-06-16,3,1035,77,671,8,360
12048,2025-06-23,3,1035,210,671,8,192
12049,2025-06-30,3,1035,353,671,98,235
12050,2025-07-07,3,1035,498,671,72,319
12051,2025-07-14,3,1035,582,671,106,203
12052,2025-07-21,3,1035,569,671,67,453
12053,2025-07-28,3,1035,304,671,89,307
12054,2025-08-04,3,1035,397,671,82,297
12055,2025-08-11,3,1035,365,671,49,439
12056,2025-08-18,3,1035,524,671,68,30
12057,2025-08-25,3,1035,547,671,145,66
12058,2025-09-01,3,1035,734,671,168,396
12059,2025-09-08,3,1035,539,671,121,207
12060,2025-09-15,3,1035,511,671,16,289
12061,2025-09-22,3,1035,766,671,189,77
12062,2025-09-29,3,1035,651,671,125,438
12063,2025-10-06,3,1035,488,671,132,123
12064,2025-10-13,3,1035,101,671,21,437
12065,2025-10-20,3,1035,183,671,5,381
12066,2025-10-27,3,1035,34,671,8,377
12067,2025-11-03,3,1035,0,671,0,339
12068,2025-11-10,3,1035,162,671,7,45
12069,2025-11-17,3,1035,57,671,15,494
12070,2025-11-24,3,1035,0,671,0,129
12071,2025-12-01,3,1035,152,671,20,25
12072,2025-12-08,3,1035,418,671,115,96
12073,2025-12-15,3,1035,700,671,23,498
12074,2025-12-22,3,1035,390,671,7,441
12075,2025-12-29,3,1035,455,671,125,469
12076,2024-01-01,3,1036,1410,1068,11,163
12077,2024-01-08,3,1036,1265,1068,203,480
12078,2024-01-15,3,1036,1224,1068,161,416
12079,2024-01-22,3,1036,1324,1068,58,492
12080,2024-01-29,3,1036,1390,1068,62,61
12081,2024-02-05,3,1036,1243,1068,220,311
12082,2024-02-12,3,1036,1343,1068,92,414
12083,2024-02-19,3,1036,1222,1068,279,35
12084,2024-02-26,3,1036,1257,1068,117,280
12085,2024-03-04,3,1036,1274,1068,49,151
12086,2024-03-11,3,1036,1218,1068,287,386
12087,2024-03-18,3,1036,1428,1068,3,177
12088,2024-03-25,3,1036,1534,1068,5,389
12089,2024-04-01,3,1036,1665,1068,424,329
12090,2024-04-08,3,1036,1900,1068,53,230
12091,2024-04-15,3,1036,1606,1068,177,170
12092,2024-04-22,3,1036,1453,1068,179,431
12093,2024-04-29,3,1036,1249,1068,288,384
12094,2024-05-06,3,1036,1328,1068,157,4
12095,2024-05-13,3,1036,1435,1068,148,336
12096,2024-05-20,3,1036,1466,1068,198,98
12097,2024-05-27,3,1036,1358,1068,23,351
12098,2024-06-03,3,1036,1241,1068,173,215
12099,2024-06-10,3,1036,1116,1068,325,85
12100,2024-06-17,3,1036,924,1068,107,399
12101,2024-06-24,3,1036,1021,1068,82,357
12102,2024-07-01,3,1036,1014,1068,218,383
12103,2024-07-08,3,1036,1271,1068,206,204
12104,2024-07-15,3,1036,1394,1068,337,342
12105,2024-07-22,3,1036,1295,1068,178,248
12106,2024-07-29,3,1036,1497,1068,286,290
12107,2024-08-05,3,1036,1323,1068,356,260
12108,2024-08-12,3,1036,1283,1068,276,296
12109,2024-08-19,3,1036,1221,1068,192,62
12110,2024-08-26,3,1036,1209,1068,24,459
12111,2024-09-02,3,1036,1137,1068,84,79
12112,2024-09-09,3,1036,1184,1068,340,112
12113,2024-09-16,3,1036,1336,1068,365,334
12114,2024-09-23,3,1036,1321,1068,20,259
12115,2024-09-30,3,1036,1162,1068,167,72
12116,2024-10-07,3,1036,1033,1068,142,294
12117,2024-10-14,3,1036,1320,1068,5,301
12118,2024-10-21,3,1036,1070,1068,310,196
12119,2024-10-28,3,1036,1140,1068,125,75
12120,2024-11-04,3,1036,883,1068,113,407
12121,2024-11-11,3,1036,1119,1068,329,227
12122,2024-11-18,3,1036,911,1068,220,435
12123,2024-11-25,3,1036,521,1068,117,486
12124,2024-12-02,3,1036,784,1068,71,488
12125,2024-12-09,3,1036,936,1068,270,232
12126,2024-12-16,3,1036,1055,1068,187,236
12127,2024-12-23,3,1036,700,1068,45,32
12128,2024-12-30,3,1036,499,1068,24,355
12129,2025-01-06,3,1036,252,1068,66,194
12130,2025-01-13,3,1036,65,1068,16,453
12131,2025-01-20,3,1036,308,1068,38,174
12132,2025-01-27,3,1036,171,1068,41,22
12133,2025-02-03,3,1036,438,1068,19,285
12134,2025-02-10,3,1036,333,1068,76,204
12135,2025-02-17,3,1036,36,1068,4,158
12136,2025-02-24,3,1036,0,1068,0,449
12137,2025-03-03,3,1036,0,1068,0,92
12138,2025-03-10,3,1036,33,1068,9,369
12139,2025-03-17,3,1036,0,1068,0,22
12140,2025-03-24,3,1036,219,1068,34,161
12141,2025-03-31,3,1036,476,1068,34,301
12142,2025-04-07,3,1036,454,1068,109,249
12143,2025-04-14,3,1036,413,1068,31,452
12144,2025-04-21,3,1036,176,1068,44,438
12145,2025-04-28,3,1036,0,1068,0,473
12146,2025-05-05,3,1036,0,1068,0,417
12147,2025-05-12,3,1036,35,1068,3,446
12148,2025-05-19,3,1036,267,1068,22,270
12149,2025-05-26,3,1036,0,1068,0,450
12150,2025-06-02,3,1036,65,1068,17,371
12151,2025-06-09,3,1036,126,1068,22,93
12152,2025-06-16,3,1036,243,1068,15,456
12153,2025-06-23,3,1036,458,1068,81,171
12154,2025-06-30,3,1036,465,1068,89,240
12155,2025-07-07,3,1036,220,1068,41,228
12156,2025-07-14,3,1036,0,1068,0,344
12157,2025-07-21,3,1036,177,1068,7,13
12158,2025-07-28,3,1036,110,1068,20,314
12159,2025-08-04,3,1036,155,1068,7,247
12160,2025-08-11,3,1036,90,1068,0,325
12161,2025-08-18,3,1036,186,1068,45,425
12162,2025-08-25,3,1036,191,1068,56,19
12163,2025-09-01,3,1036,0,1068,0,48
12164,2025-09-08,3,1036,0,1068,0,498
12165,2025-09-15,3,1036,0,1068,0,35
12166,2025-09-22,3,1036,0,1068,0,102
12167,2025-09-29,3,1036,0,1068,0,438
12168,2025-10-06,3,1036,228,1068,3,82
12169,2025-10-13,3,1036,0,1068,0,417
12170,2025-10-20,3,1036,8,1068,2,183
12171,2025-10-27,3,1036,0,1068,0,264
12172,2025-11-03,3,1036,123,1068,17,185
12173,2025-11-10,3,1036,0,1068,0,357
12174,2025-11-17,3,1036,145,1068,9,207
12175,2025-11-24,3,1036,398,1068,101,279
12176,2025-12-01,3,1036,497,1068,76,171
12177,2025-12-08,3,1036,812,1068,87,152
12178,2025-12-15,3,1036,896,1068,119,497
12179,2025-12-22,3,1036,729,1068,202,431
12180,2025-12-29,3,1036,514,1068,98,168
12181,2024-01-01,3,1037,1444,726,329,301
12182,2024-01-08,3,1037,1166,726,151,225
12183,2024-01-15,3,1037,1041,726,167,246
12184,2024-01-22,3,1037,1114,726,53,255
12185,2024-01-29,3,1037,1383,726,315,298
12186,2024-02-05,3,1037,1245,726,247,366
12187,2024-02-12,3,1037,1445,726,231,197
12188,2024-02-19,3,1037,1646,726,68,394
12189,2024-02-26,3,1037,1632,726,228,240
12190,2024-03-04,3,1037,1539,726,333,316
12191,2024-03-11,3,1037,1276,726,70,108
12192,2024-03-18,3,1037,1400,726,268,76
12193,2024-03-25,3,1037,1513,726,81,298
12194,2024-04-01,3,1037,1295,726,304,299
12195,2024-04-08,3,1037,1183,726,73,74
12196,2024-04-15,3,1037,1146,726,228,110
12197,2024-04-22,3,1037,904,726,14,447
12198,2024-04-29,3,1037,686,726,84,429
12199,2024-05-06,3,1037,918,726,229,416
12200,2024-05-13,3,1037,1139,726,82,322
12201,2024-05-20,3,1037,988,726,50,14
12202,2024-05-27,3,1037,990,726,229,160
12203,2024-06-03,3,1037,949,726,148,356
12204,2024-06-10,3,1037,719,726,25,16
12205,2024-06-17,3,1037,596,726,128,464
12206,2024-06-24,3,1037,594,726,96,457
12207,2024-07-01,3,1037,406,726,95,27
12208,2024-07-08,3,1037,158,726,24,494
12209,2024-07-15,3,1037,51,726,9,43
12210,2024-07-22,3,1037,0,726,0,378
12211,2024-07-29,3,1037,180,726,52,375
12212,2024-08-05,3,1037,98,726,21,191
12213,2024-08-12,3,1037,183,726,21,360
12214,2024-08-19,3,1037,12,726,0,446
12215,2024-08-26,3,1037,33,726,4,339
12216,2024-09-02,3,1037,0,726,0,139
12217,2024-09-09,3,1037,24,726,1,3
12218,2024-09-16,3,1037,257,726,36,359
12219,2024-09-23,3,1037,205,726,59,382
12220,2024-09-30,3,1037,234,726,24,76
12221,2024-10-07,3,1037,488,726,85,103
12222,2024-10-14,3,1037,173,726,11,383
12223,2024-10-21,3,1037,13,726,0,399
12224,2024-10-28,3,1037,0,726,0,324
12225,2024-11-04,3,1037,0,726,0,458
12226,2024-11-11,3,1037,21,726,3,53
12227,2024-11-18,3,1037,306,726,57,232
12228,2024-11-25,3,1037,625,726,37,290
12229,2024-12-02,3,1037,234,726,68,22
12230,2024-12-09,3,1037,0,726,0,206
12231,2024-12-16,3,1037,0,726,0,18
12232,2024-12-23,3,1037,103,726,13,246
12233,2024-12-30,3,1037,124,726,29,123
12234,2025-01-06,3,1037,65,726,5,453
12235,2025-01-13,3,1037,0,726,0,345
12236,2025-01-20,3,1037,0,726,0,52
12237,2025-01-27,3,1037,123,726,18,74
12238,2025-02-03,3,1037,0,726,0,104
12239,2025-02-10,3,1037,0,726,0,111
12240,2025-02-17,3,1037,0,726,0,461
12241,2025-02-24,3,1037,0,726,0,122
12242,2025-03-03,3,1037,63,726,15,492
12243,2025-03-10,3,1037,46,726,0,182
12244,2025-03-17,3,1037,71,726,4,264
12245,2025-03-24,3,1037,0,726,0,6
12246,2025-03-31,3,1037,0,726,0,330
12247,2025-04-07,3,1037,86,726,12,129
12248,2025-04-14,3,1037,263,726,78,363
12249,2025-04-21,3,1037,53,726,4,460
12250,2025-04-28,3,1037,78,726,21,206
12251,2025-05-05,3,1037,38,726,0,281
12252,2025-05-12,3,1037,19,726,2,358
12253,2025-05-19,3,1037,71,726,19,380
12254,2025-05-26,3,1037,178,726,24,185
12255,2025-06-02,3,1037,152,726,17,219
12256,2025-06-09,3,1037,194,726,36,241
12257,2025-06-16,3,1037,246,726,63,4
12258,2025-06-23,3,1037,142,726,7,435
12259,2025-06-30,3,1037,0,726,0,59
12260,2025-07-07,3,1037,84,726,3,476
12261,2025-07-14,3,1037,133,726,37,410
12262,2025-07-21,3,1037,243,726,40,409
12263,2025-07-28,3,1037,134,726,0,460
12264,2025-08-04,3,1037,38,726,7,431
12265,2025-08-11,3,1037,118,726,30,194
12266,2025-08-18,3,1037,182,726,43,368
12267,2025-08-25,3,1037,317,726,54,142
12268,2025-09-01,3,1037,593,726,116,179
12269,2025-09-08,3,1037,559,726,108,369
12270,2025-09-15,3,1037,548,726,21,439
12271,2025-09-22,3,1037,637,726,102,276
12272,2025-09-29,3,1037,798,726,115,374
12273,2025-10-06,3,1037,599,726,45,126
12274,2025-10-13,3,1037,772,726,96,167
12275,2025-10-20,3,1037,1007,726,126,342
12276,2025-10-27,3,1037,666,726,27,110
12277,2025-11-03,3,1037,908,726,30,352
12278,2025-11-10,3,1037,1213,726,77,148
12279,2025-11-17,3,1037,1336,726,354,42
12280,2025-11-24,3,1037,930,726,66,35
12281,2025-12-01,3,1037,788,726,201,85
12282,2025-12-08,3,1037,900,726,149,447
12283,2025-12-15,3,1037,523,726,132,350
12284,2025-12-22,3,1037,720,726,111,154
12285,2025-12-29,3,1037,902,726,67,3
12286,2024-01-01,3,1038,602,627,60,267
12287,2024-01-08,3,1038,384,627,10,464
12288,2024-01-15,3,1038,577,627,130,275
12289,2024-01-22,3,1038,732,627,149,464
12290,2024-01-29,3,1038,533,627,117,373
12291,2024-02-05,3,1038,555,627,2,293
12292,2024-02-12,3,1038,284,627,18,284
12293,2024-02-19,3,1038,441,627,79,212
12294,2024-02-26,3,1038,487,627,144,168
12295,2024-03-04,3,1038,474,627,65,224
12296,2024-03-11,3,1038,442,627,41,220
12297,2024-03-18,3,1038,268,627,5,274
12298,2024-03-25,3,1038,149,627,5,207
12299,2024-04-01,3,1038,0,627,0,446
12300,2024-04-08,3,1038,0,627,0,225
12301,2024-04-15,3,1038,5,627,0,8
12302,2024-04-22,3,1038,38,627,4,1
12303,2024-04-29,3,1038,0,627,0,108
12304,2024-05-06,3,1038,0,627,0,475
12305,2024-05-13,3,1038,0,627,0,202
12306,2024-05-20,3,1038,190,627,48,105
12307,2024-05-27,3,1038,359,627,15,252
12308,2024-06-03,3,1038,464,627,25,361
12309,2024-06-10,3,1038,537,627,69,358
12310,2024-06-17,3,1038,779,627,88,459
12311,2024-06-24,3,1038,951,627,63,290
12312,2024-07-01,3,1038,665,627,151,213
12313,2024-07-08,3,1038,775,627,44,488
12314,2024-07-15,3,1038,598,627,160,171
12315,2024-07-22,3,1038,549,627,93,377
12316,2024-07-29,3,1038,314,627,10,279
12317,2024-08-05,3,1038,396,627,37,163
12318,2024-08-12,3,1038,471,627,14,172
12319,2024-08-19,3,1038,295,627,36,382
12320,2024-08-26,3,1038,251,627,72,43
12321,2024-09-02,3,1038,0,627,0,428
12322,2024-09-09,3,1038,175,627,18,173
12323,2024-09-16,3,1038,272,627,64,303
12324,2024-09-23,3,1038,140,627,33,2
12325,2024-09-30,3,1038,402,627,37,121
12326,2024-10-07,3,1038,138,627,37,485
12327,2024-10-14,3,1038,0,627,0,351
12328,2024-10-21,3,1038,0,627,0,486
12329,2024-10-28,3,1038,334,627,53,148
12330,2024-11-04,3,1038,548,627,44,179
12331,2024-11-11,3,1038,685,627,51,28
12332,2024-11-18,3,1038,962,627,103,67
12333,2024-11-25,3,1038,1131,627,131,172
12334,2024-12-02,3,1038,1180,627,223,432
12335,2024-12-09,3,1038,947,627,84,342
12336,2024-12-16,3,1038,737,627,96,322
12337,2024-12-23,3,1038,356,627,105,395
12338,2024-12-30,3,1038,171,627,22,70
12339,2025-01-06,3,1038,29,627,3,369
12340,2025-01-13,3,1038,254,627,52,440
12341,2025-01-20,3,1038,242,627,49,61
12342,2025-01-27,3,1038,229,627,14,231
12343,2025-02-03,3,1038,100,627,14,162
12344,2025-02-10,3,1038,227,627,3,310
12345,2025-02-17,3,1038,141,627,5,124
12346,2025-02-24,3,1038,221,627,14,427
12347,2025-03-03,3,1038,123,627,15,297
12348,2025-03-10,3,1038,68,627,11,274
12349,2025-03-17,3,1038,0,627,0,228
12350,2025-03-24,3,1038,16,627,2,207
12351,2025-03-31,3,1038,0,627,0,42
12352,2025-04-07,3,1038,53,627,7,377
12353,2025-04-14,3,1038,0,627,0,262
12354,2025-04-21,3,1038,110,627,18,29
12355,2025-04-28,3,1038,60,627,17,244
12356,2025-05-05,3,1038,101,627,8,110
12357,2025-05-12,3,1038,0,627,0,190
12358,2025-05-19,3,1038,0,627,0,20
12359,2025-05-26,3,1038,24,627,2,174
12360,2025-06-02,3,1038,194,627,0,294
12361,2025-06-09,3,1038,308,627,65,21
12362,2025-06-16,3,1038,492,627,120,409
12363,2025-06-23,3,1038,755,627,29,332
12364,2025-06-30,3,1038,650,627,186,0
12365,2025-07-07,3,1038,831,627,202,475
12366,2025-07-14,3,1038,861,627,245,112
12367,2025-07-21,3,1038,812,627,83,50
12368,2025-07-28,3,1038,1084,627,111,150
12369,2025-08-04,3,1038,1218,627,140,133
12370,2025-08-11,3,1038,1290,627,187,49
12371,2025-08-18,3,1038,1315,627,356,136
12372,2025-08-25,3,1038,1385,627,332,216
12373,2025-09-01,3,1038,1347,627,40,412
12374,2025-09-08,3,1038,1581,627,463,183
12375,2025-09-15,3,1038,1446,627,378,38
12376,2025-09-22,3,1038,1469,627,158,208
12377,2025-09-29,3,1038,1183,627,284,482
12378,2025-10-06,3,1038,1561,627,97,494
12379,2025-10-13,3,1038,1146,627,112,148
12380,2025-10-20,3,1038,1466,627,381,361
12381,2025-10-27,3,1038,1401,627,343,468
12382,2025-11-03,3,1038,1217,627,209,71
12383,2025-11-10,3,1038,1341,627,45,292
12384,2025-11-17,3,1038,1047,627,26,479
12385,2025-11-24,3,1038,1434,627,167,249
12386,2025-12-01,3,1038,1270,627,131,292
12387,2025-12-08,3,1038,1635,627,12,173
12388,2025-12-15,3,1038,1966,627,338,342
12389,2025-12-22,3,1038,1982,627,205,148
12390,2025-12-29,3,1038,1584,627,402,417
12391,2024-01-01,3,1039,2078,893,438,2
12392,2024-01-08,3,1039,2287,893,270,211
12393,2024-01-15,3,1039,2539,893,512,30
12394,2024-01-22,3,1039,2267,893,658,324
12395,2024-01-29,3,1039,2012,893,570,54
12396,2024-02-05,3,1039,1958,893,31,239
12397,2024-02-12,3,1039,2150,893,266,377
12398,2024-02-19,3,1039,2293,893,87,45
12399,2024-02-26,3,1039,2348,893,460,481
12400,2024-03-04,3,1039,2458,893,572,476
12401,2024-03-11,3,1039,2311,893,82,313
12402,2024-03-18,3,1039,2418,893,174,225
12403,2024-03-25,3,1039,2395,893,354,79
12404,2024-04-01,3,1039,2653,893,758,156
12405,2024-04-08,3,1039,2824,893,24,14
12406,2024-04-15,3,1039,2678,893,74,312
12407,2024-04-22,3,1039,2931,893,717,277
12408,2024-04-29,3,1039,2925,893,61,62
12409,2024-05-06,3,1039,2705,893,697,475
12410,2024-05-13,3,1039,2950,893,426,123
12411,2024-05-20,3,1039,2706,893,680,77
12412,2024-05-27,3,1039,2632,893,655,96
12413,2024-06-03,3,1039,2807,893,92,123
12414,2024-06-10,3,1039,2740,893,444,106
12415,2024-06-17,3,1039,2490,893,28,442
12416,2024-06-24,3,1039,2446,893,405,71
12417,2024-07-01,3,1039,2255,893,235,45
12418,2024-07-08,3,1039,2130,893,311,186
12419,2024-07-15,3,1039,1997,893,147,359
12420,2024-07-22,3,1039,1772,893,230,163
12421,2024-07-29,3,1039,2011,893,432,196
12422,2024-08-05,3,1039,2133,893,94,22
12423,2024-08-12,3,1039,2164,893,347,69
12424,2024-08-19,3,1039,2185,893,49,42
12425,2024-08-26,3,1039,2303,893,677,390
12426,2024-09-02,3,1039,2500,893,128,18
12427,2024-09-09,3,1039,2274,893,614,254
12428,2024-09-16,3,1039,2275,893,259,252
12429,2024-09-23,3,1039,2091,893,483,419
12430,2024-09-30,3,1039,1825,893,128,400
12431,2024-10-07,3,1039,2030,893,111,325
12432,2024-10-14,3,1039,1992,893,501,228
12433,2024-10-21,3,1039,2063,893,343,397
12434,2024-10-28,3,1039,1888,893,38,384
12435,2024-11-04,3,1039,1749,893,416,414
12436,2024-11-11,3,1039,2114,893,91,370
12437,2024-11-18,3,1039,1867,893,122,106
12438,2024-11-25,3,1039,2044,893,171,342
12439,2024-12-02,3,1039,1703,893,287,65
12440,2024-12-09,3,1039,1463,893,210,178
12441,2024-12-16,3,1039,1701,893,118,365
12442,2024-12-23,3,1039,2025,893,436,453
12443,2024-12-30,3,1039,1743,893,215,409
12444,2025-01-06,3,1039,1649,893,388,293
12445,2025-01-13,3,1039,1559,893,171,23
12446,2025-01-20,3,1039,1800,893,432,57
12447,2025-01-27,3,1039,1612,893,436,485
12448,2025-02-03,3,1039,1450,893,163,459
12449,2025-02-10,3,1039,1494,893,174,260
12450,2025-02-17,3,1039,1402,893,6,182
12451,2025-02-24,3,1039,1411,893,344,295
12452,2025-03-03,3,1039,1127,893,287,198
12453,2025-03-10,3,1039,1238,893,237,223
12454,2025-03-17,3,1039,1362,893,253,5
12455,2025-03-24,3,1039,1296,893,311,147
12456,2025-03-31,3,1039,1491,893,48,0
12457,2025-04-07,3,1039,1339,893,179,408
12458,2025-04-14,3,1039,1047,893,5,134
12459,2025-04-21,3,1039,1275,893,303,179
12460,2025-04-28,3,1039,995,893,35,264
12461,2025-05-05,3,1039,893,893,92,186
12462,2025-05-12,3,1039,667,893,73,52
12463,2025-05-19,3,1039,930,893,198,69
12464,2025-05-26,3,1039,947,893,81,113
12465,2025-06-02,3,1039,1051,893,250,75
12466,2025-06-09,3,1039,754,893,43,464
12467,2025-06-16,3,1039,554,893,151,263
12468,2025-06-23,3,1039,441,893,18,471
12469,2025-06-30,3,1039,373,893,56,299
12470,2025-07-07,3,1039,451,893,110,204
12471,2025-07-14,3,1039,711,893,179,12
12472,2025-07-21,3,1039,899,893,38,117
12473,2025-07-28,3,1039,1127,893,318,315
12474,2025-08-04,3,1039,998,893,288,259
12475,2025-08-11,3,1039,1152,893,206,307
12476,2025-08-18,3,1039,1178,893,52,92
12477,2025-08-25,3,1039,1022,893,19,315
12478,2025-09-01,3,1039,1073,893,89,486
12479,2025-09-08,3,1039,1343,893,73,231
12480,2025-09-15,3,1039,1339,893,92,225
12481,2025-09-22,3,1039,1415,893,26,419
12482,2025-09-29,3,1039,1418,893,326,208
12483,2025-10-06,3,1039,1586,893,460,442
12484,2025-10-13,3,1039,1514,893,59,28
12485,2025-10-20,3,1039,1180,893,338,123
12486,2025-10-27,3,1039,1215,893,209,484
12487,2025-11-03,3,1039,856,893,120,366
12488,2025-11-10,3,1039,1197,893,39,452
12489,2025-11-17,3,1039,1401,893,200,401
12490,2025-11-24,3,1039,1205,893,205,227
12491,2025-12-01,3,1039,940,893,240,237
12492,2025-12-08,3,1039,620,893,23,120
12493,2025-12-15,3,1039,520,893,117,320
12494,2025-12-22,3,1039,367,893,71,247
12495,2025-12-29,3,1039,298,893,74,240
12496,2024-01-01,3,1040,1802,1019,519,149
12497,2024-01-08,3,1040,1853,1019,375,459
12498,2024-01-15,3,1040,1861,1019,303,148
12499,2024-01-22,3,1040,1606,1019,214,365
12500,2024-01-29,3,1040,1443,1019,418,91
12501,2024-02-05,3,1040,1663,1019,204,179
12502,2024-02-12,3,1040,1425,1019,164,58
12503,2024-02-19,3,1040,1701,1019,34,299
12504,2024-02-26,3,1040,1923,1019,61,139
12505,2024-03-04,3,1040,1946,1019,506,451
12506,2024-03-11,3,1040,2004,1019,104,390
12507,2024-03-18,3,1040,2281,1019,589,200
12508,2024-03-25,3,1040,2068,1019,321,107
12509,2024-04-01,3,1040,2144,1019,379,393
12510,2024-04-08,3,1040,2049,1019,502,59
12511,2024-04-15,3,1040,1910,1019,173,25
12512,2024-04-22,3,1040,1927,1019,36,403
12513,2024-04-29,3,1040,1672,1019,484,206
12514,2024-05-06,3,1040,1623,1019,274,400
12515,2024-05-13,3,1040,1897,1019,555,61
12516,2024-05-20,3,1040,2044,1019,359,411
12517,2024-05-27,3,1040,1888,1019,103,405
12518,2024-06-03,3,1040,1657,1019,185,259
12519,2024-06-10,3,1040,1510,1019,382,61
12520,2024-06-17,3,1040,1743,1019,316,293
12521,2024-06-24,3,1040,1821,1019,292,21
12522,2024-07-01,3,1040,1585,1019,407,2
12523,2024-07-08,3,1040,1307,1019,264,417
12524,2024-07-15,3,1040,1103,1019,258,346
12525,2024-07-22,3,1040,1180,1019,87,464
12526,2024-07-29,3,1040,1330,1019,312,4
12527,2024-08-05,3,1040,1323,1019,218,470
12528,2024-08-12,3,1040,1179,1019,150,226
12529,2024-08-19,3,1040,1228,1019,25,367
12530,2024-08-26,3,1040,1172,1019,158,86
12531,2024-09-02,3,1040,1284,1019,142,57
12532,2024-09-09,3,1040,1521,1019,366,175
12533,2024-09-16,3,1040,1511,1019,322,325
12534,2024-09-23,3,1040,1391,1019,205,197
12535,2024-09-30,3,1040,1422,1019,120,32
12536,2024-10-07,3,1040,1688,1019,279,279
12537,2024-10-14,3,1040,1641,1019,155,233
12538,2024-10-21,3,1040,1942,1019,179,337
12539,2024-10-28,3,1040,1621,1019,42,210
12540,2024-11-04,3,1040,1899,1019,181,223
12541,2024-11-11,3,1040,2004,1019,597,308
12542,2024-11-18,3,1040,1796,1019,340,249
12543,2024-11-25,3,1040,1818,1019,36,17
12544,2024-12-02,3,1040,1678,1019,64,225
12545,2024-12-09,3,1040,1454,1019,374,423
12546,2024-12-16,3,1040,1301,1019,10,147
12547,2024-12-23,3,1040,1600,1019,442,334
12548,2024-12-30,3,1040,1619,1019,171,33
12549,2025-01-06,3,1040,1790,1019,53,337
12550,2025-01-13,3,1040,1845,1019,81,391
12551,2025-01-20,3,1040,2043,1019,470,261
12552,2025-01-27,3,1040,2264,1019,656,293
12553,2025-02-03,3,1040,2426,1019,194,329
12554,2025-02-10,3,1040,2484,1019,697,205
12555,2025-02-17,3,1040,2294,1019,131,448
12556,2025-02-24,3,1040,2427,1019,457,163
12557,2025-03-03,3,1040,2389,1019,64,21
12558,2025-03-10,3,1040,2530,1019,256,323
12559,2025-03-17,3,1040,2757,1019,492,432
12560,2025-03-24,3,1040,2894,1019,157,15
12561,2025-03-31,3,1040,2986,1019,867,147
12562,2025-04-07,3,1040,2815,1019,625,139
12563,2025-04-14,3,1040,2751,1019,82,143
12564,2025-04-21,3,1040,2969,1019,387,373
12565,2025-04-28,3,1040,2870,1019,681,172
12566,2025-05-05,3,1040,2577,1019,456,7
12567,2025-05-12,3,1040,2307,1019,651,137
12568,2025-05-19,3,1040,2528,1019,491,151
12569,2025-05-26,3,1040,2533,1019,592,449
12570,2025-06-02,3,1040,2641,1019,339,89
12571,2025-06-09,3,1040,2434,1019,615,315
12572,2025-06-16,3,1040,2534,1019,238,315
12573,2025-06-23,3,1040,2485,1019,543,356
12574,2025-06-30,3,1040,2553,1019,703,433
12575,2025-07-07,3,1040,2270,1019,427,361
12576,2025-07-14,3,1040,2192,1019,190,441
12577,2025-07-21,3,1040,2413,1019,310,357
12578,2025-07-28,3,1040,2358,1019,196,313
12579,2025-08-04,3,1040,2436,1019,322,444
12580,2025-08-11,3,1040,2392,1019,496,262
12581,2025-08-18,3,1040,2426,1019,723,187
12582,2025-08-25,3,1040,2354,1019,659,336
12583,2025-09-01,3,1040,2346,1019,19,491
12584,2025-09-08,3,1040,2462,1019,284,404
12585,2025-09-15,3,1040,2671,1019,329,258
12586,2025-09-22,3,1040,2439,1019,494,146
12587,2025-09-29,3,1040,2337,1019,434,16
12588,2025-10-06,3,1040,2153,1019,217,378
12589,2025-10-13,3,1040,2157,1019,332,239
12590,2025-10-20,3,1040,2543,1019,411,466
12591,2025-10-27,3,1040,2613,1019,670,366
12592,2025-11-03,3,1040,2198,1019,620,157
12593,2025-11-10,3,1040,2049,1019,507,279
12594,2025-11-17,3,1040,2109,1019,539,85
12595,2025-11-24,3,1040,1999,1019,511,257
12596,2025-12-01,3,1040,2335,1019,208,371
12597,2025-12-08,3,1040,2419,1019,151,175
12598,2025-12-15,3,1040,2533,1019,706,343
12599,2025-12-22,3,1040,2638,1019,581,296
12600,2025-12-29,3,1040,2929,1019,596,133
12601,2024-01-01,4,1001,862,220,239,331
12602,2024-01-08,4,1001,849,220,68,361
12603,2024-01-15,4,1001,940,220,260,449
12604,2024-01-22,4,1001,814,220,89,118
12605,2024-01-29,4,1001,1064,220,295,56
12606,2024-02-05,4,1001,1084,220,105,288
12607,2024-02-12,4,1001,1143,220,194,136
12608,2024-02-19,4,1001,1077,220,150,484
12609,2024-02-26,4,1001,919,220,204,490
12610,2024-03-04,4,1001,1140,220,52,352
12611,2024-03-11,4,1001,1111,220,246,97
12612,2024-03-18,4,1001,1129,220,186,82
12613,2024-03-25,4,1001,1037,220,225,256
12614,2024-04-01,4,1001,846,220,55,275
12615,2024-04-08,4,1001,1098,220,258,390
12616,2024-04-15,4,1001,1258,220,204,19
12617,2024-04-22,4,1001,1143,220,39,40
12618,2024-04-29,4,1001,1029,220,234,28
12619,2024-05-06,4,1001,923,220,140,283
12620,2024-05-13,4,1001,909,220,6,106
12621,2024-05-20,4,1001,621,220,59,111
12622,2024-05-27,4,1001,324,220,14,432
12623,2024-06-03,4,1001,125,220,5,104
12624,2024-06-10,4,1001,0,220,0,391
12625,2024-06-17,4,1001,0,220,0,50
12626,2024-06-24,4,1001,0,220,0,253
12627,2024-07-01,4,1001,0,220,0,427
12628,2024-07-08,4,1001,168,220,15,11
12629,2024-07-15,4,1001,0,220,0,387
12630,2024-07-22,4,1001,38,220,5,422
12631,2024-07-29,4,1001,0,220,0,164
12632,2024-08-05,4,1001,0,220,0,161
12633,2024-08-12,4,1001,3,220,0,279
12634,2024-08-19,4,1001,0,220,0,437
12635,2024-08-26,4,1001,21,220,4,232
12636,2024-09-02,4,1001,254,220,16,376
12637,2024-09-09,4,1001,464,220,132,475
12638,2024-09-16,4,1001,395,220,54,207
12639,2024-09-23,4,1001,372,220,44,167
12640,2024-09-30,4,1001,418,220,63,395
12641,2024-10-07,4,1001,397,220,48,447
12642,2024-10-14,4,1001,219,220,48,346
12643,2024-10-21,4,1001,592,220,161,167
12644,2024-10-28,4,1001,375,220,57,254
12645,2024-11-04,4,1001,618,220,157,24
12646,2024-11-11,4,1001,300,220,20,305
12647,2024-11-18,4,1001,0,220,0,157
12648,2024-11-25,4,1001,0,220,0,417
12649,2024-12-02,4,1001,292,220,68,270
12650,2024-12-09,4,1001,602,220,26,283
12651,2024-12-16,4,1001,820,220,79,110
12652,2024-12-23,4,1001,1049,220,283,113
12653,2024-12-30,4,1001,1011,220,29,97
12654,2025-01-06,4,1001,1188,220,50,417
12655,2025-01-13,4,1001,1036,220,211,2
12656,2025-01-20,4,1001,905,220,107,75
12657,2025-01-27,4,1001,1065,220,307,162
12658,2025-02-03,4,1001,808,220,13,49
12659,2025-02-10,4,1001,784,220,78,388
12660,2025-02-17,4,1001,549,220,1,281
12661,2025-02-24,4,1001,751,220,146,494
12662,2025-03-03,4,1001,601,220,135,327
12663,2025-03-10,4,1001,359,220,43,181
12664,2025-03-17,4,1001,332,220,79,218
12665,2025-03-24,4,1001,589,220,51,41
12666,2025-03-31,4,1001,841,220,17,390
12667,2025-04-07,4,1001,1003,220,166,474
12668,2025-04-14,4,1001,1064,220,62,60
12669,2025-04-21,4,1001,961,220,53,102
12670,2025-04-28,4,1001,1132,220,274,259
12671,2025-05-05,4,1001,852,220,12,81
12672,2025-05-12,4,1001,699,220,26,17
12673,2025-05-19,4,1001,478,220,58,100
12674,2025-05-26,4,1001,188,220,1,371
12675,2025-06-02,4,1001,267,220,2,141
12676,2025-06-09,4,1001,122,220,25,495
12677,2025-06-16,4,1001,0,220,0,99
12678,2025-06-23,4,1001,122,220,26,141
12679,2025-06-30,4,1001,0,220,0,498
12680,2025-07-07,4,1001,0,220,0,405
12681,2025-07-14,4,1001,10,220,1,338
12682,2025-07-21,4,1001,0,220,0,464
12683,2025-07-28,4,1001,0,220,0,260
12684,2025-08-04,4,1001,0,220,0,386
12685,2025-08-11,4,1001,0,220,0,416
12686,2025-08-18,4,1001,0,220,0,176
12687,2025-08-25,4,1001,49,220,12,389
12688,2025-09-01,4,1001,223,220,50,289
12689,2025-09-08,4,1001,267,220,23,381
12690,2025-09-15,4,1001,99,220,26,56
12691,2025-09-22,4,1001,0,220,0,125
12692,2025-09-29,4,1001,0,220,0,437
12693,2025-10-06,4,1001,0,220,0,208
12694,2025-10-13,4,1001,0,220,0,38
12695,2025-10-20,4,1001,0,220,0,472
12696,2025-10-27,4,1001,383,220,13,454
12697,2025-11-03,4,1001,317,220,84,441
12698,2025-11-10,4,1001,577,220,59,15
12699,2025-11-17,4,1001,959,220,282,107
12700,2025-11-24,4,1001,1156,220,190,147
12701,2025-12-01,4,1001,1401,220,220,211
12702,2025-12-08,4,1001,1480,220,159,337
12703,2025-12-15,4,1001,1572,220,108,448
12704,2025-12-22,4,1001,1391,220,235,431
12705,2025-12-29,4,1001,1300,220,326,462
12706,2024-01-01,4,1002,4006,220,405,176
12707,2024-01-08,4,1002,3832,220,1040,293
12708,2024-01-15,4,1002,3618,220,31,403
12709,2024-01-22,4,1002,3804,220,934,160
12710,2024-01-29,4,1002,4036,220,900,81
12711,2024-02-05,4,1002,4222,220,163,458
12712,2024-02-12,4,1002,4274,220,1173,76
12713,2024-02-19,4,1002,4498,220,1212,8
12714,2024-02-26,4,1002,4610,220,504,481
12715,2024-03-04,4,1002,4422,220,105,350
12716,2024-03-11,4,1002,4178,220,197,297
12717,2024-03-18,4,1002,4204,220,37,360
12718,2024-03-25,4,1002,4006,220,429,288
12719,2024-04-01,4,1002,4079,220,1043,287
12720,2024-04-08,4,1002,4015,220,423,251
12721,2024-04-15,4,1002,4015,220,718,345
12722,2024-04-22,4,1002,3922,220,759,87
12723,2024-04-29,4,1002,3853,220,225,35
12724,2024-05-06,4,1002,4044,220,251,97
12725,2024-05-13,4,1002,4202,220,739,412
12726,2024-05-20,4,1002,4340,220,10,140
12727,2024-05-27,4,1002,4165,220,551,30
12728,2024-06-03,4,1002,4367,220,133,461
12729,2024-06-10,4,1002,4395,220,1108,69
12730,2024-06-17,4,1002,4104,220,45,149
12731,2024-06-24,4,1002,4034,220,111,107
12732,2024-07-01,4,1002,3783,220,242,293
12733,2024-07-08,4,1002,3759,220,375,0
12734,2024-07-15,4,1002,4022,220,539,30
12735,2024-07-22,4,1002,4055,220,457,127
12736,2024-07-29,4,1002,3815,220,480,273
12737,2024-08-05,4,1002,3791,220,1082,496
12738,2024-08-12,4,1002,3921,220,5,448
12739,2024-08-19,4,1002,3837,220,663,270
12740,2024-08-26,4,1002,3902,220,523,415
12741,2024-09-02,4,1002,4014,220,865,239
12742,2024-09-09,4,1002,4126,220,312,338
12743,2024-09-16,4,1002,3831,220,222,410
12744,2024-09-23,4,1002,3734,220,501,350
12745,2024-09-30,4,1002,3485,220,726,454
12746,2024-10-07,4,1002,3181,220,274,494
12747,2024-10-14,4,1002,3022,220,532,265
12748,2024-10-21,4,1002,3197,220,296,335
12749,2024-10-28,4,1002,3457,220,368,310
12750,2024-11-04,4,1002,3690,220,176,424
12751,2024-11-11,4,1002,3561,220,622,386
12752,2024-11-18,4,1002,3549,220,384,2
12753,2024-11-25,4,1002,3299,220,499,480
12754,2024-12-02,4,1002,2953,220,350,430
12755,2024-12-09,4,1002,2589,220,336,389
12756,2024-12-16,4,1002,2950,220,429,138
12757,2024-12-23,4,1002,3006,220,452,30
12758,2024-12-30,4,1002,2762,220,89,32
12759,2025-01-06,4,1002,2655,220,409,207
12760,2025-01-13,4,1002,2759,220,535,467
12761,2025-01-20,4,1002,2765,220,294,253
12762,2025-01-27,4,1002,2615,220,583,211
12763,2025-02-03,4,1002,2831,220,536,146
12764,2025-02-10,4,1002,2589,220,617,65
12765,2025-02-17,4,1002,2631,220,516,30
12766,2025-02-24,4,1002,2732,220,378,213
12767,2025-03-03,4,1002,2727,220,255,199
12768,2025-03-10,4,1002,2790,220,413,262
12769,2025-03-17,4,1002,2688,220,185,210
12770,2025-03-24,4,1002,2752,220,370,176
12771,2025-03-31,4,1002,2570,220,600,278
12772,2025-04-07,4,1002,2583,220,489,382
12773,2025-04-14,4,1002,2609,220,489,231
12774,2025-04-21,4,1002,2360,220,202,261
12775,2025-04-28,4,1002,2508,220,600,425
12776,2025-05-05,4,1002,2237,220,491,478
12777,2025-05-12,4,1002,2068,220,517,247
12778,2025-05-19,4,1002,1992,220,178,294
12779,2025-05-26,4,1002,1860,220,381,228
12780,2025-06-02,4,1002,1954,220,352,238
12781,2025-06-09,4,1002,2205,220,203,358
12782,2025-06-16,4,1002,2260,220,298,332
12783,2025-06-23,4,1002,2288,220,100,141
12784,2025-06-30,4,1002,2518,220,659,142
12785,2025-07-07,4,1002,2772,220,613,200
12786,2025-07-14,4,1002,2879,220,45,469
12787,2025-07-21,4,1002,2835,220,30,24
12788,2025-07-28,4,1002,3073,220,544,316
12789,2025-08-04,4,1002,2914,220,523,463
12790,2025-08-11,4,1002,2958,220,870,468
12791,2025-08-18,4,1002,3006,220,728,81
12792,2025-08-25,4,1002,3095,220,670,305
12793,2025-09-01,4,1002,2857,220,286,397
12794,2025-09-08,4,1002,2993,220,802,431
12795,2025-09-15,4,1002,2787,220,0,157
12796,2025-09-22,4,1002,2980,220,211,413
12797,2025-09-29,4,1002,2985,220,887,240
12798,2025-10-06,4,1002,3169,220,154,336
12799,2025-10-13,4,1002,3500,220,226,439
12800,2025-10-20,4,1002,3750,220,12,452
12801,2025-10-27,4,1002,3520,220,116,493
12802,2025-11-03,4,1002,3552,220,642,121
12803,2025-11-10,4,1002,3704,220,325,155
12804,2025-11-17,4,1002,4054,220,16,127
12805,2025-11-24,4,1002,3893,220,68,445
12806,2025-12-01,4,1002,3769,220,1069,70
12807,2025-12-08,4,1002,3592,220,328,300
12808,2025-12-15,4,1002,3408,220,844,433
12809,2025-12-22,4,1002,3465,220,433,357
12810,2025-12-29,4,1002,3341,220,684,342
12811,2024-01-01,4,1003,3665,223,247,225
12812,2024-01-08,4,1003,3560,223,191,198
12813,2024-01-15,4,1003,3734,223,24,330
12814,2024-01-22,4,1003,3936,223,34,220
12815,2024-01-29,4,1003,3687,223,419,17
12816,2024-02-05,4,1003,3676,223,736,377
12817,2024-02-12,4,1003,3652,223,469,449
12818,2024-02-19,4,1003,3803,223,86,81
12819,2024-02-26,4,1003,3802,223,573,122
12820,2024-03-04,4,1003,3949,223,899,139
12821,2024-03-11,4,1003,4125,223,529,329
12822,2024-03-18,4,1003,4188,223,579,356
12823,2024-03-25,4,1003,4303,223,951,21
12824,2024-04-01,4,1003,4014,223,627,330
12825,2024-04-08,4,1003,4042,223,624,73
12826,2024-04-15,4,1003,4216,223,1229,130
12827,2024-04-22,4,1003,4250,223,1000,232
12828,2024-04-29,4,1003,4307,223,1060,285
12829,2024-05-06,4,1003,4228,223,732,232
12830,2024-05-13,4,1003,4042,223,1143,241
12831,2024-05-20,4,1003,3751,223,393,64
12832,2024-05-27,4,1003,3932,223,105,275
12833,2024-06-03,4,1003,3652,223,954,420
12834,2024-06-10,4,1003,3615,223,1019,103
12835,2024-06-17,4,1003,3380,223,601,307
12836,2024-06-24,4,1003,3379,223,577,174
12837,2024-07-01,4,1003,3395,223,35,129
12838,2024-07-08,4,1003,3304,223,949,367
12839,2024-07-15,4,1003,3351,223,599,44
12840,2024-07-22,4,1003,3157,223,355,127
12841,2024-07-29,4,1003,3221,223,65,141
12842,2024-08-05,4,1003,3313,223,570,493
12843,2024-08-12,4,1003,3430,223,594,281
12844,2024-08-19,4,1003,3264,223,387,41
12845,2024-08-26,4,1003,3385,223,559,462
12846,2024-09-02,4,1003,3488,223,222,199
12847,2024-09-09,4,1003,3354,223,809,123
12848,2024-09-16,4,1003,3533,223,348,320
12849,2024-09-23,4,1003,3302,223,19,448
12850,2024-09-30,4,1003,3540,223,562,381
12851,2024-10-07,4,1003,3180,223,835,447
12852,2024-10-14,4,1003,2825,223,29,159
12853,2024-10-21,4,1003,2746,223,680,435
12854,2024-10-28,4,1003,2559,223,409,80
12855,2024-11-04,4,1003,2552,223,556,187
12856,2024-11-11,4,1003,2713,223,508,435
12857,2024-11-18,4,1003,2377,223,36,474
12858,2024-11-25,4,1003,2167,223,226,198
12859,2024-12-02,4,1003,2137,223,231,127
12860,2024-12-09,4,1003,2450,223,368,63
12861,2024-12-16,4,1003,2679,223,473,160
12862,2024-12-23,4,1003,2474,223,3,213
12863,2024-12-30,4,1003,2378,223,393,264
12864,2025-01-06,4,1003,2244,223,194,422
12865,2025-01-13,4,1003,2319,223,609,370
12866,2025-01-20,4,1003,2470,223,82,345
12867,2025-01-27,4,1003,2504,223,300,210
12868,2025-02-03,4,1003,2274,223,231,124
12869,2025-02-10,4,1003,2010,223,227,350
12870,2025-02-17,4,1003,1753,223,419,100
12871,2025-02-24,4,1003,1795,223,229,193
12872,2025-03-03,4,1003,1816,223,429,41
12873,2025-03-10,4,1003,1786,223,306,42
12874,2025-03-17,4,1003,1859,223,69,379
12875,2025-03-24,4,1003,1879,223,557,151
12876,2025-03-31,4,1003,1900,223,329,223
12877,2025-04-07,4,1003,2133,223,575,431
12878,2025-04-14,4,1003,1966,223,496,170
12879,2025-04-21,4,1003,2203,223,533,162
12880,2025-04-28,4,1003,2474,223,430,397
12881,2025-05-05,4,1003,2215,223,378,324
12882,2025-05-12,4,1003,2053,223,270,54
12883,2025-05-19,4,1003,2014,223,32,60
12884,2025-05-26,4,1003,1866,223,148,246
12885,2025-06-02,4,1003,1601,223,301,175
12886,2025-06-09,4,1003,1386,223,235,232
12887,2025-06-16,4,1003,1386,223,278,336
12888,2025-06-23,4,1003,1473,223,201,344
12889,2025-06-30,4,1003,1235,223,99,353
12890,2025-07-07,4,1003,1312,223,312,381
12891,2025-07-14,4,1003,1320,223,373,448
12892,2025-07-21,4,1003,1525,223,243,260
12893,2025-07-28,4,1003,1387,223,323,189
12894,2025-08-04,4,1003,1219,223,233,134
12895,2025-08-11,4,1003,1048,223,88,280
12896,2025-08-18,4,1003,1028,223,49,129
12897,2025-08-25,4,1003,1163,223,287,366
12898,2025-09-01,4,1003,1235,223,336,90
12899,2025-09-08,4,1003,1103,223,35,103
12900,2025-09-15,4,1003,1094,223,302,439
12901,2025-09-22,4,1003,1323,223,70,82
12902,2025-09-29,4,1003,1388,223,25,146
12903,2025-10-06,4,1003,1400,223,301,209
12904,2025-10-13,4,1003,1761,223,159,42
12905,2025-10-20,4,1003,1916,223,541,178
12906,2025-10-27,4,1003,1624,223,179,372
12907,2025-11-03,4,1003,1716,223,447,103
12908,2025-11-10,4,1003,1889,223,354,142
12909,2025-11-17,4,1003,2051,223,485,345
12910,2025-11-24,4,1003,2373,223,286,308
12911,2025-12-01,4,1003,2601,223,155,74
12912,2025-12-08,4,1003,2598,223,378,293
12913,2025-12-15,4,1003,2655,223,424,191
12914,2025-12-22,4,1003,2351,223,29,429
12915,2025-12-29,4,1003,2261,223,0,68
12916,2024-01-01,4,1004,835,211,41,289
12917,2024-01-08,4,1004,696,211,15,435
12918,2024-01-15,4,1004,595,211,71,181
12919,2024-01-22,4,1004,832,211,142,74
12920,2024-01-29,4,1004,1022,211,191,264
12921,2024-02-05,4,1004,981,211,262,310
12922,2024-02-12,4,1004,1129,211,9,278
12923,2024-02-19,4,1004,956,211,286,199
12924,2024-02-26,4,1004,1102,211,136,357
12925,2024-03-04,4,1004,1145,211,265,188
12926,2024-03-11,4,1004,1072,211,14,138
12927,2024-03-18,4,1004,1130,211,39,178
12928,2024-03-25,4,1004,970,211,151,433
12929,2024-04-01,4,1004,1132,211,76,290
12930,2024-04-08,4,1004,943,211,120,213
12931,2024-04-15,4,1004,722,211,54,146
12932,2024-04-22,4,1004,596,211,139,441
12933,2024-04-29,4,1004,680,211,73,443
12934,2024-05-06,4,1004,928,211,76,258
12935,2024-05-13,4,1004,922,211,171,58
12936,2024-05-20,4,1004,1176,211,301,250
12937,2024-05-27,4,1004,1092,211,164,3
12938,2024-06-03,4,1004,1056,211,96,172
12939,2024-06-10,4,1004,1034,211,27,148
12940,2024-06-17,4,1004,765,211,15,165
12941,2024-06-24,4,1004,543,211,46,215
12942,2024-07-01,4,1004,613,211,154,328
12943,2024-07-08,4,1004,766,211,75,293
12944,2024-07-15,4,1004,491,211,7,37
12945,2024-07-22,4,1004,653,211,170,475
12946,2024-07-29,4,1004,893,211,258,56
12947,2024-08-05,4,1004,1008,211,107,161
12948,2024-08-12,4,1004,993,211,247,295
12949,2024-08-19,4,1004,1125,211,121,280
12950,2024-08-26,4,1004,1163,211,62,144
12951,2024-09-02,4,1004,864,211,92,393
12952,2024-09-09,4,1004,1098,211,215,475
12953,2024-09-16,4,1004,1316,211,141,148
12954,2024-09-23,4,1004,1043,211,112,420
12955,2024-09-30,4,1004,991,211,199,133
12956,2024-10-07,4,1004,1355,211,126,303
12957,2024-10-14,4,1004,1549,211,411,50
12958,2024-10-21,4,1004,1329,211,311,211
12959,2024-10-28,4,1004,1683,211,392,343
12960,2024-11-04,4,1004,1585,211,277,230
12961,2024-11-11,4,1004,1769,211,428,71
12962,2024-11-18,4,1004,1923,211,564,443
12963,2024-11-25,4,1004,2201,211,142,444
12964,2024-12-02,4,1004,2591,211,547,253
12965,2024-12-09,4,1004,2911,211,434,53
12966,2024-12-16,4,1004,3216,211,950,32
12967,2024-12-23,4,1004,3463,211,828,399
12968,2024-12-30,4,1004,3218,211,130,315
12969,2025-01-06,4,1004,3364,211,712,140
12970,2025-01-13,4,1004,3426,211,458,356
12971,2025-01-20,4,1004,3163,211,541,316
12972,2025-01-27,4,1004,3171,211,682,481
12973,2025-02-03,4,1004,2922,211,352,270
12974,2025-02-10,4,1004,2865,211,399,190
12975,2025-02-17,4,1004,2584,211,453,493
12976,2025-02-24,4,1004,2395,211,655,253
12977,2025-03-03,4,1004,2461,211,613,330
12978,2025-03-10,4,1004,2446,211,272,96
12979,2025-03-17,4,1004,2295,211,272,226
12980,2025-03-24,4,1004,2529,211,701,62
12981,2025-03-31,4,1004,2773,211,637,118
12982,2025-04-07,4,1004,2576,211,554,131
12983,2025-04-14,4,1004,2470,211,315,494
12984,2025-04-21,4,1004,2437,211,187,338
12985,2025-04-28,4,1004,2257,211,70,150
12986,2025-05-05,4,1004,2212,211,392,97
12987,2025-05-12,4,1004,2423,211,12,66
12988,2025-05-19,4,1004,2149,211,479,87
12989,2025-05-26,4,1004,2307,211,23,277
12990,2025-06-02,4,1004,2448,211,410,405
12991,2025-06-09,4,1004,2333,211,456,464
12992,2025-06-16,4,1004,2211,211,292,32
12993,2025-06-23,4,1004,2193,211,193,138
12994,2025-06-30,4,1004,2083,211,556,73
12995,2025-07-07,4,1004,2019,211,167,78
12996,2025-07-14,4,1004,2012,211,80,493
12997,2025-07-21,4,1004,2039,211,514,132
12998,2025-07-28,4,1004,2017,211,9,141
12999,2025-08-04,4,1004,2150,211,484,249
13000,2025-08-11,4,1004,2306,211,557,279
13001,2025-08-18,4,1004,2425,211,665,31
13002,2025-08-25,4,1004,2333,211,689,138
13003,2025-09-01,4,1004,2180,211,638,493
13004,2025-09-08,4,1004,2341,211,514,202
13005,2025-09-15,4,1004,2174,211,200,454
13006,2025-09-22,4,1004,1963,211,173,299
13007,2025-09-29,4,1004,2196,211,302,281
13008,2025-10-06,4,1004,2553,211,453,488
13009,2025-10-13,4,1004,2145,211,217,37
13010,2025-10-20,4,1004,2000,211,255,278
13011,2025-10-27,4,1004,2123,211,170,457
13012,2025-11-03,4,1004,2032,211,608,316
13013,2025-11-10,4,1004,1906,211,288,177
13014,2025-11-17,4,1004,1901,211,111,98
13015,2025-11-24,4,1004,1882,211,124,42
13016,2025-12-01,4,1004,1548,211,375,301
13017,2025-12-08,4,1004,1707,211,138,206
13018,2025-12-15,4,1004,1396,211,411,468
13019,2025-12-22,4,1004,1719,211,186,383
13020,2025-12-29,4,1004,1822,211,157,404
13021,2024-01-01,4,1005,1696,223,136,269
13022,2024-01-08,4,1005,1663,223,359,43
13023,2024-01-15,4,1005,1883,223,169,95
13024,2024-01-22,4,1005,2018,223,364,477
13025,2024-01-29,4,1005,2278,223,195,113
13026,2024-02-05,4,1005,2420,223,631,111
13027,2024-02-12,4,1005,2583,223,424,400
13028,2024-02-19,4,1005,2409,223,533,64
13029,2024-02-26,4,1005,2592,223,410,424
13030,2024-03-04,4,1005,2557,223,532,105
13031,2024-03-11,4,1005,2609,223,717,163
13032,2024-03-18,4,1005,2546,223,310,415
13033,2024-03-25,4,1005,2590,223,736,20
13034,2024-04-01,4,1005,2754,223,401,477
13035,2024-04-08,4,1005,2979,223,645,3
13036,2024-04-15,4,1005,2786,223,626,140
13037,2024-04-22,4,1005,2943,223,544,14
13038,2024-04-29,4,1005,3166,223,493,469
13039,2024-05-06,4,1005,2895,223,626,473
13040,2024-05-13,4,1005,3091,223,784,298
13041,2024-05-20,4,1005,3263,223,840,460
13042,2024-05-27,4,1005,3250,223,62,459
13043,2024-06-03,4,1005,3459,223,277,106
13044,2024-06-10,4,1005,3555,223,972,480
13045,2024-06-17,4,1005,3728,223,891,405
13046,2024-06-24,4,1005,3589,223,107,222
13047,2024-07-01,4,1005,3781,223,592,333
13048,2024-07-08,4,1005,3490,223,380,201
13049,2024-07-15,4,1005,3524,223,428,80
13050,2024-07-22,4,1005,3692,223,218,461
13051,2024-07-29,4,1005,3407,223,637,299
13052,2024-08-05,4,1005,3318,223,268,191
13053,2024-08-12,4,1005,3332,223,415,77
13054,2024-08-19,4,1005,3183,223,34,251
13055,2024-08-26,4,1005,3219,223,1,461
13056,2024-09-02,4,1005,3272,223,656,24
13057,2024-09-09,4,1005,3051,223,418,394
13058,2024-09-16,4,1005,3057,223,655,161
13059,2024-09-23,4,1005,3018,223,284,435
13060,2024-09-30,4,1005,3296,223,888,307
13061,2024-10-07,4,1005,3111,223,76,331
13062,2024-10-14,4,1005,3364,223,811,80
13063,2024-10-21,4,1005,3359,223,233,238
13064,2024-10-28,4,1005,3749,223,86,41
13065,2024-11-04,4,1005,3357,223,740,257
13066,2024-11-11,4,1005,3728,223,445,207
13067,2024-11-18,4,1005,3634,223,398,1
13068,2024-11-25,4,1005,3827,223,456,93
13069,2024-12-02,4,1005,3808,223,635,22
13070,2024-12-09,4,1005,4184,223,1058,289
13071,2024-12-16,4,1005,4534,223,826,83
13072,2024-12-23,4,1005,4150,223,1140,422
13073,2024-12-30,4,1005,4344,223,818,87
13074,2025-01-06,4,1005,4202,223,244,76
13075,2025-01-13,4,1005,3988,223,1003,358
13076,2025-01-20,4,1005,3987,223,952,181
13077,2025-01-27,4,1005,3781,223,408,341
13078,2025-02-03,4,1005,4010,223,876,139
13079,2025-02-10,4,1005,3834,223,103,420
13080,2025-02-17,4,1005,4013,223,330,235
13081,2025-02-24,4,1005,3819,223,208,56
13082,2025-03-03,4,1005,3653,223,747,406
13083,2025-03-10,4,1005,3734,223,371,483
13084,2025-03-17,4,1005,3584,223,94,456
13085,2025-03-24,4,1005,3862,223,58,436
13086,2025-03-31,4,1005,3699,223,891,88
13087,2025-04-07,4,1005,3840,223,681,467
13088,2025-04-14,4,1005,4025,223,148,430
13089,2025-04-21,4,1005,3751,223,320,432
13090,2025-04-28,4,1005,3974,223,509,469
13091,2025-05-05,4,1005,4082,223,853,390
13092,2025-05-12,4,1005,3936,223,254,8
13093,2025-05-19,4,1005,3906,223,261,283
13094,2025-05-26,4,1005,3820,223,939,394
13095,2025-06-02,4,1005,3828,223,692,10
13096,2025-06-09,4,1005,3757,223,599,495
13097,2025-06-16,4,1005,3844,223,127,423
13098,2025-06-23,4,1005,3628,223,224,364
13099,2025-06-30,4,1005,3689,223,548,141
13100,2025-07-07,4,1005,3665,223,748,469
13101,2025-07-14,4,1005,3832,223,848,461
13102,2025-07-21,4,1005,3875,223,995,376
13103,2025-07-28,4,1005,3887,223,922,163
13104,2025-08-04,4,1005,3902,223,867,421
13105,2025-08-11,4,1005,3816,223,215,341
13106,2025-08-18,4,1005,3930,223,335,479
13107,2025-08-25,4,1005,4053,223,84,207
13108,2025-09-01,4,1005,4224,223,214,10
13109,2025-09-08,4,1005,4454,223,393,310
13110,2025-09-15,4,1005,4292,223,25,439
13111,2025-09-22,4,1005,4042,223,98,97
13112,2025-09-29,4,1005,4156,223,296,51
13113,2025-10-06,4,1005,3803,223,976,432
13114,2025-10-13,4,1005,3828,223,86,163
13115,2025-10-20,4,1005,3674,223,767,341
13116,2025-10-27,4,1005,3962,223,1092,462
13117,2025-11-03,4,1005,4328,223,1148,129
13118,2025-11-10,4,1005,4647,223,1275,265
13119,2025-11-17,4,1005,4865,223,677,337
13120,2025-11-24,4,1005,5187,223,365,289
13121,2025-12-01,4,1005,5206,223,422,284
13122,2025-12-08,4,1005,5455,223,486,220
13123,2025-12-15,4,1005,5434,223,1401,221
13124,2025-12-22,4,1005,5413,223,79,283
13125,2025-12-29,4,1005,5464,223,1084,348
13126,2024-01-01,4,1006,261,212,24,384
13127,2024-01-08,4,1006,108,212,14,51
13128,2024-01-15,4,1006,29,212,7,276
13129,2024-01-22,4,1006,0,212,0,17
13130,2024-01-29,4,1006,0,212,0,231
13131,2024-02-05,4,1006,0,212,0,163
13132,2024-02-12,4,1006,9,212,0,320
13133,2024-02-19,4,1006,228,212,31,429
13134,2024-02-26,4,1006,352,212,21,374
13135,2024-03-04,4,1006,265,212,40,276
13136,2024-03-11,4,1006,262,212,62,386
13137,2024-03-18,4,1006,298,212,80,283
13138,2024-03-25,4,1006,529,212,68,193
13139,2024-04-01,4,1006,625,212,147,406
13140,2024-04-08,4,1006,536,212,45,126
13141,2024-04-15,4,1006,745,212,132,198
13142,2024-04-22,4,1006,554,212,96,238
13143,2024-04-29,4,1006,382,212,53,127
13144,2024-05-06,4,1006,476,212,118,263
13145,2024-05-13,4,1006,409,212,12,56
13146,2024-05-20,4,1006,558,212,111,397
13147,2024-05-27,4,1006,618,212,57,75
13148,2024-06-03,4,1006,343,212,61,110
13149,2024-06-10,4,1006,493,212,44,159
13150,2024-06-17,4,1006,589,212,22,90
13151,2024-06-24,4,1006,712,212,182,260
13152,2024-07-01,4,1006,637,212,25,322
13153,2024-07-08,4,1006,618,212,108,390
13154,2024-07-15,4,1006,385,212,22,425
13155,2024-07-22,4,1006,122,212,30,260
13156,2024-07-29,4,1006,42,212,7,353
13157,2024-08-05,4,1006,102,212,7,410
13158,2024-08-12,4,1006,188,212,9,168
13159,2024-08-19,4,1006,351,212,49,453
13160,2024-08-26,4,1006,342,212,57,470
13161,2024-09-02,4,1006,210,212,28,132
13162,2024-09-09,4,1006,0,212,0,168
13163,2024-09-16,4,1006,246,212,27,464
13164,2024-09-23,4,1006,435,212,84,159
13165,2024-09-30,4,1006,309,212,20,143
13166,2024-10-07,4,1006,349,212,27,115
13167,2024-10-14,4,1006,483,212,37,279
13168,2024-10-21,4,1006,757,212,197,220
13169,2024-10-28,4,1006,736,212,128,198
13170,2024-11-04,4,1006,607,212,159,403
13171,2024-11-11,4,1006,908,212,169,28
13172,2024-11-18,4,1006,584,212,90,75
13173,2024-11-25,4,1006,722,212,202,454
13174,2024-12-02,4,1006,1059,212,247,153
13175,2024-12-09,4,1006,648,212,79,148
13176,2024-12-16,4,1006,985,212,111,461
13177,2024-12-23,4,1006,1056,212,263,63
13178,2024-12-30,4,1006,799,212,47,271
13179,2025-01-06,4,1006,1035,212,259,28
13180,2025-01-13,4,1006,987,212,271,397
13181,2025-01-20,4,1006,1013,212,66,115
13182,2025-01-27,4,1006,917,212,223,57
13183,2025-02-03,4,1006,934,212,7,136
13184,2025-02-10,4,1006,929,212,3,357
13185,2025-02-17,4,1006,724,212,141,225
13186,2025-02-24,4,1006,785,212,127,482
13187,2025-03-03,4,1006,844,212,104,304
13188,2025-03-10,4,1006,547,212,108,232
13189,2025-03-17,4,1006,665,212,111,458
13190,2025-03-24,4,1006,717,212,40,470
13191,2025-03-31,4,1006,563,212,91,491
13192,2025-04-07,4,1006,430,212,29,287
13193,2025-04-14,4,1006,582,212,107,354
13194,2025-04-21,4,1006,341,212,85,88
13195,2025-04-28,4,1006,350,212,78,220
13196,2025-05-05,4,1006,367,212,52,151
13197,2025-05-12,4,1006,479,212,68,86
13198,2025-05-19,4,1006,551,212,93,88
13199,2025-05-26,4,1006,666,212,156,346
13200,2025-06-02,4,1006,776,212,214,265
13201,2025-06-09,4,1006,1020,212,33,140
13202,2025-06-16,4,1006,1073,212,187,422
13203,2025-06-23,4,1006,800,212,92,472
13204,2025-06-30,4,1006,653,212,82,108
13205,2025-07-07,4,1006,800,212,69,277
13206,2025-07-14,4,1006,1036,212,273,234
13207,2025-07-21,4,1006,1103,212,326,345
13208,2025-07-28,4,1006,811,212,85,123
13209,2025-08-04,4,1006,716,212,30,181
13210,2025-08-11,4,1006,803,212,122,236
13211,2025-08-18,4,1006,944,212,112,463
13212,2025-08-25,4,1006,1097,212,210,218
13213,2025-09-01,4,1006,1010,212,196,16
13214,2025-09-08,4,1006,1225,212,20,375
13215,2025-09-15,4,1006,1177,212,18,474
13216,2025-09-22,4,1006,1239,212,4,214
13217,2025-09-29,4,1006,1236,212,72,13
13218,2025-10-06,4,1006,975,212,216,336
13219,2025-10-13,4,1006,692,212,11,467
13220,2025-10-20,4,1006,585,212,78,131
13221,2025-10-27,4,1006,449,212,69,353
13222,2025-11-03,4,1006,324,212,28,331
13223,2025-11-10,4,1006,314,212,2,165
13224,2025-11-17,4,1006,0,212,0,153
13225,2025-11-24,4,1006,118,212,12,163
13226,2025-12-01,4,1006,0,212,0,9
13227,2025-12-08,4,1006,281,212,81,383
13228,2025-12-15,4,1006,104,212,21,145
13229,2025-12-22,4,1006,0,212,0,56
13230,2025-12-29,4,1006,351,212,3,439
13231,2024-01-01,4,1007,358,215,48,398
13232,2024-01-08,4,1007,476,215,55,277
13233,2024-01-15,4,1007,388,215,46,27
13234,2024-01-22,4,1007,270,215,26,74
13235,2024-01-29,4,1007,78,215,20,86
13236,2024-02-05,4,1007,146,215,25,125
13237,2024-02-12,4,1007,0,215,0,492
13238,2024-02-19,4,1007,33,215,3,327
13239,2024-02-26,4,1007,0,215,0,252
13240,2024-03-04,4,1007,117,215,25,438
13241,2024-03-11,4,1007,136,215,0,441
13242,2024-03-18,4,1007,0,215,0,486
13243,2024-03-25,4,1007,219,215,51,465
13244,2024-04-01,4,1007,365,215,7,352
13245,2024-04-08,4,1007,225,215,14,72
13246,2024-04-15,4,1007,14,215,3,245
13247,2024-04-22,4,1007,0,215,0,117
13248,2024-04-29,4,1007,130,215,28,332
13249,2024-05-06,4,1007,192,215,29,450
13250,2024-05-13,4,1007,311,215,39,72
13251,2024-05-20,4,1007,188,215,54,265
13252,2024-05-27,4,1007,145,215,14,35
13253,2024-06-03,4,1007,73,215,15,372
13254,2024-06-10,4,1007,0,215,0,417
13255,2024-06-17,4,1007,50,215,12,282
13256,2024-06-24,4,1007,0,215,0,481
13257,2024-07-01,4,1007,0,215,0,293
13258,2024-07-08,4,1007,0,215,0,385
13259,2024-07-15,4,1007,77,215,10,429
13260,2024-07-22,4,1007,325,215,69,182
13261,2024-07-29,4,1007,555,215,148,165
13262,2024-08-05,4,1007,422,215,4,437
13263,2024-08-12,4,1007,497,215,109,91
13264,2024-08-19,4,1007,476,215,11,269
13265,2024-08-26,4,1007,368,215,3,205
13266,2024-09-02,4,1007,328,215,17,129
13267,2024-09-09,4,1007,363,215,93,413
13268,2024-09-16,4,1007,493,215,3,412
13269,2024-09-23,4,1007,626,215,113,373
13270,2024-09-30,4,1007,640,215,9,343
13271,2024-10-07,4,1007,781,215,48,103
13272,2024-10-14,4,1007,729,215,125,80
13273,2024-10-21,4,1007,331,215,45,167
13274,2024-10-28,4,1007,105,215,17,359
13275,2024-11-04,4,1007,0,215,0,227
13276,2024-11-11,4,1007,11,215,2,318
13277,2024-11-18,4,1007,302,215,54,89
13278,2024-11-25,4,1007,0,215,0,257
13279,2024-12-02,4,1007,336,215,84,370
13280,2024-12-09,4,1007,705,215,69,329
13281,2024-12-16,4,1007,745,215,216,330
13282,2024-12-23,4,1007,810,215,41,161
13283,2024-12-30,4,1007,978,215,228,156
13284,2025-01-06,4,1007,1132,215,315,42
13285,2025-01-13,4,1007,903,215,164,357
13286,2025-01-20,4,1007,955,215,155,88
13287,2025-01-27,4,1007,849,215,144,7
13288,2025-02-03,4,1007,740,215,119,149
13289,2025-02-10,4,1007,984,215,130,181
13290,2025-02-17,4,1007,993,215,284,279
13291,2025-02-24,4,1007,1028,215,188,491
13292,2025-03-03,4,1007,1232,215,16,70
13293,2025-03-10,4,1007,968,215,183,496
13294,2025-03-17,4,1007,1039,215,13,298
13295,2025-03-24,4,1007,754,215,35,470
13296,2025-03-31,4,1007,728,215,65,270
13297,2025-04-07,4,1007,496,215,49,191
13298,2025-04-14,4,1007,602,215,46,130
13299,2025-04-21,4,1007,807,215,5,41
13300,2025-04-28,4,1007,773,215,19,202
13301,2025-05-05,4,1007,885,215,63,172
13302,2025-05-12,4,1007,866,215,163,248
13303,2025-05-19,4,1007,963,215,132,194
13304,2025-05-26,4,1007,1141,215,150,494
13305,2025-06-02,4,1007,1397,215,238,207
13306,2025-06-09,4,1007,1421,215,209,15
13307,2025-06-16,4,1007,1608,215,133,20
13308,2025-06-23,4,1007,1776,215,110,389
13309,2025-06-30,4,1007,1582,215,329,245
13310,2025-07-07,4,1007,1323,215,254,488
13311,2025-07-14,4,1007,1548,215,94,441
13312,2025-07-21,4,1007,1621,215,239,38
13313,2025-07-28,4,1007,1873,215,180,285
13314,2025-08-04,4,1007,1921,215,317,359
13315,2025-08-11,4,1007,2021,215,543,294
13316,2025-08-18,4,1007,2188,215,213,82
13317,2025-08-25,4,1007,2069,215,307,380
13318,2025-09-01,4,1007,1962,215,92,443
13319,2025-09-08,4,1007,2029,215,468,228
13320,2025-09-15,4,1007,2217,215,97,313
13321,2025-09-22,4,1007,1989,215,325,349
13322,2025-09-29,4,1007,2181,215,415,486
13323,2025-10-06,4,1007,2484,215,403,159
13324,2025-10-13,4,1007,2675,215,600,66
13325,2025-10-20,4,1007,2624,215,461,429
13326,2025-10-27,4,1007,2936,215,96,283
13327,2025-11-03,4,1007,2719,215,782,90
13328,2025-11-10,4,1007,3108,215,723,198
13329,2025-11-17,4,1007,3001,215,82,446
13330,2025-11-24,4,1007,2791,215,143,444
13331,2025-12-01,4,1007,2877,215,232,385
13332,2025-12-08,4,1007,3196,215,439,423
13333,2025-12-15,4,1007,3428,215,597,232
13334,2025-12-22,4,1007,3439,215,308,425
13335,2025-12-29,4,1007,3429,215,858,489
13336,2024-01-01,4,1008,3469,219,28,198
13337,2024-01-08,4,1008,3270,219,545,314
13338,2024-01-15,4,1008,3451,219,976,117
13339,2024-01-22,4,1008,3371,219,41,342
13340,2024-01-29,4,1008,3480,219,325,273
13341,2024-02-05,4,1008,3524,219,424,409
13342,2024-02-12,4,1008,3590,219,268,17
13343,2024-02-19,4,1008,3380,219,173,389
13344,2024-02-26,4,1008,3612,219,939,13
13345,2024-03-04,4,1008,3806,219,699,44
13346,2024-03-11,4,1008,3743,219,252,317
13347,2024-03-18,4,1008,3821,219,366,260
13348,2024-03-25,4,1008,3866,219,414,192
13349,2024-04-01,4,1008,3574,219,665,436
13350,2024-04-08,4,1008,3847,219,546,67
13351,2024-04-15,4,1008,3635,219,814,220
13352,2024-04-22,4,1008,3627,219,773,271
13353,2024-04-29,4,1008,3838,219,319,422
13354,2024-05-06,4,1008,3687,219,518,413
13355,2024-05-13,4,1008,3437,219,104,398
13356,2024-05-20,4,1008,3431,219,406,415
13357,2024-05-27,4,1008,3362,219,649,63
13358,2024-06-03,4,1008,3601,219,1011,324
13359,2024-06-10,4,1008,3534,219,688,239
13360,2024-06-17,4,1008,3465,219,774,180
13361,2024-06-24,4,1008,3457,219,130,58
13362,2024-07-01,4,1008,3474,219,1034,168
13363,2024-07-08,4,1008,3331,219,767,267
13364,2024-07-15,4,1008,3196,219,696,398
13365,2024-07-22,4,1008,3171,219,679,4
13366,2024-07-29,4,1008,3354,219,19,433
13367,2024-08-05,4,1008,3397,219,68,235
13368,2024-08-12,4,1008,3547,219,549,195
13369,2024-08-19,4,1008,3468,219,701,251
13370,2024-08-26,4,1008,3525,219,484,276
13371,2024-09-02,4,1008,3747,219,1083,464
13372,2024-09-09,4,1008,3712,219,794,245
13373,2024-09-16,4,1008,3415,219,313,167
13374,2024-09-23,4,1008,3599,219,133,263
13375,2024-09-30,4,1008,3318,219,681,195
13376,2024-10-07,4,1008,3201,219,852,255
13377,2024-10-14,4,1008,3563,219,369,70
13378,2024-10-21,4,1008,3931,219,819,338
13379,2024-10-28,4,1008,3872,219,635,221
13380,2024-11-04,4,1008,4184,219,123,50
13381,2024-11-11,4,1008,4048,219,464,104
13382,2024-11-18,4,1008,3959,219,722,232
13383,2024-11-25,4,1008,3695,219,643,478
13384,2024-12-02,4,1008,4036,219,578,370
13385,2024-12-09,4,1008,3953,219,139,193
13386,2024-12-16,4,1008,4129,219,861,49
13387,2024-12-23,4,1008,4236,219,1217,224
13388,2024-12-30,4,1008,4133,219,702,181
13389,2025-01-06,4,1008,4358,219,954,247
13390,2025-01-13,4,1008,4431,219,875,189
13391,2025-01-20,4,1008,4289,219,126,374
13392,2025-01-27,4,1008,4012,219,798,190
13393,2025-02-03,4,1008,3993,219,1061,330
13394,2025-02-10,4,1008,3708,219,704,244
13395,2025-02-17,4,1008,3509,219,471,406
13396,2025-02-24,4,1008,3700,219,438,348
13397,2025-03-03,4,1008,3696,219,858,102
13398,2025-03-10,4,1008,3406,219,6,406
13399,2025-03-17,4,1008,3553,219,429,153
13400,2025-03-24,4,1008,3744,219,911,218
13401,2025-03-31,4,1008,3880,219,1129,19
13402,2025-04-07,4,1008,3882,219,185,407
13403,2025-04-14,4,1008,3797,219,1008,456
13404,2025-04-21,4,1008,3880,219,698,264
13405,2025-04-28,4,1008,3613,219,762,168
13406,2025-05-05,4,1008,3703,219,874,443
13407,2025-05-12,4,1008,3843,219,481,490
13408,2025-05-19,4,1008,3611,219,275,1
13409,2025-05-26,4,1008,3475,219,996,164
13410,2025-06-02,4,1008,3374,219,124,206
13411,2025-06-09,4,1008,3632,219,807,159
13412,2025-06-16,4,1008,3536,219,6,13
13413,2025-06-23,4,1008,3238,219,444,164
13414,2025-06-30,4,1008,3439,219,671,116
13415,2025-07-07,4,1008,3163,219,150,219
13416,2025-07-14,4,1008,3284,219,437,108
13417,2025-07-21,4,1008,3397,219,919,390
13418,2025-07-28,4,1008,3522,219,693,252
13419,2025-08-04,4,1008,3635,219,481,263
13420,2025-08-11,4,1008,3680,219,899,345
13421,2025-08-18,4,1008,3800,219,424,69
13422,2025-08-25,4,1008,3736,219,240,70
13423,2025-09-01,4,1008,3938,219,682,420
13424,2025-09-08,4,1008,3969,219,287,190
13425,2025-09-15,4,1008,3874,219,91,5
13426,2025-09-22,4,1008,3757,219,1096,80
13427,2025-09-29,4,1008,3810,219,776,334
13428,2025-10-06,4,1008,3888,219,764,497
13429,2025-10-13,4,1008,4205,219,1168,156
13430,2025-10-20,4,1008,3818,219,307,355
13431,2025-10-27,4,1008,3538,219,964,200
13432,2025-11-03,4,1008,3763,219,1048,186
13433,2025-11-10,4,1008,3373,219,612,298
13434,2025-11-17,4,1008,2992,219,154,454
13435,2025-11-24,4,1008,3237,219,608,305
13436,2025-12-01,4,1008,3249,219,26,401
13437,2025-12-08,4,1008,3057,219,326,255
13438,2025-12-15,4,1008,2982,219,112,49
13439,2025-12-22,4,1008,2760,219,555,449
13440,2025-12-29,4,1008,2849,219,302,300
13441,2024-01-01,4,1009,1288,330,108,410
13442,2024-01-08,4,1009,1259,330,120,32
13443,2024-01-15,4,1009,1282,330,107,76
13444,2024-01-22,4,1009,1472,330,87,158
13445,2024-01-29,4,1009,1741,330,329,147
13446,2024-02-05,4,1009,1662,330,31,284
13447,2024-02-12,4,1009,1845,330,250,146
13448,2024-02-19,4,1009,1802,330,521,13
13449,2024-02-26,4,1009,1734,330,334,117
13450,2024-03-04,4,1009,1658,330,189,57
13451,2024-03-11,4,1009,1891,330,76,10
13452,2024-03-18,4,1009,1656,330,311,63
13453,2024-03-25,4,1009,1810,330,178,11
13454,2024-04-01,4,1009,1518,330,305,92
13455,2024-04-08,4,1009,1648,330,308,19
13456,2024-04-15,4,1009,1708,330,57,294
13457,2024-04-22,4,1009,1913,330,121,348
13458,2024-04-29,4,1009,1961,330,39,46
13459,2024-05-06,4,1009,2113,330,178,485
13460,2024-05-13,4,1009,2371,330,373,426
13461,2024-05-20,4,1009,2307,330,554,427
13462,2024-05-27,4,1009,2251,330,328,130
13463,2024-06-03,4,1009,2442,330,264,112
13464,2024-06-10,4,1009,2686,330,316,485
13465,2024-06-17,4,1009,2835,330,450,61
13466,2024-06-24,4,1009,2834,330,281,357
13467,2024-07-01,4,1009,2746,330,671,230
13468,2024-07-08,4,1009,2508,330,653,154
13469,2024-07-15,4,1009,2623,330,597,385
13470,2024-07-22,4,1009,2676,330,493,438
13471,2024-07-29,4,1009,2735,330,708,220
13472,2024-08-05,4,1009,2895,330,267,296
13473,2024-08-12,4,1009,2767,330,299,111
13474,2024-08-19,4,1009,2896,330,185,376
13475,2024-08-26,4,1009,3049,330,389,334
13476,2024-09-02,4,1009,3077,330,593,80
13477,2024-09-09,4,1009,3134,330,29,488
13478,2024-09-16,4,1009,3341,330,153,317
13479,2024-09-23,4,1009,3562,330,208,15
13480,2024-09-30,4,1009,3822,330,312,71
13481,2024-10-07,4,1009,3641,330,972,310
13482,2024-10-14,4,1009,3618,330,259,37
13483,2024-10-21,4,1009,3940,330,587,10
13484,2024-10-28,4,1009,3746,330,1023,181
13485,2024-11-04,4,1009,3326,330,491,63
13486,2024-11-11,4,1009,3666,330,796,417
13487,2024-11-18,4,1009,3365,330,691,306
13488,2024-11-25,4,1009,3062,330,426,418
13489,2024-12-02,4,1009,3323,330,117,239
13490,2024-12-09,4,1009,3479,330,955,484
13491,2024-12-16,4,1009,3859,330,600,334
13492,2024-12-23,4,1009,3724,330,195,287
13493,2024-12-30,4,1009,3810,330,833,345
13494,2025-01-06,4,1009,3888,330,7,306
13495,2025-01-13,4,1009,3850,330,167,37
13496,2025-01-20,4,1009,3996,330,511,356
13497,2025-01-27,4,1009,3814,330,1102,405
13498,2025-02-03,4,1009,3862,330,365,258
13499,2025-02-10,4,1009,4072,330,397,289
13500,2025-02-17,4,1009,4055,330,83,196
13501,2025-02-24,4,1009,4305,330,1257,167
13502,2025-03-03,4,1009,4063,330,1140,373
13503,2025-03-10,4,1009,3926,330,260,156
13504,2025-03-17,4,1009,3679,330,616,35
13505,2025-03-24,4,1009,3932,330,1151,405
13506,2025-03-31,4,1009,4096,330,86,103
13507,2025-04-07,4,1009,3830,330,455,222
13508,2025-04-14,4,1009,3565,330,619,306
13509,2025-04-21,4,1009,3333,330,961,289
13510,2025-04-28,4,1009,3117,330,463,404
13511,2025-05-05,4,1009,3300,330,829,96
13512,2025-05-12,4,1009,3508,330,386,27
13513,2025-05-19,4,1009,3352,330,34,164
13514,2025-05-26,4,1009,3419,330,211,171
13515,2025-06-02,4,1009,3531,330,309,318
13516,2025-06-09,4,1009,3380,330,743,462
13517,2025-06-16,4,1009,3131,330,731,64
13518,2025-06-23,4,1009,3292,330,47,464
13519,2025-06-30,4,1009,3169,330,849,202
13520,2025-07-07,4,1009,3410,330,832,79
13521,2025-07-14,4,1009,3126,330,234,62
13522,2025-07-21,4,1009,3290,330,26,329
13523,2025-07-28,4,1009,3322,330,671,391
13524,2025-08-04,4,1009,3281,330,5,473
13525,2025-08-11,4,1009,3156,330,395,97
13526,2025-08-18,4,1009,3151,330,461,358
13527,2025-08-25,4,1009,3161,330,47,54
13528,2025-09-01,4,1009,3424,330,163,173
13529,2025-09-08,4,1009,3308,330,292,88
13530,2025-09-15,4,1009,3428,330,806,291
13531,2025-09-22,4,1009,3630,330,469,104
13532,2025-09-29,4,1009,3579,330,923,361
13533,2025-10-06,4,1009,3618,330,912,104
13534,2025-10-13,4,1009,3678,330,714,217
13535,2025-10-20,4,1009,3382,330,756,232
13536,2025-10-27,4,1009,3489,330,541,360
13537,2025-11-03,4,1009,3132,330,849,476
13538,2025-11-10,4,1009,3448,330,124,168
13539,2025-11-17,4,1009,3106,330,241,73
13540,2025-11-24,4,1009,3492,330,195,326
13541,2025-12-01,4,1009,3676,330,826,281
13542,2025-12-08,4,1009,3968,330,366,103
13543,2025-12-15,4,1009,3737,330,128,22
13544,2025-12-22,4,1009,3602,330,296,187
13545,2025-12-29,4,1009,3924,330,384,106
13546,2024-01-01,4,1010,482,279,105,315
13547,2024-01-08,4,1010,526,279,41,387
13548,2024-01-15,4,1010,304,279,3,321
13549,2024-01-22,4,1010,398,279,25,284
13550,2024-01-29,4,1010,348,279,61,329
13551,2024-02-05,4,1010,254,279,2,436
13552,2024-02-12,4,1010,258,279,72,81
13553,2024-02-19,4,1010,32,279,3,288
13554,2024-02-26,4,1010,0,279,0,318
13555,2024-03-04,4,1010,66,279,7,221
13556,2024-03-11,4,1010,0,279,0,36
13557,2024-03-18,4,1010,0,279,0,113
13558,2024-03-25,4,1010,203,279,5,85
13559,2024-04-01,4,1010,269,279,38,138
13560,2024-04-08,4,1010,362,279,102,247
13561,2024-04-15,4,1010,114,279,18,128
13562,2024-04-22,4,1010,0,279,0,87
13563,2024-04-29,4,1010,0,279,0,1
13564,2024-05-06,4,1010,0,279,0,243
13565,2024-05-13,4,1010,0,279,0,125
13566,2024-05-20,4,1010,86,279,12,348
13567,2024-05-27,4,1010,110,279,10,24
13568,2024-06-03,4,1010,128,279,12,402
13569,2024-06-10,4,1010,353,279,8,157
13570,2024-06-17,4,1010,170,279,12,449
13571,2024-06-24,4,1010,326,279,44,333
13572,2024-07-01,4,1010,348,279,30,106
13573,2024-07-08,4,1010,203,279,39,36
13574,2024-07-15,4,1010,300,279,46,440
13575,2024-07-22,4,1010,408,279,94,270
13576,2024-07-29,4,1010,167,279,11,31
13577,2024-08-05,4,1010,203,279,53,195
13578,2024-08-12,4,1010,305,279,53,134
13579,2024-08-19,4,1010,279,279,2,20
13580,2024-08-26,4,1010,419,279,93,473
13581,2024-09-02,4,1010,283,279,42,299
13582,2024-09-09,4,1010,121,279,33,231
13583,2024-09-16,4,1010,81,279,20,471
13584,2024-09-23,4,1010,140,279,22,73
13585,2024-09-30,4,1010,365,279,15,246
13586,2024-10-07,4,1010,0,279,0,368
13587,2024-10-14,4,1010,322,279,12,357
13588,2024-10-21,4,1010,98,279,11,301
13589,2024-10-28,4,1010,434,279,111,231
13590,2024-11-04,4,1010,802,279,186,107
13591,2024-11-11,4,1010,664,279,10,101
13592,2024-11-18,4,1010,742,279,199,277
13593,2024-11-25,4,1010,684,279,80,393
13594,2024-12-02,4,1010,906,279,108,410
13595,2024-12-09,4,1010,1081,279,67,119
13596,2024-12-16,4,1010,1174,279,200,277
13597,2024-12-23,4,1010,1109,279,109,323
13598,2024-12-30,4,1010,1188,279,337,370
13599,2025-01-06,4,1010,1066,279,17,231
13600,2025-01-13,4,1010,1275,279,6,226
13601,2025-01-20,4,1010,1012,279,43,199
13602,2025-01-27,4,1010,1145,279,23,394
13603,2025-02-03,4,1010,1132,279,46,446
13604,2025-02-10,4,1010,1154,279,168,492
13605,2025-02-17,4,1010,1034,279,177,412
13606,2025-02-24,4,1010,911,279,229,414
13607,2025-03-03,4,1010,1148,279,178,236
13608,2025-03-10,4,1010,919,279,88,448
13609,2025-03-17,4,1010,1095,279,68,62
13610,2025-03-24,4,1010,868,279,250,264
13611,2025-03-31,4,1010,887,279,122,246
13612,2025-04-07,4,1010,1122,279,180,289
13613,2025-04-14,4,1010,1109,279,99,221
13614,2025-04-21,4,1010,1200,279,257,408
13615,2025-04-28,4,1010,978,279,229,383
13616,2025-05-05,4,1010,934,279,117,388
13617,2025-05-12,4,1010,1158,279,54,42
13618,2025-05-19,4,1010,1142,279,154,375
13619,2025-05-26,4,1010,1190,279,79,335
13620,2025-06-02,4,1010,1033,279,15,87
13621,2025-06-09,4,1010,1202,279,34,77
13622,2025-06-16,4,1010,1257,279,11,196
13623,2025-06-23,4,1010,1299,279,89,8
13624,2025-06-30,4,1010,1384,279,318,453
13625,2025-07-07,4,1010,1651,279,369,86
13626,2025-07-14,4,1010,1899,279,530,489
13627,2025-07-21,4,1010,1762,279,211,39
13628,2025-07-28,4,1010,1701,279,176,209
13629,2025-08-04,4,1010,1777,279,204,354
13630,2025-08-11,4,1010,1917,279,321,426
13631,2025-08-18,4,1010,1843,279,466,363
13632,2025-08-25,4,1010,1900,279,180,137
13633,2025-09-01,4,1010,2119,279,284,206
13634,2025-09-08,4,1010,1880,279,459,173
13635,2025-09-15,4,1010,1989,279,22,138
13636,2025-09-22,4,1010,1768,279,473,103
13637,2025-09-29,4,1010,1491,279,246,366
13638,2025-10-06,4,1010,1118,279,279,159
13639,2025-10-13,4,1010,825,279,148,490
13640,2025-10-20,4,1010,1204,279,240,352
13641,2025-10-27,4,1010,1110,279,121,24
13642,2025-11-03,4,1010,1461,279,257,374
13643,2025-11-10,4,1010,1848,279,34,194
13644,2025-11-17,4,1010,2086,279,116,89
13645,2025-11-24,4,1010,1941,279,377,333
13646,2025-12-01,4,1010,2174,279,370,250
13647,2025-12-08,4,1010,1838,279,2,159
13648,2025-12-15,4,1010,2125,279,174,253
13649,2025-12-22,4,1010,2249,279,523,248
13650,2025-12-29,4,1010,2398,279,72,168
13651,2024-01-01,4,1011,3131,326,745,446
13652,2024-01-08,4,1011,3134,326,187,255
13653,2024-01-15,4,1011,3172,326,666,312
13654,2024-01-22,4,1011,3093,326,595,135
13655,2024-01-29,4,1011,2892,326,330,437
13656,2024-02-05,4,1011,2628,326,565,266
13657,2024-02-12,4,1011,2519,326,487,370
13658,2024-02-19,4,1011,2342,326,493,264
13659,2024-02-26,4,1011,2053,326,552,423
13660,2024-03-04,4,1011,2308,326,492,214
13661,2024-03-11,4,1011,2282,326,589,201
13662,2024-03-18,4,1011,2485,326,561,415
13663,2024-03-25,4,1011,2359,326,380,244
13664,2024-04-01,4,1011,2190,326,31,400
13665,2024-04-08,4,1011,2211,326,159,283
13666,2024-04-15,4,1011,1916,326,273,301
13667,2024-04-22,4,1011,2052,326,57,318
13668,2024-04-29,4,1011,1758,326,307,463
13669,2024-05-06,4,1011,1958,326,468,147
13670,2024-05-13,4,1011,1885,326,253,341
13671,2024-05-20,4,1011,1856,326,178,139
13672,2024-05-27,4,1011,1944,326,224,25
13673,2024-06-03,4,1011,2132,326,538,256
13674,2024-06-10,4,1011,2339,326,152,323
13675,2024-06-17,4,1011,2106,326,139,481
13676,2024-06-24,4,1011,2070,326,203,308
13677,2024-07-01,4,1011,2200,326,543,61
13678,2024-07-08,4,1011,2061,326,324,294
13679,2024-07-15,4,1011,1963,326,458,150
13680,2024-07-22,4,1011,2138,326,536,426
13681,2024-07-29,4,1011,1888,326,112,36
13682,2024-08-05,4,1011,2048,326,187,61
13683,2024-08-12,4,1011,1972,326,104,56
13684,2024-08-19,4,1011,2045,326,410,353
13685,2024-08-26,4,1011,1892,326,467,141
13686,2024-09-02,4,1011,1833,326,237,333
13687,2024-09-09,4,1011,1553,326,305,10
13688,2024-09-16,4,1011,1336,326,89,391
13689,2024-09-23,4,1011,1585,326,149,59
13690,2024-09-30,4,1011,1805,326,521,351
13691,2024-10-07,4,1011,1523,326,379,196
13692,2024-10-14,4,1011,1623,326,431,380
13693,2024-10-21,4,1011,1275,326,362,331
13694,2024-10-28,4,1011,925,326,9,458
13695,2024-11-04,4,1011,1240,326,121,258
13696,2024-11-11,4,1011,866,326,106,423
13697,2024-11-18,4,1011,1234,326,336,456
13698,2024-11-25,4,1011,1452,326,250,182
13699,2024-12-02,4,1011,1443,326,154,13
13700,2024-12-09,4,1011,1742,326,110,329
13701,2024-12-16,4,1011,2122,326,607,79
13702,2024-12-23,4,1011,2256,326,382,291
13703,2024-12-30,4,1011,2267,326,379,410
13704,2025-01-06,4,1011,2452,326,226,323
13705,2025-01-13,4,1011,2500,326,205,188
13706,2025-01-20,4,1011,2253,326,402,299
13707,2025-01-27,4,1011,2490,326,570,82
13708,2025-02-03,4,1011,2327,326,478,96
13709,2025-02-10,4,1011,2372,326,653,31
13710,2025-02-17,4,1011,2201,326,42,30
13711,2025-02-24,4,1011,2218,326,302,43
13712,2025-03-03,4,1011,2298,326,104,275
13713,2025-03-10,4,1011,2305,326,85,375
13714,2025-03-17,4,1011,2241,326,291,468
13715,2025-03-24,4,1011,2494,326,573,271
13716,2025-03-31,4,1011,2495,326,596,415
13717,2025-04-07,4,1011,2466,326,550,168
13718,2025-04-14,4,1011,2559,326,482,43
13719,2025-04-21,4,1011,2605,326,13,178
13720,2025-04-28,4,1011,2431,326,641,395
13721,2025-05-05,4,1011,2708,326,134,63
13722,2025-05-12,4,1011,2704,326,810,64
13723,2025-05-19,4,1011,2898,326,604,27
13724,2025-05-26,4,1011,2789,326,543,19
13725,2025-06-02,4,1011,2705,326,139,484
13726,2025-06-09,4,1011,2910,326,612,344
13727,2025-06-16,4,1011,3161,326,837,163
13728,2025-06-23,4,1011,3196,326,205,348
13729,2025-06-30,4,1011,3343,326,845,71
13730,2025-07-07,4,1011,3252,326,847,17
13731,2025-07-14,4,1011,3202,326,837,46
13732,2025-07-21,4,1011,3256,326,788,127
13733,2025-07-28,4,1011,3057,326,257,499
13734,2025-08-04,4,1011,3188,326,753,423
13735,2025-08-11,4,1011,3008,326,295,393
13736,2025-08-18,4,1011,2915,326,827,413
13737,2025-08-25,4,1011,2744,326,664,6
13738,2025-09-01,4,1011,2500,326,154,42
13739,2025-09-08,4,1011,2596,326,768,190
13740,2025-09-15,4,1011,2694,326,800,362
13741,2025-09-22,4,1011,2894,326,628,195
13742,2025-09-29,4,1011,2902,326,4,334
13743,2025-10-06,4,1011,2805,326,11,46
13744,2025-10-13,4,1011,3110,326,538,234
13745,2025-10-20,4,1011,3052,326,227,20
13746,2025-10-27,4,1011,3138,326,114,392
13747,2025-11-03,4,1011,2727,326,370,342
13748,2025-11-10,4,1011,2925,326,645,40
13749,2025-11-17,4,1011,3266,326,521,423
13750,2025-11-24,4,1011,3443,326,57,272
13751,2025-12-01,4,1011,3541,326,933,476
13752,2025-12-08,4,1011,3773,326,836,496
13753,2025-12-15,4,1011,3542,326,928,311
13754,2025-12-22,4,1011,3511,326,968,468
13755,2025-12-29,4,1011,3660,326,848,18
13756,2024-01-01,4,1012,1229,301,299,73
13757,2024-01-08,4,1012,963,301,150,310
13758,2024-01-15,4,1012,1231,301,222,53
13759,2024-01-22,4,1012,963,301,277,423
13760,2024-01-29,4,1012,826,301,230,18
13761,2024-02-05,4,1012,658,301,96,384
13762,2024-02-12,4,1012,432,301,114,94
13763,2024-02-19,4,1012,516,301,16,150
13764,2024-02-26,4,1012,705,301,209,237
13765,2024-03-04,4,1012,957,301,12,468
13766,2024-03-11,4,1012,1117,301,310,327
13767,2024-03-18,4,1012,1393,301,394,308
13768,2024-03-25,4,1012,1601,301,434,313
13769,2024-04-01,4,1012,1425,301,408,328
13770,2024-04-08,4,1012,1571,301,144,201
13771,2024-04-15,4,1012,1535,301,146,225
13772,2024-04-22,4,1012,1636,301,61,48
13773,2024-04-29,4,1012,1515,301,328,243
13774,2024-05-06,4,1012,1672,301,249,428
13775,2024-05-13,4,1012,1726,301,387,391
13776,2024-05-20,4,1012,1700,301,317,137
13777,2024-05-27,4,1012,1474,301,422,167
13778,2024-06-03,4,1012,1298,301,175,26
13779,2024-06-10,4,1012,1525,301,174,215
13780,2024-06-17,4,1012,1347,301,342,400
13781,2024-06-24,4,1012,1114,301,273,129
13782,2024-07-01,4,1012,892,301,7,142
13783,2024-07-08,4,1012,713,301,69,368
13784,2024-07-15,4,1012,647,301,155,99
13785,2024-07-22,4,1012,853,301,90,169
13786,2024-07-29,4,1012,650,301,76,229
13787,2024-08-05,4,1012,738,301,212,11
13788,2024-08-12,4,1012,661,301,6,78
13789,2024-08-19,4,1012,786,301,78,80
13790,2024-08-26,4,1012,829,301,35,221
13791,2024-09-02,4,1012,792,301,102,357
13792,2024-09-09,4,1012,842,301,155,449
13793,2024-09-16,4,1012,807,301,236,0
13794,2024-09-23,4,1012,1069,301,66,390
13795,2024-09-30,4,1012,1028,301,139,492
13796,2024-10-07,4,1012,942,301,9,183
13797,2024-10-14,4,1012,1009,301,84,261
13798,2024-10-21,4,1012,597,301,121,10
13799,2024-10-28,4,1012,878,301,8,37
13800,2024-11-04,4,1012,1128,301,207,158
13801,2024-11-11,4,1012,978,301,172,346
13802,2024-11-18,4,1012,971,301,187,445
13803,2024-11-25,4,1012,971,301,125,453
13804,2024-12-02,4,1012,569,301,60,211
13805,2024-12-09,4,1012,409,301,24,452
13806,2024-12-16,4,1012,221,301,64,488
13807,2024-12-23,4,1012,0,301,0,169
13808,2024-12-30,4,1012,282,301,43,344
13809,2025-01-06,4,1012,515,301,5,314
13810,2025-01-13,4,1012,532,301,49,202
13811,2025-01-20,4,1012,439,301,97,271
13812,2025-01-27,4,1012,569,301,81,306
13813,2025-02-03,4,1012,289,301,81,313
13814,2025-02-10,4,1012,0,301,0,209
13815,2025-02-17,4,1012,0,301,0,477
13816,2025-02-24,4,1012,0,301,0,305
13817,2025-03-03,4,1012,190,301,12,265
13818,2025-03-10,4,1012,37,301,0,468
13819,2025-03-17,4,1012,206,301,34,261
13820,2025-03-24,4,1012,375,301,49,174
13821,2025-03-31,4,1012,446,301,70,31
13822,2025-04-07,4,1012,596,301,61,338
13823,2025-04-14,4,1012,363,301,25,480
13824,2025-04-21,4,1012,385,301,32,425
13825,2025-04-28,4,1012,181,301,48,258
13826,2025-05-05,4,1012,67,301,0,98
13827,2025-05-12,4,1012,100,301,22,57
13828,2025-05-19,4,1012,0,301,0,391
13829,2025-05-26,4,1012,0,301,0,410
13830,2025-06-02,4,1012,0,301,0,349
13831,2025-06-09,4,1012,0,301,0,419
13832,2025-06-16,4,1012,0,301,0,122
13833,2025-06-23,4,1012,12,301,1,250
13834,2025-06-30,4,1012,172,301,24,467
13835,2025-07-07,4,1012,289,301,5,200
13836,2025-07-14,4,1012,149,301,19,111
13837,2025-07-21,4,1012,41,301,0,62
13838,2025-07-28,4,1012,27,301,2,158
13839,2025-08-04,4,1012,2,301,0,126
13840,2025-08-11,4,1012,0,301,0,210
13841,2025-08-18,4,1012,0,301,0,394
13842,2025-08-25,4,1012,0,301,0,150
13843,2025-09-01,4,1012,30,301,3,179
13844,2025-09-08,4,1012,246,301,3,434
13845,2025-09-15,4,1012,352,301,4,120
13846,2025-09-22,4,1012,322,301,33,160
13847,2025-09-29,4,1012,147,301,43,404
13848,2025-10-06,4,1012,151,301,41,67
13849,2025-10-13,4,1012,180,301,51,431
13850,2025-10-20,4,1012,531,301,10,91
13851,2025-10-27,4,1012,332,301,90,112
13852,2025-11-03,4,1012,173,301,25,467
13853,2025-11-10,4,1012,0,301,0,458
13854,2025-11-17,4,1012,0,301,0,247
13855,2025-11-24,4,1012,0,301,0,271
13856,2025-12-01,4,1012,109,301,6,338
13857,2025-12-08,4,1012,0,301,0,42
13858,2025-12-15,4,1012,224,301,27,413
13859,2025-12-22,4,1012,312,301,34,458
13860,2025-12-29,4,1012,0,301,0,350
13861,2024-01-01,4,1013,1450,308,361,417
13862,2024-01-08,4,1013,1403,308,42,326
13863,2024-01-15,4,1013,1322,308,176,325
13864,2024-01-22,4,1013,1540,308,238,475
13865,2024-01-29,4,1013,1479,308,266,131
13866,2024-02-05,4,1013,1214,308,132,273
13867,2024-02-12,4,1013,946,308,141,347
13868,2024-02-19,4,1013,683,308,198,226
13869,2024-02-26,4,1013,731,308,108,266
13870,2024-03-04,4,1013,941,308,210,406
13871,2024-03-11,4,1013,1011,308,154,68
13872,2024-03-18,4,1013,711,308,137,162
13873,2024-03-25,4,1013,747,308,142,186
13874,2024-04-01,4,1013,554,308,80,243
13875,2024-04-08,4,1013,755,308,206,478
13876,2024-04-15,4,1013,951,308,184,492
13877,2024-04-22,4,1013,942,308,54,356
13878,2024-04-29,4,1013,861,308,61,34
13879,2024-05-06,4,1013,736,308,18,171
13880,2024-05-13,4,1013,867,308,107,218
13881,2024-05-20,4,1013,636,308,167,305
13882,2024-05-27,4,1013,457,308,88,450
13883,2024-06-03,4,1013,307,308,20,453
13884,2024-06-10,4,1013,202,308,54,274
13885,2024-06-17,4,1013,223,308,66,467
13886,2024-06-24,4,1013,226,308,4,404
13887,2024-07-01,4,1013,260,308,9,394
13888,2024-07-08,4,1013,322,308,15,405
13889,2024-07-15,4,1013,569,308,145,367
13890,2024-07-22,4,1013,315,308,2,68
13891,2024-07-29,4,1013,440,308,75,381
13892,2024-08-05,4,1013,567,308,65,174
13893,2024-08-12,4,1013,400,308,90,45
13894,2024-08-19,4,1013,514,308,26,449
13895,2024-08-26,4,1013,556,308,127,276
13896,2024-09-02,4,1013,657,308,186,159
13897,2024-09-09,4,1013,704,308,206,149
13898,2024-09-16,4,1013,812,308,13,53
13899,2024-09-23,4,1013,752,308,5,244
13900,2024-09-30,4,1013,1019,308,222,396
13901,2024-10-07,4,1013,1241,308,33,4
13902,2024-10-14,4,1013,1270,308,370,228
13903,2024-10-21,4,1013,897,308,96,413
13904,2024-10-28,4,1013,605,308,132,156
13905,2024-11-04,4,1013,673,308,141,152
13906,2024-11-11,4,1013,302,308,74,20
13907,2024-11-18,4,1013,444,308,48,92
13908,2024-11-25,4,1013,596,308,39,357
13909,2024-12-02,4,1013,775,308,79,498
13910,2024-12-09,4,1013,649,308,167,281
13911,2024-12-16,4,1013,885,308,240,486
13912,2024-12-23,4,1013,1013,308,221,456
13913,2024-12-30,4,1013,1372,308,99,50
13914,2025-01-06,4,1013,1345,308,263,338
13915,2025-01-13,4,1013,1461,308,54,317
13916,2025-01-20,4,1013,1538,308,288,129
13917,2025-01-27,4,1013,1408,308,268,234
13918,2025-02-03,4,1013,1253,308,200,124
13919,2025-02-10,4,1013,1189,308,16,13
13920,2025-02-17,4,1013,1066,308,3,151
13921,2025-02-24,4,1013,1292,308,122,201
13922,2025-03-03,4,1013,1244,308,35,249
13923,2025-03-10,4,1013,1136,308,57,225
13924,2025-03-17,4,1013,936,308,55,218
13925,2025-03-24,4,1013,942,308,55,331
13926,2025-03-31,4,1013,876,308,257,16
13927,2025-04-07,4,1013,931,308,216,347
13928,2025-04-14,4,1013,725,308,143,25
13929,2025-04-21,4,1013,690,308,190,265
13930,2025-04-28,4,1013,500,308,30,348
13931,2025-05-05,4,1013,235,308,15,80
13932,2025-05-12,4,1013,286,308,38,303
13933,2025-05-19,4,1013,273,308,61,478
13934,2025-05-26,4,1013,167,308,47,59
13935,2025-06-02,4,1013,89,308,0,378
13936,2025-06-09,4,1013,51,308,10,451
13937,2025-06-16,4,1013,0,308,0,184
13938,2025-06-23,4,1013,0,308,0,401
13939,2025-06-30,4,1013,0,308,0,235
13940,2025-07-07,4,1013,269,308,44,380
13941,2025-07-14,4,1013,414,308,82,188
13942,2025-07-21,4,1013,472,308,34,300
13943,2025-07-28,4,1013,229,308,8,400
13944,2025-08-04,4,1013,113,308,4,105
13945,2025-08-11,4,1013,0,308,0,304
13946,2025-08-18,4,1013,0,308,0,478
13947,2025-08-25,4,1013,0,308,0,450
13948,2025-09-01,4,1013,0,308,0,105
13949,2025-09-08,4,1013,0,308,0,422
13950,2025-09-15,4,1013,212,308,53,361
13951,2025-09-22,4,1013,491,308,51,150
13952,2025-09-29,4,1013,527,308,120,204
13953,2025-10-06,4,1013,109,308,3,177
13954,2025-10-13,4,1013,0,308,0,280
13955,2025-10-20,4,1013,46,308,4,279
13956,2025-10-27,4,1013,69,308,3,344
13957,2025-11-03,4,1013,0,308,0,373
13958,2025-11-10,4,1013,0,308,0,371
13959,2025-11-17,4,1013,0,308,0,271
13960,2025-11-24,4,1013,309,308,5,394
13961,2025-12-01,4,1013,295,308,9,30
13962,2025-12-08,4,1013,0,308,0,229
13963,2025-12-15,4,1013,51,308,13,350
13964,2025-12-22,4,1013,0,308,0,11
13965,2025-12-29,4,1013,186,308,4,18
13966,2024-01-01,4,1014,3121,332,935,153
13967,2024-01-08,4,1014,2993,332,459,357
13968,2024-01-15,4,1014,3259,332,615,388
13969,2024-01-22,4,1014,3170,332,311,388
13970,2024-01-29,4,1014,3033,332,74,431
13971,2024-02-05,4,1014,2793,332,612,90
13972,2024-02-12,4,1014,2815,332,109,111
13973,2024-02-19,4,1014,2748,332,192,486
13974,2024-02-26,4,1014,2691,332,503,234
13975,2024-03-04,4,1014,2462,332,531,87
13976,2024-03-11,4,1014,2184,332,6,160
13977,2024-03-18,4,1014,2375,332,507,49
13978,2024-03-25,4,1014,2123,332,38,350
13979,2024-04-01,4,1014,2303,332,62,285
13980,2024-04-08,4,1014,2434,332,455,148
13981,2024-04-15,4,1014,2621,332,356,260
13982,2024-04-22,4,1014,2656,332,109,347
13983,2024-04-29,4,1014,2869,332,310,446
13984,2024-05-06,4,1014,2700,332,24,321
13985,2024-05-13,4,1014,2662,332,1,331
13986,2024-05-20,4,1014,2720,332,602,33
13987,2024-05-27,4,1014,2484,332,347,34
13988,2024-06-03,4,1014,2450,332,100,109
13989,2024-06-10,4,1014,2445,332,482,336
13990,2024-06-17,4,1014,2552,332,98,361
13991,2024-06-24,4,1014,2674,332,531,136
13992,2024-07-01,4,1014,2461,332,146,163
13993,2024-07-08,4,1014,2348,332,517,84
13994,2024-07-15,4,1014,2238,332,507,478
13995,2024-07-22,4,1014,2326,332,510,312
13996,2024-07-29,4,1014,2069,332,274,276
13997,2024-08-05,4,1014,1948,332,45,467
13998,2024-08-12,4,1014,1870,332,359,194
13999,2024-08-19,4,1014,1942,332,527,187
14000,2024-08-26,4,1014,2012,332,51,169
14001,2024-09-02,4,1014,2122,332,53,477
14002,2024-09-09,4,1014,2303,332,25,101
14003,2024-09-16,4,1014,2322,332,571,495
14004,2024-09-23,4,1014,2232,332,278,479
14005,2024-09-30,4,1014,2313,332,223,28
14006,2024-10-07,4,1014,2660,332,157,159
14007,2024-10-14,4,1014,2269,332,640,317
14008,2024-10-21,4,1014,2222,332,539,404
14009,2024-10-28,4,1014,2346,332,550,123
14010,2024-11-04,4,1014,2211,332,627,464
14011,2024-11-11,4,1014,2005,332,375,418
14012,2024-11-18,4,1014,2013,332,38,398
14013,2024-11-25,4,1014,2253,332,61,293
14014,2024-12-02,4,1014,2457,332,330,435
14015,2024-12-09,4,1014,2595,332,302,253
14016,2024-12-16,4,1014,2714,332,519,35
14017,2024-12-23,4,1014,2617,332,670,339
14018,2024-12-30,4,1014,2964,332,842,10
14019,2025-01-06,4,1014,3132,332,165,19
14020,2025-01-13,4,1014,3391,332,586,179
14021,2025-01-20,4,1014,3215,332,573,140
14022,2025-01-27,4,1014,3265,332,422,217
14023,2025-02-03,4,1014,3029,332,604,376
14024,2025-02-10,4,1014,2827,332,221,291
14025,2025-02-17,4,1014,2984,332,596,10
14026,2025-02-24,4,1014,2771,332,470,58
14027,2025-03-03,4,1014,2623,332,567,294
14028,2025-03-10,4,1014,2525,332,150,42
14029,2025-03-17,4,1014,2421,332,638,169
14030,2025-03-24,4,1014,2148,332,471,174
14031,2025-03-31,4,1014,2389,332,184,486
14032,2025-04-07,4,1014,2183,332,614,352
14033,2025-04-14,4,1014,2119,332,131,69
14034,2025-04-21,4,1014,2002,332,310,499
14035,2025-04-28,4,1014,1944,332,309,437
14036,2025-05-05,4,1014,1868,332,297,383
14037,2025-05-12,4,1014,2091,332,513,104
14038,2025-05-19,4,1014,2136,332,270,419
14039,2025-05-26,4,1014,2327,332,247,472
14040,2025-06-02,4,1014,2537,332,143,432
14041,2025-06-09,4,1014,2393,332,431,192
14042,2025-06-16,4,1014,2498,332,689,147
14043,2025-06-23,4,1014,2444,332,301,354
14044,2025-06-30,4,1014,2183,332,444,363
14045,2025-07-07,4,1014,2338,332,7,304
14046,2025-07-14,4,1014,2409,332,215,363
14047,2025-07-21,4,1014,2543,332,54,362
14048,2025-07-28,4,1014,2528,332,661,296
14049,2025-08-04,4,1014,2689,332,581,26
14050,2025-08-11,4,1014,2538,332,413,75
14051,2025-08-18,4,1014,2541,332,372,58
14052,2025-08-25,4,1014,2524,332,16,315
14053,2025-09-01,4,1014,2622,332,472,388
14054,2025-09-08,4,1014,2639,332,565,160
14055,2025-09-15,4,1014,2659,332,340,11
14056,2025-09-22,4,1014,2552,332,302,119
14057,2025-09-29,4,1014,2552,332,286,262
14058,2025-10-06,4,1014,2489,332,476,440
14059,2025-10-13,4,1014,2518,332,329,29
14060,2025-10-20,4,1014,2805,332,288,308
14061,2025-10-27,4,1014,2602,332,265,475
14062,2025-11-03,4,1014,2688,332,6,392
14063,2025-11-10,4,1014,2563,332,33,204
14064,2025-11-17,4,1014,2781,332,307,171
14065,2025-11-24,4,1014,2492,332,371,154
14066,2025-12-01,4,1014,2367,332,658,416
14067,2025-12-08,4,1014,2490,332,356,350
14068,2025-12-15,4,1014,2855,332,625,438
14069,2025-12-22,4,1014,2591,332,361,457
14070,2025-12-29,4,1014,2577,332,707,199
14071,2024-01-01,4,1015,2214,316,108,343
14072,2024-01-08,4,1015,2229,316,121,202
14073,2024-01-15,4,1015,2216,316,578,224
14074,2024-01-22,4,1015,2328,316,105,427
14075,2024-01-29,4,1015,2089,316,597,207
14076,2024-02-05,4,1015,1873,316,88,63
14077,2024-02-12,4,1015,1601,316,250,46
14078,2024-02-19,4,1015,1514,316,403,498
14079,2024-02-26,4,1015,1643,316,397,112
14080,2024-03-04,4,1015,1906,316,343,13
14081,2024-03-11,4,1015,1616,316,171,436
14082,2024-03-18,4,1015,1385,316,271,193
14083,2024-03-25,4,1015,1499,316,243,436
14084,2024-04-01,4,1015,1554,316,273,469
14085,2024-04-08,4,1015,1296,316,328,172
14086,2024-04-15,4,1015,1047,316,202,407
14087,2024-04-22,4,1015,851,316,0,68
14088,2024-04-29,4,1015,1062,316,80,25
14089,2024-05-06,4,1015,939,316,173,118
14090,2024-05-13,4,1015,1185,316,9,215
14091,2024-05-20,4,1015,1090,316,194,432
14092,2024-05-27,4,1015,905,316,104,196
14093,2024-06-03,4,1015,895,316,137,52
14094,2024-06-10,4,1015,803,316,125,495
14095,2024-06-17,4,1015,561,316,104,7
14096,2024-06-24,4,1015,287,316,78,3
14097,2024-07-01,4,1015,1,316,0,257
14098,2024-07-08,4,1015,0,316,0,437
14099,2024-07-15,4,1015,0,316,0,272
14100,2024-07-22,4,1015,0,316,0,462
14101,2024-07-29,4,1015,40,316,5,203
14102,2024-08-05,4,1015,50,316,2,435
14103,2024-08-12,4,1015,9,316,1,349
14104,2024-08-19,4,1015,0,316,0,479
14105,2024-08-26,4,1015,21,316,0,242
14106,2024-09-02,4,1015,297,316,22,420
14107,2024-09-09,4,1015,210,316,35,377
14108,2024-09-16,4,1015,0,316,0,24
14109,2024-09-23,4,1015,113,316,9,63
14110,2024-09-30,4,1015,320,316,21,137
14111,2024-10-07,4,1015,486,316,77,434
14112,2024-10-14,4,1015,213,316,6,58
14113,2024-10-21,4,1015,102,316,20,295
14114,2024-10-28,4,1015,0,316,0,356
14115,2024-11-04,4,1015,330,316,77,316
14116,2024-11-11,4,1015,0,316,0,39
14117,2024-11-18,4,1015,0,316,0,91
14118,2024-11-25,4,1015,0,316,0,387
14119,2024-12-02,4,1015,0,316,0,159
14120,2024-12-09,4,1015,0,316,0,350
14121,2024-12-16,4,1015,0,316,0,323
14122,2024-12-23,4,1015,0,316,0,142
14123,2024-12-30,4,1015,0,316,0,448
14124,2025-01-06,4,1015,0,316,0,277
14125,2025-01-13,4,1015,0,316,0,21
14126,2025-01-20,4,1015,211,316,38,233
14127,2025-01-27,4,1015,433,316,66,81
14128,2025-02-03,4,1015,665,316,107,486
14129,2025-02-10,4,1015,418,316,30,31
14130,2025-02-17,4,1015,326,316,57,19
14131,2025-02-24,4,1015,195,316,45,438
14132,2025-03-03,4,1015,85,316,19,22
14133,2025-03-10,4,1015,252,316,64,254
14134,2025-03-17,4,1015,350,316,42,198
14135,2025-03-24,4,1015,445,316,45,493
14136,2025-03-31,4,1015,309,316,90,98
14137,2025-04-07,4,1015,87,316,2,452
14138,2025-04-14,4,1015,358,316,91,107
14139,2025-04-21,4,1015,369,316,34,109
14140,2025-04-28,4,1015,212,316,21,173
14141,2025-05-05,4,1015,346,316,18,115
14142,2025-05-12,4,1015,462,316,70,181
14143,2025-05-19,4,1015,354,316,4,11
14144,2025-05-26,4,1015,287,316,15,275
14145,2025-06-02,4,1015,19,316,0,80
14146,2025-06-09,4,1015,0,316,0,396
14147,2025-06-16,4,1015,13,316,2,252
14148,2025-06-23,4,1015,230,316,56,125
14149,2025-06-30,4,1015,152,316,19,485
14150,2025-07-07,4,1015,276,316,17,494
14151,2025-07-14,4,1015,519,316,81,380
14152,2025-07-21,4,1015,638,316,173,272
14153,2025-07-28,4,1015,585,316,0,477
14154,2025-08-04,4,1015,490,316,43,118
14155,2025-08-11,4,1015,391,316,69,235
14156,2025-08-18,4,1015,355,316,105,425
14157,2025-08-25,4,1015,437,316,41,229
14158,2025-09-01,4,1015,556,316,117,380
14159,2025-09-08,4,1015,356,316,69,59
14160,2025-09-15,4,1015,357,316,7,416
14161,2025-09-22,4,1015,439,316,2,272
14162,2025-09-29,4,1015,533,316,8,141
14163,2025-10-06,4,1015,856,316,154,483
14164,2025-10-13,4,1015,591,316,156,496
14165,2025-10-20,4,1015,389,316,60,201
14166,2025-10-27,4,1015,159,316,10,357
14167,2025-11-03,4,1015,48,316,12,30
14168,2025-11-10,4,1015,0,316,0,305
14169,2025-11-17,4,1015,0,316,0,353
14170,2025-11-24,4,1015,243,316,24,133
14171,2025-12-01,4,1015,0,316,0,93
14172,2025-12-08,4,1015,0,316,0,129
14173,2025-12-15,4,1015,0,316,0,389
14174,2025-12-22,4,1015,95,316,25,256
14175,2025-12-29,4,1015,194,316,46,61
14176,2024-01-01,4,1016,2310,276,237,377
14177,2024-01-08,4,1016,2332,276,569,170
14178,2024-01-15,4,1016,2144,276,595,18
14179,2024-01-22,4,1016,2112,276,202,66
14180,2024-01-29,4,1016,1936,276,184,39
14181,2024-02-05,4,1016,1818,276,442,11
14182,2024-02-12,4,1016,1757,276,170,198
14183,2024-02-19,4,1016,1545,276,289,301
14184,2024-02-26,4,1016,1465,276,361,128
14185,2024-03-04,4,1016,1250,276,220,185
14186,2024-03-11,4,1016,985,276,37,466
14187,2024-03-18,4,1016,1253,276,262,409
14188,2024-03-25,4,1016,1256,276,39,36
14189,2024-04-01,4,1016,963,276,74,75
14190,2024-04-08,4,1016,945,276,21,57
14191,2024-04-15,4,1016,851,276,66,498
14192,2024-04-22,4,1016,1086,276,202,115
14193,2024-04-29,4,1016,1106,276,161,162
14194,2024-05-06,4,1016,893,276,101,153
14195,2024-05-13,4,1016,946,276,239,227
14196,2024-05-20,4,1016,1200,276,240,298
14197,2024-05-27,4,1016,1336,276,206,298
14198,2024-06-03,4,1016,1149,276,235,476
14199,2024-06-10,4,1016,1271,276,90,246
14200,2024-06-17,4,1016,1488,276,227,6
14201,2024-06-24,4,1016,1585,276,247,71
14202,2024-07-01,4,1016,1620,276,357,466
14203,2024-07-08,4,1016,1450,276,342,202
14204,2024-07-15,4,1016,1347,276,225,235
14205,2024-07-22,4,1016,1398,276,391,354
14206,2024-07-29,4,1016,1200,276,152,167
14207,2024-08-05,4,1016,1056,276,135,484
14208,2024-08-12,4,1016,1128,276,107,233
14209,2024-08-19,4,1016,1168,276,259,327
14210,2024-08-26,4,1016,1178,276,295,49
14211,2024-09-02,4,1016,914,276,197,399
14212,2024-09-09,4,1016,1111,276,253,436
14213,2024-09-16,4,1016,1048,276,98,156
14214,2024-09-23,4,1016,849,276,104,335
14215,2024-09-30,4,1016,723,276,140,33
14216,2024-10-07,4,1016,462,276,0,40
14217,2024-10-14,4,1016,667,276,151,4
14218,2024-10-21,4,1016,444,276,85,184
14219,2024-10-28,4,1016,670,276,71,268
14220,2024-11-04,4,1016,681,276,57,461
14221,2024-11-11,4,1016,496,276,60,287
14222,2024-11-18,4,1016,539,276,120,343
14223,2024-11-25,4,1016,378,276,50,46
14224,2024-12-02,4,1016,739,276,203,30
14225,2024-12-09,4,1016,408,276,91,290
14226,2024-12-16,4,1016,490,276,91,75
14227,2024-12-23,4,1016,583,276,76,156
14228,2024-12-30,4,1016,829,276,162,403
14229,2025-01-06,4,1016,945,276,234,299
14230,2025-01-13,4,1016,895,276,31,168
14231,2025-01-20,4,1016,654,276,126,468
14232,2025-01-27,4,1016,642,276,155,75
14233,2025-02-03,4,1016,368,276,6,62
14234,2025-02-10,4,1016,513,276,153,114
14235,2025-02-17,4,1016,704,276,88,65
14236,2025-02-24,4,1016,912,276,9,492
14237,2025-03-03,4,1016,1036,276,53,274
14238,2025-03-10,4,1016,900,276,94,293
14239,2025-03-17,4,1016,703,276,106,491
14240,2025-03-24,4,1016,650,276,103,113
14241,2025-03-31,4,1016,563,276,15,493
14242,2025-04-07,4,1016,730,276,176,355
14243,2025-04-14,4,1016,849,276,167,244
14244,2025-04-21,4,1016,825,276,183,286
14245,2025-04-28,4,1016,1028,276,233,420
14246,2025-05-05,4,1016,875,276,53,128
14247,2025-05-12,4,1016,903,276,106,224
14248,2025-05-19,4,1016,804,276,225,144
14249,2025-05-26,4,1016,931,276,140,228
14250,2025-06-02,4,1016,830,276,65,75
14251,2025-06-09,4,1016,1108,276,98,8
14252,2025-06-16,4,1016,1298,276,51,49
14253,2025-06-23,4,1016,1442,276,212,332
14254,2025-06-30,4,1016,1404,276,340,491
14255,2025-07-07,4,1016,1135,276,3,47
14256,2025-07-14,4,1016,896,276,12,108
14257,2025-07-21,4,1016,1135,276,40,196
14258,2025-07-28,4,1016,1291,276,292,92
14259,2025-08-04,4,1016,1111,276,93,432
14260,2025-08-11,4,1016,1211,276,236,314
14261,2025-08-18,4,1016,1300,276,323,143
14262,2025-08-25,4,1016,1130,276,227,21
14263,2025-09-01,4,1016,849,276,236,381
14264,2025-09-08,4,1016,796,276,76,458
14265,2025-09-15,4,1016,596,276,121,468
14266,2025-09-22,4,1016,771,276,25,255
14267,2025-09-29,4,1016,1040,276,25,483
14268,2025-10-06,4,1016,1255,276,25,121
14269,2025-10-13,4,1016,1003,276,47,159
14270,2025-10-20,4,1016,720,276,185,265
14271,2025-10-27,4,1016,837,276,244,385
14272,2025-11-03,4,1016,597,276,34,279
14273,2025-11-10,4,1016,310,276,77,359
14274,2025-11-17,4,1016,158,276,28,402
14275,2025-11-24,4,1016,19,276,3,134
14276,2025-12-01,4,1016,159,276,5,345
14277,2025-12-08,4,1016,471,276,43,268
14278,2025-12-15,4,1016,184,276,43,420
14279,2025-12-22,4,1016,571,276,56,80
14280,2025-12-29,4,1016,484,276,27,313
14281,2024-01-01,4,1017,96,402,27,67
14282,2024-01-08,4,1017,359,402,85,441
14283,2024-01-15,4,1017,212,402,40,470
14284,2024-01-22,4,1017,169,402,13,196
14285,2024-01-29,4,1017,0,402,0,379
14286,2024-02-05,4,1017,65,402,12,244
14287,2024-02-12,4,1017,78,402,10,321
14288,2024-02-19,4,1017,114,402,7,102
14289,2024-02-26,4,1017,0,402,0,63
14290,2024-03-04,4,1017,197,402,13,198
14291,2024-03-11,4,1017,241,402,24,23
14292,2024-03-18,4,1017,220,402,46,65
14293,2024-03-25,4,1017,483,402,5,252
14294,2024-04-01,4,1017,256,402,1,81
14295,2024-04-08,4,1017,440,402,21,127
14296,2024-04-15,4,1017,692,402,41,51
14297,2024-04-22,4,1017,789,402,5,343
14298,2024-04-29,4,1017,810,402,130,87
14299,2024-05-06,4,1017,1010,402,142,155
14300,2024-05-13,4,1017,902,402,72,493
14301,2024-05-20,4,1017,725,402,1,432
14302,2024-05-27,4,1017,458,402,38,182
14303,2024-06-03,4,1017,542,402,159,327
14304,2024-06-10,4,1017,321,402,49,299
14305,2024-06-17,4,1017,206,402,0,358
14306,2024-06-24,4,1017,384,402,11,379
14307,2024-07-01,4,1017,489,402,132,462
14308,2024-07-08,4,1017,751,402,1,185
14309,2024-07-15,4,1017,898,402,218,132
14310,2024-07-22,4,1017,1120,402,136,170
14311,2024-07-29,4,1017,1107,402,93,331
14312,2024-08-05,4,1017,1155,402,154,315
14313,2024-08-12,4,1017,1164,402,338,499
14314,2024-08-19,4,1017,1131,402,141,254
14315,2024-08-26,4,1017,997,402,100,10
14316,2024-09-02,4,1017,891,402,205,363
14317,2024-09-09,4,1017,826,402,223,81
14318,2024-09-16,4,1017,706,402,184,81
14319,2024-09-23,4,1017,617,402,43,208
14320,2024-09-30,4,1017,871,402,224,354
14321,2024-10-07,4,1017,955,402,219,481
14322,2024-10-14,4,1017,885,402,104,480
14323,2024-10-21,4,1017,605,402,85,452
14324,2024-10-28,4,1017,759,402,219,61
14325,2024-11-04,4,1017,473,402,13,75
14326,2024-11-11,4,1017,496,402,82,155
14327,2024-11-18,4,1017,855,402,153,160
14328,2024-11-25,4,1017,842,402,189,299
14329,2024-12-02,4,1017,752,402,141,484
14330,2024-12-09,4,1017,484,402,3,123
14331,2024-12-16,4,1017,687,402,75,311
14332,2024-12-23,4,1017,314,402,31,181
14333,2024-12-30,4,1017,704,402,102,212
14334,2025-01-06,4,1017,868,402,200,335
14335,2025-01-13,4,1017,603,402,15,229
14336,2025-01-20,4,1017,787,402,211,220
14337,2025-01-27,4,1017,944,402,273,453
14338,2025-02-03,4,1017,804,402,169,395
14339,2025-02-10,4,1017,522,402,52,272
14340,2025-02-17,4,1017,456,402,24,406
14341,2025-02-24,4,1017,351,402,57,368
14342,2025-03-03,4,1017,428,402,50,292
14343,2025-03-10,4,1017,509,402,119,281
14344,2025-03-17,4,1017,459,402,111,241
14345,2025-03-24,4,1017,265,402,63,11
14346,2025-03-31,4,1017,470,402,130,445
14347,2025-04-07,4,1017,301,402,39,230
14348,2025-04-14,4,1017,319,402,7,187
14349,2025-04-21,4,1017,121,402,9,437
14350,2025-04-28,4,1017,237,402,54,75
14351,2025-05-05,4,1017,76,402,17,69
14352,2025-05-12,4,1017,75,402,5,416
14353,2025-05-19,4,1017,0,402,0,50
14354,2025-05-26,4,1017,0,402,0,67
14355,2025-06-02,4,1017,0,402,0,449
14356,2025-06-09,4,1017,220,402,39,117
14357,2025-06-16,4,1017,116,402,10,45
14358,2025-06-23,4,1017,371,402,94,457
14359,2025-06-30,4,1017,461,402,94,385
14360,2025-07-07,4,1017,599,402,114,366
14361,2025-07-14,4,1017,614,402,9,283
14362,2025-07-21,4,1017,592,402,41,49
14363,2025-07-28,4,1017,775,402,51,273
14364,2025-08-04,4,1017,917,402,160,233
14365,2025-08-11,4,1017,944,402,158,374
14366,2025-08-18,4,1017,941,402,127,338
14367,2025-08-25,4,1017,834,402,191,461
14368,2025-09-01,4,1017,660,402,35,222
14369,2025-09-08,4,1017,666,402,89,354
14370,2025-09-15,4,1017,762,402,137,112
14371,2025-09-22,4,1017,762,402,177,193
14372,2025-09-29,4,1017,713,402,100,141
14373,2025-10-06,4,1017,556,402,141,176
14374,2025-10-13,4,1017,852,402,60,212
14375,2025-10-20,4,1017,489,402,136,431
14376,2025-10-27,4,1017,293,402,77,184
14377,2025-11-03,4,1017,129,402,28,245
14378,2025-11-10,4,1017,0,402,0,136
14379,2025-11-17,4,1017,0,402,0,259
14380,2025-11-24,4,1017,0,402,0,0
14381,2025-12-01,4,1017,0,402,0,313
14382,2025-12-08,4,1017,0,402,0,16
14383,2025-12-15,4,1017,334,402,15,61
14384,2025-12-22,4,1017,0,402,0,380
14385,2025-12-29,4,1017,75,402,7,230
14386,2024-01-01,4,1018,3515,433,22,274
14387,2024-01-08,4,1018,3478,433,729,249
14388,2024-01-15,4,1018,3724,433,352,469
14389,2024-01-22,4,1018,3791,433,290,112
14390,2024-01-29,4,1018,3856,433,101,208
14391,2024-02-05,4,1018,3721,433,495,184
14392,2024-02-12,4,1018,3455,433,202,353
14393,2024-02-19,4,1018,3216,433,911,470
14394,2024-02-26,4,1018,3213,433,565,388
14395,2024-03-04,4,1018,3387,433,348,251
14396,2024-03-11,4,1018,3145,433,159,71
14397,2024-03-18,4,1018,3243,433,921,485
14398,2024-03-25,4,1018,3204,433,296,255
14399,2024-04-01,4,1018,3415,433,406,68
14400,2024-04-08,4,1018,3189,433,247,295
14401,2024-04-15,4,1018,3341,433,864,445
14402,2024-04-22,4,1018,3499,433,1033,368
14403,2024-04-29,4,1018,3276,433,482,97
14404,2024-05-06,4,1018,3358,433,983,336
14405,2024-05-13,4,1018,3608,433,386,315
14406,2024-05-20,4,1018,3823,433,590,436
14407,2024-05-27,4,1018,3578,433,62,381
14408,2024-06-03,4,1018,3857,433,1089,477
14409,2024-06-10,4,1018,3923,433,823,150
14410,2024-06-17,4,1018,3961,433,945,2
14411,2024-06-24,4,1018,3825,433,285,49
14412,2024-07-01,4,1018,3815,433,233,202
14413,2024-07-08,4,1018,3814,433,1093,308
14414,2024-07-15,4,1018,3692,433,668,392
14415,2024-07-22,4,1018,3912,433,671,358
14416,2024-07-29,4,1018,3672,433,684,316
14417,2024-08-05,4,1018,3700,433,351,473
14418,2024-08-12,4,1018,3734,433,859,282
14419,2024-08-19,4,1018,3836,433,900,114
14420,2024-08-26,4,1018,3831,433,875,362
14421,2024-09-02,4,1018,3563,433,779,404
14422,2024-09-09,4,1018,3410,433,87,247
14423,2024-09-16,4,1018,3385,433,187,225
14424,2024-09-23,4,1018,3652,433,205,317
14425,2024-09-30,4,1018,3893,433,980,286
14426,2024-10-07,4,1018,4160,433,549,33
14427,2024-10-14,4,1018,3954,433,569,267
14428,2024-10-21,4,1018,4308,433,389,249
14429,2024-10-28,4,1018,3995,433,912,167
14430,2024-11-04,4,1018,3962,433,289,456
14431,2024-11-11,4,1018,3578,433,866,56
14432,2024-11-18,4,1018,3366,433,12,201
14433,2024-11-25,4,1018,3744,433,954,26
14434,2024-12-02,4,1018,3828,433,677,176
14435,2024-12-09,4,1018,3577,433,454,330
14436,2024-12-16,4,1018,3661,433,329,255
14437,2024-12-23,4,1018,3794,433,729,307
14438,2024-12-30,4,1018,4104,433,111,483
14439,2025-01-06,4,1018,3828,433,0,390
14440,2025-01-13,4,1018,4096,433,745,491
14441,2025-01-20,4,1018,4233,433,821,167
14442,2025-01-27,4,1018,4066,433,814,128
14443,2025-02-03,4,1018,4148,433,1132,420
14444,2025-02-10,4,1018,4054,433,768,363
14445,2025-02-17,4,1018,3981,433,208,85
14446,2025-02-24,4,1018,4126,433,576,132
14447,2025-03-03,4,1018,4061,433,560,456
14448,2025-03-10,4,1018,4288,433,777,47
14449,2025-03-17,4,1018,4117,433,526,151
14450,2025-03-24,4,1018,3875,433,365,99
14451,2025-03-31,4,1018,3774,433,160,20
14452,2025-04-07,4,1018,3980,433,745,111
14453,2025-04-14,4,1018,3689,433,111,410
14454,2025-04-21,4,1018,3954,433,117,1
14455,2025-04-28,4,1018,4053,433,919,256
14456,2025-05-05,4,1018,4266,433,1111,165
14457,2025-05-12,4,1018,4353,433,867,428
14458,2025-05-19,4,1018,4332,433,76,362
14459,2025-05-26,4,1018,4381,433,498,427
14460,2025-06-02,4,1018,4367,433,851,112
14461,2025-06-09,4,1018,4428,433,1020,88
14462,2025-06-16,4,1018,4524,433,1150,153
14463,2025-06-23,4,1018,4793,433,546,317
14464,2025-06-30,4,1018,4787,433,31,441
14465,2025-07-07,4,1018,4634,433,720,104
14466,2025-07-14,4,1018,4549,433,595,485
14467,2025-07-21,4,1018,4548,433,1127,355
14468,2025-07-28,4,1018,4273,433,801,412
14469,2025-08-04,4,1018,4294,433,460,370
14470,2025-08-11,4,1018,4376,433,1301,383
14471,2025-08-18,4,1018,4426,433,890,444
14472,2025-08-25,4,1018,4327,433,1133,133
14473,2025-09-01,4,1018,4092,433,959,355
14474,2025-09-08,4,1018,4310,433,933,461
14475,2025-09-15,4,1018,4192,433,661,355
14476,2025-09-22,4,1018,4394,433,97,102
14477,2025-09-29,4,1018,4237,433,269,496
14478,2025-10-06,4,1018,4332,433,140,319
14479,2025-10-13,4,1018,4130,433,1052,162
14480,2025-10-20,4,1018,4211,433,668,99
14481,2025-10-27,4,1018,3870,433,185,238
14482,2025-11-03,4,1018,3539,433,205,60
14483,2025-11-10,4,1018,3309,433,428,105
14484,2025-11-17,4,1018,3157,433,29,392
14485,2025-11-24,4,1018,3406,433,843,436
14486,2025-12-01,4,1018,3287,433,886,250
14487,2025-12-08,4,1018,3652,433,416,4
14488,2025-12-15,4,1018,3778,433,973,205
14489,2025-12-22,4,1018,3995,433,281,419
14490,2025-12-29,4,1018,4025,433,516,107
14491,2024-01-01,4,1019,1125,575,2,315
14492,2024-01-08,4,1019,943,575,28,81
14493,2024-01-15,4,1019,1009,575,46,497
14494,2024-01-22,4,1019,1204,575,311,415
14495,2024-01-29,4,1019,1076,575,17,251
14496,2024-02-05,4,1019,1027,575,182,380
14497,2024-02-12,4,1019,1169,575,195,320
14498,2024-02-19,4,1019,1270,575,378,166
14499,2024-02-26,4,1019,1182,575,251,346
14500,2024-03-04,4,1019,1041,575,18,275
14501,2024-03-11,4,1019,990,575,141,293
14502,2024-03-18,4,1019,984,575,137,208
14503,2024-03-25,4,1019,765,575,198,426
14504,2024-04-01,4,1019,569,575,97,433
14505,2024-04-08,4,1019,650,575,52,373
14506,2024-04-15,4,1019,583,575,110,77
14507,2024-04-22,4,1019,587,575,118,451
14508,2024-04-29,4,1019,505,575,66,462
14509,2024-05-06,4,1019,627,575,165,208
14510,2024-05-13,4,1019,510,575,36,285
14511,2024-05-20,4,1019,576,575,44,17
14512,2024-05-27,4,1019,757,575,224,2
14513,2024-06-03,4,1019,857,575,41,78
14514,2024-06-10,4,1019,1037,575,294,361
14515,2024-06-17,4,1019,761,575,50,83
14516,2024-06-24,4,1019,882,575,130,173
14517,2024-07-01,4,1019,854,575,11,38
14518,2024-07-08,4,1019,1047,575,312,1
14519,2024-07-15,4,1019,922,575,249,325
14520,2024-07-22,4,1019,623,575,169,384
14521,2024-07-29,4,1019,344,575,83,199
14522,2024-08-05,4,1019,273,575,42,487
14523,2024-08-12,4,1019,299,575,86,404
14524,2024-08-19,4,1019,308,575,0,367
14525,2024-08-26,4,1019,417,575,13,399
14526,2024-09-02,4,1019,236,575,61,472
14527,2024-09-09,4,1019,199,575,37,161
14528,2024-09-16,4,1019,49,575,4,485
14529,2024-09-23,4,1019,0,575,0,376
14530,2024-09-30,4,1019,0,575,0,254
14531,2024-10-07,4,1019,0,575,0,230
14532,2024-10-14,4,1019,105,575,10,253
14533,2024-10-21,4,1019,0,575,0,427
14534,2024-10-28,4,1019,0,575,0,386
14535,2024-11-04,4,1019,182,575,15,493
14536,2024-11-11,4,1019,28,575,5,42
14537,2024-11-18,4,1019,0,575,0,317
14538,2024-11-25,4,1019,365,575,40,9
14539,2024-12-02,4,1019,542,575,24,83
14540,2024-12-09,4,1019,211,575,31,440
14541,2024-12-16,4,1019,386,575,16,257
14542,2024-12-23,4,1019,710,575,79,467
14543,2024-12-30,4,1019,802,575,18,293
14544,2025-01-06,4,1019,562,575,13,268
14545,2025-01-13,4,1019,603,575,157,221
14546,2025-01-20,4,1019,479,575,57,23
14547,2025-01-27,4,1019,215,575,12,126
14548,2025-02-03,4,1019,458,575,126,199
14549,2025-02-10,4,1019,242,575,44,232
14550,2025-02-17,4,1019,0,575,0,418
14551,2025-02-24,4,1019,0,575,0,170
14552,2025-03-03,4,1019,163,575,13,47
14553,2025-03-10,4,1019,177,575,23,304
14554,2025-03-17,4,1019,416,575,6,96
14555,2025-03-24,4,1019,489,575,5,243
14556,2025-03-31,4,1019,470,575,8,93
14557,2025-04-07,4,1019,280,575,13,286
14558,2025-04-14,4,1019,30,575,1,186
14559,2025-04-21,4,1019,59,575,11,449
14560,2025-04-28,4,1019,0,575,0,209
14561,2025-05-05,4,1019,0,575,0,409
14562,2025-05-12,4,1019,176,575,27,254
14563,2025-05-19,4,1019,179,575,7,404
14564,2025-05-26,4,1019,0,575,0,279
14565,2025-06-02,4,1019,0,575,0,413
14566,2025-06-09,4,1019,187,575,8,386
14567,2025-06-16,4,1019,90,575,13,454
14568,2025-06-23,4,1019,125,575,19,396
14569,2025-06-30,4,1019,70,575,8,306
14570,2025-07-07,4,1019,106,575,16,82
14571,2025-07-14,4,1019,371,575,3,493
14572,2025-07-21,4,1019,546,575,15,175
14573,2025-07-28,4,1019,249,575,24,343
14574,2025-08-04,4,1019,256,575,13,490
14575,2025-08-11,4,1019,142,575,42,232
14576,2025-08-18,4,1019,197,575,6,99
14577,2025-08-25,4,1019,238,575,5,327
14578,2025-09-01,4,1019,75,575,6,200
14579,2025-09-08,4,1019,286,575,7,243
14580,2025-09-15,4,1019,324,575,7,443
14581,2025-09-22,4,1019,55,575,13,460
14582,2025-09-29,4,1019,0,575,0,421
14583,2025-10-06,4,1019,273,575,65,487
14584,2025-10-13,4,1019,0,575,0,210
14585,2025-10-20,4,1019,0,575,0,470
14586,2025-10-27,4,1019,270,575,74,315
14587,2025-11-03,4,1019,649,575,41,278
14588,2025-11-10,4,1019,639,575,133,87
14589,2025-11-17,4,1019,961,575,26,175
14590,2025-11-24,4,1019,721,575,27,34
14591,2025-12-01,4,1019,999,575,13,386
14592,2025-12-08,4,1019,658,575,0,385
14593,2025-12-15,4,1019,728,575,190,38
14594,2025-12-22,4,1019,774,575,135,412
14595,2025-12-29,4,1019,356,575,5,112
14596,2024-01-01,4,1020,2544,522,598,198
14597,2024-01-08,4,1020,2559,522,626,422
14598,2024-01-15,4,1020,2651,522,714,339
14599,2024-01-22,4,1020,2792,522,147,378
14600,2024-01-29,4,1020,2619,522,233,485
14601,2024-02-05,4,1020,2473,522,99,185
14602,2024-02-12,4,1020,2633,522,235,332
14603,2024-02-19,4,1020,2626,522,744,70
14604,2024-02-26,4,1020,2497,522,453,477
14605,2024-03-04,4,1020,2493,522,670,463
14606,2024-03-11,4,1020,2743,522,810,40
14607,2024-03-18,4,1020,2579,522,721,478
14608,2024-03-25,4,1020,2771,522,422,19
14609,2024-04-01,4,1020,2817,522,8,376
14610,2024-04-08,4,1020,3023,522,213,175
14611,2024-04-15,4,1020,3018,522,612,309
14612,2024-04-22,4,1020,3184,522,760,317
14613,2024-04-29,4,1020,3254,522,302,369
14614,2024-05-06,4,1020,3442,522,302,211
14615,2024-05-13,4,1020,3627,522,296,221
14616,2024-05-20,4,1020,3562,522,406,291
14617,2024-05-27,4,1020,3665,522,717,396
14618,2024-06-03,4,1020,3500,522,325,295
14619,2024-06-10,4,1020,3627,522,81,36
14620,2024-06-17,4,1020,3850,522,1020,100
14621,2024-06-24,4,1020,3560,522,819,237
14622,2024-07-01,4,1020,3262,522,300,79
14623,2024-07-08,4,1020,3116,522,737,231
14624,2024-07-15,4,1020,2898,522,257,242
14625,2024-07-22,4,1020,3021,522,27,248
14626,2024-07-29,4,1020,2881,522,863,296
14627,2024-08-05,4,1020,2998,522,588,139
14628,2024-08-12,4,1020,2967,522,659,387
14629,2024-08-19,4,1020,2931,522,64,130
14630,2024-08-26,4,1020,2926,522,571,259
14631,2024-09-02,4,1020,2961,522,460,449
14632,2024-09-09,4,1020,3230,522,3,137
14633,2024-09-16,4,1020,3157,522,143,440
14634,2024-09-23,4,1020,3078,522,326,374
14635,2024-09-30,4,1020,2804,522,119,388
14636,2024-10-07,4,1020,3005,522,365,306
14637,2024-10-14,4,1020,3322,522,992,378
14638,2024-10-21,4,1020,3618,522,703,347
14639,2024-10-28,4,1020,3650,522,806,201
14640,2024-11-04,4,1020,3235,522,113,409
14641,2024-11-11,4,1020,2848,522,693,117
14642,2024-11-18,4,1020,2548,522,702,120
14643,2024-11-25,4,1020,2615,522,781,319
14644,2024-12-02,4,1020,2781,522,72,309
14645,2024-12-09,4,1020,2755,522,142,419
14646,2024-12-16,4,1020,2399,522,430,98
14647,2024-12-23,4,1020,2268,522,307,298
14648,2024-12-30,4,1020,2213,522,72,214
14649,2025-01-06,4,1020,1916,522,528,13
14650,2025-01-13,4,1020,1820,522,36,395
14651,2025-01-20,4,1020,1735,522,353,235
14652,2025-01-27,4,1020,1756,522,151,165
14653,2025-02-03,4,1020,1613,522,304,301
14654,2025-02-10,4,1020,1535,522,278,433
14655,2025-02-17,4,1020,1374,522,144,121
14656,2025-02-24,4,1020,1556,522,258,199
14657,2025-03-03,4,1020,1484,522,92,270
14658,2025-03-10,4,1020,1535,522,186,395
14659,2025-03-17,4,1020,1421,522,273,180
14660,2025-03-24,4,1020,1462,522,93,186
14661,2025-03-31,4,1020,1607,522,374,193
14662,2025-04-07,4,1020,1660,522,302,387
14663,2025-04-14,4,1020,1529,522,182,443
14664,2025-04-21,4,1020,1726,522,433,269
14665,2025-04-28,4,1020,1925,522,494,294
14666,2025-05-05,4,1020,2113,522,300,403
14667,2025-05-12,4,1020,2015,522,579,276
14668,2025-05-19,4,1020,2157,522,9,496
14669,2025-05-26,4,1020,1947,522,399,426
14670,2025-06-02,4,1020,2090,522,68,173
14671,2025-06-09,4,1020,2116,522,358,466
14672,2025-06-16,4,1020,2052,522,338,55
14673,2025-06-23,4,1020,1781,522,220,191
14674,2025-06-30,4,1020,1580,522,291,221
14675,2025-07-07,4,1020,1599,522,1,455
14676,2025-07-14,4,1020,1856,522,223,419
14677,2025-07-21,4,1020,1684,522,250,359
14678,2025-07-28,4,1020,1738,522,494,419
14679,2025-08-04,4,1020,1887,522,408,234
14680,2025-08-11,4,1020,1968,522,208,226
14681,2025-08-18,4,1020,1900,522,203,147
14682,2025-08-25,4,1020,1852,522,331,15
14683,2025-09-01,4,1020,1852,522,196,148
14684,2025-09-08,4,1020,1996,522,587,453
14685,2025-09-15,4,1020,2009,522,212,374
14686,2025-09-22,4,1020,2145,522,121,314
14687,2025-09-29,4,1020,2192,522,185,205
14688,2025-10-06,4,1020,1924,522,307,325
14689,2025-10-13,4,1020,1599,522,259,322
14690,2025-10-20,4,1020,1880,522,415,133
14691,2025-10-27,4,1020,1975,522,43,232
14692,2025-11-03,4,1020,1625,522,400,113
14693,2025-11-10,4,1020,1843,522,79,72
14694,2025-11-17,4,1020,1812,522,523,299
14695,2025-11-24,4,1020,2043,522,272,25
14696,2025-12-01,4,1020,1966,522,283,489
14697,2025-12-08,4,1020,1571,522,303,447
14698,2025-12-15,4,1020,1501,522,49,441
14699,2025-12-22,4,1020,1090,522,200,236
14700,2025-12-29,4,1020,1151,522,265,360
14701,2024-01-01,4,1021,750,466,188,31
14702,2024-01-08,4,1021,559,466,20,57
14703,2024-01-15,4,1021,723,466,26,469
14704,2024-01-22,4,1021,719,466,191,229
14705,2024-01-29,4,1021,803,466,107,130
14706,2024-02-05,4,1021,818,466,72,489
14707,2024-02-12,4,1021,886,466,169,382
14708,2024-02-19,4,1021,1162,466,130,360
14709,2024-02-26,4,1021,1006,466,173,358
14710,2024-03-04,4,1021,822,466,69,435
14711,2024-03-11,4,1021,807,466,78,41
14712,2024-03-18,4,1021,667,466,102,373
14713,2024-03-25,4,1021,649,466,29,266
14714,2024-04-01,4,1021,410,466,18,77
14715,2024-04-08,4,1021,613,466,98,224
14716,2024-04-15,4,1021,736,466,68,471
14717,2024-04-22,4,1021,778,466,106,50
14718,2024-04-29,4,1021,577,466,103,265
14719,2024-05-06,4,1021,607,466,78,438
14720,2024-05-13,4,1021,787,466,210,24
14721,2024-05-20,4,1021,1036,466,6,200
14722,2024-05-27,4,1021,744,466,101,143
14723,2024-06-03,4,1021,756,466,9,468
14724,2024-06-10,4,1021,480,466,13,436
14725,2024-06-17,4,1021,352,466,15,327
14726,2024-06-24,4,1021,300,466,77,170
14727,2024-07-01,4,1021,284,466,71,297
14728,2024-07-08,4,1021,503,466,72,126
14729,2024-07-15,4,1021,574,466,146,102
14730,2024-07-22,4,1021,537,466,85,276
14731,2024-07-29,4,1021,421,466,13,142
14732,2024-08-05,4,1021,575,466,26,263
14733,2024-08-12,4,1021,588,466,126,36
14734,2024-08-19,4,1021,631,466,7,355
14735,2024-08-26,4,1021,683,466,187,409
14736,2024-09-02,4,1021,759,466,48,435
14737,2024-09-09,4,1021,757,466,154,380
14738,2024-09-16,4,1021,702,466,18,334
14739,2024-09-23,4,1021,598,466,1,213
14740,2024-09-30,4,1021,452,466,32,490
14741,2024-10-07,4,1021,312,466,72,480
14742,2024-10-14,4,1021,328,466,42,105
14743,2024-10-21,4,1021,151,466,1,298
14744,2024-10-28,4,1021,0,466,0,277
14745,2024-11-04,4,1021,326,466,67,41
14746,2024-11-11,4,1021,25,466,6,283
14747,2024-11-18,4,1021,0,466,0,450
14748,2024-11-25,4,1021,120,466,11,328
14749,2024-12-02,4,1021,0,466,0,280
14750,2024-12-09,4,1021,242,466,58,124
14751,2024-12-16,4,1021,0,466,0,104
14752,2024-12-23,4,1021,0,466,0,427
14753,2024-12-30,4,1021,0,466,0,263
14754,2025-01-06,4,1021,96,466,6,100
14755,2025-01-13,4,1021,359,466,11,139
14756,2025-01-20,4,1021,69,466,9,292
14757,2025-01-27,4,1021,0,466,0,9
14758,2025-02-03,4,1021,0,466,0,375
14759,2025-02-10,4,1021,0,466,0,491
14760,2025-02-17,4,1021,0,466,0,246
14761,2025-02-24,4,1021,217,466,41,280
14762,2025-03-03,4,1021,306,466,20,267
14763,2025-03-10,4,1021,360,466,49,224
14764,2025-03-17,4,1021,208,466,15,460
14765,2025-03-24,4,1021,108,466,28,250
14766,2025-03-31,4,1021,0,466,0,190
14767,2025-04-07,4,1021,26,466,4,118
14768,2025-04-14,4,1021,182,466,43,196
14769,2025-04-21,4,1021,146,466,25,308
14770,2025-04-28,4,1021,362,466,4,349
14771,2025-05-05,4,1021,631,466,69,118
14772,2025-05-12,4,1021,391,466,7,401
14773,2025-05-19,4,1021,243,466,50,162
14774,2025-05-26,4,1021,313,466,74,307
14775,2025-06-02,4,1021,451,466,32,205
14776,2025-06-09,4,1021,489,466,50,231
14777,2025-06-16,4,1021,384,466,61,177
14778,2025-06-23,4,1021,125,466,4,175
14779,2025-06-30,4,1021,324,466,51,18
14780,2025-07-07,4,1021,585,466,134,144
14781,2025-07-14,4,1021,298,466,71,305
14782,2025-07-21,4,1021,263,466,47,156
14783,2025-07-28,4,1021,0,466,0,480
14784,2025-08-04,4,1021,145,466,7,474
14785,2025-08-11,4,1021,37,466,8,75
14786,2025-08-18,4,1021,145,466,35,490
14787,2025-08-25,4,1021,0,466,0,30
14788,2025-09-01,4,1021,0,466,0,346
14789,2025-09-08,4,1021,0,466,0,226
14790,2025-09-15,4,1021,228,466,32,215
14791,2025-09-22,4,1021,425,466,102,422
14792,2025-09-29,4,1021,614,466,38,294
14793,2025-10-06,4,1021,472,466,98,224
14794,2025-10-13,4,1021,208,466,38,20
14795,2025-10-20,4,1021,132,466,23,310
14796,2025-10-27,4,1021,42,466,5,247
14797,2025-11-03,4,1021,0,466,0,331
14798,2025-11-10,4,1021,0,466,0,451
14799,2025-11-17,4,1021,65,466,17,450
14800,2025-11-24,4,1021,24,466,5,343
14801,2025-12-01,4,1021,0,466,0,228
14802,2025-12-08,4,1021,386,466,97,216
14803,2025-12-15,4,1021,362,466,93,293
14804,2025-12-22,4,1021,507,466,29,389
14805,2025-12-29,4,1021,872,466,2,409
14806,2024-01-01,4,1022,1142,531,89,166
14807,2024-01-08,4,1022,1012,531,99,487
14808,2024-01-15,4,1022,1258,531,249,391
14809,2024-01-22,4,1022,1124,531,106,474
14810,2024-01-29,4,1022,1306,531,31,165
14811,2024-02-05,4,1022,1466,531,328,162
14812,2024-02-12,4,1022,1367,531,253,123
14813,2024-02-19,4,1022,1531,531,61,321
14814,2024-02-26,4,1022,1781,531,123,474
14815,2024-03-04,4,1022,1860,531,373,4
14816,2024-03-11,4,1022,1680,531,56,61
14817,2024-03-18,4,1022,1823,531,224,325
14818,2024-03-25,4,1022,1910,531,30,96
14819,2024-04-01,4,1022,2059,531,484,452
14820,2024-04-08,4,1022,2015,531,162,117
14821,2024-04-15,4,1022,1741,531,146,25
14822,2024-04-22,4,1022,1671,531,121,103
14823,2024-04-29,4,1022,1390,531,48,452
14824,2024-05-06,4,1022,1454,531,119,34
14825,2024-05-13,4,1022,1641,531,98,455
14826,2024-05-20,4,1022,1430,531,166,62
14827,2024-05-27,4,1022,1495,531,385,322
14828,2024-06-03,4,1022,1626,531,306,248
14829,2024-06-10,4,1022,1528,531,454,244
14830,2024-06-17,4,1022,1377,531,90,149
14831,2024-06-24,4,1022,1424,531,339,360
14832,2024-07-01,4,1022,1689,531,195,351
14833,2024-07-08,4,1022,1615,531,396,8
14834,2024-07-15,4,1022,1839,531,319,235
14835,2024-07-22,4,1022,1543,531,234,457
14836,2024-07-29,4,1022,1473,531,209,131
14837,2024-08-05,4,1022,1356,531,275,297
14838,2024-08-12,4,1022,1522,531,301,316
14839,2024-08-19,4,1022,1435,531,185,489
14840,2024-08-26,4,1022,1474,531,335,275
14841,2024-09-02,4,1022,1681,531,228,443
14842,2024-09-09,4,1022,1921,531,528,351
14843,2024-09-16,4,1022,2048,531,543,204
14844,2024-09-23,4,1022,2084,531,0,40
14845,2024-09-30,4,1022,2072,531,306,470
14846,2024-10-07,4,1022,1710,531,161,202
14847,2024-10-14,4,1022,1609,531,320,423
14848,2024-10-21,4,1022,1604,531,8,72
14849,2024-10-28,4,1022,1979,531,196,333
14850,2024-11-04,4,1022,1895,531,341,449
14851,2024-11-11,4,1022,2254,531,241,475
14852,2024-11-18,4,1022,2144,531,351,458
14853,2024-11-25,4,1022,1900,531,68,209
14854,2024-12-02,4,1022,1895,531,544,434
14855,2024-12-09,4,1022,1864,531,216,441
14856,2024-12-16,4,1022,1514,531,255,29
14857,2024-12-23,4,1022,1500,531,184,32
14858,2024-12-30,4,1022,1690,531,116,198
14859,2025-01-06,4,1022,1862,531,441,298
14860,2025-01-13,4,1022,1611,531,469,333
14861,2025-01-20,4,1022,1439,531,218,126
14862,2025-01-27,4,1022,1348,531,240,108
14863,2025-02-03,4,1022,1361,531,404,430
14864,2025-02-10,4,1022,1594,531,125,211
14865,2025-02-17,4,1022,1496,531,395,416
14866,2025-02-24,4,1022,1561,531,365,370
14867,2025-03-03,4,1022,1593,531,453,141
14868,2025-03-10,4,1022,1595,531,249,128
14869,2025-03-17,4,1022,1398,531,111,205
14870,2025-03-24,4,1022,1651,531,313,160
14871,2025-03-31,4,1022,1626,531,389,368
14872,2025-04-07,4,1022,1850,531,313,85
14873,2025-04-14,4,1022,2016,531,141,431
14874,2025-04-21,4,1022,1841,531,11,325
14875,2025-04-28,4,1022,1660,531,389,226
14876,2025-05-05,4,1022,1711,531,405,11
14877,2025-05-12,4,1022,1702,531,183,473
14878,2025-05-19,4,1022,1467,531,172,332
14879,2025-05-26,4,1022,1674,531,203,26
14880,2025-06-02,4,1022,1701,531,463,350
14881,2025-06-09,4,1022,1773,531,315,180
14882,2025-06-16,4,1022,2013,531,192,332
14883,2025-06-23,4,1022,2278,531,590,412
14884,2025-06-30,4,1022,2303,531,271,353
14885,2025-07-07,4,1022,2071,531,242,291
14886,2025-07-14,4,1022,1990,531,157,233
14887,2025-07-21,4,1022,1970,531,577,473
14888,2025-07-28,4,1022,1888,531,177,492
14889,2025-08-04,4,1022,1805,531,16,51
14890,2025-08-11,4,1022,1676,531,115,282
14891,2025-08-18,4,1022,1793,531,414,291
14892,2025-08-25,4,1022,1866,531,94,95
14893,2025-09-01,4,1022,2134,531,613,172
14894,2025-09-08,4,1022,2214,531,630,97
14895,2025-09-15,4,1022,2367,531,90,214
14896,2025-09-22,4,1022,2397,531,217,442
14897,2025-09-29,4,1022,2282,531,499,169
14898,2025-10-06,4,1022,2370,531,397,111
14899,2025-10-13,4,1022,2756,531,216,412
14900,2025-10-20,4,1022,3045,531,629,297
14901,2025-10-27,4,1022,2647,531,374,151
14902,2025-11-03,4,1022,2350,531,83,352
14903,2025-11-10,4,1022,2491,531,663,484
14904,2025-11-17,4,1022,2622,531,268,432
14905,2025-11-24,4,1022,2238,531,314,185
14906,2025-12-01,4,1022,1974,531,488,420
14907,2025-12-08,4,1022,1836,531,496,344
14908,2025-12-15,4,1022,1515,531,28,81
14909,2025-12-22,4,1022,1096,531,322,43
14910,2025-12-29,4,1022,1059,531,229,313
14911,2024-01-01,4,1023,431,508,34,53
14912,2024-01-08,4,1023,150,508,1,54
14913,2024-01-15,4,1023,0,508,0,32
14914,2024-01-22,4,1023,0,508,0,214
14915,2024-01-29,4,1023,76,508,6,308
14916,2024-02-05,4,1023,0,508,0,264
14917,2024-02-12,4,1023,0,508,0,323
14918,2024-02-19,4,1023,34,508,2,440
14919,2024-02-26,4,1023,126,508,8,107
14920,2024-03-04,4,1023,0,508,0,200
14921,2024-03-11,4,1023,123,508,15,433
14922,2024-03-18,4,1023,0,508,0,234
14923,2024-03-25,4,1023,0,508,0,277
14924,2024-04-01,4,1023,0,508,0,28
14925,2024-04-08,4,1023,30,508,0,96
14926,2024-04-15,4,1023,0,508,0,31
14927,2024-04-22,4,1023,81,508,20,212
14928,2024-04-29,4,1023,0,508,0,313
14929,2024-05-06,4,1023,0,508,0,241
14930,2024-05-13,4,1023,0,508,0,418
14931,2024-05-20,4,1023,0,508,0,218
14932,2024-05-27,4,1023,94,508,5,248
14933,2024-06-03,4,1023,173,508,7,136
14934,2024-06-10,4,1023,314,508,65,322
14935,2024-06-17,4,1023,321,508,0,183
14936,2024-06-24,4,1023,466,508,32,302
14937,2024-07-01,4,1023,744,508,110,57
14938,2024-07-08,4,1023,621,508,70,164
14939,2024-07-15,4,1023,762,508,201,384
14940,2024-07-22,4,1023,700,508,122,419
14941,2024-07-29,4,1023,893,508,96,72
14942,2024-08-05,4,1023,986,508,162,229
14943,2024-08-12,4,1023,995,508,89,75
14944,2024-08-19,4,1023,912,508,270,419
14945,2024-08-26,4,1023,765,508,172,114
14946,2024-09-02,4,1023,480,508,20,136
14947,2024-09-09,4,1023,400,508,100,71
14948,2024-09-16,4,1023,653,508,123,229
14949,2024-09-23,4,1023,404,508,72,443
14950,2024-09-30,4,1023,526,508,97,0
14951,2024-10-07,4,1023,555,508,75,34
14952,2024-10-14,4,1023,935,508,235,386
14953,2024-10-21,4,1023,1030,508,181,209
14954,2024-10-28,4,1023,839,508,74,391
14955,2024-11-04,4,1023,820,508,54,288
14956,2024-11-11,4,1023,1079,508,81,108
14957,2024-11-18,4,1023,1349,508,38,236
14958,2024-11-25,4,1023,972,508,92,379
14959,2024-12-02,4,1023,902,508,31,403
14960,2024-12-09,4,1023,1246,508,351,343
14961,2024-12-16,4,1023,1394,508,377,448
14962,2024-12-23,4,1023,1268,508,193,118
14963,2024-12-30,4,1023,1114,508,36,485
14964,2025-01-06,4,1023,894,508,173,426
14965,2025-01-13,4,1023,618,508,43,145
14966,2025-01-20,4,1023,824,508,11,486
14967,2025-01-27,4,1023,732,508,71,302
14968,2025-02-03,4,1023,934,508,242,363
14969,2025-02-10,4,1023,895,508,225,410
14970,2025-02-17,4,1023,682,508,162,470
14971,2025-02-24,4,1023,857,508,59,296
14972,2025-03-03,4,1023,1000,508,52,142
14973,2025-03-10,4,1023,933,508,20,336
14974,2025-03-17,4,1023,1000,508,152,51
14975,2025-03-24,4,1023,1051,508,289,166
14976,2025-03-31,4,1023,912,508,109,413
14977,2025-04-07,4,1023,631,508,110,448
14978,2025-04-14,4,1023,777,508,190,233
14979,2025-04-21,4,1023,891,508,195,492
14980,2025-04-28,4,1023,707,508,164,349
14981,2025-05-05,4,1023,849,508,192,216
14982,2025-05-12,4,1023,660,508,178,253
14983,2025-05-19,4,1023,543,508,17,430
14984,2025-05-26,4,1023,253,508,53,220
14985,2025-06-02,4,1023,446,508,44,53
14986,2025-06-09,4,1023,219,508,43,177
14987,2025-06-16,4,1023,0,508,0,42
14988,2025-06-23,4,1023,274,508,0,205
14989,2025-06-30,4,1023,273,508,50,466
14990,2025-07-07,4,1023,25,508,6,88
14991,2025-07-14,4,1023,0,508,0,406
14992,2025-07-21,4,1023,219,508,38,293
14993,2025-07-28,4,1023,0,508,0,424
14994,2025-08-04,4,1023,0,508,0,1
14995,2025-08-11,4,1023,0,508,0,472
14996,2025-08-18,4,1023,71,508,21,76
14997,2025-08-25,4,1023,182,508,18,234
14998,2025-09-01,4,1023,150,508,30,448
14999,2025-09-08,4,1023,9,508,1,221
15000,2025-09-15,4,1023,0,508,0,445
15001,2025-09-22,4,1023,0,508,0,223
15002,2025-09-29,4,1023,0,508,0,485
15003,2025-10-06,4,1023,2,508,0,348
15004,2025-10-13,4,1023,381,508,11,250
15005,2025-10-20,4,1023,689,508,201,449
15006,2025-10-27,4,1023,460,508,39,370
15007,2025-11-03,4,1023,639,508,155,195
15008,2025-11-10,4,1023,413,508,37,417
15009,2025-11-17,4,1023,670,508,189,340
15010,2025-11-24,4,1023,723,508,88,367
15011,2025-12-01,4,1023,585,508,134,250
15012,2025-12-08,4,1023,613,508,160,14
15013,2025-12-15,4,1023,988,508,263,73
15014,2025-12-22,4,1023,589,508,9,496
15015,2025-12-29,4,1023,580,508,39,481
15016,2024-01-01,4,1024,2534,399,62,157
15017,2024-01-08,4,1024,2368,399,173,428
15018,2024-01-15,4,1024,2175,399,551,249
15019,2024-01-22,4,1024,2441,399,223,491
15020,2024-01-29,4,1024,2569,399,117,214
15021,2024-02-05,4,1024,2817,399,589,72
15022,2024-02-12,4,1024,2922,399,216,342
15023,2024-02-19,4,1024,2926,399,357,379
15024,2024-02-26,4,1024,3129,399,616,353
15025,2024-03-04,4,1024,2991,399,93,104
15026,2024-03-11,4,1024,3159,399,62,88
15027,2024-03-18,4,1024,3126,399,607,284
15028,2024-03-25,4,1024,3174,399,113,164
15029,2024-04-01,4,1024,3249,399,234,388
15030,2024-04-08,4,1024,3271,399,243,387
15031,2024-04-15,4,1024,3195,399,715,436
15032,2024-04-22,4,1024,3042,399,777,275
15033,2024-04-29,4,1024,3005,399,894,143
15034,2024-05-06,4,1024,3058,399,146,233
15035,2024-05-13,4,1024,3192,399,584,106
15036,2024-05-20,4,1024,2960,399,60,83
15037,2024-05-27,4,1024,3138,399,458,150
15038,2024-06-03,4,1024,3240,399,486,75
15039,2024-06-10,4,1024,3420,399,165,19
15040,2024-06-17,4,1024,3184,399,371,471
15041,2024-06-24,4,1024,3185,399,592,494
15042,2024-07-01,4,1024,3021,399,686,423
15043,2024-07-08,4,1024,3147,399,463,158
15044,2024-07-15,4,1024,3120,399,672,91
15045,2024-07-22,4,1024,3398,399,385,272
15046,2024-07-29,4,1024,3257,399,469,22
15047,2024-08-05,4,1024,3162,399,56,487
15048,2024-08-12,4,1024,3313,399,350,302
15049,2024-08-19,4,1024,3310,399,102,482
15050,2024-08-26,4,1024,3385,399,488,360
15051,2024-09-02,4,1024,3188,399,252,4
15052,2024-09-09,4,1024,3245,399,839,103
15053,2024-09-16,4,1024,3007,399,169,445
15054,2024-09-23,4,1024,3207,399,704,111
15055,2024-09-30,4,1024,3444,399,162,253
15056,2024-10-07,4,1024,3556,399,247,33
15057,2024-10-14,4,1024,3381,399,546,69
15058,2024-10-21,4,1024,3270,399,556,204
15059,2024-10-28,4,1024,3160,399,713,368
15060,2024-11-04,4,1024,2930,399,63,281
15061,2024-11-11,4,1024,3145,399,843,181
15062,2024-11-18,4,1024,3392,399,455,261
15063,2024-11-25,4,1024,3331,399,308,103
15064,2024-12-02,4,1024,3289,399,34,72
15065,2024-12-09,4,1024,3412,399,719,129
15066,2024-12-16,4,1024,3655,399,708,487
15067,2024-12-23,4,1024,3379,399,870,143
15068,2024-12-30,4,1024,3262,399,626,398
15069,2025-01-06,4,1024,3085,399,379,107
15070,2025-01-13,4,1024,3149,399,619,323
15071,2025-01-20,4,1024,3025,399,541,56
15072,2025-01-27,4,1024,2727,399,485,361
15073,2025-02-03,4,1024,2953,399,470,351
15074,2025-02-10,4,1024,2908,399,410,442
15075,2025-02-17,4,1024,2658,399,335,191
15076,2025-02-24,4,1024,2838,399,801,195
15077,2025-03-03,4,1024,2642,399,552,258
15078,2025-03-10,4,1024,2637,399,744,432
15079,2025-03-17,4,1024,2600,399,171,201
15080,2025-03-24,4,1024,2326,399,524,180
15081,2025-03-31,4,1024,2443,399,678,175
15082,2025-04-07,4,1024,2178,399,642,468
15083,2025-04-14,4,1024,1984,399,333,318
15084,2025-04-21,4,1024,2011,399,24,187
15085,2025-04-28,4,1024,2072,399,210,298
15086,2025-05-05,4,1024,2256,399,360,125
15087,2025-05-12,4,1024,1999,399,338,94
15088,2025-05-19,4,1024,2255,399,553,145
15089,2025-05-26,4,1024,2388,399,647,380
15090,2025-06-02,4,1024,2495,399,123,319
15091,2025-06-09,4,1024,2413,399,69,128
15092,2025-06-16,4,1024,2399,399,182,243
15093,2025-06-23,4,1024,2512,399,59,255
15094,2025-06-30,4,1024,2256,399,643,98
15095,2025-07-07,4,1024,2449,399,259,314
15096,2025-07-14,4,1024,2152,399,184,4
15097,2025-07-21,4,1024,1997,399,445,203
15098,2025-07-28,4,1024,1970,399,336,451
15099,2025-08-04,4,1024,2099,399,262,429
15100,2025-08-11,4,1024,1921,399,549,290
15101,2025-08-18,4,1024,1925,399,64,393
15102,2025-08-25,4,1024,2036,399,117,493
15103,2025-09-01,4,1024,2144,399,217,18
15104,2025-09-08,4,1024,2387,399,409,183
15105,2025-09-15,4,1024,2249,399,244,215
15106,2025-09-22,4,1024,2221,399,595,176
15107,2025-09-29,4,1024,2171,399,379,164
15108,2025-10-06,4,1024,1899,399,108,308
15109,2025-10-13,4,1024,1578,399,85,255
15110,2025-10-20,4,1024,1433,399,137,88
15111,2025-10-27,4,1024,1617,399,310,245
15112,2025-11-03,4,1024,1407,399,108,242
15113,2025-11-10,4,1024,1215,399,141,33
15114,2025-11-17,4,1024,1217,399,250,333
15115,2025-11-24,4,1024,1263,399,118,123
15116,2025-12-01,4,1024,1254,399,328,445
15117,2025-12-08,4,1024,1296,399,41,185
15118,2025-12-15,4,1024,1290,399,371,485
15119,2025-12-22,4,1024,1318,399,52,360
15120,2025-12-29,4,1024,1561,399,135,164
15121,2024-01-01,4,1025,1488,640,89,485
15122,2024-01-08,4,1025,1470,640,423,180
15123,2024-01-15,4,1025,1362,640,6,448
15124,2024-01-22,4,1025,1065,640,34,387
15125,2024-01-29,4,1025,1188,640,252,291
15126,2024-02-05,4,1025,944,640,282,247
15127,2024-02-12,4,1025,646,640,26,250
15128,2024-02-19,4,1025,544,640,109,18
15129,2024-02-26,4,1025,708,640,143,207
15130,2024-03-04,4,1025,893,640,103,322
15131,2024-03-11,4,1025,649,640,93,187
15132,2024-03-18,4,1025,424,640,27,228
15133,2024-03-25,4,1025,568,640,141,7
15134,2024-04-01,4,1025,291,640,64,418
15135,2024-04-08,4,1025,121,640,18,195
15136,2024-04-15,4,1025,0,640,0,20
15137,2024-04-22,4,1025,215,640,43,157
15138,2024-04-29,4,1025,245,640,5,224
15139,2024-05-06,4,1025,283,640,20,345
15140,2024-05-13,4,1025,188,640,47,314
15141,2024-05-20,4,1025,259,640,66,177
15142,2024-05-27,4,1025,227,640,25,183
15143,2024-06-03,4,1025,174,640,37,449
15144,2024-06-10,4,1025,156,640,6,297
15145,2024-06-17,4,1025,98,640,21,23
15146,2024-06-24,4,1025,130,640,2,208
15147,2024-07-01,4,1025,17,640,0,37
15148,2024-07-08,4,1025,0,640,0,254
15149,2024-07-15,4,1025,65,640,5,372
15150,2024-07-22,4,1025,306,640,87,340
15151,2024-07-29,4,1025,531,640,67,400
15152,2024-08-05,4,1025,525,640,25,364
15153,2024-08-12,4,1025,517,640,33,389
15154,2024-08-19,4,1025,462,640,83,189
15155,2024-08-26,4,1025,394,640,66,280
15156,2024-09-02,4,1025,650,640,44,391
15157,2024-09-09,4,1025,425,640,4,433
15158,2024-09-16,4,1025,390,640,113,75
15159,2024-09-23,4,1025,194,640,8,379
15160,2024-09-30,4,1025,67,640,0,224
15161,2024-10-07,4,1025,82,640,24,260
15162,2024-10-14,4,1025,217,640,39,323
15163,2024-10-21,4,1025,527,640,91,414
15164,2024-10-28,4,1025,462,640,41,321
15165,2024-11-04,4,1025,764,640,168,282
15166,2024-11-11,4,1025,831,640,101,257
15167,2024-11-18,4,1025,903,640,66,105
15168,2024-11-25,4,1025,1013,640,39,459
15169,2024-12-02,4,1025,1378,640,304,314
15170,2024-12-09,4,1025,1063,640,54,99
15171,2024-12-16,4,1025,1394,640,229,104
15172,2024-12-23,4,1025,1342,640,112,95
15173,2024-12-30,4,1025,1336,640,16,177
15174,2025-01-06,4,1025,1369,640,2,13
15175,2025-01-13,4,1025,1368,640,376,442
15176,2025-01-20,4,1025,1201,640,15,285
15177,2025-01-27,4,1025,982,640,258,264
15178,2025-02-03,4,1025,966,640,171,426
15179,2025-02-10,4,1025,1193,640,123,58
15180,2025-02-17,4,1025,938,640,232,494
15181,2025-02-24,4,1025,873,640,82,358
15182,2025-03-03,4,1025,853,640,109,92
15183,2025-03-10,4,1025,566,640,56,116
15184,2025-03-17,4,1025,844,640,43,405
15185,2025-03-24,4,1025,1004,640,76,125
15186,2025-03-31,4,1025,997,640,30,456
15187,2025-04-07,4,1025,832,640,232,229
15188,2025-04-14,4,1025,588,640,116,430
15189,2025-04-21,4,1025,503,640,105,348
15190,2025-04-28,4,1025,451,640,8,61
15191,2025-05-05,4,1025,416,640,60,3
15192,2025-05-12,4,1025,329,640,47,350
15193,2025-05-19,4,1025,478,640,100,4
15194,2025-05-26,4,1025,744,640,179,197
15195,2025-06-02,4,1025,756,640,104,467
15196,2025-06-09,4,1025,955,640,114,233
15197,2025-06-16,4,1025,673,640,125,211
15198,2025-06-23,4,1025,893,640,106,368
15199,2025-06-30,4,1025,843,640,27,120
15200,2025-07-07,4,1025,692,640,85,366
15201,2025-07-14,4,1025,404,640,43,355
15202,2025-07-21,4,1025,180,640,23,327
15203,2025-07-28,4,1025,66,640,9,468
15204,2025-08-04,4,1025,177,640,30,336
15205,2025-08-11,4,1025,28,640,5,415
15206,2025-08-18,4,1025,0,640,0,204
15207,2025-08-25,4,1025,105,640,28,212
15208,2025-09-01,4,1025,299,640,37,375
15209,2025-09-08,4,1025,309,640,4,188
15210,2025-09-15,4,1025,268,640,52,151
15211,2025-09-22,4,1025,276,640,55,450
15212,2025-09-29,4,1025,491,640,47,16
15213,2025-10-06,4,1025,558,640,139,389
15214,2025-10-13,4,1025,139,640,11,46
15215,2025-10-20,4,1025,272,640,72,161
15216,2025-10-27,4,1025,185,640,10,287
15217,2025-11-03,4,1025,336,640,73,289
15218,2025-11-10,4,1025,303,640,85,180
15219,2025-11-17,4,1025,437,640,81,414
15220,2025-11-24,4,1025,684,640,2,189
15221,2025-12-01,4,1025,642,640,155,35
15222,2025-12-08,4,1025,780,640,28,447
15223,2025-12-15,4,1025,901,640,185,44
15224,2025-12-22,4,1025,720,640,79,278
15225,2025-12-29,4,1025,700,640,51,154
15226,2024-01-01,4,1026,2180,705,148,90
15227,2024-01-08,4,1026,2072,705,317,226
15228,2024-01-15,4,1026,2339,705,20,229
15229,2024-01-22,4,1026,2481,705,78,181
15230,2024-01-29,4,1026,2500,705,142,440
15231,2024-02-05,4,1026,2207,705,83,124
15232,2024-02-12,4,1026,2037,705,180,307
15233,2024-02-19,4,1026,1844,705,166,239
15234,2024-02-26,4,1026,1716,705,467,204
15235,2024-03-04,4,1026,1860,705,104,74
15236,2024-03-11,4,1026,1935,705,238,462
15237,2024-03-18,4,1026,1903,705,190,361
15238,2024-03-25,4,1026,1983,705,14,74
15239,2024-04-01,4,1026,1901,705,438,214
15240,2024-04-08,4,1026,2177,705,88,438
15241,2024-04-15,4,1026,2070,705,240,439
15242,2024-04-22,4,1026,2087,705,303,490
15243,2024-04-29,4,1026,2267,705,434,428
15244,2024-05-06,4,1026,2440,705,524,273
15245,2024-05-13,4,1026,2688,705,594,107
15246,2024-05-20,4,1026,2445,705,505,449
15247,2024-05-27,4,1026,2164,705,114,85
15248,2024-06-03,4,1026,2406,705,689,316
15249,2024-06-10,4,1026,2168,705,258,30
15250,2024-06-17,4,1026,2441,705,53,127
15251,2024-06-24,4,1026,2669,705,786,142
15252,2024-07-01,4,1026,2880,705,706,122
15253,2024-07-08,4,1026,2911,705,796,101
15254,2024-07-15,4,1026,2669,705,90,123
15255,2024-07-22,4,1026,2770,705,7,71
15256,2024-07-29,4,1026,2840,705,526,128
15257,2024-08-05,4,1026,2872,705,148,160
15258,2024-08-12,4,1026,3010,705,662,299
15259,2024-08-19,4,1026,2927,705,525,320
15260,2024-08-26,4,1026,2885,705,659,269
15261,2024-09-02,4,1026,2872,705,249,292
15262,2024-09-09,4,1026,3045,705,363,437
15263,2024-09-16,4,1026,3322,705,390,259
15264,2024-09-23,4,1026,3352,705,402,481
15265,2024-09-30,4,1026,3362,705,999,59
15266,2024-10-07,4,1026,3031,705,740,409
15267,2024-10-14,4,1026,3332,705,670,128
15268,2024-10-21,4,1026,3311,705,538,86
15269,2024-10-28,4,1026,3446,705,985,434
15270,2024-11-04,4,1026,3306,705,907,443
15271,2024-11-11,4,1026,3112,705,418,452
15272,2024-11-18,4,1026,3049,705,159,288
15273,2024-11-25,4,1026,2781,705,718,80
15274,2024-12-02,4,1026,3164,705,898,260
15275,2024-12-09,4,1026,2914,705,251,147
15276,2024-12-16,4,1026,2594,705,541,320
15277,2024-12-23,4,1026,2176,705,443,270
15278,2024-12-30,4,1026,1970,705,425,125
15279,2025-01-06,4,1026,1777,705,497,107
15280,2025-01-13,4,1026,1541,705,16,70
15281,2025-01-20,4,1026,1308,705,95,92
15282,2025-01-27,4,1026,1402,705,184,13
15283,2025-02-03,4,1026,1368,705,242,47
15284,2025-02-10,4,1026,1460,705,314,225
15285,2025-02-17,4,1026,1405,705,53,290
15286,2025-02-24,4,1026,1159,705,89,59
15287,2025-03-03,4,1026,958,705,110,368
15288,2025-03-10,4,1026,1233,705,111,120
15289,2025-03-17,4,1026,1480,705,286,111
15290,2025-03-24,4,1026,1209,705,273,449
15291,2025-03-31,4,1026,1324,705,279,42
15292,2025-04-07,4,1026,1104,705,6,463
15293,2025-04-14,4,1026,1282,705,286,250
15294,2025-04-21,4,1026,1320,705,301,35
15295,2025-04-28,4,1026,1354,705,240,107
15296,2025-05-05,4,1026,1611,705,70,443
15297,2025-05-12,4,1026,1484,705,50,328
15298,2025-05-19,4,1026,1318,705,333,202
15299,2025-05-26,4,1026,1434,705,245,16
15300,2025-06-02,4,1026,1256,705,181,140
15301,2025-06-09,4,1026,1280,705,49,442
15302,2025-06-16,4,1026,1023,705,55,466
15303,2025-06-23,4,1026,1182,705,201,408
15304,2025-06-30,4,1026,1259,705,40,127
15305,2025-07-07,4,1026,1141,705,81,46
15306,2025-07-14,4,1026,1296,705,55,456
15307,2025-07-21,4,1026,1151,705,240,413
15308,2025-07-28,4,1026,1230,705,322,16
15309,2025-08-04,4,1026,1344,705,338,346
15310,2025-08-11,4,1026,1426,705,64,327
15311,2025-08-18,4,1026,1435,705,49,49
15312,2025-08-25,4,1026,1428,705,335,129
15313,2025-09-01,4,1026,1424,705,147,338
15314,2025-09-08,4,1026,1703,705,157,293
15315,2025-09-15,4,1026,1509,705,230,59
15316,2025-09-22,4,1026,1471,705,150,43
15317,2025-09-29,4,1026,1328,705,396,438
15318,2025-10-06,4,1026,1203,705,199,343
15319,2025-10-13,4,1026,853,705,119,111
15320,2025-10-20,4,1026,840,705,88,343
15321,2025-10-27,4,1026,450,705,71,262
15322,2025-11-03,4,1026,65,705,4,16
15323,2025-11-10,4,1026,406,705,41,216
15324,2025-11-17,4,1026,326,705,51,136
15325,2025-11-24,4,1026,617,705,47,317
15326,2025-12-01,4,1026,971,705,217,265
15327,2025-12-08,4,1026,651,705,147,127
15328,2025-12-15,4,1026,819,705,153,186
15329,2025-12-22,4,1026,721,705,171,37
15330,2025-12-29,4,1026,998,705,21,54
15331,2024-01-01,4,1027,1786,637,525,268
15332,2024-01-08,4,1027,1512,637,147,246
15333,2024-01-15,4,1027,1245,637,227,48
15334,2024-01-22,4,1027,1488,637,442,402
15335,2024-01-29,4,1027,1223,637,224,320
15336,2024-02-05,4,1027,1321,637,301,282
15337,2024-02-12,4,1027,1424,637,118,253
15338,2024-02-19,4,1027,1384,637,292,178
15339,2024-02-26,4,1027,1599,637,296,412
15340,2024-03-04,4,1027,1865,637,0,364
15341,2024-03-11,4,1027,1937,637,108,481
15342,2024-03-18,4,1027,1637,637,127,131
15343,2024-03-25,4,1027,1544,637,85,139
15344,2024-04-01,4,1027,1465,637,416,10
15345,2024-04-08,4,1027,1247,637,55,206
15346,2024-04-15,4,1027,1082,637,182,223
15347,2024-04-22,4,1027,1032,637,158,375
15348,2024-04-29,4,1027,992,637,58,325
15349,2024-05-06,4,1027,909,637,233,431
15350,2024-05-13,4,1027,693,637,77,40
15351,2024-05-20,4,1027,639,637,53,416
15352,2024-05-27,4,1027,486,637,7,48
15353,2024-06-03,4,1027,648,637,42,98
15354,2024-06-10,4,1027,386,637,1,372
15355,2024-06-17,4,1027,291,637,80,278
15356,2024-06-24,4,1027,142,637,25,470
15357,2024-07-01,4,1027,0,637,0,199
15358,2024-07-08,4,1027,0,637,0,264
15359,2024-07-15,4,1027,0,637,0,118
15360,2024-07-22,4,1027,44,637,6,91
15361,2024-07-29,4,1027,0,637,0,174
15362,2024-08-05,4,1027,6,637,1,200
15363,2024-08-12,4,1027,16,637,3,420
15364,2024-08-19,4,1027,101,637,21,91
15365,2024-08-26,4,1027,146,637,20,314
15366,2024-09-02,4,1027,342,637,37,414
15367,2024-09-09,4,1027,544,637,3,30
15368,2024-09-16,4,1027,793,637,110,318
15369,2024-09-23,4,1027,508,637,136,383
15370,2024-09-30,4,1027,297,637,49,314
15371,2024-10-07,4,1027,194,637,32,91
15372,2024-10-14,4,1027,199,637,36,254
15373,2024-10-21,4,1027,0,637,0,244
15374,2024-10-28,4,1027,333,637,89,377
15375,2024-11-04,4,1027,681,637,175,259
15376,2024-11-11,4,1027,937,637,99,299
15377,2024-11-18,4,1027,685,637,156,183
15378,2024-11-25,4,1027,651,637,151,241
15379,2024-12-02,4,1027,625,637,8,285
15380,2024-12-09,4,1027,571,637,84,242
15381,2024-12-16,4,1027,152,637,36,354
15382,2024-12-23,4,1027,338,637,62,59
15383,2024-12-30,4,1027,647,637,162,349
15384,2025-01-06,4,1027,547,637,6,248
15385,2025-01-13,4,1027,684,637,87,38
15386,2025-01-20,4,1027,553,637,157,361
15387,2025-01-27,4,1027,658,637,126,187
15388,2025-02-03,4,1027,370,637,8,358
15389,2025-02-10,4,1027,465,637,10,260
15390,2025-02-17,4,1027,344,637,90,234
15391,2025-02-24,4,1027,607,637,124,399
15392,2025-03-03,4,1027,705,637,63,453
15393,2025-03-10,4,1027,593,637,50,227
15394,2025-03-17,4,1027,484,637,95,166
15395,2025-03-24,4,1027,381,637,14,338
15396,2025-03-31,4,1027,82,637,6,427
15397,2025-04-07,4,1027,41,637,4,120
15398,2025-04-14,4,1027,0,637,0,191
15399,2025-04-21,4,1027,0,637,0,344
15400,2025-04-28,4,1027,0,637,0,267
15401,2025-05-05,4,1027,119,637,33,122
15402,2025-05-12,4,1027,249,637,33,86
15403,2025-05-19,4,1027,154,637,24,407
15404,2025-05-26,4,1027,138,637,40,478
15405,2025-06-02,4,1027,119,637,14,420
15406,2025-06-09,4,1027,90,637,18,427
15407,2025-06-16,4,1027,318,637,24,442
15408,2025-06-23,4,1027,505,637,83,48
15409,2025-06-30,4,1027,327,637,57,231
15410,2025-07-07,4,1027,175,637,43,436
15411,2025-07-14,4,1027,152,637,6,38
15412,2025-07-21,4,1027,0,637,0,343
15413,2025-07-28,4,1027,191,637,1,87
15414,2025-08-04,4,1027,311,637,23,146
15415,2025-08-11,4,1027,410,637,121,57
15416,2025-08-18,4,1027,575,637,30,464
15417,2025-08-25,4,1027,476,637,110,338
15418,2025-09-01,4,1027,553,637,84,253
15419,2025-09-08,4,1027,524,637,111,142
15420,2025-09-15,4,1027,634,637,102,3
15421,2025-09-22,4,1027,688,637,173,202
15422,2025-09-29,4,1027,665,637,114,422
15423,2025-10-06,4,1027,460,637,82,147
15424,2025-10-13,4,1027,432,637,72,292
15425,2025-10-20,4,1027,539,637,24,237
15426,2025-10-27,4,1027,579,637,63,287
15427,2025-11-03,4,1027,930,637,213,249
15428,2025-11-10,4,1027,724,637,186,315
15429,2025-11-17,4,1027,1113,637,124,154
15430,2025-11-24,4,1027,1265,637,45,188
15431,2025-12-01,4,1027,1207,637,313,67
15432,2025-12-08,4,1027,935,637,38,464
15433,2025-12-15,4,1027,858,637,71,37
15434,2025-12-22,4,1027,515,637,109,400
15435,2025-12-29,4,1027,736,637,219,492
15436,2024-01-01,4,1028,1051,458,78,488
15437,2024-01-08,4,1028,819,458,126,21
15438,2024-01-15,4,1028,996,458,218,404
15439,2024-01-22,4,1028,820,458,99,175
15440,2024-01-29,4,1028,981,458,101,68
15441,2024-02-05,4,1028,862,458,200,291
15442,2024-02-12,4,1028,811,458,3,240
15443,2024-02-19,4,1028,1008,458,274,305
15444,2024-02-26,4,1028,1178,458,177,235
15445,2024-03-04,4,1028,1332,458,294,71
15446,2024-03-11,4,1028,1293,458,135,398
15447,2024-03-18,4,1028,1545,458,203,316
15448,2024-03-25,4,1028,1324,458,51,454
15449,2024-04-01,4,1028,1244,458,154,133
15450,2024-04-08,4,1028,1020,458,137,349
15451,2024-04-15,4,1028,845,458,230,280
15452,2024-04-22,4,1028,908,458,114,95
15453,2024-04-29,4,1028,1016,458,278,375
15454,2024-05-06,4,1028,739,458,152,12
15455,2024-05-13,4,1028,644,458,119,450
15456,2024-05-20,4,1028,688,458,17,266
15457,2024-05-27,4,1028,774,458,41,479
15458,2024-06-03,4,1028,944,458,56,105
15459,2024-06-10,4,1028,850,458,208,138
15460,2024-06-17,4,1028,692,458,126,240
15461,2024-06-24,4,1028,403,458,9,45
15462,2024-07-01,4,1028,630,458,9,434
15463,2024-07-08,4,1028,474,458,119,300
15464,2024-07-15,4,1028,505,458,40,136
15465,2024-07-22,4,1028,345,458,27,424
15466,2024-07-29,4,1028,231,458,21,124
15467,2024-08-05,4,1028,212,458,25,496
15468,2024-08-12,4,1028,303,458,76,344
15469,2024-08-19,4,1028,306,458,2,461
15470,2024-08-26,4,1028,327,458,35,445
15471,2024-09-02,4,1028,146,458,22,283
15472,2024-09-09,4,1028,424,458,38,314
15473,2024-09-16,4,1028,186,458,6,455
15474,2024-09-23,4,1028,72,458,12,275
15475,2024-09-30,4,1028,0,458,0,247
15476,2024-10-07,4,1028,341,458,101,363
15477,2024-10-14,4,1028,367,458,10,105
15478,2024-10-21,4,1028,623,458,162,244
15479,2024-10-28,4,1028,436,458,76,64
15480,2024-11-04,4,1028,265,458,54,361
15481,2024-11-11,4,1028,462,458,47,211
15482,2024-11-18,4,1028,57,458,6,99
15483,2024-11-25,4,1028,0,458,0,490
15484,2024-12-02,4,1028,376,458,3,68
15485,2024-12-09,4,1028,224,458,33,352
15486,2024-12-16,4,1028,193,458,12,245
15487,2024-12-23,4,1028,398,458,35,318
15488,2024-12-30,4,1028,115,458,29,142
15489,2025-01-06,4,1028,279,458,47,238
15490,2025-01-13,4,1028,108,458,30,291
15491,2025-01-20,4,1028,0,458,0,191
15492,2025-01-27,4,1028,222,458,50,304
15493,2025-02-03,4,1028,200,458,27,92
15494,2025-02-10,4,1028,69,458,16,345
15495,2025-02-17,4,1028,318,458,82,142
15496,2025-02-24,4,1028,279,458,80,363
15497,2025-03-03,4,1028,0,458,0,69
15498,2025-03-10,4,1028,160,458,46,258
15499,2025-03-17,4,1028,421,458,64,479
15500,2025-03-24,4,1028,672,458,121,97
15501,2025-03-31,4,1028,800,458,131,121
15502,2025-04-07,4,1028,668,458,36,167
15503,2025-04-14,4,1028,742,458,192,340
15504,2025-04-21,4,1028,798,458,138,297
15505,2025-04-28,4,1028,746,458,83,301
15506,2025-05-05,4,1028,983,458,20,387
15507,2025-05-12,4,1028,1013,458,43,400
15508,2025-05-19,4,1028,1047,458,110,434
15509,2025-05-26,4,1028,803,458,14,449
15510,2025-06-02,4,1028,964,458,12,96
15511,2025-06-09,4,1028,1228,458,119,138
15512,2025-06-16,4,1028,1496,458,181,487
15513,2025-06-23,4,1028,1656,458,86,109
15514,2025-06-30,4,1028,1473,458,271,40
15515,2025-07-07,4,1028,1721,458,467,47
15516,2025-07-14,4,1028,1863,458,450,172
15517,2025-07-21,4,1028,2141,458,487,138
15518,2025-07-28,4,1028,2062,458,202,126
15519,2025-08-04,4,1028,2056,458,577,239
15520,2025-08-11,4,1028,1881,458,520,163
15521,2025-08-18,4,1028,2023,458,74,439
15522,2025-08-25,4,1028,1852,458,340,440
15523,2025-09-01,4,1028,1591,458,349,107
15524,2025-09-08,4,1028,1500,458,132,483
15525,2025-09-15,4,1028,1348,458,337,213
15526,2025-09-22,4,1028,1592,458,44,454
15527,2025-09-29,4,1028,1366,458,298,493
15528,2025-10-06,4,1028,1689,458,469,138
15529,2025-10-13,4,1028,1978,458,234,358
15530,2025-10-20,4,1028,1569,458,3,160
15531,2025-10-27,4,1028,1151,458,175,408
15532,2025-11-03,4,1028,966,458,283,301
15533,2025-11-10,4,1028,1068,458,263,342
15534,2025-11-17,4,1028,1380,458,155,55
15535,2025-11-24,4,1028,1053,458,8,424
15536,2025-12-01,4,1028,1288,458,11,457
15537,2025-12-08,4,1028,1327,458,208,414
15538,2025-12-15,4,1028,1310,458,381,122
15539,2025-12-22,4,1028,969,458,177,236
15540,2025-12-29,4,1028,694,458,23,16
15541,2024-01-01,4,1029,2533,487,44,214
15542,2024-01-08,4,1029,2297,487,671,294
15543,2024-01-15,4,1029,2304,487,206,5
15544,2024-01-22,4,1029,2560,487,636,343
15545,2024-01-29,4,1029,2677,487,291,281
15546,2024-02-05,4,1029,2429,487,118,78
15547,2024-02-12,4,1029,2215,487,4,473
15548,2024-02-19,4,1029,2173,487,371,330
15549,2024-02-26,4,1029,2150,487,84,383
15550,2024-03-04,4,1029,2038,487,374,307
15551,2024-03-11,4,1029,1857,487,556,415
15552,2024-03-18,4,1029,2045,487,394,339
15553,2024-03-25,4,1029,2147,487,305,92
15554,2024-04-01,4,1029,1858,487,532,377
15555,2024-04-08,4,1029,1785,487,28,102
15556,2024-04-15,4,1029,1963,487,91,383
15557,2024-04-22,4,1029,1759,487,128,327
15558,2024-04-29,4,1029,1626,487,400,474
15559,2024-05-06,4,1029,1428,487,46,296
15560,2024-05-13,4,1029,1424,487,18,295
15561,2024-05-20,4,1029,1523,487,317,40
15562,2024-05-27,4,1029,1747,487,43,75
15563,2024-06-03,4,1029,2022,487,597,224
15564,2024-06-10,4,1029,1908,487,290,375
15565,2024-06-17,4,1029,1865,487,134,84
15566,2024-06-24,4,1029,1706,487,31,403
15567,2024-07-01,4,1029,1588,487,431,282
15568,2024-07-08,4,1029,1532,487,428,226
15569,2024-07-15,4,1029,1380,487,290,368
15570,2024-07-22,4,1029,1391,487,71,209
15571,2024-07-29,4,1029,1568,487,73,118
15572,2024-08-05,4,1029,1710,487,302,361
15573,2024-08-12,4,1029,1620,487,157,297
15574,2024-08-19,4,1029,1716,487,393,121
15575,2024-08-26,4,1029,1642,487,54,116
15576,2024-09-02,4,1029,1472,487,318,238
15577,2024-09-09,4,1029,1213,487,94,8
15578,2024-09-16,4,1029,1138,487,139,333
15579,2024-09-23,4,1029,1344,487,283,1
15580,2024-09-30,4,1029,1386,487,113,102
15581,2024-10-07,4,1029,1495,487,408,248
15582,2024-10-14,4,1029,1724,487,36,216
15583,2024-10-21,4,1029,1672,487,183,221
15584,2024-10-28,4,1029,1740,487,80,58
15585,2024-11-04,4,1029,1332,487,391,299
15586,2024-11-11,4,1029,1491,487,371,442
15587,2024-11-18,4,1029,1383,487,242,121
15588,2024-11-25,4,1029,1024,487,132,71
15589,2024-12-02,4,1029,1365,487,88,367
15590,2024-12-09,4,1029,1086,487,239,429
15591,2024-12-16,4,1029,1137,487,301,333
15592,2024-12-23,4,1029,1464,487,414,136
15593,2024-12-30,4,1029,1444,487,173,196
15594,2025-01-06,4,1029,1682,487,433,410
15595,2025-01-13,4,1029,1723,487,202,358
15596,2025-01-20,4,1029,1912,487,450,445
15597,2025-01-27,4,1029,1776,487,205,219
15598,2025-02-03,4,1029,1717,487,454,257
15599,2025-02-10,4,1029,1665,487,21,414
15600,2025-02-17,4,1029,1513,487,225,342
15601,2025-02-24,4,1029,1260,487,3,71
15602,2025-03-03,4,1029,1141,487,80,211
15603,2025-03-10,4,1029,1151,487,213,123
15604,2025-03-17,4,1029,1250,487,78,249
15605,2025-03-24,4,1029,1204,487,181,448
15606,2025-03-31,4,1029,1293,487,75,53
15607,2025-04-07,4,1029,1042,487,148,485
15608,2025-04-14,4,1029,888,487,265,370
15609,2025-04-21,4,1029,1087,487,9,164
15610,2025-04-28,4,1029,1277,487,8,298
15611,2025-05-05,4,1029,1108,487,64,196
15612,2025-05-12,4,1029,1353,487,32,432
15613,2025-05-19,4,1029,1358,487,172,437
15614,2025-05-26,4,1029,1434,487,10,235
15615,2025-06-02,4,1029,1296,487,273,359
15616,2025-06-09,4,1029,1575,487,82,330
15617,2025-06-16,4,1029,1585,487,392,219
15618,2025-06-23,4,1029,1403,487,319,2
15619,2025-06-30,4,1029,1467,487,412,375
15620,2025-07-07,4,1029,1240,487,119,284
15621,2025-07-14,4,1029,1166,487,300,32
15622,2025-07-21,4,1029,1197,487,111,272
15623,2025-07-28,4,1029,1190,487,251,425
15624,2025-08-04,4,1029,1188,487,230,44
15625,2025-08-11,4,1029,1032,487,78,419
15626,2025-08-18,4,1029,991,487,282,109
15627,2025-08-25,4,1029,983,487,261,356
15628,2025-09-01,4,1029,904,487,249,179
15629,2025-09-08,4,1029,626,487,104,295
15630,2025-09-15,4,1029,825,487,6,130
15631,2025-09-22,4,1029,900,487,264,263
15632,2025-09-29,4,1029,817,487,230,196
15633,2025-10-06,4,1029,628,487,42,33
15634,2025-10-13,4,1029,584,487,64,141
15635,2025-10-20,4,1029,351,487,88,278
15636,2025-10-27,4,1029,435,487,16,285
15637,2025-11-03,4,1029,276,487,57,17
15638,2025-11-10,4,1029,437,487,0,357
15639,2025-11-17,4,1029,666,487,176,43
15640,2025-11-24,4,1029,918,487,127,294
15641,2025-12-01,4,1029,842,487,70,45
15642,2025-12-08,4,1029,877,487,149,359
15643,2025-12-15,4,1029,501,487,119,271
15644,2025-12-22,4,1029,443,487,37,364
15645,2025-12-29,4,1029,553,487,99,461
15646,2024-01-01,4,1030,2994,486,459,460
15647,2024-01-08,4,1030,2939,486,710,415
15648,2024-01-15,4,1030,3178,486,205,194
15649,2024-01-22,4,1030,3297,486,532,237
15650,2024-01-29,4,1030,3520,486,79,328
15651,2024-02-05,4,1030,3631,486,1055,163
15652,2024-02-12,4,1030,3665,486,336,484
15653,2024-02-19,4,1030,3748,486,26,36
15654,2024-02-26,4,1030,3769,486,440,187
15655,2024-03-04,4,1030,3535,486,965,445
15656,2024-03-11,4,1030,3511,486,926,456
15657,2024-03-18,4,1030,3360,486,315,424
15658,2024-03-25,4,1030,3631,486,602,303
15659,2024-04-01,4,1030,3549,486,798,203
15660,2024-04-08,4,1030,3281,486,756,8
15661,2024-04-15,4,1030,3068,486,18,108
15662,2024-04-22,4,1030,3344,486,202,215
15663,2024-04-29,4,1030,3565,486,538,422
15664,2024-05-06,4,1030,3360,486,525,11
15665,2024-05-13,4,1030,3172,486,71,368
15666,2024-05-20,4,1030,3049,486,443,373
15667,2024-05-27,4,1030,3134,486,320,245
15668,2024-06-03,4,1030,3004,486,400,46
15669,2024-06-10,4,1030,2963,486,735,217
15670,2024-06-17,4,1030,2723,486,73,79
15671,2024-06-24,4,1030,2723,486,478,457
15672,2024-07-01,4,1030,2594,486,166,401
15673,2024-07-08,4,1030,2792,486,175,195
15674,2024-07-15,4,1030,2867,486,607,368
15675,2024-07-22,4,1030,2905,486,348,240
15676,2024-07-29,4,1030,3082,486,403,176
15677,2024-08-05,4,1030,2932,486,7,339
15678,2024-08-12,4,1030,3072,486,762,134
15679,2024-08-19,4,1030,3198,486,244,214
15680,2024-08-26,4,1030,3110,486,553,183
15681,2024-09-02,4,1030,3329,486,889,368
15682,2024-09-09,4,1030,3217,486,836,218
15683,2024-09-16,4,1030,3141,486,169,474
15684,2024-09-23,4,1030,2930,486,512,59
15685,2024-09-30,4,1030,2673,486,449,284
15686,2024-10-07,4,1030,2269,486,154,195
15687,2024-10-14,4,1030,2568,486,697,338
15688,2024-10-21,4,1030,2706,486,77,220
15689,2024-10-28,4,1030,3023,486,237,333
15690,2024-11-04,4,1030,2666,486,278,203
15691,2024-11-11,4,1030,2376,486,503,34
15692,2024-11-18,4,1030,2219,486,397,485
15693,2024-11-25,4,1030,2583,486,342,478
15694,2024-12-02,4,1030,2417,486,430,208
15695,2024-12-09,4,1030,2492,486,421,51
15696,2024-12-16,4,1030,2154,486,12,335
15697,2024-12-23,4,1030,2435,486,140,375
15698,2024-12-30,4,1030,2045,486,352,7
15699,2025-01-06,4,1030,1834,486,527,248
15700,2025-01-13,4,1030,1932,486,577,447
15701,2025-01-20,4,1030,2105,486,201,72
15702,2025-01-27,4,1030,2203,486,283,5
15703,2025-02-03,4,1030,2040,486,333,200
15704,2025-02-10,4,1030,2282,486,5,166
15705,2025-02-17,4,1030,2517,486,191,268
15706,2025-02-24,4,1030,2266,486,675,234
15707,2025-03-03,4,1030,2029,486,589,158
15708,2025-03-10,4,1030,2078,486,533,474
15709,2025-03-17,4,1030,2145,486,21,155
15710,2025-03-24,4,1030,2285,486,503,158
15711,2025-03-31,4,1030,2084,486,55,384
15712,2025-04-07,4,1030,2004,486,14,136
15713,2025-04-14,4,1030,1705,486,426,173
15714,2025-04-21,4,1030,1879,486,262,334
15715,2025-04-28,4,1030,1841,486,206,493
15716,2025-05-05,4,1030,1626,486,314,284
15717,2025-05-12,4,1030,1518,486,132,189
15718,2025-05-19,4,1030,1263,486,205,388
15719,2025-05-26,4,1030,1531,486,422,381
15720,2025-06-02,4,1030,1340,486,186,87
15721,2025-06-09,4,1030,1312,486,144,175
15722,2025-06-16,4,1030,1154,486,257,7
15723,2025-06-23,4,1030,1072,486,252,194
15724,2025-06-30,4,1030,815,486,219,89
15725,2025-07-07,4,1030,954,486,94,481
15726,2025-07-14,4,1030,1073,486,186,116
15727,2025-07-21,4,1030,930,486,98,152
15728,2025-07-28,4,1030,959,486,144,74
15729,2025-08-04,4,1030,855,486,218,147
15730,2025-08-11,4,1030,1002,486,203,388
15731,2025-08-18,4,1030,1032,486,222,374
15732,2025-08-25,4,1030,929,486,76,67
15733,2025-09-01,4,1030,640,486,11,235
15734,2025-09-08,4,1030,502,486,19,139
15735,2025-09-15,4,1030,427,486,38,422
15736,2025-09-22,4,1030,619,486,183,127
15737,2025-09-29,4,1030,470,486,26,160
15738,2025-10-06,4,1030,248,486,5,33
15739,2025-10-13,4,1030,260,486,65,221
15740,2025-10-20,4,1030,97,486,22,391
15741,2025-10-27,4,1030,421,486,2,126
15742,2025-11-03,4,1030,475,486,38,70
15743,2025-11-10,4,1030,549,486,7,119
15744,2025-11-17,4,1030,137,486,3,162
15745,2025-11-24,4,1030,344,486,38,160
15746,2025-12-01,4,1030,622,486,44,198
15747,2025-12-08,4,1030,403,486,18,451
15748,2025-12-15,4,1030,704,486,160,469
15749,2025-12-22,4,1030,321,486,75,253
15750,2025-12-29,4,1030,543,486,13,132
15751,2024-01-01,4,1031,863,572,52,334
15752,2024-01-08,4,1031,594,572,127,11
15753,2024-01-15,4,1031,830,572,20,350
15754,2024-01-22,4,1031,901,572,52,83
15755,2024-01-29,4,1031,1026,572,89,336
15756,2024-02-05,4,1031,910,572,129,145
15757,2024-02-12,4,1031,720,572,137,141
15758,2024-02-19,4,1031,493,572,87,17
15759,2024-02-26,4,1031,678,572,5,73
15760,2024-03-04,4,1031,818,572,206,175
15761,2024-03-11,4,1031,941,572,52,109
15762,2024-03-18,4,1031,1180,572,201,265
15763,2024-03-25,4,1031,1143,572,213,296
15764,2024-04-01,4,1031,950,572,42,289
15765,2024-04-08,4,1031,733,572,46,254
15766,2024-04-15,4,1031,655,572,25,249
15767,2024-04-22,4,1031,701,572,164,284
15768,2024-04-29,4,1031,829,572,214,450
15769,2024-05-06,4,1031,734,572,99,89
15770,2024-05-13,4,1031,700,572,79,3
15771,2024-05-20,4,1031,718,572,158,267
15772,2024-05-27,4,1031,544,572,66,138
15773,2024-06-03,4,1031,534,572,105,433
15774,2024-06-10,4,1031,456,572,67,281
15775,2024-06-17,4,1031,534,572,48,256
15776,2024-06-24,4,1031,427,572,74,32
15777,2024-07-01,4,1031,360,572,107,436
15778,2024-07-08,4,1031,495,572,30,47
15779,2024-07-15,4,1031,411,572,68,352
15780,2024-07-22,4,1031,394,572,42,434
15781,2024-07-29,4,1031,215,572,58,288
15782,2024-08-05,4,1031,354,572,23,333
15783,2024-08-12,4,1031,403,572,17,387
15784,2024-08-19,4,1031,549,572,55,53
15785,2024-08-26,4,1031,445,572,91,245
15786,2024-09-02,4,1031,270,572,51,394
15787,2024-09-09,4,1031,346,572,103,374
15788,2024-09-16,4,1031,164,572,42,13
15789,2024-09-23,4,1031,337,572,39,278
15790,2024-09-30,4,1031,218,572,64,85
15791,2024-10-07,4,1031,474,572,88,305
15792,2024-10-14,4,1031,145,572,35,77
15793,2024-10-21,4,1031,220,572,7,244
15794,2024-10-28,4,1031,0,572,0,34
15795,2024-11-04,4,1031,0,572,0,6
15796,2024-11-11,4,1031,386,572,80,62
15797,2024-11-18,4,1031,456,572,73,107
15798,2024-11-25,4,1031,383,572,97,15
15799,2024-12-02,4,1031,240,572,56,127
15800,2024-12-09,4,1031,583,572,82,437
15801,2024-12-16,4,1031,303,572,58,481
15802,2024-12-23,4,1031,588,572,76,100
15803,2024-12-30,4,1031,751,572,166,144
15804,2025-01-06,4,1031,485,572,16,408
15805,2025-01-13,4,1031,545,572,6,105
15806,2025-01-20,4,1031,654,572,124,347
15807,2025-01-27,4,1031,360,572,69,117
15808,2025-02-03,4,1031,446,572,93,218
15809,2025-02-10,4,1031,408,572,22,408
15810,2025-02-17,4,1031,589,572,105,325
15811,2025-02-24,4,1031,774,572,83,200
15812,2025-03-03,4,1031,941,572,13,483
15813,2025-03-10,4,1031,670,572,174,330
15814,2025-03-17,4,1031,923,572,197,459
15815,2025-03-24,4,1031,962,572,15,200
15816,2025-03-31,4,1031,703,572,161,329
15817,2025-04-07,4,1031,658,572,89,155
15818,2025-04-14,4,1031,895,572,48,79
15819,2025-04-21,4,1031,1023,572,77,388
15820,2025-04-28,4,1031,916,572,92,310
15821,2025-05-05,4,1031,797,572,143,242
15822,2025-05-12,4,1031,1066,572,99,393
15823,2025-05-19,4,1031,1231,572,146,78
15824,2025-05-26,4,1031,1255,572,57,372
15825,2025-06-02,4,1031,1329,572,77,19
15826,2025-06-09,4,1031,1440,572,112,494
15827,2025-06-16,4,1031,1545,572,462,362
15828,2025-06-23,4,1031,1289,572,116,211
15829,2025-06-30,4,1031,1185,572,322,269
15830,2025-07-07,4,1031,1334,572,299,139
15831,2025-07-14,4,1031,1087,572,127,198
15832,2025-07-21,4,1031,1298,572,218,71
15833,2025-07-28,4,1031,1469,572,287,32
15834,2025-08-04,4,1031,1556,572,133,442
15835,2025-08-11,4,1031,1722,572,209,231
15836,2025-08-18,4,1031,1797,572,441,363
15837,2025-08-25,4,1031,1777,572,364,183
15838,2025-09-01,4,1031,1845,572,321,31
15839,2025-09-08,4,1031,1896,572,25,248
15840,2025-09-15,4,1031,2037,572,266,431
15841,2025-09-22,4,1031,1810,572,235,410
15842,2025-09-29,4,1031,2074,572,286,162
15843,2025-10-06,4,1031,2289,572,101,158
15844,2025-10-13,4,1031,2248,572,31,279
15845,2025-10-20,4,1031,2619,572,380,7
15846,2025-10-27,4,1031,2666,572,711,341
15847,2025-11-03,4,1031,2632,572,430,137
15848,2025-11-10,4,1031,2450,572,67,460
15849,2025-11-17,4,1031,2424,572,126,158
15850,2025-11-24,4,1031,2590,572,765,312
15851,2025-12-01,4,1031,2930,572,777,327
15852,2025-12-08,4,1031,3200,572,602,350
15853,2025-12-15,4,1031,3306,572,710,167
15854,2025-12-22,4,1031,3686,572,27,52
15855,2025-12-29,4,1031,3306,572,900,340
15856,2024-01-01,4,1032,2530,618,169,429
15857,2024-01-08,4,1032,2716,618,428,247
15858,2024-01-15,4,1032,2513,618,469,224
15859,2024-01-22,4,1032,2283,618,160,430
15860,2024-01-29,4,1032,2409,618,697,273
15861,2024-02-05,4,1032,2312,618,135,302
15862,2024-02-12,4,1032,2099,618,355,479
15863,2024-02-19,4,1032,1805,618,392,229
15864,2024-02-26,4,1032,1853,618,383,19
15865,2024-03-04,4,1032,1761,618,56,470
15866,2024-03-11,4,1032,2021,618,505,424
15867,2024-03-18,4,1032,2036,618,111,358
15868,2024-03-25,4,1032,2294,618,216,226
15869,2024-04-01,4,1032,2508,618,164,360
15870,2024-04-08,4,1032,2374,618,239,96
15871,2024-04-15,4,1032,2311,618,628,182
15872,2024-04-22,4,1032,2552,618,59,388
15873,2024-04-29,4,1032,2739,618,322,207
15874,2024-05-06,4,1032,2787,618,131,55
15875,2024-05-13,4,1032,2554,618,362,475
15876,2024-05-20,4,1032,2657,618,730,212
15877,2024-05-27,4,1032,2929,618,726,274
15878,2024-06-03,4,1032,3105,618,113,271
15879,2024-06-10,4,1032,3051,618,649,442
15880,2024-06-17,4,1032,3054,618,204,35
15881,2024-06-24,4,1032,2872,618,468,37
15882,2024-07-01,4,1032,3077,618,256,408
15883,2024-07-08,4,1032,2935,618,835,53
15884,2024-07-15,4,1032,2795,618,74,415
15885,2024-07-22,4,1032,2729,618,585,254
15886,2024-07-29,4,1032,3004,618,322,329
15887,2024-08-05,4,1032,2828,618,315,226
15888,2024-08-12,4,1032,2840,618,192,86
15889,2024-08-19,4,1032,2879,618,159,107
15890,2024-08-26,4,1032,3036,618,142,308
15891,2024-09-02,4,1032,3157,618,709,107
15892,2024-09-09,4,1032,3175,618,251,19
15893,2024-09-16,4,1032,3112,618,701,101
15894,2024-09-23,4,1032,3043,618,377,97
15895,2024-09-30,4,1032,3051,618,579,479
15896,2024-10-07,4,1032,3289,618,888,383
15897,2024-10-14,4,1032,2891,618,684,124
15898,2024-10-21,4,1032,3017,618,855,277
15899,2024-10-28,4,1032,2886,618,791,202
15900,2024-11-04,4,1032,2555,618,307,245
15901,2024-11-11,4,1032,2478,618,44,72
15902,2024-11-18,4,1032,2360,618,217,111
15903,2024-11-25,4,1032,2623,618,425,195
15904,2024-12-02,4,1032,2257,618,292,356
15905,2024-12-09,4,1032,2062,618,122,389
15906,2024-12-16,4,1032,2021,618,194,130
15907,2024-12-23,4,1032,1984,618,269,30
15908,2024-12-30,4,1032,1771,618,100,492
15909,2025-01-06,4,1032,1834,618,349,61
15910,2025-01-13,4,1032,1663,618,57,63
15911,2025-01-20,4,1032,1809,618,422,421
15912,2025-01-27,4,1032,1823,618,296,72
15913,2025-02-03,4,1032,1603,618,406,328
15914,2025-02-10,4,1032,1516,618,103,241
15915,2025-02-17,4,1032,1463,618,63,338
15916,2025-02-24,4,1032,1316,618,160,454
15917,2025-03-03,4,1032,1145,618,88,191
15918,2025-03-10,4,1032,1131,618,241,57
15919,2025-03-17,4,1032,1103,618,328,45
15920,2025-03-24,4,1032,854,618,131,285
15921,2025-03-31,4,1032,787,618,45,134
15922,2025-04-07,4,1032,501,618,2,386
15923,2025-04-14,4,1032,607,618,108,456
15924,2025-04-21,4,1032,669,618,52,139
15925,2025-04-28,4,1032,713,618,70,238
15926,2025-05-05,4,1032,956,618,8,34
15927,2025-05-12,4,1032,1219,618,358,432
15928,2025-05-19,4,1032,1478,618,380,125
15929,2025-05-26,4,1032,1384,618,368,78
15930,2025-06-02,4,1032,1227,618,125,338
15931,2025-06-09,4,1032,1503,618,107,61
15932,2025-06-16,4,1032,1380,618,319,52
15933,2025-06-23,4,1032,1543,618,159,329
15934,2025-06-30,4,1032,1719,618,280,13
15935,2025-07-07,4,1032,1793,618,471,172
15936,2025-07-14,4,1032,1738,618,70,70
15937,2025-07-21,4,1032,1938,618,333,325
15938,2025-07-28,4,1032,2185,618,395,459
15939,2025-08-04,4,1032,2039,618,190,470
15940,2025-08-11,4,1032,2132,618,185,406
15941,2025-08-18,4,1032,2241,618,617,200
15942,2025-08-25,4,1032,2214,618,543,235
15943,2025-09-01,4,1032,2054,618,258,487
15944,2025-09-08,4,1032,2194,618,117,17
15945,2025-09-15,4,1032,2088,618,197,224
15946,2025-09-22,4,1032,2341,618,347,367
15947,2025-09-29,4,1032,2225,618,210,390
15948,2025-10-06,4,1032,2111,618,179,234
15949,2025-10-13,4,1032,1934,618,247,162
15950,2025-10-20,4,1032,2072,618,149,429
15951,2025-10-27,4,1032,2122,618,473,90
15952,2025-11-03,4,1032,1861,618,396,304
15953,2025-11-10,4,1032,1949,618,181,9
15954,2025-11-17,4,1032,2009,618,600,313
15955,2025-11-24,4,1032,2006,618,497,93
15956,2025-12-01,4,1032,2153,618,496,62
15957,2025-12-08,4,1032,1804,618,489,132
15958,2025-12-15,4,1032,1519,618,142,81
15959,2025-12-22,4,1032,1652,618,165,285
15960,2025-12-29,4,1032,1597,618,186,467
15961,2024-01-01,4,1033,3531,854,185,160
15962,2024-01-08,4,1033,3577,854,86,68
15963,2024-01-15,4,1033,3404,854,757,456
15964,2024-01-22,4,1033,3611,854,837,303
15965,2024-01-29,4,1033,3638,854,965,294
15966,2024-02-05,4,1033,3702,854,705,129
15967,2024-02-12,4,1033,3565,854,51,407
15968,2024-02-19,4,1033,3583,854,865,75
15969,2024-02-26,4,1033,3724,854,908,14
15970,2024-03-04,4,1033,3636,854,639,290
15971,2024-03-11,4,1033,3376,854,787,281
15972,2024-03-18,4,1033,3213,854,233,346
15973,2024-03-25,4,1033,2920,854,607,389
15974,2024-04-01,4,1033,2625,854,660,425
15975,2024-04-08,4,1033,2732,854,458,165
15976,2024-04-15,4,1033,2457,854,266,376
15977,2024-04-22,4,1033,2435,854,445,491
15978,2024-04-29,4,1033,2328,854,451,437
15979,2024-05-06,4,1033,2575,854,584,30
15980,2024-05-13,4,1033,2284,854,534,118
15981,2024-05-20,4,1033,2035,854,69,122
15982,2024-05-27,4,1033,1792,854,217,349
15983,2024-06-03,4,1033,1826,854,496,8
15984,2024-06-10,4,1033,1945,854,347,278
15985,2024-06-17,4,1033,2174,854,233,189
15986,2024-06-24,4,1033,1970,854,49,76
15987,2024-07-01,4,1033,1956,854,387,258
15988,2024-07-08,4,1033,1725,854,509,283
15989,2024-07-15,4,1033,1473,854,379,363
15990,2024-07-22,4,1033,1370,854,27,13
15991,2024-07-29,4,1033,1347,854,264,58
15992,2024-08-05,4,1033,1243,854,75,455
15993,2024-08-12,4,1033,1142,854,72,434
15994,2024-08-19,4,1033,1064,854,16,338
15995,2024-08-26,4,1033,947,854,146,164
15996,2024-09-02,4,1033,1207,854,117,290
15997,2024-09-09,4,1033,1085,854,27,226
15998,2024-09-16,4,1033,1179,854,128,193
15999,2024-09-23,4,1033,1414,854,232,15
16000,2024-09-30,4,1033,1140,854,183,481
16001,2024-10-07,4,1033,1121,854,23,22
16002,2024-10-14,4,1033,1102,854,204,389
16003,2024-10-21,4,1033,831,854,208,315
16004,2024-10-28,4,1033,983,854,292,73
16005,2024-11-04,4,1033,1263,854,371,316
16006,2024-11-11,4,1033,1613,854,398,284
16007,2024-11-18,4,1033,1547,854,110,273
16008,2024-11-25,4,1033,1159,854,168,455
16009,2024-12-02,4,1033,1149,854,299,154
16010,2024-12-09,4,1033,1373,854,129,219
16011,2024-12-16,4,1033,1142,854,123,384
16012,2024-12-23,4,1033,808,854,210,182
16013,2024-12-30,4,1033,945,854,63,370
16014,2025-01-06,4,1033,733,854,94,47
16015,2025-01-13,4,1033,637,854,41,247
16016,2025-01-20,4,1033,539,854,46,498
16017,2025-01-27,4,1033,360,854,12,72
16018,2025-02-03,4,1033,429,854,40,57
16019,2025-02-10,4,1033,326,854,64,84
16020,2025-02-17,4,1033,156,854,5,322
16021,2025-02-24,4,1033,264,854,60,414
16022,2025-03-03,4,1033,296,854,31,203
16023,2025-03-10,4,1033,491,854,65,96
16024,2025-03-17,4,1033,467,854,56,229
16025,2025-03-24,4,1033,734,854,26,76
16026,2025-03-31,4,1033,777,854,34,424
16027,2025-04-07,4,1033,841,854,160,431
16028,2025-04-14,4,1033,1118,854,126,338
16029,2025-04-21,4,1033,1181,854,152,73
16030,2025-04-28,4,1033,1340,854,199,308
16031,2025-05-05,4,1033,1172,854,41,442
16032,2025-05-12,4,1033,1130,854,181,364
16033,2025-05-19,4,1033,998,854,53,299
16034,2025-05-26,4,1033,1011,854,158,325
16035,2025-06-02,4,1033,957,854,177,486
16036,2025-06-09,4,1033,967,854,57,262
16037,2025-06-16,4,1033,785,854,109,79
16038,2025-06-23,4,1033,677,854,24,349
16039,2025-06-30,4,1033,739,854,188,447
16040,2025-07-07,4,1033,775,854,183,7
16041,2025-07-14,4,1033,874,854,161,465
16042,2025-07-21,4,1033,841,854,46,340
16043,2025-07-28,4,1033,667,854,89,264
16044,2025-08-04,4,1033,522,854,75,153
16045,2025-08-11,4,1033,643,854,46,10
16046,2025-08-18,4,1033,716,854,39,169
16047,2025-08-25,4,1033,735,854,120,77
16048,2025-09-01,4,1033,448,854,72,473
16049,2025-09-08,4,1033,219,854,22,373
16050,2025-09-15,4,1033,463,854,49,488
16051,2025-09-22,4,1033,406,854,105,470
16052,2025-09-29,4,1033,270,854,77,419
16053,2025-10-06,4,1033,522,854,145,434
16054,2025-10-13,4,1033,358,854,24,247
16055,2025-10-20,4,1033,230,854,31,329
16056,2025-10-27,4,1033,0,854,0,42
16057,2025-11-03,4,1033,0,854,0,0
16058,2025-11-10,4,1033,148,854,16,14
16059,2025-11-17,4,1033,537,854,120,50
16060,2025-11-24,4,1033,689,854,4,343
16061,2025-12-01,4,1033,550,854,23,78
16062,2025-12-08,4,1033,772,854,137,395
16063,2025-12-15,4,1033,466,854,124,246
16064,2025-12-22,4,1033,209,854,17,129
16065,2025-12-29,4,1033,48,854,0,398
16066,2024-01-01,4,1034,1673,900,273,92
16067,2024-01-08,4,1034,1643,900,19,467
16068,2024-01-15,4,1034,1443,900,146,275
16069,2024-01-22,4,1034,1513,900,94,50
16070,2024-01-29,4,1034,1792,900,499,419
16071,2024-02-05,4,1034,1937,900,401,198
16072,2024-02-12,4,1034,2082,900,449,228
16073,2024-02-19,4,1034,2056,900,64,434
16074,2024-02-26,4,1034,1856,900,475,14
16075,2024-03-04,4,1034,2085,900,278,27
16076,2024-03-11,4,1034,2199,900,510,231
16077,2024-03-18,4,1034,2239,900,57,467
16078,2024-03-25,4,1034,1959,900,122,212
16079,2024-04-01,4,1034,1818,900,99,497
16080,2024-04-08,4,1034,1777,900,307,68
16081,2024-04-15,4,1034,1568,900,311,138
16082,2024-04-22,4,1034,1725,900,503,401
16083,2024-04-29,4,1034,1880,900,403,66
16084,2024-05-06,4,1034,1643,900,358,165
16085,2024-05-13,4,1034,1741,900,217,69
16086,2024-05-20,4,1034,2006,900,145,462
16087,2024-05-27,4,1034,2173,900,409,131
16088,2024-06-03,4,1034,2060,900,558,497
16089,2024-06-10,4,1034,1923,900,69,171
16090,2024-06-17,4,1034,2161,900,241,366
16091,2024-06-24,4,1034,2005,900,165,378
16092,2024-07-01,4,1034,1783,900,407,340
16093,2024-07-08,4,1034,1644,900,6,72
16094,2024-07-15,4,1034,1922,900,407,202
16095,2024-07-22,4,1034,1642,900,475,485
16096,2024-07-29,4,1034,1861,900,324,9
16097,2024-08-05,4,1034,1865,900,238,324
16098,2024-08-12,4,1034,1910,900,42,53
16099,2024-08-19,4,1034,2050,900,9,108
16100,2024-08-26,4,1034,1888,900,481,361
16101,2024-09-02,4,1034,1979,900,258,171
16102,2024-09-09,4,1034,1808,900,297,181
16103,2024-09-16,4,1034,1911,900,88,224
16104,2024-09-23,4,1034,2094,900,46,292
16105,2024-09-30,4,1034,2267,900,433,174
16106,2024-10-07,4,1034,2033,900,230,20
16107,2024-10-14,4,1034,2103,900,159,252
16108,2024-10-21,4,1034,1951,900,440,224
16109,2024-10-28,4,1034,1571,900,323,152
16110,2024-11-04,4,1034,1435,900,108,15
16111,2024-11-11,4,1034,1253,900,336,425
16112,2024-11-18,4,1034,1531,900,232,246
16113,2024-11-25,4,1034,1295,900,344,106
16114,2024-12-02,4,1034,1071,900,155,437
16115,2024-12-09,4,1034,1044,900,190,191
16116,2024-12-16,4,1034,1144,900,235,100
16117,2024-12-23,4,1034,1335,900,122,112
16118,2024-12-30,4,1034,1595,900,287,382
16119,2025-01-06,4,1034,1863,900,310,284
16120,2025-01-13,4,1034,2035,900,62,297
16121,2025-01-20,4,1034,1757,900,100,69
16122,2025-01-27,4,1034,1599,900,407,172
16123,2025-02-03,4,1034,1451,900,56,285
16124,2025-02-10,4,1034,1203,900,38,314
16125,2025-02-17,4,1034,1285,900,143,421
16126,2025-02-24,4,1034,1094,900,11,120
16127,2025-03-03,4,1034,1342,900,56,463
16128,2025-03-10,4,1034,1356,900,217,366
16129,2025-03-17,4,1034,1293,900,241,59
16130,2025-03-24,4,1034,1192,900,43,103
16131,2025-03-31,4,1034,1065,900,312,195
16132,2025-04-07,4,1034,1162,900,109,51
16133,2025-04-14,4,1034,953,900,184,11
16134,2025-04-21,4,1034,863,900,62,288
16135,2025-04-28,4,1034,817,900,66,286
16136,2025-05-05,4,1034,695,900,54,381
16137,2025-05-12,4,1034,758,900,191,268
16138,2025-05-19,4,1034,784,900,197,228
16139,2025-05-26,4,1034,860,900,150,385
16140,2025-06-02,4,1034,1118,900,261,27
16141,2025-06-09,4,1034,927,900,164,418
16142,2025-06-16,4,1034,696,900,0,317
16143,2025-06-23,4,1034,640,900,51,50
16144,2025-06-30,4,1034,874,900,231,55
16145,2025-07-07,4,1034,956,900,8,387
16146,2025-07-14,4,1034,718,900,55,324
16147,2025-07-21,4,1034,794,900,129,390
16148,2025-07-28,4,1034,543,900,117,352
16149,2025-08-04,4,1034,378,900,81,441
16150,2025-08-11,4,1034,526,900,59,48
16151,2025-08-18,4,1034,634,900,186,26
16152,2025-08-25,4,1034,488,900,13,397
16153,2025-09-01,4,1034,477,900,138,266
16154,2025-09-08,4,1034,561,900,37,459
16155,2025-09-15,4,1034,446,900,5,380
16156,2025-09-22,4,1034,254,900,59,313
16157,2025-09-29,4,1034,525,900,145,227
16158,2025-10-06,4,1034,333,900,92,128
16159,2025-10-13,4,1034,82,900,5,112
16160,2025-10-20,4,1034,0,900,0,15
16161,2025-10-27,4,1034,0,900,0,49
16162,2025-11-03,4,1034,0,900,0,164
16163,2025-11-10,4,1034,0,900,0,130
16164,2025-11-17,4,1034,0,900,0,89
16165,2025-11-24,4,1034,0,900,0,288
16166,2025-12-01,4,1034,113,900,8,26
16167,2025-12-08,4,1034,0,900,0,102
16168,2025-12-15,4,1034,0,900,0,346
16169,2025-12-22,4,1034,0,900,0,380
16170,2025-12-29,4,1034,254,900,17,199
16171,2024-01-01,4,1035,103,671,11,192
16172,2024-01-08,4,1035,0,671,0,103
16173,2024-01-15,4,1035,0,671,0,457
16174,2024-01-22,4,1035,160,671,5,380
16175,2024-01-29,4,1035,0,671,0,424
16176,2024-02-05,4,1035,119,671,30,303
16177,2024-02-12,4,1035,55,671,14,356
16178,2024-02-19,4,1035,0,671,0,297
16179,2024-02-26,4,1035,0,671,0,242
16180,2024-03-04,4,1035,0,671,0,463
16181,2024-03-11,4,1035,0,671,0,295
16182,2024-03-18,4,1035,155,671,10,44
16183,2024-03-25,4,1035,178,671,21,79
16184,2024-04-01,4,1035,60,671,4,236
16185,2024-04-08,4,1035,330,671,8,444
16186,2024-04-15,4,1035,86,671,1,215
16187,2024-04-22,4,1035,0,671,0,338
16188,2024-04-29,4,1035,0,671,0,422
16189,2024-05-06,4,1035,0,671,0,178
16190,2024-05-13,4,1035,0,671,0,289
16191,2024-05-20,4,1035,74,671,15,194
16192,2024-05-27,4,1035,0,671,0,222
16193,2024-06-03,4,1035,0,671,0,133
16194,2024-06-10,4,1035,169,671,16,299
16195,2024-06-17,4,1035,0,671,0,421
16196,2024-06-24,4,1035,0,671,0,165
16197,2024-07-01,4,1035,207,671,9,191
16198,2024-07-08,4,1035,0,671,0,456
16199,2024-07-15,4,1035,135,671,22,115
16200,2024-07-22,4,1035,0,671,0,151
16201,2024-07-29,4,1035,216,671,41,497
16202,2024-08-05,4,1035,100,671,5,87
16203,2024-08-12,4,1035,94,671,18,282
16204,2024-08-19,4,1035,138,671,12,477
16205,2024-08-26,4,1035,165,671,31,115
16206,2024-09-02,4,1035,379,671,63,302
16207,2024-09-09,4,1035,395,671,64,351
16208,2024-09-16,4,1035,185,671,15,17
16209,2024-09-23,4,1035,449,671,91,443
16210,2024-09-30,4,1035,630,671,92,352
16211,2024-10-07,4,1035,742,671,179,217
16212,2024-10-14,4,1035,382,671,15,466
16213,2024-10-21,4,1035,159,671,2,66
16214,2024-10-28,4,1035,0,671,0,101
16215,2024-11-04,4,1035,0,671,0,279
16216,2024-11-11,4,1035,0,671,0,249
16217,2024-11-18,4,1035,0,671,0,408
16218,2024-11-25,4,1035,92,671,18,98
16219,2024-12-02,4,1035,366,671,51,160
16220,2024-12-09,4,1035,678,671,99,71
16221,2024-12-16,4,1035,937,671,188,469
16222,2024-12-23,4,1035,532,671,135,14
16223,2024-12-30,4,1035,602,671,77,332
16224,2025-01-06,4,1035,774,671,178,218
16225,2025-01-13,4,1035,688,671,80,133
16226,2025-01-20,4,1035,805,671,212,390
16227,2025-01-27,4,1035,663,671,117,420
16228,2025-02-03,4,1035,433,671,92,425
16229,2025-02-10,4,1035,290,671,23,413
16230,2025-02-17,4,1035,289,671,84,33
16231,2025-02-24,4,1035,270,671,69,365
16232,2025-03-03,4,1035,16,671,1,321
16233,2025-03-10,4,1035,93,671,19,241
16234,2025-03-17,4,1035,328,671,2,310
16235,2025-03-24,4,1035,75,671,9,328
16236,2025-03-31,4,1035,0,671,0,400
16237,2025-04-07,4,1035,148,671,17,335
16238,2025-04-14,4,1035,0,671,0,389
16239,2025-04-21,4,1035,0,671,0,100
16240,2025-04-28,4,1035,267,671,19,21
16241,2025-05-05,4,1035,58,671,1,447
16242,2025-05-12,4,1035,0,671,0,48
16243,2025-05-19,4,1035,0,671,0,275
16244,2025-05-26,4,1035,0,671,0,227
16245,2025-06-02,4,1035,0,671,0,35
16246,2025-06-09,4,1035,0,671,0,11
16247,2025-06-16,4,1035,135,671,33,41
16248,2025-06-23,4,1035,0,671,0,270
16249,2025-06-30,4,1035,0,671,0,238
16250,2025-07-07,4,1035,198,671,52,50
16251,2025-07-14,4,1035,402,671,51,290
16252,2025-07-21,4,1035,644,671,189,240
16253,2025-07-28,4,1035,840,671,187,354
16254,2025-08-04,4,1035,792,671,222,436
16255,2025-08-11,4,1035,737,671,199,87
16256,2025-08-18,4,1035,567,671,150,446
16257,2025-08-25,4,1035,724,671,28,289
16258,2025-09-01,4,1035,999,671,224,337
16259,2025-09-08,4,1035,983,671,246,23
16260,2025-09-15,4,1035,844,671,35,368
16261,2025-09-22,4,1035,691,671,139,157
16262,2025-09-29,4,1035,970,671,197,2
16263,2025-10-06,4,1035,1272,671,273,235
16264,2025-10-13,4,1035,986,671,282,464
16265,2025-10-20,4,1035,1088,671,321,313
16266,2025-10-27,4,1035,855,671,240,164
16267,2025-11-03,4,1035,495,671,130,227
16268,2025-11-10,4,1035,388,671,89,321
16269,2025-11-17,4,1035,417,671,111,321
16270,2025-11-24,4,1035,797,671,40,438
16271,2025-12-01,4,1035,1186,671,168,264
16272,2025-12-08,4,1035,976,671,70,108
16273,2025-12-15,4,1035,1121,671,276,494
16274,2025-12-22,4,1035,787,671,48,196
16275,2025-12-29,4,1035,899,671,86,169
16276,2024-01-01,4,1036,2530,1068,243,477
16277,2024-01-08,4,1036,2572,1068,688,420
16278,2024-01-15,4,1036,2632,1068,755,209
16279,2024-01-22,4,1036,2351,1068,674,146
16280,2024-01-29,4,1036,2602,1068,397,63
16281,2024-02-05,4,1036,2808,1068,782,202
16282,2024-02-12,4,1036,3046,1068,620,115
16283,2024-02-19,4,1036,3272,1068,185,415
16284,2024-02-26,4,1036,3291,1068,897,424
16285,2024-03-04,4,1036,3570,1068,926,437
16286,2024-03-11,4,1036,3291,1068,986,269
16287,2024-03-18,4,1036,3448,1068,996,14
16288,2024-03-25,4,1036,3566,1068,136,360
16289,2024-04-01,4,1036,3741,1068,577,223
16290,2024-04-08,4,1036,3625,1068,50,463
16291,2024-04-15,4,1036,3440,1068,178,55
16292,2024-04-22,4,1036,3147,1068,463,49
16293,2024-04-29,4,1036,2957,1068,309,291
16294,2024-05-06,4,1036,3082,1068,161,435
16295,2024-05-13,4,1036,2956,1068,277,369
16296,2024-05-20,4,1036,3014,1068,861,49
16297,2024-05-27,4,1036,3197,1068,163,279
16298,2024-06-03,4,1036,3239,1068,651,390
16299,2024-06-10,4,1036,3096,1068,0,258
16300,2024-06-17,4,1036,3106,1068,815,39
16301,2024-06-24,4,1036,2857,1068,296,268
16302,2024-07-01,4,1036,2752,1068,477,252
16303,2024-07-08,4,1036,2604,1068,606,131
16304,2024-07-15,4,1036,2561,1068,625,435
16305,2024-07-22,4,1036,2677,1068,391,95
16306,2024-07-29,4,1036,2701,1068,474,104
16307,2024-08-05,4,1036,2770,1068,739,7
16308,2024-08-12,4,1036,2888,1068,656,280
16309,2024-08-19,4,1036,2841,1068,689,139
16310,2024-08-26,4,1036,2999,1068,290,419
16311,2024-09-02,4,1036,3080,1068,692,363
16312,2024-09-09,4,1036,3229,1068,632,492
16313,2024-09-16,4,1036,3155,1068,591,36
16314,2024-09-23,4,1036,3064,1068,857,242
16315,2024-09-30,4,1036,3245,1068,10,26
16316,2024-10-07,4,1036,3127,1068,474,162
16317,2024-10-14,4,1036,3304,1068,602,426
16318,2024-10-21,4,1036,3637,1068,815,387
16319,2024-10-28,4,1036,3737,1068,771,319
16320,2024-11-04,4,1036,4054,1068,615,283
16321,2024-11-11,4,1036,4073,1068,982,12
16322,2024-11-18,4,1036,3844,1068,566,295
16323,2024-11-25,4,1036,4056,1068,904,414
16324,2024-12-02,4,1036,4387,1068,1077,499
16325,2024-12-09,4,1036,4104,1068,1090,304
16326,2024-12-16,4,1036,4239,1068,218,135
16327,2024-12-23,4,1036,4094,1068,149,251
16328,2024-12-30,4,1036,4446,1068,673,370
16329,2025-01-06,4,1036,4458,1068,163,111
16330,2025-01-13,4,1036,4425,1068,1147,31
16331,2025-01-20,4,1036,4599,1068,1086,26
16332,2025-01-27,4,1036,4712,1068,1118,10
16333,2025-02-03,4,1036,4897,1068,963,293
16334,2025-02-10,4,1036,4682,1068,759,333
16335,2025-02-17,4,1036,4411,1068,881,282
16336,2025-02-24,4,1036,4644,1068,709,379
16337,2025-03-03,4,1036,4524,1068,567,395
16338,2025-03-10,4,1036,4688,1068,748,248
16339,2025-03-17,4,1036,4893,1068,1109,289
16340,2025-03-24,4,1036,4806,1068,945,177
16341,2025-03-31,4,1036,4647,1068,281,424
16342,2025-04-07,4,1036,4388,1068,319,364
16343,2025-04-14,4,1036,4549,1068,120,357
16344,2025-04-21,4,1036,4629,1068,501,483
16345,2025-04-28,4,1036,4900,1068,875,192
16346,2025-05-05,4,1036,5057,1068,1203,248
16347,2025-05-12,4,1036,5014,1068,108,208
16348,2025-05-19,4,1036,4784,1068,621,488
16349,2025-05-26,4,1036,4858,1068,783,442
16350,2025-06-02,4,1036,5002,1068,1337,279
16351,2025-06-09,4,1036,4830,1068,519,11
16352,2025-06-16,4,1036,4705,1068,238,221
16353,2025-06-23,4,1036,4726,1068,201,411
16354,2025-06-30,4,1036,4450,1068,87,471
16355,2025-07-07,4,1036,4586,1068,792,242
16356,2025-07-14,4,1036,4836,1068,1341,435
16357,2025-07-21,4,1036,4958,1068,1281,186
16358,2025-07-28,4,1036,4743,1068,1148,225
16359,2025-08-04,4,1036,4795,1068,1241,466
16360,2025-08-11,4,1036,4712,1068,1067,217
16361,2025-08-18,4,1036,4551,1068,1004,71
16362,2025-08-25,4,1036,4437,1068,1268,372
16363,2025-09-01,4,1036,4708,1068,583,469
16364,2025-09-08,4,1036,4944,1068,374,151
16365,2025-09-15,4,1036,5001,1068,1301,75
16366,2025-09-22,4,1036,5182,1068,549,347
16367,2025-09-29,4,1036,4997,1068,441,133
16368,2025-10-06,4,1036,4579,1068,463,158
16369,2025-10-13,4,1036,4744,1068,656,295
16370,2025-10-20,4,1036,4437,1068,444,150
16371,2025-10-27,4,1036,4227,1068,747,278
16372,2025-11-03,4,1036,3870,1068,848,66
16373,2025-11-10,4,1036,3559,1068,1035,13
16374,2025-11-17,4,1036,3769,1068,404,106
16375,2025-11-24,4,1036,3503,1068,672,376
16376,2025-12-01,4,1036,3864,1068,579,489
16377,2025-12-08,4,1036,3852,1068,406,486
16378,2025-12-15,4,1036,3917,1068,1144,376
16379,2025-12-22,4,1036,3862,1068,105,489
16380,2025-12-29,4,1036,3853,1068,876,245
16381,2024-01-01,4,1037,3909,726,973,360
16382,2024-01-08,4,1037,4052,726,115,231
16383,2024-01-15,4,1037,4163,726,223,27
16384,2024-01-22,4,1037,4363,726,1101,209
16385,2024-01-29,4,1037,4298,726,451,247
16386,2024-02-05,4,1037,4320,726,1250,200
16387,2024-02-12,4,1037,4037,726,829,218
16388,2024-02-19,4,1037,4169,726,832,480
16389,2024-02-26,4,1037,4224,726,653,276
16390,2024-03-04,4,1037,3999,726,671,327
16391,2024-03-11,4,1037,3820,726,679,338
16392,2024-03-18,4,1037,3890,726,999,487
16393,2024-03-25,4,1037,4087,726,1014,47
16394,2024-04-01,4,1037,4124,726,335,89
16395,2024-04-08,4,1037,4057,726,477,101
16396,2024-04-15,4,1037,4029,726,1090,176
16397,2024-04-22,4,1037,3792,726,365,272
16398,2024-04-29,4,1037,3826,726,611,288
16399,2024-05-06,4,1037,3733,726,226,486
16400,2024-05-13,4,1037,3555,726,62,382
16401,2024-05-20,4,1037,3674,726,468,189
16402,2024-05-27,4,1037,3885,726,129,468
16403,2024-06-03,4,1037,3841,726,318,235
16404,2024-06-10,4,1037,3699,726,99,0
16405,2024-06-17,4,1037,3521,726,820,196
16406,2024-06-24,4,1037,3322,726,492,482
16407,2024-07-01,4,1037,3439,726,43,499
16408,2024-07-08,4,1037,3354,726,381,12
16409,2024-07-15,4,1037,3509,726,315,164
16410,2024-07-22,4,1037,3586,726,599,440
16411,2024-07-29,4,1037,3865,726,29,187
16412,2024-08-05,4,1037,3873,726,145,12
16413,2024-08-12,4,1037,3732,726,37,125
16414,2024-08-19,4,1037,3785,726,58,92
16415,2024-08-26,4,1037,3689,726,618,444
16416,2024-09-02,4,1037,3699,726,387,208
16417,2024-09-09,4,1037,3951,726,415,440
16418,2024-09-16,4,1037,3855,726,87,203
16419,2024-09-23,4,1037,3699,726,331,424
16420,2024-09-30,4,1037,3403,726,90,333
16421,2024-10-07,4,1037,3436,726,146,159
16422,2024-10-14,4,1037,3746,726,820,374
16423,2024-10-21,4,1037,3663,726,239,364
16424,2024-10-28,4,1037,3506,726,102,302
16425,2024-11-04,4,1037,3104,726,897,88
16426,2024-11-11,4,1037,2952,726,571,254
16427,2024-11-18,4,1037,2910,726,176,37
16428,2024-11-25,4,1037,3195,726,68,456
16429,2024-12-02,4,1037,3321,726,828,266
16430,2024-12-09,4,1037,3451,726,275,439
16431,2024-12-16,4,1037,3488,726,267,39
16432,2024-12-23,4,1037,3850,726,722,294
16433,2024-12-30,4,1037,3696,726,364,325
16434,2025-01-06,4,1037,3728,726,348,253
16435,2025-01-13,4,1037,3856,726,16,445
16436,2025-01-20,4,1037,4047,726,922,162
16437,2025-01-27,4,1037,3879,726,430,499
16438,2025-02-03,4,1037,3609,726,803,164
16439,2025-02-10,4,1037,3749,726,599,430
16440,2025-02-17,4,1037,3622,726,959,413
16441,2025-02-24,4,1037,3773,726,334,164
16442,2025-03-03,4,1037,4052,726,157,51
16443,2025-03-10,4,1037,4302,726,137,272
16444,2025-03-17,4,1037,4015,726,561,366
16445,2025-03-24,4,1037,4210,726,841,431
16446,2025-03-31,4,1037,3958,726,274,184
16447,2025-04-07,4,1037,3954,726,534,187
16448,2025-04-14,4,1037,3986,726,377,385
16449,2025-04-21,4,1037,3699,726,650,83
16450,2025-04-28,4,1037,3857,726,442,194
16451,2025-05-05,4,1037,3910,726,602,175
16452,2025-05-12,4,1037,3910,726,1090,229
16453,2025-05-19,4,1037,3735,726,349,137
16454,2025-05-26,4,1037,3858,726,1074,157
16455,2025-06-02,4,1037,3622,726,61,15
16456,2025-06-09,4,1037,3849,726,256,444
16457,2025-06-16,4,1037,3779,726,460,300
16458,2025-06-23,4,1037,3677,726,955,96
16459,2025-06-30,4,1037,3701,726,626,255
16460,2025-07-07,4,1037,3943,726,679,6
16461,2025-07-14,4,1037,4019,726,1100,63
16462,2025-07-21,4,1037,4182,726,1210,225
16463,2025-07-28,4,1037,4262,726,592,176
16464,2025-08-04,4,1037,4406,726,19,8
16465,2025-08-11,4,1037,4470,726,3,334
16466,2025-08-18,4,1037,4549,726,1323,476
16467,2025-08-25,4,1037,4516,726,1099,118
16468,2025-09-01,4,1037,4782,726,189,424
16469,2025-09-08,4,1037,4539,726,1175,406
16470,2025-09-15,4,1037,4749,726,988,185
16471,2025-09-22,4,1037,5006,726,863,133
16472,2025-09-29,4,1037,5197,726,188,280
16473,2025-10-06,4,1037,5510,726,1551,465
16474,2025-10-13,4,1037,5871,726,944,473
16475,2025-10-20,4,1037,6023,726,1335,125
16476,2025-10-27,4,1037,5951,726,1562,330
16477,2025-11-03,4,1037,5689,726,475,426
16478,2025-11-10,4,1037,5399,726,710,291
16479,2025-11-17,4,1037,5193,726,637,464
16480,2025-11-24,4,1037,5113,726,751,31
16481,2025-12-01,4,1037,5345,726,17,115
16482,2025-12-08,4,1037,5422,726,1094,456
16483,2025-12-15,4,1037,5419,726,616,58
16484,2025-12-22,4,1037,5087,726,1245,139
16485,2025-12-29,4,1037,4916,726,162,348
16486,2024-01-01,4,1038,1333,627,327,409
16487,2024-01-08,4,1038,1574,627,454,365
16488,2024-01-15,4,1038,1343,627,157,47
16489,2024-01-22,4,1038,1113,627,311,488
16490,2024-01-29,4,1038,1075,627,293,94
16491,2024-02-05,4,1038,1038,627,28,133
16492,2024-02-12,4,1038,945,627,275,116
16493,2024-02-19,4,1038,1153,627,177,103
16494,2024-02-26,4,1038,1043,627,51,234
16495,2024-03-04,4,1038,822,627,38,377
16496,2024-03-11,4,1038,830,627,174,23
16497,2024-03-18,4,1038,701,627,206,299
16498,2024-03-25,4,1038,671,627,119,366
16499,2024-04-01,4,1038,681,627,157,182
16500,2024-04-08,4,1038,923,627,234,36
16501,2024-04-15,4,1038,921,627,259,186
16502,2024-04-22,4,1038,863,627,19,280
16503,2024-04-29,4,1038,639,627,182,145
16504,2024-05-06,4,1038,884,627,242,174
16505,2024-05-13,4,1038,1019,627,207,166
16506,2024-05-20,4,1038,1204,627,160,325
16507,2024-05-27,4,1038,1221,627,329,370
16508,2024-06-03,4,1038,953,627,161,35
16509,2024-06-10,4,1038,874,627,145,314
16510,2024-06-17,4,1038,1129,627,266,403
16511,2024-06-24,4,1038,1105,627,225,35
16512,2024-07-01,4,1038,1131,627,66,438
16513,2024-07-08,4,1038,1095,627,36,136
16514,2024-07-15,4,1038,1059,627,139,315
16515,2024-07-22,4,1038,1164,627,94,265
16516,2024-07-29,4,1038,1091,627,134,224
16517,2024-08-05,4,1038,970,627,213,231
16518,2024-08-12,4,1038,1022,627,122,8
16519,2024-08-19,4,1038,896,627,211,269
16520,2024-08-26,4,1038,956,627,190,318
16521,2024-09-02,4,1038,1204,627,290,121
16522,2024-09-09,4,1038,1425,627,325,262
16523,2024-09-16,4,1038,1557,627,354,492
16524,2024-09-23,4,1038,1805,627,284,46
16525,2024-09-30,4,1038,1743,627,502,158
16526,2024-10-07,4,1038,2108,627,551,354
16527,2024-10-14,4,1038,2154,627,404,406
16528,2024-10-21,4,1038,2098,627,132,263
16529,2024-10-28,4,1038,1759,627,6,255
16530,2024-11-04,4,1038,1511,627,244,452
16531,2024-11-11,4,1038,1821,627,226,255
16532,2024-11-18,4,1038,1920,627,266,261
16533,2024-11-25,4,1038,1509,627,193,468
16534,2024-12-02,4,1038,1390,627,132,25
16535,2024-12-09,4,1038,1217,627,55,199
16536,2024-12-16,4,1038,1270,627,306,84
16537,2024-12-23,4,1038,1526,627,122,179
16538,2024-12-30,4,1038,1338,627,114,64
16539,2025-01-06,4,1038,1131,627,211,469
16540,2025-01-13,4,1038,915,627,109,434
16541,2025-01-20,4,1038,929,627,188,289
16542,2025-01-27,4,1038,1190,627,291,186
16543,2025-02-03,4,1038,1118,627,277,120
16544,2025-02-10,4,1038,980,627,199,241
16545,2025-02-17,4,1038,799,627,104,411
16546,2025-02-24,4,1038,855,627,208,329
16547,2025-03-03,4,1038,1095,627,321,360
16548,2025-03-10,4,1038,1285,627,73,249
16549,2025-03-17,4,1038,1478,627,259,6
16550,2025-03-24,4,1038,1394,627,126,483
16551,2025-03-31,4,1038,1512,627,195,289
16552,2025-04-07,4,1038,1712,627,485,452
16553,2025-04-14,4,1038,1928,627,268,199
16554,2025-04-21,4,1038,2140,627,384,9
16555,2025-04-28,4,1038,1946,627,51,491
16556,2025-05-05,4,1038,1671,627,20,282
16557,2025-05-12,4,1038,1844,627,73,320
16558,2025-05-19,4,1038,2058,627,181,249
16559,2025-05-26,4,1038,2333,627,306,153
16560,2025-06-02,4,1038,2120,627,144,300
16561,2025-06-09,4,1038,1943,627,94,236
16562,2025-06-16,4,1038,2104,627,90,257
16563,2025-06-23,4,1038,2085,627,513,310
16564,2025-06-30,4,1038,2134,627,480,399
16565,2025-07-07,4,1038,1897,627,471,210
16566,2025-07-14,4,1038,1943,627,2,316
16567,2025-07-21,4,1038,2120,627,417,280
16568,2025-07-28,4,1038,1829,627,431,222
16569,2025-08-04,4,1038,1992,627,388,204
16570,2025-08-11,4,1038,2106,627,543,222
16571,2025-08-18,4,1038,2272,627,173,278
16572,2025-08-25,4,1038,2258,627,270,298
16573,2025-09-01,4,1038,2363,627,449,153
16574,2025-09-08,4,1038,2326,627,648,443
16575,2025-09-15,4,1038,2549,627,99,160
16576,2025-09-22,4,1038,2512,627,5,416
16577,2025-09-29,4,1038,2553,627,661,187
16578,2025-10-06,4,1038,2639,627,253,267
16579,2025-10-13,4,1038,2963,627,760,142
16580,2025-10-20,4,1038,3258,627,723,95
16581,2025-10-27,4,1038,2908,627,508,115
16582,2025-11-03,4,1038,2938,627,820,201
16583,2025-11-10,4,1038,3167,627,232,369
16584,2025-11-17,4,1038,3361,627,379,495
16585,2025-11-24,4,1038,3249,627,889,273
16586,2025-12-01,4,1038,2893,627,147,369
16587,2025-12-08,4,1038,2809,627,373,314
16588,2025-12-15,4,1038,3125,627,593,51
16589,2025-12-22,4,1038,3168,627,681,197
16590,2025-12-29,4,1038,2801,627,443,98
16591,2024-01-01,4,1039,2880,893,14,426
16592,2024-01-08,4,1039,3019,893,193,132
16593,2024-01-15,4,1039,2908,893,343,431
16594,2024-01-22,4,1039,2806,893,641,474
16595,2024-01-29,4,1039,2731,893,686,431
16596,2024-02-05,4,1039,2782,893,40,78
16597,2024-02-12,4,1039,3040,893,65,292
16598,2024-02-19,4,1039,2824,893,200,285
16599,2024-02-26,4,1039,3076,893,411,474
16600,2024-03-04,4,1039,2990,893,535,313
16601,2024-03-11,4,1039,2750,893,678,461
16602,2024-03-18,4,1039,2495,893,239,396
16603,2024-03-25,4,1039,2297,893,259,174
16604,2024-04-01,4,1039,2079,893,550,185
16605,2024-04-08,4,1039,2317,893,462,242
16606,2024-04-15,4,1039,2329,893,689,113
16607,2024-04-22,4,1039,2358,893,427,480
16608,2024-04-29,4,1039,2529,893,632,460
16609,2024-05-06,4,1039,2550,893,742,46
16610,2024-05-13,4,1039,2549,893,156,150
16611,2024-05-20,4,1039,2497,893,76,495
16612,2024-05-27,4,1039,2712,893,758,320
16613,2024-06-03,4,1039,2972,893,778,495
16614,2024-06-10,4,1039,2970,893,426,450
16615,2024-06-17,4,1039,2833,893,165,478
16616,2024-06-24,4,1039,2649,893,167,127
16617,2024-07-01,4,1039,2559,893,26,347
16618,2024-07-08,4,1039,2760,893,374,112
16619,2024-07-15,4,1039,2704,893,3,182
16620,2024-07-22,4,1039,2750,893,44,115
16621,2024-07-29,4,1039,2843,893,438,116
16622,2024-08-05,4,1039,2763,893,683,180
16623,2024-08-12,4,1039,2850,893,341,189
16624,2024-08-19,4,1039,2734,893,128,157
16625,2024-08-26,4,1039,2593,893,721,100
16626,2024-09-02,4,1039,2572,893,703,254
16627,2024-09-09,4,1039,2748,893,283,299
16628,2024-09-16,4,1039,2777,893,56,494
16629,2024-09-23,4,1039,2533,893,318,462
16630,2024-09-30,4,1039,2792,893,673,395
16631,2024-10-07,4,1039,2384,893,56,153
16632,2024-10-14,4,1039,2036,893,449,394
16633,2024-10-21,4,1039,2395,893,608,132
16634,2024-10-28,4,1039,2389,893,547,276
16635,2024-11-04,4,1039,2533,893,70,237
16636,2024-11-11,4,1039,2864,893,578,42
16637,2024-11-18,4,1039,2726,893,633,499
16638,2024-11-25,4,1039,2636,893,692,230
16639,2024-12-02,4,1039,2573,893,438,242
16640,2024-12-09,4,1039,2938,893,598,167
16641,2024-12-16,4,1039,2900,893,818,284
16642,2024-12-23,4,1039,2785,893,411,197
16643,2024-12-30,4,1039,2962,893,685,86
16644,2025-01-06,4,1039,2819,893,827,491
16645,2025-01-13,4,1039,2914,893,462,238
16646,2025-01-20,4,1039,2837,893,826,149
16647,2025-01-27,4,1039,2942,893,686,57
16648,2025-02-03,4,1039,3091,893,598,280
16649,2025-02-10,4,1039,3147,893,411,316
16650,2025-02-17,4,1039,3169,893,663,260
16651,2025-02-24,4,1039,3160,893,387,475
16652,2025-03-03,4,1039,3023,893,159,222
16653,2025-03-10,4,1039,3088,893,850,336
16654,2025-03-17,4,1039,3061,893,220,266
16655,2025-03-24,4,1039,3062,893,435,231
16656,2025-03-31,4,1039,2913,893,487,118
16657,2025-04-07,4,1039,2973,893,227,308
16658,2025-04-14,4,1039,2963,893,578,226
16659,2025-04-21,4,1039,2919,893,78,453
16660,2025-04-28,4,1039,2632,893,105,448
16661,2025-05-05,4,1039,2408,893,636,246
16662,2025-05-12,4,1039,2417,893,573,460
16663,2025-05-19,4,1039,2157,893,203,46
16664,2025-05-26,4,1039,2079,893,324,96
16665,2025-06-02,4,1039,1830,893,504,195
16666,2025-06-09,4,1039,1596,893,405,119
16667,2025-06-16,4,1039,1780,893,465,178
16668,2025-06-23,4,1039,1572,893,197,128
16669,2025-06-30,4,1039,1352,893,309,192
16670,2025-07-07,4,1039,1215,893,343,310
16671,2025-07-14,4,1039,1109,893,332,79
16672,2025-07-21,4,1039,990,893,159,44
16673,2025-07-28,4,1039,996,893,143,103
16674,2025-08-04,4,1039,867,893,124,381
16675,2025-08-11,4,1039,911,893,192,428
16676,2025-08-18,4,1039,923,893,261,255
16677,2025-08-25,4,1039,938,893,267,404
16678,2025-09-01,4,1039,1071,893,300,270
16679,2025-09-08,4,1039,799,893,225,71
16680,2025-09-15,4,1039,1052,893,1,254
16681,2025-09-22,4,1039,860,893,230,405
16682,2025-09-29,4,1039,1053,893,140,279
16683,2025-10-06,4,1039,1132,893,17,439
16684,2025-10-13,4,1039,1498,893,317,424
16685,2025-10-20,4,1039,1212,893,213,301
16686,2025-10-27,4,1039,1248,893,73,137
16687,2025-11-03,4,1039,1337,893,141,291
16688,2025-11-10,4,1039,1318,893,227,128
16689,2025-11-17,4,1039,1259,893,122,271
16690,2025-11-24,4,1039,1113,893,16,320
16691,2025-12-01,4,1039,1457,893,61,455
16692,2025-12-08,4,1039,1836,893,251,440
16693,2025-12-15,4,1039,1987,893,382,384
16694,2025-12-22,4,1039,2094,893,545,270
16695,2025-12-29,4,1039,1850,893,548,84
16696,2024-01-01,4,1040,3522,1019,983,277
16697,2024-01-08,4,1040,3783,1019,222,348
16698,2024-01-15,4,1040,4046,1019,694,53
16699,2024-01-22,4,1040,4092,1019,348,296
16700,2024-01-29,4,1040,3902,1019,202,162
16701,2024-02-05,4,1040,3620,1019,395,32
16702,2024-02-12,4,1040,3795,1019,840,221
16703,2024-02-19,4,1040,3513,1019,854,459
16704,2024-02-26,4,1040,3536,1019,312,131
16705,2024-03-04,4,1040,3523,1019,20,158
16706,2024-03-11,4,1040,3479,1019,301,71
16707,2024-03-18,4,1040,3534,1019,846,147
16708,2024-03-25,4,1040,3543,1019,662,472
16709,2024-04-01,4,1040,3810,1019,836,373
16710,2024-04-08,4,1040,3624,1019,1047,206
16711,2024-04-15,4,1040,3468,1019,510,141
16712,2024-04-22,4,1040,3648,1019,567,216
16713,2024-04-29,4,1040,3815,1019,711,158
16714,2024-05-06,4,1040,3973,1019,421,114
16715,2024-05-13,4,1040,4239,1019,586,465
16716,2024-05-20,4,1040,4241,1019,584,110
16717,2024-05-27,4,1040,4004,1019,139,216
16718,2024-06-03,4,1040,3731,1019,857,190
16719,2024-06-10,4,1040,3531,1019,836,483
16720,2024-06-17,4,1040,3763,1019,250,402
16721,2024-06-24,4,1040,3554,1019,921,127
16722,2024-07-01,4,1040,3822,1019,962,145
16723,2024-07-08,4,1040,3723,1019,592,138
16724,2024-07-15,4,1040,3596,1019,585,96
16725,2024-07-22,4,1040,3546,1019,893,83
16726,2024-07-29,4,1040,3788,1019,382,320
16727,2024-08-05,4,1040,3947,1019,1012,487
16728,2024-08-12,4,1040,4049,1019,1176,345
16729,2024-08-19,4,1040,3950,1019,638,489
16730,2024-08-26,4,1040,4108,1019,700,10
16731,2024-09-02,4,1040,3813,1019,909,482
16732,2024-09-09,4,1040,4048,1019,636,21
16733,2024-09-16,4,1040,4208,1019,443,427
16734,2024-09-23,4,1040,4450,1019,7,416
16735,2024-09-30,4,1040,4377,1019,601,317
16736,2024-10-07,4,1040,4563,1019,292,103
16737,2024-10-14,4,1040,4200,1019,1100,426
16738,2024-10-21,4,1040,4004,1019,783,448
16739,2024-10-28,4,1040,4120,1019,1195,201
16740,2024-11-04,4,1040,4471,1019,37,482
16741,2024-11-11,4,1040,4163,1019,207,169
16742,2024-11-18,4,1040,4357,1019,857,18
16743,2024-11-25,4,1040,4158,1019,680,124
16744,2024-12-02,4,1040,4274,1019,397,34
16745,2024-12-09,4,1040,4353,1019,224,274
16746,2024-12-16,4,1040,4424,1019,999,291
16747,2024-12-23,4,1040,4578,1019,108,307
16748,2024-12-30,4,1040,4380,1019,1252,329
16749,2025-01-06,4,1040,4243,1019,121,51
16750,2025-01-13,4,1040,4099,1019,803,148
16751,2025-01-20,4,1040,4370,1019,1061,83
16752,2025-01-27,4,1040,4445,1019,673,265
16753,2025-02-03,4,1040,4158,1019,541,329
16754,2025-02-10,4,1040,4019,1019,306,51
16755,2025-02-17,4,1040,3925,1019,1090,138
16756,2025-02-24,4,1040,3870,1019,293,225
16757,2025-03-03,4,1040,3933,1019,930,404
16758,2025-03-10,4,1040,3700,1019,570,258
16759,2025-03-17,4,1040,3860,1019,268,454
16760,2025-03-24,4,1040,3883,1019,26,392
16761,2025-03-31,4,1040,3781,1019,527,404
16762,2025-04-07,4,1040,3783,1019,768,381
16763,2025-04-14,4,1040,3957,1019,848,35
16764,2025-04-21,4,1040,3669,1019,310,283
16765,2025-04-28,4,1040,3886,1019,912,179
16766,2025-05-05,4,1040,4126,1019,469,443
16767,2025-05-12,4,1040,4316,1019,744,298
16768,2025-05-19,4,1040,4318,1019,1257,319
16769,2025-05-26,4,1040,4295,1019,724,459
16770,2025-06-02,4,1040,4414,1019,920,363
16771,2025-06-09,4,1040,4253,1019,356,304
16772,2025-06-16,4,1040,3977,1019,518,328
16773,2025-06-23,4,1040,4021,1019,445,73
16774,2025-06-30,4,1040,4046,1019,97,201
16775,2025-07-07,4,1040,4025,1019,739,46
16776,2025-07-14,4,1040,4132,1019,747,370
16777,2025-07-21,4,1040,4043,1019,1076,192
16778,2025-07-28,4,1040,4224,1019,1258,361
16779,2025-08-04,4,1040,4047,1019,73,429
16780,2025-08-11,4,1040,4098,1019,679,91
16781,2025-08-18,4,1040,4023,1019,80,210
16782,2025-08-25,4,1040,3862,1019,891,481
16783,2025-09-01,4,1040,3827,1019,645,281
16784,2025-09-08,4,1040,3696,1019,237,431
16785,2025-09-15,4,1040,3783,1019,124,237
16786,2025-09-22,4,1040,4035,1019,388,373
16787,2025-09-29,4,1040,4230,1019,665,397
16788,2025-10-06,4,1040,4497,1019,1096,128
16789,2025-10-13,4,1040,4765,1019,407,112
16790,2025-10-20,4,1040,4478,1019,939,499
16791,2025-10-27,4,1040,4304,1019,404,106
16792,2025-11-03,4,1040,4077,1019,943,126
16793,2025-11-10,4,1040,4331,1019,29,342
16794,2025-11-17,4,1040,4667,1019,1018,381
16795,2025-11-24,4,1040,4422,1019,919,176
16796,2025-12-01,4,1040,4464,1019,1228,422
16797,2025-12-08,4,1040,4605,1019,592,86
16798,2025-12-15,4,1040,4312,1019,1028,258
16799,2025-12-22,4,1040,4680,1019,1116,178
16800,2025-12-29,4,1040,4836,1019,1302,110
