production_id,run_date,plant_id,product_id,units_produced,defect_count,downtime_min,labor_hours,shift
1,2025-06-04,4,1037,872,23,75,32.9,Night
2,2024-12-30,1,1010,578,4,66,11.7,Night
3,2024-10-12,1,1039,367,13,155,30.7,Night
4,2025-12-12,1,1032,967,25,130,63.1,Day
5,2025-08-05,1,1004,1164,56,51,44.0,Day
6,2024-10-05,1,1033,1492,21,76,40.8,Night
7,2024-06-24,2,1014,1845,18,142,57.0,Night
8,2025-12-07,3,1012,1120,18,69,159.3,Day
9,2025-06-28,3,1038,1881,56,177,80.3,Night
10,2024-05-27,1,1009,219,7,97,14.9,Day
11,2025-10-29,2,1032,919,9,52,28.7,Night
12,2024-04-23,3,1034,1434,17,49,97.2,Day
13,2024-09-19,4,1018,1763,32,36,225.3,Day
14,2025-06-08,1,1037,1542,15,111,219.9,Night
15,2024-06-30,2,1006,501,10,91,58.1,Night
16,2025-02-09,4,1029,1265,44,134,66.5,Night
17,2024-10-21,1,1011,318,10,97,45.3,Night
18,2025-10-09,1,1031,782,26,23,91.4,Day
19,2024-10-06,1,1001,1768,83,9,210.3,Night
20,2025-05-01,2,1017,703,13,49,81.5,Night
21,2024-11-16,2,1001,261,4,166,14.6,Night
22,2024-03-26,1,1005,1961,67,18,66.8,Night
23,2025-03-15,1,1024,352,2,122,18.9,Day
24,2025-03-23,4,1024,1857,37,176,225.1,Night
25,2024-08-31,1,1008,1793,42,67,113.1,Day
26,2025-02-05,4,1022,1379,13,52,69.2,Night
27,2025-06-10,3,1021,1204,39,9,98.4,Day
28,2025-12-30,4,1019,681,7,173,55.9,Day
29,2025-11-05,1,1002,1609,41,171,120.7,Day
30,2025-02-07,1,1027,968,32,131,112.4,Day
31,2025-02-09,3,1034,224,5,32,5.2,Night
32,2024-12-25,3,1032,1849,74,161,46.4,Night
33,2025-02-09,2,1033,1605,31,64,142.3,Night
34,2025-10-21,4,1006,261,5,134,27.9,Day
35,2025-11-17,3,1003,714,6,11,37.1,Night
36,2024-11-20,1,1011,1159,6,123,116.0,Night
37,2025-02-04,1,1017,868,11,58,38.2,Night
38,2025-02-09,1,1004,1099,13,114,100.8,Day
39,2025-08-16,3,1032,531,7,115,47.1,Night
40,2024-10-27,3,1003,1942,47,98,289.6,Night
41,2024-07-15,3,1024,1229,12,59,69.0,Night
42,2025-05-01,4,1016,160,5,31,13.2,Night
43,2025-07-04,3,1003,1424,60,54,126.7,Day
44,2025-08-16,3,1010,976,16,121,132.5,Night
45,2025-08-10,4,1033,1625,14,149,191.7,Night
46,2025-03-01,3,1036,941,31,73,115.7,Night
47,2024-04-28,2,1021,1143,39,59,120.6,Day
48,2025-11-09,3,1037,308,2,69,12.7,Day
49,2025-03-12,3,1003,986,22,124,72.2,Day
50,2024-03-23,2,1015,1549,13,18,47.0,Night
51,2024-09-26,2,1034,479,4,159,24.9,Night
52,2024-05-03,1,1006,821,22,119,76.0,Day
53,2024-09-04,1,1013,1686,23,28,56.7,Day
54,2024-08-18,2,1004,1804,52,127,205.1,Day
55,2025-04-08,2,1020,808,15,24,25.8,Day
56,2024-03-04,4,1007,1335,10,139,153.7,Day
57,2024-10-21,1,1004,1358,54,63,180.6,Night
58,2025-05-25,3,1016,1929,39,145,235.1,Night
59,2025-06-07,4,1030,1845,12,160,110.9,Night
60,2024-08-24,1,1013,438,11,25,30.3,Night
61,2025-10-25,3,1018,1039,31,152,85.5,Day
62,2024-10-09,2,1027,1758,43,150,209.8,Night
63,2025-06-27,2,1012,1079,25,132,42.8,Night
64,2025-10-12,3,1017,1638,26,86,111.6,Night
65,2025-08-04,3,1003,306,6,162,25.0,Day
66,2025-04-03,4,1014,1900,64,91,201.2,Day
67,2025-03-24,2,1032,1452,36,124,133.9,Night
68,2024-03-09,3,1030,982,13,39,129.7,Night
69,2025-07-25,4,1021,1477,17,68,96.9,Day
70,2024-08-09,4,1035,1011,22,164,113.9,Night
71,2024-05-23,2,1025,283,1,67,30.3,Night
72,2024-05-19,1,1013,295,6,70,37.8,Night
73,2024-02-15,2,1012,1701,38,116,214.2,Night
74,2024-11-18,1,1038,223,8,60,14.1,Day
75,2025-03-05,1,1005,686,33,16,48.9,Day
76,2024-06-24,1,1033,1559,23,110,145.3,Night
77,2025-11-16,2,1011,610,7,33,68.1,Night
78,2024-12-23,4,1023,259,11,170,28.9,Night
79,2024-12-30,1,1003,735,24,158,106.8,Night
80,2024-05-01,4,1022,1884,67,48,282.5,Night
81,2024-09-07,1,1025,356,3,88,32.5,Night
82,2025-04-29,2,1014,1982,37,149,64.5,Day
83,2025-11-12,2,1034,580,3,175,72.4,Day
84,2024-03-09,3,1005,1892,23,143,42.0,Day
85,2024-08-01,1,1009,200,5,132,4.2,Night
86,2024-08-12,3,1010,1002,15,167,56.2,Night
87,2024-04-01,4,1025,726,8,70,15.9,Night
88,2025-10-10,4,1001,1757,20,15,60.4,Day
89,2024-12-07,4,1013,1393,20,64,151.4,Night
90,2024-09-05,2,1025,861,11,91,119.4,Night
91,2024-02-27,2,1033,1800,52,73,130.6,Day
92,2024-12-31,1,1005,1888,27,110,42.2,Night
93,2024-05-17,3,1022,699,2,77,103.7,Night
94,2024-04-17,4,1039,334,10,179,33.1,Night
95,2024-10-09,1,1038,1212,48,12,94.7,Day
96,2025-04-23,2,1037,1000,10,20,112.5,Night
97,2025-12-21,4,1035,177,3,166,12.8,Night
98,2025-08-24,3,1035,1308,23,145,149.3,Night
99,2025-07-17,4,1006,764,6,135,56.5,Day
100,2025-08-12,2,1016,1621,37,178,123.5,Night
101,2025-08-24,2,1002,876,8,172,107.6,Night
102,2024-02-20,1,1039,1548,20,38,51.5,Night
103,2025-09-14,2,1008,1014,37,23,25.9,Day
104,2025-01-22,2,1032,738,9,91,17.4,Day
105,2025-02-23,2,1036,739,14,63,65.4,Night
106,2025-11-15,1,1033,1063,5,12,50.1,Night
107,2024-12-14,4,1009,1137,15,23,111.6,Day
108,2025-09-17,4,1036,1373,19,65,142.1,Night
109,2024-07-22,1,1027,566,27,67,69.2,Night
110,2024-04-25,3,1015,1997,28,35,296.4,Day
111,2025-02-25,4,1007,814,41,79,91.0,Night
112,2025-01-19,2,1014,1378,7,88,29.8,Night
113,2025-02-09,2,1011,819,9,27,65.6,Night
114,2025-08-28,1,1010,1904,61,75,266.2,Night
115,2025-03-01,3,1025,1142,5,7,73.1,Night
116,2025-06-03,1,1028,1823,13,91,144.6,Day
117,2025-12-21,3,1032,1885,20,60,80.1,Day
118,2025-02-09,1,1036,1031,11,29,118.8,Night
119,2025-10-19,2,1028,927,18,37,81.4,Day
120,2024-12-15,4,1033,1960,13,68,47.4,Night
121,2024-12-30,3,1003,1155,29,96,23.9,Night
122,2024-06-24,1,1006,190,2,149,24.0,Night
123,2025-12-09,1,1023,632,13,125,63.7,Day
124,2025-12-18,1,1017,378,16,121,13.4,Night
125,2024-03-19,3,1019,913,31,23,100.8,Day
126,2024-11-11,4,1024,1164,25,43,142.3,Day
127,2024-06-30,1,1028,490,11,137,50.7,Day
128,2025-08-17,2,1025,1072,48,37,51.2,Day
129,2025-12-26,2,1010,1477,10,9,144.2,Night
130,2024-07-28,3,1001,941,10,79,76.0,Night
131,2025-10-28,4,1004,1597,63,4,179.4,Night
132,2024-10-25,4,1032,314,10,9,30.0,Night
133,2025-02-03,1,1019,313,1,151,29.0,Night
134,2024-02-26,2,1010,113,1,71,9.5,Day
135,2024-11-24,4,1040,614,3,171,71.9,Day
136,2024-09-13,2,1015,1768,68,87,227.6,Night
137,2024-09-20,2,1030,1500,47,60,182.6,Night
138,2025-11-20,3,1037,1360,5,42,155.9,Night
139,2025-02-10,2,1033,131,0,97,5.2,Night
140,2024-05-24,1,1011,1141,43,77,157.6,Day
141,2025-11-22,2,1036,1363,44,68,131.3,Night
142,2025-06-12,4,1023,1555,10,154,74.7,Day
143,2025-08-03,3,1028,1318,45,10,143.2,Day
144,2025-12-10,4,1008,414,2,99,40.4,Day
145,2025-11-25,2,1007,445,16,158,59.0,Day
146,2025-04-28,2,1024,1401,39,40,113.8,Night
147,2025-05-29,2,1028,1625,30,118,176.5,Day
148,2024-12-10,2,1021,1975,45,178,119.1,Day
149,2025-03-08,4,1028,1300,7,92,110.9,Day
150,2025-12-10,3,1001,153,2,64,15.3,Night
151,2025-04-11,1,1020,1266,8,152,40.3,Day
152,2024-08-15,3,1004,683,26,170,56.6,Day
153,2024-09-26,4,1027,1278,13,121,147.9,Night
154,2024-04-09,1,1012,117,0,42,13.8,Day
155,2025-04-05,3,1016,1022,22,49,77.7,Night
156,2025-06-03,2,1025,407,11,43,12.2,Night
157,2025-09-13,1,1019,362,12,127,16.6,Night
158,2024-09-13,3,1009,1232,46,87,56.7,Night
159,2025-07-18,3,1003,251,6,158,11.8,Night
160,2024-03-13,1,1024,1374,25,120,199.9,Day
161,2025-06-16,4,1034,1932,44,5,81.0,Day
162,2024-05-17,3,1012,1254,12,81,64.5,Day
163,2024-08-11,3,1023,1579,51,109,180.2,Night
164,2025-07-10,4,1027,214,11,115,5.0,Day
165,2024-10-26,2,1022,576,8,161,72.0,Day
166,2024-07-14,4,1023,1386,8,61,88.3,Day
167,2024-10-24,1,1029,794,23,28,23.9,Day
168,2025-05-25,1,1029,1833,15,56,181.7,Night
169,2025-06-01,2,1008,892,24,18,110.9,Night
170,2024-11-11,2,1010,779,5,57,63.8,Night
171,2024-07-17,2,1010,1737,54,93,51.5,Night
172,2025-06-16,2,1034,839,6,65,41.3,Day
173,2024-08-06,3,1015,1471,10,131,181.0,Night
174,2024-03-02,2,1035,1326,19,90,130.1,Night
175,2024-12-13,4,1033,1464,16,136,133.6,Night
176,2024-06-28,2,1017,1563,37,147,228.4,Day
177,2025-09-07,3,1031,1042,14,172,124.3,Day
178,2024-01-12,2,1024,431,13,100,37.7,Night
179,2025-08-02,2,1031,1852,24,126,170.7,Day
180,2025-07-14,2,1040,173,3,110,13.2,Day
181,2025-11-12,2,1007,1557,20,112,205.9,Day
182,2024-11-03,3,1003,281,1,36,20.2,Night
183,2024-05-08,4,1005,1655,36,93,98.2,Day
184,2025-05-14,1,1035,1128,14,87,147.5,Day
185,2024-12-21,1,1022,1223,28,85,141.5,Night
186,2024-07-21,3,1003,329,11,58,25.1,Day
187,2025-02-14,1,1022,975,4,97,89.8,Day
188,2025-01-07,3,1010,202,3,166,28.9,Day
189,2024-12-20,4,1035,1760,20,89,148.3,Day
190,2025-03-07,1,1001,745,5,132,92.1,Day
191,2025-02-14,3,1031,1515,26,166,170.9,Day
192,2024-11-08,4,1001,338,3,142,46.9,Day
193,2025-10-10,1,1009,1215,7,50,111.6,Day
194,2025-03-08,1,1005,1403,35,175,202.1,Day
195,2024-09-28,4,1017,1461,32,152,190.2,Night
196,2025-02-25,2,1019,442,3,91,23.3,Night
197,2025-09-23,3,1036,975,18,0,116.3,Night
198,2025-05-13,4,1021,1388,16,119,34.1,Night
199,2025-10-09,3,1013,925,37,138,118.7,Night
200,2024-11-07,2,1009,468,12,104,63.9,Night
201,2025-10-05,1,1028,178,2,157,8.9,Night
202,2024-05-04,1,1017,138,2,10,19.4,Day
203,2024-06-19,4,1018,694,17,132,15.2,Day
204,2025-11-12,2,1012,909,15,77,94.6,Night
205,2024-08-21,4,1012,487,16,155,62.0,Night
206,2025-01-17,2,1025,1021,11,173,80.8,Night
207,2025-07-26,2,1031,1238,57,17,81.3,Night
208,2025-09-24,4,1012,408,4,171,32.6,Day
209,2024-12-28,4,1028,1695,23,69,140.3,Day
210,2025-09-27,2,1035,1744,74,144,205.7,Night
211,2025-11-27,2,1003,1113,24,137,61.2,Night
212,2025-12-20,3,1018,1546,24,147,190.9,Night
213,2025-11-02,2,1029,1299,23,82,179.7,Day
214,2025-07-21,3,1010,898,11,120,31.3,Day
215,2025-03-12,3,1015,1294,17,21,85.5,Day
216,2024-03-28,4,1025,324,2,141,10.7,Day
217,2025-11-14,3,1012,1502,64,85,130.9,Day
218,2025-07-29,3,1026,441,7,89,11.3,Day
219,2024-07-06,1,1033,1167,53,33,60.1,Day
220,2024-11-29,2,1015,1358,42,141,88.6,Night
221,2025-05-01,3,1027,1912,10,45,118.6,Night
222,2024-12-15,2,1004,151,0,3,16.9,Day
223,2025-11-10,1,1036,390,11,168,17.0,Night
224,2024-12-26,3,1027,341,16,149,16.3,Night
225,2025-01-23,2,1012,447,15,132,26.3,Day
226,2024-10-09,4,1014,1235,58,99,92.8,Day
227,2024-12-21,3,1023,1980,39,139,103.2,Night
228,2025-03-24,3,1029,913,20,91,55.8,Night
229,2025-12-22,3,1017,434,6,109,26.2,Day
230,2024-08-18,2,1001,1622,14,94,66.5,Night
231,2025-05-07,3,1032,949,22,86,53.4,Day
232,2024-12-12,4,1021,611,8,94,70.7,Day
233,2025-12-22,2,1018,1120,38,22,136.0,Night
234,2024-11-20,1,1013,1458,57,173,102.5,Night
235,2025-12-19,2,1021,760,5,29,100.4,Night
236,2024-03-27,1,1028,551,11,69,12.9,Night
237,2024-01-16,3,1010,1257,6,170,101.4,Night
238,2024-03-25,2,1006,805,10,2,114.5,Day
239,2024-09-02,4,1012,1302,59,97,194.6,Night
240,2024-05-11,3,1034,636,15,1,41.0,Night
241,2025-01-12,2,1040,801,14,80,100.8,Night
242,2025-06-27,2,1008,1908,48,44,164.8,Day
243,2024-10-26,1,1025,420,15,14,34.7,Night
244,2024-11-04,3,1015,1226,38,26,71.2,Day
245,2025-12-13,1,1004,688,12,6,45.4,Night
246,2025-10-05,4,1015,1191,9,55,150.7,Night
247,2024-10-09,3,1014,1148,34,178,170.8,Day
248,2025-12-23,3,1033,608,7,31,50.1,Day
249,2024-09-27,2,1002,677,13,154,93.7,Day
250,2025-03-09,3,1021,1965,69,12,156.1,Day
251,2025-07-02,3,1014,1306,21,48,143.4,Day
252,2024-09-01,1,1021,1336,41,151,89.0,Day
253,2024-12-13,1,1013,712,11,87,33.2,Day
254,2024-05-12,2,1021,316,1,49,27.6,Day
255,2025-09-23,4,1026,1947,26,27,163.3,Day
256,2024-02-22,4,1022,1329,28,151,138.0,Day
257,2025-10-13,1,1030,815,5,91,56.2,Day
258,2025-01-09,1,1016,1901,89,140,120.7,Day
259,2025-02-27,3,1024,342,12,161,24.1,Day
260,2025-10-31,1,1037,167,4,54,4.4,Day
261,2025-12-23,1,1033,673,5,171,41.8,Night
262,2024-12-06,3,1016,576,20,145,68.3,Night
263,2024-06-14,2,1003,126,2,78,11.3,Day
264,2024-10-25,2,1008,1987,49,74,266.5,Day
265,2024-08-05,4,1004,609,14,145,67.6,Day
266,2025-09-09,1,1026,1493,13,130,212.8,Night
267,2024-09-16,1,1039,524,8,176,14.4,Day
268,2024-04-10,4,1023,600,8,113,72.3,Day
269,2024-12-02,4,1016,1037,20,122,108.9,Day
270,2024-03-15,4,1032,1125,7,50,138.4,Night
271,2024-04-29,3,1035,1608,20,146,109.9,Day
272,2025-06-16,4,1025,1342,69,146,68.4,Day
273,2024-05-22,2,1027,1481,85,115,163.0,Night
274,2024-04-26,2,1015,907,22,149,52.2,Night
275,2025-12-19,3,1004,1741,75,63,152.7,Night
276,2025-08-25,2,1037,1646,46,90,145.8,Night
277,2024-05-11,4,1023,1614,10,48,222.1,Day
278,2025-05-10,4,1031,920,35,22,106.4,Day
279,2025-04-11,3,1001,721,14,112,65.4,Day
280,2025-05-16,4,1001,274,5,4,33.9,Night
281,2025-07-17,4,1008,705,21,49,98.7,Night
282,2024-03-09,2,1017,984,18,121,113.5,Night
283,2025-04-14,1,1016,1084,35,79,156.2,Night
284,2024-08-12,2,1037,1915,73,123,152.3,Day
285,2024-08-20,4,1019,569,4,178,71.0,Night
286,2025-05-02,2,1021,847,20,75,49.6,Day
287,2024-12-30,2,1017,1931,96,99,151.3,Day
288,2025-09-07,1,1021,1312,8,59,109.0,Night
289,2024-08-27,1,1008,1224,33,30,97.0,Night
290,2025-02-09,2,1001,787,9,29,110.7,Night
291,2024-06-24,1,1015,1230,33,137,61.5,Night
292,2025-08-02,2,1005,1662,59,12,85.0,Day
293,2025-03-15,2,1019,834,5,57,103.5,Night
294,2024-06-04,4,1010,997,12,97,76.2,Day
295,2024-11-12,3,1024,461,2,31,22.3,Night
296,2025-06-25,1,1019,942,8,88,91.2,Night
297,2025-07-15,2,1015,1180,9,146,93.6,Day
298,2024-04-12,3,1033,1829,46,75,201.3,Night
299,2024-11-12,4,1040,1174,24,26,163.7,Day
300,2024-09-22,2,1023,1363,28,155,51.4,Night
301,2025-09-14,3,1017,1729,9,170,150.5,Day
302,2025-07-17,3,1006,1509,63,99,149.3,Night
303,2024-06-06,3,1020,1087,10,164,136.2,Day
304,2024-03-08,3,1038,927,12,65,49.4,Day
305,2025-03-28,1,1028,1478,34,127,48.8,Day
306,2025-08-05,2,1006,1942,48,1,111.8,Day
307,2025-06-03,4,1019,272,2,106,37.3,Night
308,2025-03-02,3,1020,1225,41,43,169.3,Night
309,2024-06-26,4,1032,189,5,46,13.1,Day
310,2025-07-17,1,1002,1737,30,121,245.4,Day
311,2024-10-16,1,1020,1977,67,23,277.4,Night
312,2024-02-09,3,1003,865,32,131,85.4,Night
313,2024-12-26,1,1004,155,2,52,8.6,Day
314,2025-11-06,2,1008,1757,59,106,179.0,Day
315,2025-02-21,4,1034,212,1,177,25.6,Night
316,2025-07-05,1,1026,307,6,99,36.4,Night
317,2025-02-09,3,1025,615,8,146,18.2,Night
318,2024-11-05,1,1027,1906,11,64,40.9,Night
319,2025-12-08,4,1036,542,16,173,62.7,Day
320,2025-02-08,2,1037,1404,19,171,135.4,Day
321,2025-06-03,4,1009,789,35,86,54.4,Day
322,2025-03-18,2,1008,1384,62,66,137.4,Night
323,2025-04-24,3,1008,1711,44,26,53.8,Night
324,2025-06-07,3,1025,1449,51,33,106.2,Night
325,2024-11-04,1,1026,1726,17,12,138.3,Day
326,2024-01-21,2,1005,523,22,1,72.2,Day
327,2024-04-26,1,1020,1836,11,91,197.3,Night
328,2025-02-05,4,1010,605,12,127,36.3,Day
329,2024-11-13,4,1026,1622,28,150,92.6,Day
330,2024-12-21,4,1018,932,10,42,133.7,Day
331,2024-09-07,3,1033,1942,33,136,101.1,Night
332,2025-08-21,3,1030,713,8,23,104.5,Day
333,2024-02-23,1,1020,1538,33,175,51.7,Day
334,2024-02-08,2,1031,1763,68,110,134.1,Day
335,2024-12-14,3,1015,674,4,31,101.0,Night
336,2025-03-17,1,1012,1130,52,116,24.0,Night
337,2025-05-25,3,1009,1818,30,24,125.8,Night
338,2024-09-12,2,1037,154,7,96,22.6,Day
339,2024-05-21,4,1021,118,4,96,10.8,Day
340,2025-06-28,1,1002,1497,45,12,126.5,Day
341,2025-10-13,4,1008,431,20,59,62.6,Night
342,2025-09-06,2,1037,715,6,175,95.4,Day
343,2025-09-21,1,1031,1910,19,112,127.9,Day
344,2025-10-08,2,1028,405,9,25,54.2,Day
345,2024-07-22,4,1005,657,3,42,89.6,Night
346,2024-08-26,1,1040,1786,51,139,41.0,Night
347,2024-01-30,3,1025,1506,29,32,58.2,Night
348,2024-03-07,4,1016,1913,16,55,261.6,Night
349,2025-07-11,4,1022,1779,38,176,263.4,Night
350,2025-03-07,1,1011,1154,7,48,26.9,Day
351,2024-04-14,3,1037,390,1,47,34.5,Day
352,2025-06-07,3,1009,146,2,91,20.4,Night
353,2025-12-15,4,1016,922,15,102,49.4,Day
354,2024-05-15,4,1026,469,21,104,22.9,Day
355,2024-09-29,4,1036,939,41,100,32.7,Day
356,2024-06-01,2,1015,1541,75,130,226.7,Night
357,2025-01-01,4,1023,1787,46,171,163.5,Night
358,2025-10-10,2,1016,772,25,151,73.3,Night
359,2024-04-26,3,1025,641,4,117,88.9,Day
360,2025-03-15,4,1023,1156,19,112,49.8,Night
361,2025-11-27,2,1039,1180,20,70,167.5,Night
362,2024-03-30,1,1015,1465,72,135,174.4,Day
363,2025-06-10,4,1025,1637,27,164,80.7,Day
364,2024-11-07,4,1015,379,8,96,19.5,Day
365,2025-01-27,2,1031,1436,10,127,106.2,Day
366,2024-08-27,3,1002,619,8,55,47.6,Day
367,2024-06-03,3,1014,454,15,138,63.6,Night
368,2024-12-30,2,1005,1011,11,27,24.9,Day
369,2024-03-30,3,1001,1210,44,14,55.2,Day
370,2025-10-06,3,1031,850,40,51,28.6,Night
371,2025-04-08,2,1007,1914,48,48,137.1,Day
372,2025-07-30,4,1015,1929,17,127,88.6,Night
373,2025-05-26,2,1028,1229,25,60,37.7,Night
374,2024-06-21,2,1037,925,15,114,48.0,Day
375,2025-12-24,2,1035,1290,46,124,114.0,Day
376,2025-01-29,2,1021,1683,39,111,200.8,Night
377,2024-08-17,1,1012,120,4,69,15.7,Night
378,2025-11-23,4,1024,928,12,106,78.7,Day
379,2024-04-22,4,1002,1133,16,117,121.1,Day
380,2024-08-25,3,1019,1754,46,101,84.1,Night
381,2025-11-21,1,1033,1298,17,34,77.9,Night
382,2025-11-13,1,1008,587,18,45,85.7,Night
383,2025-01-25,1,1039,1070,26,68,140.2,Day
384,2025-11-09,3,1004,148,1,9,16.5,Day
385,2025-12-21,2,1025,1611,68,132,215.8,Day
386,2024-10-24,1,1021,1605,23,55,52.3,Night
387,2024-07-22,3,1004,138,0,30,11.8,Night
388,2024-06-21,3,1020,1492,54,36,177.0,Day
389,2025-10-31,2,1028,1565,68,50,135.5,Day
390,2024-09-05,1,1004,656,17,136,71.7,Day
391,2024-06-03,2,1020,347,6,16,13.6,Night
392,2024-11-21,1,1015,1372,29,50,45.2,Day
393,2025-03-11,4,1004,1278,55,143,180.5,Night
394,2025-06-29,2,1023,1867,20,111,121.8,Day
395,2025-12-01,3,1023,203,3,15,11.4,Day
396,2024-11-27,4,1036,1039,13,79,80.8,Night
397,2025-09-23,1,1029,1271,9,104,113.3,Day
398,2025-09-18,3,1016,346,7,173,46.3,Night
399,2025-07-06,1,1023,439,7,139,20.2,Night
400,2024-07-03,4,1034,245,4,102,33.6,Day
401,2024-01-07,2,1012,1940,16,52,104.4,Day
402,2024-07-08,4,1010,398,5,38,56.8,Day
403,2024-08-11,3,1033,1552,62,131,113.8,Day
404,2024-03-17,2,1001,1594,38,166,150.1,Day
405,2025-07-09,2,1013,105,2,171,11.7,Night
406,2025-07-07,3,1005,1784,17,173,126.4,Night
407,2024-05-16,2,1038,1281,19,124,173.5,Night
408,2024-12-03,2,1027,1952,59,51,188.3,Night
409,2025-09-04,1,1009,1420,47,51,45.1,Night
410,2025-11-11,4,1031,1619,35,53,215.6,Day
411,2025-09-14,4,1014,1872,46,87,193.7,Day
412,2025-09-09,3,1004,1935,24,154,126.6,Night
413,2025-08-25,3,1035,910,14,80,89.7,Day
414,2024-09-10,2,1028,773,17,135,19.4,Day
415,2025-11-17,1,1013,625,3,78,47.5,Day
416,2025-08-23,1,1019,189,6,58,5.2,Night
417,2025-08-17,2,1003,1472,41,22,195.4,Night
418,2024-07-29,2,1032,690,13,108,53.3,Day
419,2025-04-16,2,1037,1468,29,142,203.5,Night
420,2025-08-04,4,1036,1407,31,104,105.0,Day
421,2025-01-06,2,1002,1843,28,27,154.6,Night
422,2024-03-23,3,1029,500,18,67,59.3,Night
423,2025-04-29,1,1009,1141,23,15,49.5,Night
424,2025-08-01,1,1014,1243,31,72,131.6,Night
425,2025-01-22,1,1015,1042,9,155,88.3,Night
426,2024-09-10,1,1002,1171,16,178,139.9,Day
427,2025-11-25,4,1006,218,5,29,14.5,Night
428,2024-08-01,4,1018,1613,24,97,225.0,Night
429,2025-03-01,4,1034,121,5,110,17.0,Day
430,2024-03-19,4,1028,1526,13,74,203.4,Day
431,2025-11-07,1,1007,243,7,49,26.1,Day
432,2025-10-11,1,1038,1592,28,98,132.2,Night
433,2025-11-24,2,1003,438,10,150,61.8,Day
434,2025-02-26,1,1012,1329,4,150,95.8,Night
435,2025-12-06,4,1012,1078,44,60,118.3,Night
436,2024-05-29,1,1016,841,12,158,35.1,Night
437,2024-01-31,1,1021,1633,16,86,117.4,Day
438,2025-12-08,4,1028,983,6,56,133.0,Night
439,2024-09-07,2,1009,529,14,59,25.4,Night
440,2024-12-14,4,1008,237,3,140,19.4,Day
441,2025-07-27,4,1032,838,13,71,22.3,Night
442,2024-03-20,1,1029,1203,13,93,178.7,Night
443,2025-08-05,2,1020,216,5,178,14.2,Day
444,2025-10-10,2,1029,417,20,86,46.1,Night
445,2024-09-28,1,1011,573,8,133,74.4,Night
446,2025-11-25,1,1017,1780,19,83,160.9,Day
447,2025-05-02,4,1029,338,4,136,12.4,Night
448,2024-07-22,2,1031,1979,29,176,150.8,Day
449,2025-07-18,4,1012,619,24,27,92.0,Night
450,2024-12-17,4,1005,104,2,25,6.8,Day
451,2024-10-21,4,1004,878,4,51,42.1,Night
452,2025-03-27,3,1023,1520,10,15,142.6,Day
453,2025-04-27,2,1004,1731,50,49,34.6,Day
454,2024-05-12,4,1010,971,23,173,38.0,Day
455,2024-11-24,4,1036,1918,79,47,114.7,Day
456,2024-04-05,3,1005,129,1,96,4.5,Night
457,2025-04-18,2,1016,851,14,95,35.6,Day
458,2024-07-29,2,1030,1439,34,0,196.1,Night
459,2025-01-31,4,1019,928,24,44,62.4,Day
460,2024-04-21,1,1031,1654,31,176,88.6,Night
461,2024-05-28,3,1033,1071,11,71,30.0,Day
462,2025-12-10,2,1009,495,5,160,39.1,Day
463,2025-03-30,2,1031,514,16,47,22.2,Day
464,2024-03-22,1,1033,161,2,114,16.0,Day
465,2025-08-01,3,1032,1747,82,11,105.1,Night
466,2025-03-25,3,1037,1244,12,95,131.1,Day
467,2024-12-09,2,1003,853,15,29,101.5,Night
468,2024-08-12,4,1002,390,3,61,19.8,Day
469,2024-03-11,2,1024,129,1,173,4.3,Day
470,2025-08-03,4,1033,1534,42,135,113.1,Night
471,2025-01-07,4,1006,365,1,175,24.4,Night
472,2025-11-07,1,1025,546,19,146,42.7,Night
473,2025-03-03,4,1010,1139,28,20,25.0,Day
474,2025-09-05,1,1038,1281,25,57,64.8,Night
475,2025-10-31,3,1034,1197,18,106,124.8,Day
476,2025-03-28,4,1027,770,9,37,107.1,Day
477,2025-03-30,3,1016,1093,44,58,157.0,Night
478,2024-12-21,4,1023,645,14,172,65.1,Day
479,2025-05-10,2,1012,1427,17,101,29.7,Day
480,2024-08-29,3,1004,476,7,170,46.2,Night
481,2025-06-01,2,1008,1713,20,179,125.3,Night
482,2025-09-05,4,1034,1982,8,67,283.5,Day
483,2025-06-28,4,1003,633,28,172,82.3,Day
484,2024-11-03,3,1019,484,2,123,42.2,Night
485,2025-05-24,4,1007,514,5,87,64.8,Night
486,2024-10-17,4,1027,1099,14,105,42.8,Day
487,2025-03-13,2,1030,536,3,7,27.7,Day
488,2024-11-19,1,1011,924,7,105,99.3,Night
489,2024-05-25,2,1017,1258,29,146,135.5,Day
490,2025-08-20,3,1040,636,13,70,40.8,Day
491,2025-11-30,2,1021,853,7,22,107.6,Night
492,2024-05-21,2,1038,487,8,35,35.5,Day
493,2024-11-03,2,1030,1675,15,39,152.7,Day
494,2024-06-26,2,1036,246,4,31,23.4,Day
495,2025-09-03,4,1018,942,6,29,84.3,Night
496,2025-04-15,4,1028,245,2,162,13.5,Day
497,2025-12-17,2,1038,729,5,89,81.2,Day
498,2024-04-27,2,1008,1454,72,127,40.7,Day
499,2024-05-05,1,1010,1316,18,87,113.6,Night
500,2024-12-03,1,1035,1436,7,23,60.4,Day
501,2024-06-30,3,1021,1759,61,61,79.1,Night
502,2024-09-12,2,1039,241,8,73,29.8,Day
503,2025-10-15,3,1013,748,12,118,108.9,Night
504,2025-03-12,2,1021,1234,39,164,93.4,Night
505,2024-06-10,3,1005,136,1,130,18.0,Night
506,2024-10-22,1,1016,1468,51,6,145.6,Night
507,2024-10-29,2,1024,687,16,112,30.0,Day
508,2024-03-03,2,1034,1521,33,73,45.5,Day
509,2025-05-18,4,1018,1178,27,9,87.6,Day
510,2024-05-19,2,1025,145,4,176,10.6,Night
511,2024-07-21,4,1032,243,10,124,27.0,Night
512,2025-01-30,2,1014,109,2,30,11.4,Day
513,2025-04-07,1,1029,523,17,157,60.9,Night
514,2025-12-15,3,1027,505,1,74,20.0,Night
515,2024-03-26,3,1006,1999,37,22,142.3,Day
516,2024-09-03,1,1029,1628,37,165,211.7,Day
517,2024-10-14,2,1036,1395,22,135,78.7,Night
518,2024-05-11,4,1034,380,2,102,42.5,Night
519,2024-07-10,1,1008,1415,40,4,157.9,Day
520,2025-08-13,2,1029,423,7,124,28.5,Night
521,2025-10-25,3,1014,133,3,90,8.0,Night
522,2025-05-01,4,1008,928,16,175,102.2,Night
523,2025-12-26,3,1024,1065,31,72,156.2,Night
524,2025-10-21,1,1021,102,1,27,12.6,Night
525,2024-07-11,4,1011,1779,38,15,61.3,Night
526,2025-02-25,3,1029,600,13,52,26.6,Day
527,2024-11-15,4,1031,601,4,105,34.1,Night
528,2025-01-01,2,1033,1614,38,169,83.2,Night
529,2024-06-22,3,1008,228,7,66,21.3,Day
530,2025-05-24,1,1038,755,10,39,99.7,Day
531,2025-10-30,3,1035,991,6,178,49.7,Day
532,2024-01-22,4,1030,1336,21,4,169.6,Day
533,2025-05-19,3,1031,1274,19,146,150.5,Day
534,2024-07-03,1,1027,788,16,80,77.9,Day
535,2025-08-03,1,1013,871,12,142,87.0,Night
536,2024-06-06,4,1016,1016,10,153,123.9,Day
537,2024-08-25,2,1002,415,15,23,42.7,Day
538,2024-01-11,3,1031,1836,73,49,222.0,Night
539,2025-08-16,2,1026,1281,13,150,49.9,Day
540,2025-06-28,1,1037,1008,11,48,131.7,Day
541,2025-06-15,3,1029,678,4,61,31.4,Night
542,2025-02-07,3,1014,1688,22,157,81.9,Day
543,2024-01-16,2,1003,1478,35,23,195.0,Night
544,2024-07-12,4,1040,1727,24,149,129.9,Day
545,2024-06-12,4,1030,1743,53,83,259.9,Night
546,2025-01-24,4,1010,1899,8,46,81.3,Day
547,2024-07-14,2,1017,1033,26,94,112.1,Night
548,2024-04-01,2,1030,261,4,177,32.2,Day
549,2024-09-30,4,1034,685,28,38,44.5,Night
550,2025-08-11,3,1039,1486,53,88,152.3,Night
551,2025-09-09,1,1035,272,2,110,14.5,Day
552,2025-03-04,1,1022,430,19,62,10.6,Day
553,2025-12-12,4,1038,1229,46,69,110.2,Day
554,2024-10-06,2,1035,969,20,118,55.2,Night
555,2025-09-30,2,1019,1334,28,110,92.4,Night
556,2024-05-04,1,1010,1948,13,62,137.6,Night
557,2025-03-31,1,1021,1388,7,165,76.8,Day
558,2024-10-29,4,1005,239,2,130,17.0,Night
559,2024-10-20,2,1008,782,29,130,51.3,Day
560,2025-05-01,1,1036,1184,8,150,154.0,Night
561,2025-06-06,3,1031,1724,55,36,173.2,Night
562,2024-03-09,3,1030,1991,69,40,78.0,Day
563,2025-11-03,2,1022,692,24,101,97.2,Night
564,2025-12-10,3,1006,909,30,83,134.4,Day
565,2025-11-24,4,1008,1380,21,14,54.2,Night
566,2025-07-10,4,1009,171,5,95,12.5,Day
567,2025-08-31,3,1033,689,32,169,67.0,Night
568,2024-12-06,3,1004,287,3,37,11.8,Night
569,2024-08-14,1,1035,1325,49,4,28.9,Night
570,2025-06-18,3,1040,1432,10,2,172.9,Night
571,2024-06-22,3,1039,331,1,59,46.2,Night
572,2024-12-12,4,1032,562,3,171,44.2,Night
573,2025-04-09,2,1024,1561,17,3,57.6,Night
574,2025-06-29,2,1035,222,1,26,12.7,Night
575,2024-02-09,1,1034,251,1,152,27.2,Day
576,2025-08-05,1,1032,1571,39,41,100.7,Day
577,2025-05-25,4,1021,1607,40,115,97.1,Day
578,2025-07-07,2,1010,1607,70,135,224.2,Night
579,2025-10-26,3,1040,426,9,178,17.2,Night
580,2025-09-21,4,1009,267,4,113,17.6,Night
581,2024-06-15,3,1020,1986,38,45,74.6,Day
582,2025-07-11,1,1022,205,5,10,13.1,Day
583,2025-05-17,3,1014,329,3,50,34.2,Day
584,2024-02-18,1,1005,720,21,124,78.5,Night
585,2024-11-21,2,1026,1471,59,83,193.6,Night
586,2024-12-04,2,1020,525,11,15,54.3,Night
587,2024-04-13,2,1007,1924,48,108,183.1,Night
588,2025-03-27,2,1013,1582,29,63,186.1,Day
589,2024-04-22,2,1035,1080,10,65,81.9,Day
590,2025-03-06,3,1017,711,9,59,35.2,Day
591,2024-12-31,4,1037,961,23,82,104.4,Day
592,2025-05-02,3,1037,678,9,78,18.6,Night
593,2025-04-18,4,1019,864,6,69,26.4,Day
594,2024-04-18,3,1004,684,9,77,55.4,Night
595,2024-10-01,4,1026,1591,88,44,87.9,Day
596,2025-12-24,3,1022,326,6,161,15.3,Night
597,2024-06-29,3,1019,615,12,49,49.8,Day
598,2025-02-03,2,1027,1988,18,116,272.9,Day
599,2024-05-20,4,1008,970,14,121,91.6,Night
600,2024-02-07,2,1013,290,9,39,43.4,Night
601,2025-08-06,4,1021,534,11,78,43.7,Night
602,2025-03-03,4,1035,1664,11,46,95.4,Day
603,2024-12-09,2,1040,497,9,112,72.6,Night
604,2024-03-04,4,1021,1043,13,60,88.7,Day
605,2025-11-30,4,1032,784,18,147,91.2,Day
606,2024-05-27,2,1016,1630,32,59,171.1,Night
607,2025-10-07,3,1006,1985,59,77,56.3,Night
608,2024-06-14,2,1018,1585,16,162,33.5,Day
609,2025-01-03,3,1007,1029,7,108,132.0,Day
610,2025-02-22,2,1038,1074,52,54,109.2,Day
611,2024-05-09,3,1026,114,0,133,3.6,Night
612,2025-01-21,2,1033,701,7,49,64.2,Day
613,2025-07-19,1,1006,700,23,138,62.0,Night
614,2025-07-19,4,1013,1746,33,64,52.4,Day
615,2025-06-13,3,1023,403,13,122,34.4,Night
616,2025-04-28,4,1015,1179,10,138,68.8,Night
617,2025-04-25,4,1021,999,5,116,29.5,Day
618,2024-11-26,3,1005,1549,41,174,212.6,Night
619,2025-10-07,2,1025,1894,15,63,224.4,Night
620,2025-09-25,3,1014,1030,34,17,69.9,Night
621,2025-11-11,1,1029,1802,20,54,243.3,Night
622,2024-06-04,4,1011,1359,20,79,34.9,Day
623,2024-01-07,2,1027,540,15,12,43.3,Night
624,2025-09-08,3,1009,964,8,45,23.3,Night
625,2024-06-11,1,1022,730,28,150,74.3,Day
626,2024-10-27,2,1030,1659,41,158,78.0,Day
627,2025-11-24,1,1027,635,34,127,51.5,Day
628,2025-08-16,1,1022,276,2,164,17.6,Night
629,2025-02-24,2,1037,783,12,83,109.0,Day
630,2025-05-02,2,1024,478,14,72,40.9,Day
631,2025-01-02,3,1028,1796,21,156,198.8,Night
632,2024-10-18,4,1018,1746,10,56,41.8,Day
633,2024-11-11,3,1012,1357,6,144,160.6,Day
634,2025-11-11,1,1016,291,3,111,43.0,Day
635,2025-09-13,1,1015,106,1,55,5.2,Day
636,2024-06-25,1,1033,200,4,86,8.8,Night
637,2025-03-23,4,1023,1797,43,14,127.2,Day
638,2024-06-30,3,1037,197,7,129,14.9,Night
639,2025-02-19,4,1034,1728,47,146,108.3,Day
640,2024-12-09,2,1027,1720,12,140,231.3,Night
641,2024-12-23,1,1037,669,7,16,17.8,Day
642,2025-03-06,1,1028,1771,29,103,148.6,Day
643,2024-03-18,2,1026,859,20,77,112.4,Day
644,2025-10-19,4,1013,887,19,40,38.5,Day
645,2025-09-17,3,1026,776,32,105,110.7,Day
646,2025-12-24,1,1029,212,1,43,25.6,Night
647,2024-03-03,1,1001,1986,33,46,69.2,Night
648,2025-10-31,4,1027,299,7,0,36.7,Day
649,2025-09-07,2,1002,194,2,165,22.3,Day
650,2025-01-28,1,1029,901,30,117,85.0,Night
651,2024-06-06,4,1035,1310,31,6,138.9,Day
652,2024-10-11,2,1034,1221,23,73,41.7,Day
653,2025-01-09,4,1034,1239,31,67,167.7,Day
654,2025-08-29,4,1036,1293,7,46,171.0,Night
655,2024-03-20,2,1015,1122,27,82,41.7,Day
656,2024-07-26,3,1007,1825,23,39,91.8,Day
657,2025-05-01,4,1035,1303,63,179,182.0,Night
658,2025-11-09,2,1012,487,7,109,29.6,Day
659,2025-03-26,2,1025,526,7,67,58.5,Night
660,2024-09-27,3,1021,553,3,158,17.1,Day
661,2025-02-21,4,1035,709,6,179,67.7,Night
662,2025-05-28,1,1011,1748,17,90,163.9,Day
663,2024-05-21,3,1012,752,19,74,87.9,Night
664,2024-05-16,4,1009,1139,51,48,106.2,Day
665,2024-02-25,2,1023,497,24,30,46.7,Night
666,2025-02-18,4,1028,614,5,37,83.6,Night
667,2024-06-05,3,1032,1847,40,174,46.7,Night
668,2024-12-10,3,1037,1528,15,81,58.4,Day
669,2024-01-10,3,1021,1851,20,64,268.5,Day
670,2025-10-22,2,1012,1853,42,73,114.3,Day
671,2025-12-14,4,1029,1894,21,70,86.0,Night
672,2025-07-06,3,1025,1253,14,37,93.0,Night
673,2024-12-17,3,1012,415,11,97,27.8,Day
674,2025-03-22,1,1014,1767,21,9,123.2,Night
675,2025-09-12,1,1016,750,6,141,75.9,Day
676,2024-02-23,4,1024,981,47,152,124.4,Day
677,2025-08-02,2,1036,540,11,140,71.2,Night
678,2024-06-30,4,1009,1461,71,140,144.6,Day
679,2025-12-06,2,1011,375,15,43,19.5,Night
680,2024-04-25,2,1036,786,23,69,34.6,Day
681,2024-09-30,4,1003,1282,39,47,106.6,Day
682,2024-07-30,4,1027,1786,92,161,103.4,Night
683,2024-10-20,3,1040,180,3,110,16.9,Night
684,2024-02-07,2,1030,1950,7,127,252.2,Day
685,2024-08-25,1,1032,182,5,170,20.6,Night
686,2024-04-02,1,1017,1008,27,158,123.9,Night
687,2024-01-11,4,1013,1969,16,139,224.5,Day
688,2025-08-07,3,1017,350,2,59,13.9,Night
689,2024-12-29,1,1018,547,10,179,33.6,Day
690,2025-07-18,3,1032,1269,9,131,66.0,Day
691,2025-10-12,2,1033,938,42,175,74.5,Night
692,2025-01-15,3,1030,1871,22,26,98.4,Night
693,2025-08-11,2,1009,518,23,138,48.0,Night
694,2025-05-11,2,1034,1889,10,159,250.5,Night
695,2024-01-19,3,1038,391,5,3,48.8,Day
696,2024-05-26,4,1025,1469,35,50,56.5,Day
697,2024-12-16,2,1029,1219,24,90,150.8,Day
698,2025-09-23,1,1006,1222,52,99,97.2,Day
699,2025-08-25,4,1021,1754,18,133,192.2,Night
700,2025-05-18,4,1008,429,6,83,23.3,Night
701,2025-04-29,4,1023,307,4,24,35.5,Day
702,2025-06-04,3,1014,1183,23,158,39.1,Night
703,2025-03-09,2,1025,699,7,13,36.6,Night
704,2024-01-26,3,1012,277,10,161,11.8,Day
705,2024-04-01,3,1006,1623,49,119,98.3,Night
706,2025-12-11,1,1025,1740,9,17,252.2,Day
707,2025-04-13,3,1039,873,8,90,94.9,Day
708,2024-11-19,4,1010,1243,35,97,93.2,Day
709,2025-06-21,3,1011,424,7,145,15.5,Night
710,2024-07-17,3,1007,1882,44,152,57.3,Day
711,2025-04-23,4,1017,862,5,123,71.4,Day
712,2024-06-08,1,1019,1592,26,67,84.9,Day
713,2025-08-19,1,1035,559,9,146,73.2,Night
714,2024-01-20,3,1033,1034,7,33,93.8,Day
715,2025-10-28,4,1006,547,7,166,22.4,Night
716,2024-05-20,4,1027,292,4,154,14.1,Day
717,2024-05-01,2,1028,462,7,178,43.1,Night
718,2024-10-08,2,1002,574,8,149,36.7,Night
719,2025-10-26,1,1006,691,4,0,18.3,Night
720,2024-04-11,4,1012,1105,24,168,121.8,Night
721,2025-08-16,3,1016,1158,12,76,100.3,Day
722,2025-09-29,1,1023,1277,68,86,104.2,Night
723,2024-04-27,1,1003,1834,18,144,222.9,Day
724,2024-05-31,1,1035,264,11,26,32.3,Night
725,2025-02-17,3,1029,268,3,7,36.4,Night
726,2025-05-28,2,1004,453,8,133,52.8,Day
727,2025-04-17,3,1009,1918,63,92,172.2,Day
728,2024-04-10,2,1017,1494,51,63,87.1,Day
729,2025-10-28,2,1029,864,5,153,116.2,Day
730,2024-01-19,4,1002,675,12,85,58.4,Day
731,2024-09-20,1,1031,998,26,26,78.2,Night
732,2025-05-27,2,1018,1993,72,176,73.2,Night
733,2025-01-30,2,1006,857,7,111,89.1,Night
734,2024-08-16,3,1022,1627,54,167,169.3,Night
735,2025-03-08,1,1016,1938,23,117,107.7,Night
736,2025-03-24,3,1018,1643,40,87,98.6,Night
737,2025-10-27,2,1023,1099,9,42,91.4,Night
738,2024-10-16,3,1038,562,20,172,59.0,Night
739,2024-01-30,3,1002,459,9,67,61.7,Night
740,2025-12-20,4,1040,158,0,106,12.5,Day
741,2025-07-15,1,1026,824,5,131,69.1,Day
742,2024-08-19,1,1029,232,2,152,12.6,Day
743,2025-04-21,1,1040,1580,18,65,203.4,Night
744,2025-03-06,4,1009,601,25,118,70.6,Night
745,2025-12-20,4,1008,994,6,124,148.3,Night
746,2025-10-12,2,1007,1067,11,165,52.0,Night
747,2025-06-11,4,1021,571,9,139,84.3,Night
748,2025-04-24,1,1019,199,4,114,9.8,Day
749,2024-01-07,4,1006,181,1,70,20.7,Night
750,2024-07-27,4,1002,236,2,146,30.9,Day
751,2025-04-18,3,1023,353,9,177,50.4,Night
752,2025-07-18,1,1031,569,14,119,57.3,Day
753,2024-12-15,3,1026,1023,17,176,87.7,Day
754,2025-07-18,2,1018,1195,6,62,90.9,Night
755,2025-06-11,1,1022,1615,68,39,188.5,Night
756,2025-11-13,1,1019,770,12,117,113.6,Night
757,2025-11-17,2,1030,975,19,136,45.3,Day
758,2024-09-16,1,1010,1443,6,43,36.0,Day
759,2025-07-09,3,1020,961,10,65,132.7,Day
760,2025-07-04,4,1036,1219,64,131,100.5,Night
761,2024-02-11,4,1035,277,4,80,32.7,Night
762,2024-10-21,3,1029,1232,13,137,110.3,Day
763,2024-08-17,1,1025,1191,37,118,97.7,Night
764,2025-06-20,3,1020,374,3,84,33.6,Day
765,2025-03-06,3,1038,1736,9,177,213.7,Night
766,2025-01-25,3,1014,422,9,69,42.3,Day
767,2024-12-14,3,1016,1688,9,162,126.1,Night
768,2025-08-20,4,1038,680,13,163,18.7,Day
769,2024-11-05,1,1005,718,35,129,100.4,Day
770,2025-09-19,3,1024,1915,42,63,242.6,Night
771,2024-01-21,1,1005,1370,53,109,114.3,Day
772,2025-07-12,2,1028,1614,45,33,122.1,Day
773,2025-07-29,3,1030,382,9,153,38.4,Night
774,2025-02-25,2,1040,341,3,71,18.8,Night
775,2025-02-25,4,1027,1566,84,158,198.4,Day
776,2024-02-24,2,1021,1705,30,174,228.9,Night
777,2024-01-08,3,1002,564,17,81,72.3,Day
778,2025-01-13,3,1017,1051,5,144,103.9,Night
779,2025-02-22,1,1022,1595,29,9,189.6,Day
780,2025-10-18,3,1032,755,26,72,24.8,Night
781,2025-11-05,3,1007,1600,11,81,225.4,Day
782,2024-02-17,1,1021,1054,15,84,81.5,Day
783,2024-04-21,4,1012,1810,20,43,143.8,Night
784,2024-08-28,1,1017,1712,23,4,140.0,Day
785,2025-12-24,2,1035,1430,27,52,174.3,Night
786,2024-08-06,1,1031,497,14,20,69.0,Night
787,2025-03-25,2,1032,1492,49,34,216.3,Day
788,2024-11-16,1,1009,975,49,63,56.4,Night
789,2024-06-30,3,1017,1876,63,55,40.6,Night
790,2025-05-15,1,1007,660,7,19,74.1,Day
791,2025-08-22,3,1020,958,34,26,37.3,Day
792,2024-09-30,4,1008,908,10,57,84.5,Day
793,2025-03-05,2,1012,112,3,156,4.1,Day
794,2024-02-17,4,1039,952,28,127,82.8,Day
795,2024-09-21,1,1019,1702,30,102,54.1,Day
796,2025-09-07,1,1040,1220,17,177,171.4,Day
797,2025-03-23,1,1017,1376,40,145,53.7,Night
798,2024-11-15,1,1005,1826,65,168,256.9,Night
799,2024-10-24,4,1033,373,8,90,44.2,Day
800,2024-02-09,1,1032,1013,10,144,94.1,Day
801,2025-04-05,2,1002,418,2,23,45.9,Day
802,2025-01-08,3,1016,1033,25,93,141.0,Day
803,2025-01-20,4,1024,1789,30,106,259.1,Night
804,2025-08-11,2,1015,260,1,105,26.9,Night
805,2025-12-18,4,1034,1033,15,120,23.7,Night
806,2024-12-04,3,1020,1411,7,15,75.1,Day
807,2025-07-03,3,1006,276,1,124,11.1,Night
808,2024-04-23,4,1019,1205,43,81,116.1,Night
809,2025-11-18,1,1007,1742,42,78,70.5,Day
810,2024-11-27,1,1002,805,20,96,116.8,Night
811,2025-03-22,2,1029,1068,36,104,124.7,Day
812,2024-11-18,4,1038,209,0,91,20.6,Day
813,2024-10-11,1,1016,1442,27,29,181.5,Night
814,2025-04-06,1,1021,1256,24,19,135.2,Day
815,2025-01-12,4,1017,993,30,153,36.9,Day
816,2025-10-19,2,1022,381,6,159,45.4,Night
817,2024-09-16,4,1034,281,5,128,10.6,Night
818,2024-01-13,4,1031,397,8,40,48.2,Day
819,2024-05-09,3,1008,448,25,60,33.8,Night
820,2024-06-15,3,1035,199,1,118,11.8,Day
821,2025-09-28,2,1030,414,4,11,51.8,Night
822,2025-08-25,4,1003,1174,44,17,156.2,Day
823,2025-04-04,1,1017,972,37,81,140.5,Day
824,2025-10-30,3,1022,1851,8,44,170.2,Night
825,2024-01-16,4,1016,1828,32,35,270.3,Night
826,2025-12-27,1,1005,228,3,16,10.8,Night
827,2024-05-31,3,1015,1236,50,0,106.5,Day
828,2024-08-11,4,1001,1604,14,22,140.3,Day
829,2025-12-13,4,1026,1913,41,2,215.9,Night
830,2024-08-18,4,1023,1984,14,174,201.7,Day
831,2025-11-20,1,1033,677,9,21,75.1,Day
832,2025-09-05,4,1019,229,1,174,17.5,Night
833,2024-05-19,1,1008,1629,20,2,187.7,Day
834,2024-02-10,3,1003,740,15,170,75.9,Day
835,2024-04-04,1,1022,329,4,104,28.2,Day
836,2025-12-19,3,1024,1249,17,146,122.5,Day
837,2024-06-27,1,1037,1547,48,58,93.6,Day
838,2025-01-24,4,1038,287,3,156,29.7,Night
839,2024-05-21,3,1021,1261,35,112,64.5,Night
840,2024-11-01,3,1001,116,2,29,14.9,Day
841,2024-04-09,1,1003,1448,41,55,86.6,Night
842,2024-12-21,1,1021,144,2,163,6.2,Day
843,2024-06-04,4,1023,335,4,127,40.8,Night
844,2024-07-29,3,1007,394,3,103,18.7,Day
845,2024-01-21,4,1038,1568,9,66,125.8,Day
846,2025-02-13,2,1025,791,6,137,72.1,Day
847,2024-12-01,2,1022,341,5,127,10.4,Night
848,2024-11-10,2,1013,495,5,159,47.4,Day
849,2024-01-04,1,1026,1761,30,150,189.6,Day
850,2025-02-25,2,1017,858,9,33,82.6,Day
851,2025-07-27,3,1037,571,7,90,13.9,Night
852,2025-12-18,2,1014,471,14,105,19.6,Day
853,2025-12-29,4,1034,1148,22,124,101.9,Night
854,2025-04-10,3,1005,1541,17,64,140.1,Night
855,2024-01-29,1,1001,1259,57,87,92.6,Day
856,2024-08-15,2,1010,419,2,149,43.9,Night
857,2025-10-23,4,1018,1417,29,11,43.9,Night
858,2025-03-05,3,1037,1590,36,118,96.8,Night
859,2024-01-01,2,1040,474,11,171,37.0,Day
860,2025-10-04,3,1006,1040,21,17,63.1,Day
861,2024-10-25,1,1014,396,12,71,27.3,Night
862,2025-12-05,4,1033,1633,88,81,147.6,Day
863,2025-08-16,1,1021,126,1,110,8.8,Day
864,2024-04-23,2,1034,177,4,73,8.5,Night
865,2024-04-28,4,1009,1801,17,74,175.5,Day
866,2024-04-18,3,1007,1716,31,135,88.7,Day
867,2024-01-05,2,1007,1450,17,133,30.3,Day
868,2024-05-25,1,1022,1408,65,125,161.2,Night
869,2024-08-20,3,1040,1925,56,29,64.1,Day
870,2025-04-15,4,1036,257,5,171,16.7,Day
871,2024-06-16,2,1039,859,34,34,97.0,Day
872,2024-08-21,4,1031,1193,32,96,69.3,Day
873,2025-10-31,1,1027,1518,18,162,205.1,Day
874,2025-03-11,4,1032,1172,34,117,113.2,Night
875,2025-11-20,3,1027,1093,13,140,103.7,Night
876,2024-10-28,2,1035,778,31,104,104.3,Day
877,2025-04-09,1,1018,1224,19,44,167.4,Day
878,2025-08-14,4,1022,256,5,137,11.3,Day
879,2024-03-13,4,1037,1198,47,22,95.8,Day
880,2025-05-16,2,1033,1362,11,28,112.0,Day
881,2025-11-25,1,1021,166,0,125,21.1,Night
882,2024-12-16,1,1008,1952,36,169,229.4,Night
883,2024-08-08,2,1038,718,12,34,88.2,Day
884,2025-08-02,3,1007,765,39,69,31.0,Day
885,2024-04-07,2,1034,1852,41,124,39.1,Day
886,2024-01-24,1,1006,936,7,49,79.0,Day
887,2025-03-26,2,1002,775,6,50,55.3,Day
888,2025-03-17,3,1035,1560,34,172,131.5,Day
889,2025-09-21,4,1036,872,43,88,61.1,Night
890,2025-12-29,4,1018,1206,29,82,154.9,Day
891,2025-08-27,2,1025,628,14,99,54.9,Night
892,2025-09-01,4,1031,1585,62,61,108.9,Day
893,2024-04-09,3,1024,1710,51,31,111.8,Day
894,2025-07-21,2,1010,1671,18,133,76.4,Night
895,2024-10-02,2,1019,1884,23,105,176.7,Day
896,2025-04-29,3,1027,149,3,71,20.3,Night
897,2024-02-20,3,1023,625,16,46,27.7,Night
898,2024-01-09,4,1007,1695,42,160,77.6,Day
899,2024-03-07,4,1039,709,11,100,58.9,Night
900,2025-11-02,1,1038,1309,23,50,122.6,Night
901,2025-02-18,2,1009,803,5,145,85.5,Day
902,2025-05-07,3,1018,442,20,179,28.5,Night
903,2025-02-14,3,1008,820,22,16,96.6,Day
904,2024-11-30,1,1021,905,27,137,62.3,Night
905,2025-07-02,3,1007,702,19,161,16.6,Day
906,2024-04-02,3,1010,1130,36,136,68.6,Day
907,2025-12-06,1,1014,486,5,88,20.5,Day
908,2025-01-14,3,1001,771,17,2,36.3,Day
909,2025-07-27,3,1010,241,10,169,14.2,Day
910,2025-06-19,2,1028,1541,38,36,63.8,Night
911,2024-11-07,1,1012,1555,54,54,96.9,Day
912,2025-07-30,4,1031,1394,27,90,184.7,Night
913,2024-01-14,3,1023,1100,17,109,87.1,Day
914,2025-11-30,4,1006,134,6,80,7.5,Night
915,2024-02-10,2,1027,1692,13,52,248.3,Day
916,2024-12-10,4,1031,1954,39,39,236.0,Night
917,2025-07-13,3,1031,301,3,14,40.3,Night
918,2025-02-01,1,1010,788,25,34,62.4,Day
919,2025-09-20,3,1022,129,3,5,15.3,Night
920,2025-05-14,2,1021,1900,9,71,87.4,Night
921,2025-07-09,2,1022,277,5,134,7.1,Night
922,2025-09-13,2,1023,1327,17,68,128.5,Night
923,2025-09-27,3,1032,1683,32,78,216.4,Day
924,2024-03-26,2,1013,776,10,34,84.2,Day
925,2024-09-28,2,1030,126,4,0,10.5,Night
926,2024-03-31,2,1024,1637,25,45,107.6,Day
927,2025-01-13,1,1035,1190,16,135,112.5,Day
928,2025-01-20,1,1035,1898,45,144,51.3,Night
929,2024-01-16,1,1020,1856,47,126,167.9,Night
930,2024-07-12,4,1036,902,13,13,38.4,Day
931,2025-04-12,4,1020,114,1,159,9.5,Day
932,2024-06-04,4,1018,240,5,120,18.3,Day
933,2025-09-17,2,1038,1337,74,9,27.8,Night
934,2025-09-21,2,1038,1762,15,103,213.8,Day
935,2024-11-28,4,1014,950,29,53,110.7,Night
936,2025-12-08,2,1040,101,1,146,5.8,Night
937,2025-11-26,4,1007,1587,19,161,228.4,Day
938,2025-10-28,1,1029,1940,37,81,234.3,Night
939,2025-11-11,2,1040,1859,35,104,40.0,Day
940,2025-05-25,1,1026,1751,64,79,124.6,Night
941,2024-10-09,4,1008,1597,66,69,81.5,Day
942,2025-10-06,4,1030,1914,20,80,47.5,Day
943,2024-09-25,2,1012,1499,31,106,59.7,Day
944,2025-04-15,2,1024,962,10,172,139.7,Day
945,2024-01-07,1,1036,1737,14,175,223.7,Night
946,2025-03-09,3,1018,1261,41,169,58.6,Night
947,2025-08-05,1,1034,425,2,109,11.1,Night
948,2025-03-17,4,1021,1606,5,167,203.2,Day
949,2024-04-25,1,1005,1562,40,92,139.6,Day
950,2025-03-23,3,1036,428,3,4,18.7,Day
951,2025-04-09,3,1015,785,10,77,104.0,Night
952,2025-01-05,2,1024,795,14,78,58.4,Day
953,2024-12-30,3,1009,1986,28,169,121.7,Night
954,2024-03-05,1,1011,279,4,72,41.3,Night
955,2025-10-13,2,1033,1622,37,167,76.6,Night
956,2024-02-24,4,1012,758,10,142,104.9,Day
957,2024-12-25,3,1005,1523,43,0,219.9,Day
958,2024-03-02,3,1026,241,3,100,7.3,Day
959,2025-09-22,3,1004,680,20,118,99.2,Day
960,2024-06-11,4,1020,384,20,172,12.6,Day
961,2024-09-04,4,1011,733,22,77,31.8,Night
962,2025-03-02,4,1016,534,9,161,66.7,Night
963,2025-09-14,2,1026,1095,6,104,100.1,Night
964,2025-03-22,3,1023,820,16,72,87.2,Night
965,2024-11-11,2,1004,1519,43,171,174.8,Night
966,2024-10-27,4,1026,748,14,45,103.2,Night
967,2025-04-05,2,1035,924,46,114,95.5,Day
968,2025-03-14,2,1034,757,12,86,94.8,Night
969,2024-05-05,4,1032,1753,25,60,108.9,Night
970,2024-05-04,1,1002,1677,37,39,249.8,Day
971,2024-10-14,1,1036,1044,29,58,152.0,Night
972,2025-03-17,1,1029,1732,18,41,243.0,Night
973,2024-07-05,3,1007,1771,15,97,98.4,Night
974,2025-12-24,4,1021,462,8,68,25.6,Night
975,2024-01-05,2,1006,1019,54,61,21.3,Night
976,2025-10-16,1,1040,235,7,54,24.3,Day
977,2025-09-12,1,1001,1913,35,68,201.9,Night
978,2025-05-03,1,1025,1944,18,68,132.1,Night
979,2024-09-09,2,1034,1125,13,37,45.7,Night
980,2024-05-16,4,1020,1996,32,53,94.3,Night
981,2025-03-09,4,1003,1878,78,15,189.0,Day
982,2024-03-31,3,1025,877,25,65,38.5,Day
983,2025-12-05,2,1034,417,13,136,56.7,Day
984,2025-01-16,2,1006,1669,24,32,183.9,Night
985,2025-03-05,3,1017,642,9,127,48.6,Night
986,2025-01-24,1,1024,1962,45,117,52.4,Night
987,2025-02-13,3,1031,1059,38,24,136.8,Day
988,2024-08-27,1,1001,780,8,140,81.3,Day
989,2025-02-17,2,1035,1922,67,104,223.7,Day
990,2025-03-15,3,1011,1798,23,161,96.8,Night
991,2025-06-22,2,1029,294,8,111,25.9,Night
992,2025-09-25,1,1003,1111,26,105,44.8,Night
993,2025-03-06,3,1007,304,7,138,22.5,Day
994,2025-11-15,2,1010,1799,39,109,222.2,Day
995,2025-11-12,1,1022,1039,7,56,51.6,Night
996,2024-05-21,1,1010,780,5,153,89.9,Day
997,2024-03-27,1,1031,426,7,72,48.0,Day
998,2024-01-12,3,1038,1619,10,168,70.6,Night
999,2024-12-01,1,1004,273,8,34,23.6,Night
1000,2025-09-11,4,1010,946,19,22,19.8,Day
1001,2024-06-08,4,1019,1585,22,115,206.7,Day
1002,2025-06-01,1,1038,1430,15,90,32.2,Day
1003,2025-09-23,3,1010,1585,18,124,81.0,Day
1004,2024-12-26,3,1026,1819,19,128,228.4,Night
1005,2025-01-30,1,1027,1846,48,18,136.3,Day
1006,2024-04-12,2,1038,627,20,146,16.0,Night
1007,2025-05-10,3,1020,1036,19,164,22.9,Day
1008,2024-02-24,2,1038,1096,16,5,146.7,Night
1009,2024-07-26,1,1010,737,23,5,37.6,Day
1010,2024-01-20,3,1040,632,6,113,92.2,Night
1011,2024-09-01,1,1033,179,3,150,15.8,Day
1012,2025-03-19,1,1039,206,7,77,26.4,Day
1013,2024-01-31,2,1028,1977,51,78,41.6,Day
1014,2025-09-17,1,1010,153,5,31,9.0,Night
1015,2025-05-20,3,1004,1832,37,124,257.6,Night
1016,2025-08-15,4,1039,1501,30,41,93.5,Night
1017,2024-06-29,4,1018,1910,31,155,38.3,Night
1018,2024-04-12,2,1024,748,9,57,26.2,Day
1019,2024-04-04,2,1003,1721,11,145,89.8,Night
1020,2025-12-30,3,1037,212,2,137,11.6,Night
1021,2025-12-27,2,1018,570,11,43,72.5,Day
1022,2025-09-18,3,1021,686,10,102,26.3,Day
1023,2024-09-21,2,1031,1214,35,137,67.8,Night
1024,2024-04-20,1,1028,1118,34,65,104.4,Day
1025,2025-09-19,4,1029,102,2,47,14.0,Night
1026,2025-08-02,1,1007,754,9,99,76.3,Day
1027,2024-11-15,2,1038,1875,30,19,227.4,Night
1028,2024-05-30,2,1032,1026,24,72,152.9,Night
1029,2025-08-27,3,1036,1935,42,33,63.5,Night
1030,2024-08-17,4,1035,869,12,45,120.6,Night
1031,2024-04-16,4,1015,1025,29,170,61.9,Night
1032,2024-04-13,3,1013,406,3,162,32.4,Night
1033,2024-04-05,2,1004,1815,59,52,251.7,Day
1034,2024-09-29,3,1001,1002,34,148,134.2,Day
1035,2024-04-22,4,1002,119,4,26,13.9,Night
1036,2025-07-26,1,1006,1988,32,75,90.0,Night
1037,2024-07-21,3,1001,632,5,97,32.6,Night
1038,2025-08-26,2,1024,610,28,161,29.8,Night
1039,2024-12-31,4,1028,1762,29,7,125.8,Day
1040,2024-03-18,2,1035,1618,38,5,183.9,Night
1041,2024-01-12,3,1028,1539,15,16,45.1,Day
1042,2025-12-07,1,1028,942,36,14,21.1,Day
1043,2024-12-15,1,1034,139,1,136,13.9,Night
1044,2024-10-22,4,1028,1980,10,23,288.7,Night
1045,2025-04-29,1,1033,1272,47,78,90.1,Day
1046,2025-12-17,1,1025,1478,7,107,77.6,Day
1047,2025-05-01,1,1029,637,12,37,19.7,Night
1048,2024-05-10,3,1006,1625,23,97,243.7,Day
1049,2024-06-11,4,1022,1455,58,93,114.9,Day
1050,2025-05-13,2,1033,1689,24,164,47.6,Night
1051,2025-06-13,3,1038,1410,21,2,159.9,Day
1052,2024-12-07,3,1022,450,8,97,49.7,Night
1053,2025-10-15,3,1002,564,26,171,62.4,Day
1054,2025-09-08,1,1019,1209,14,10,86.9,Night
1055,2024-02-13,4,1037,802,7,167,18.8,Night
1056,2025-06-19,4,1036,248,5,128,20.4,Day
1057,2025-03-24,3,1029,1846,16,177,214.2,Night
1058,2024-02-01,4,1013,820,24,30,83.2,Day
1059,2025-10-12,1,1014,1114,5,109,118.6,Night
1060,2025-05-20,1,1002,1729,66,110,58.6,Night
1061,2024-03-31,1,1009,591,3,161,50.0,Night
1062,2024-04-03,1,1018,427,13,165,16.5,Day
1063,2024-01-17,4,1002,381,6,156,54.6,Day
1064,2024-10-25,2,1013,203,7,62,6.5,Day
1065,2024-01-17,4,1019,1101,14,13,76.0,Night
1066,2025-05-14,3,1008,1390,47,42,141.9,Night
1067,2025-06-14,2,1022,1428,18,11,178.8,Day
1068,2024-04-11,1,1016,1732,32,16,111.7,Day
1069,2024-06-08,2,1038,1422,54,39,101.9,Night
1070,2025-09-27,1,1021,1515,27,24,138.8,Night
1071,2024-12-20,4,1036,1864,63,66,244.3,Day
1072,2025-08-09,3,1012,362,14,106,21.5,Day
1073,2024-06-28,4,1030,1837,40,13,47.5,Day
1074,2024-03-20,4,1013,1586,16,3,162.8,Day
1075,2024-08-12,2,1021,1035,14,166,103.0,Day
1076,2024-08-30,1,1015,262,12,132,33.4,Day
1077,2025-07-24,1,1006,1481,10,102,45.4,Night
1078,2025-02-09,1,1007,1863,35,100,73.1,Day
1079,2024-01-13,2,1018,766,24,66,15.3,Day
1080,2025-07-21,1,1017,1228,27,90,83.8,Day
1081,2025-10-30,4,1030,129,2,0,11.6,Day
1082,2025-06-02,1,1005,1482,40,90,67.7,Night
1083,2025-04-09,2,1001,1852,49,0,176.1,Day
1084,2025-06-07,2,1004,1808,49,40,124.9,Day
1085,2024-08-05,2,1036,1856,60,24,178.3,Day
1086,2024-08-07,2,1022,1347,18,113,106.4,Day
1087,2024-07-07,1,1029,1896,28,159,218.0,Day
1088,2025-02-09,4,1031,1555,28,159,83.5,Day
1089,2024-11-09,4,1017,1114,9,154,104.5,Night
1090,2025-01-30,4,1015,199,2,100,13.7,Day
1091,2024-02-08,1,1025,779,14,55,102.4,Night
1092,2025-01-09,2,1009,284,8,149,19.2,Night
1093,2025-02-27,2,1024,345,15,154,30.1,Day
1094,2025-10-04,3,1039,436,11,101,10.9,Night
1095,2024-10-21,2,1040,1099,11,3,161.5,Day
1096,2024-04-27,1,1027,1292,28,13,119.3,Night
1097,2025-08-20,3,1030,1044,18,16,142.7,Night
1098,2024-05-10,4,1021,731,7,77,67.0,Day
1099,2025-05-06,2,1037,1983,58,97,73.8,Night
1100,2024-11-14,4,1006,1880,33,75,137.9,Night
1101,2025-10-27,4,1022,1713,43,96,220.6,Day
1102,2024-07-06,1,1014,1735,9,141,39.3,Day
1103,2024-10-26,1,1019,1932,61,92,207.3,Day
1104,2024-07-16,2,1031,1827,44,2,78.9,Night
1105,2024-02-22,4,1035,938,36,9,68.1,Night
1106,2025-08-01,3,1032,145,4,159,6.8,Night
1107,2024-08-12,2,1034,506,8,84,68.3,Night
1108,2025-10-27,2,1018,1614,39,155,69.5,Day
1109,2024-07-03,3,1011,1727,51,113,60.8,Day
1110,2024-07-27,3,1018,1472,27,33,68.0,Day
1111,2025-01-11,2,1027,1646,62,8,198.9,Day
1112,2024-07-14,4,1036,1919,39,31,211.5,Night
1113,2025-10-11,4,1009,286,9,171,7.4,Night
1114,2024-07-03,2,1039,948,10,56,50.3,Night
1115,2025-06-15,1,1013,1753,88,134,194.8,Night
1116,2025-11-05,4,1039,465,4,88,29.8,Night
1117,2025-11-01,4,1022,1912,34,42,284.7,Night
1118,2024-12-28,4,1023,469,15,39,47.5,Night
1119,2024-11-19,1,1017,757,10,13,21.2,Day
1120,2025-08-28,1,1027,1792,66,121,203.9,Day
1121,2025-03-31,1,1007,1231,7,21,90.0,Night
1122,2024-12-06,4,1034,567,15,85,70.7,Day
1123,2025-12-09,4,1011,948,21,26,97.6,Night
1124,2024-12-01,3,1021,1101,31,134,108.6,Night
1125,2025-07-14,3,1017,908,31,53,97.4,Day
1126,2024-09-05,1,1005,1999,41,39,157.3,Day
1127,2025-07-02,1,1014,853,29,65,40.2,Night
1128,2024-09-20,4,1026,1725,21,77,227.2,Night
1129,2025-10-09,3,1016,1635,48,49,188.0,Day
1130,2024-02-14,1,1039,341,10,83,47.1,Day
1131,2025-05-26,2,1012,512,12,176,58.7,Day
1132,2024-11-12,1,1030,1472,48,127,101.8,Night
1133,2025-06-10,3,1037,147,2,85,9.2,Day
1134,2025-10-20,3,1021,1202,41,82,133.1,Day
1135,2024-06-14,2,1002,111,3,136,8.7,Day
1136,2024-08-25,2,1007,311,9,31,30.5,Night
1137,2024-04-11,1,1034,742,16,55,37.4,Day
1138,2024-12-27,1,1036,419,14,104,47.3,Night
1139,2024-10-01,4,1039,1562,12,65,217.7,Night
1140,2025-01-20,3,1009,1079,16,6,48.9,Day
1141,2025-01-20,3,1007,1844,7,131,230.1,Day
1142,2024-06-20,1,1030,1128,10,120,158.8,Day
1143,2025-06-24,4,1028,669,11,61,58.9,Night
1144,2024-10-31,4,1013,800,17,140,52.5,Day
1145,2024-05-27,2,1018,565,14,76,33.1,Night
1146,2025-05-16,4,1024,1987,47,147,131.6,Day
1147,2025-08-21,1,1028,747,19,89,87.1,Night
1148,2025-09-19,4,1021,1287,66,159,48.5,Night
1149,2025-01-01,3,1032,1051,28,106,38.3,Day
1150,2025-11-10,1,1011,1101,16,10,155.0,Day
1151,2024-06-05,3,1034,1665,80,162,50.8,Day
1152,2024-10-24,4,1010,1237,9,96,162.2,Night
1153,2025-01-26,2,1040,384,13,48,38.7,Day
1154,2025-10-30,4,1032,792,8,141,45.5,Night
1155,2025-06-09,2,1018,1410,25,126,37.7,Night
1156,2024-08-07,2,1040,308,1,29,6.7,Night
1157,2024-07-06,2,1016,140,2,33,3.8,Day
1158,2025-01-22,3,1004,1843,17,21,240.2,Night
1159,2024-12-06,2,1014,174,2,116,24.3,Day
1160,2024-03-11,1,1008,856,15,63,84.3,Day
1161,2025-07-25,3,1023,116,2,61,13.7,Night
1162,2024-02-22,2,1001,627,10,23,42.5,Night
1163,2024-05-27,2,1008,1864,43,123,50.6,Day
1164,2025-05-18,4,1001,595,13,37,39.7,Day
1165,2024-10-14,3,1009,559,7,167,33.9,Day
1166,2025-12-08,4,1006,916,28,65,107.7,Day
1167,2024-10-16,2,1019,1761,72,41,167.9,Night
1168,2025-07-18,2,1027,201,4,18,16.0,Day
1169,2025-05-07,1,1009,902,26,120,22.3,Night
1170,2024-07-07,2,1002,743,19,55,20.0,Night
1171,2025-11-12,4,1037,875,5,72,82.6,Night
1172,2024-02-10,2,1004,1318,62,90,94.8,Night
1173,2025-02-20,4,1039,1751,38,161,177.3,Day
1174,2025-01-18,1,1034,882,8,3,28.1,Day
1175,2025-08-20,3,1034,557,18,46,49.2,Night
1176,2024-12-23,3,1033,211,7,26,23.0,Day
1177,2025-05-16,3,1009,1679,45,34,41.5,Day
1178,2025-02-09,4,1012,1543,42,66,132.5,Night
1179,2025-08-21,4,1002,748,32,144,20.7,Day
1180,2025-09-13,1,1031,730,36,37,21.5,Day
1181,2025-06-01,3,1027,1337,14,38,68.8,Night
1182,2025-12-05,4,1001,935,33,53,76.8,Day
1183,2024-10-03,4,1007,271,3,125,25.6,Day
1184,2025-11-07,3,1023,1231,7,144,108.2,Day
1185,2025-04-27,1,1024,1580,18,37,110.3,Night
1186,2024-01-17,4,1019,1872,10,58,208.5,Day
1187,2025-05-19,3,1001,938,14,136,64.1,Day
1188,2024-07-22,1,1034,240,3,105,21.2,Night
1189,2025-08-25,3,1030,1204,40,165,45.8,Day
1190,2024-03-30,4,1006,1826,34,27,186.6,Night
1191,2025-08-14,3,1024,1290,33,85,115.6,Night
1192,2025-05-21,2,1028,480,17,163,35.6,Night
1193,2025-08-29,4,1032,1867,29,68,239.0,Night
1194,2024-07-26,1,1016,445,19,24,26.6,Day
1195,2025-03-08,1,1010,773,32,74,90.7,Day
1196,2025-07-13,1,1032,834,41,93,63.3,Day
1197,2025-09-03,2,1025,407,3,128,37.4,Day
1198,2024-12-15,1,1024,444,4,85,42.9,Day
1199,2024-09-20,1,1003,959,26,94,29.6,Day
1200,2025-01-11,2,1015,833,23,169,95.0,Day
1201,2025-12-12,4,1017,951,18,120,103.1,Day
1202,2025-01-28,4,1026,727,6,104,84.9,Night
1203,2025-07-16,2,1034,562,17,153,15.9,Day
1204,2025-10-20,3,1027,200,3,27,16.2,Night
1205,2024-03-12,3,1018,1913,19,62,82.4,Night
1206,2025-05-11,3,1014,519,7,173,58.0,Day
1207,2024-06-03,4,1030,1044,9,60,96.2,Day
1208,2025-10-26,2,1014,1188,22,0,40.4,Night
1209,2025-07-18,1,1003,1705,92,15,156.1,Day
1210,2025-01-13,1,1030,1241,33,14,36.2,Night
1211,2025-12-01,1,1006,456,8,136,60.0,Day
1212,2024-02-04,4,1012,1098,47,105,129.5,Day
1213,2024-05-17,4,1019,246,8,145,35.0,Night
1214,2024-11-23,4,1036,1309,34,130,30.4,Night
1215,2024-12-21,4,1032,205,10,37,22.1,Day
1216,2025-04-24,3,1018,1238,8,1,110.8,Night
1217,2025-04-30,3,1005,473,4,132,41.2,Day
1218,2025-11-23,3,1002,1695,9,170,237.2,Night
1219,2025-04-05,3,1029,1683,17,130,45.2,Day
1220,2024-05-20,4,1016,356,6,100,35.4,Night
1221,2025-03-20,3,1039,1973,43,41,282.4,Night
1222,2025-06-22,1,1009,303,2,131,24.1,Night
1223,2024-02-17,2,1030,1339,15,178,144.5,Night
1224,2024-04-19,3,1031,1768,70,131,56.8,Day
1225,2024-09-21,3,1030,169,4,11,4.7,Night
1226,2025-07-14,2,1020,420,22,143,50.4,Day
1227,2025-07-18,2,1004,1902,50,15,44.9,Night
1228,2024-02-13,1,1036,1270,47,53,129.5,Day
1229,2025-01-17,2,1024,748,13,50,103.5,Day
1230,2024-06-13,1,1023,1517,39,0,220.8,Night
1231,2025-08-03,2,1010,1818,82,60,256.0,Day
1232,2024-10-13,2,1002,789,34,45,102.8,Night
1233,2024-11-21,3,1036,1421,63,131,198.4,Night
1234,2024-04-13,3,1014,1230,29,177,112.3,Night
1235,2025-01-01,2,1031,1968,60,86,272.2,Night
1236,2024-03-17,4,1039,1236,24,71,112.8,Night
1237,2025-08-24,4,1013,1367,23,3,63.0,Night
1238,2024-09-24,1,1030,124,1,66,2.6,Day
1239,2024-12-01,4,1036,1592,56,63,50.7,Night
1240,2025-08-25,4,1026,1712,6,100,40.0,Night
1241,2024-08-25,3,1016,1105,37,169,56.6,Day
1242,2025-12-19,4,1036,1252,38,175,104.4,Night
1243,2024-10-31,3,1001,1175,14,132,150.2,Day
1244,2025-09-28,3,1004,1051,29,23,44.9,Day
1245,2025-12-22,1,1024,460,4,174,16.1,Night
1246,2024-04-22,1,1032,1451,42,54,209.3,Night
1247,2024-05-03,4,1027,1399,8,164,84.4,Night
1248,2025-06-10,2,1010,1660,34,160,64.0,Day
1249,2024-05-07,3,1029,206,5,100,11.1,Day
1250,2024-04-22,2,1013,458,2,166,15.3,Night
1251,2025-01-18,1,1011,802,13,142,67.7,Day
1252,2024-09-15,1,1027,1597,12,138,209.6,Night
1253,2025-06-16,2,1014,1375,20,49,138.0,Day
1254,2024-08-05,4,1018,1232,29,114,65.5,Day
1255,2025-03-31,4,1028,851,8,72,63.0,Night
1256,2024-05-31,1,1017,495,25,15,57.6,Day
1257,2024-08-22,3,1013,806,8,0,94.2,Night
1258,2025-11-24,2,1017,1751,64,158,46.0,Day
1259,2024-04-14,2,1001,915,5,48,136.1,Day
1260,2025-12-07,1,1008,1619,16,10,83.2,Day
1261,2025-10-22,4,1036,658,14,161,39.4,Night
1262,2025-10-08,3,1035,1104,17,11,133.1,Night
1263,2025-03-25,2,1018,618,12,53,41.6,Day
1264,2024-08-16,2,1021,1243,36,27,175.1,Night
1265,2024-09-03,3,1012,1299,24,166,35.3,Day
1266,2024-03-20,3,1031,1191,22,62,91.9,Night
1267,2024-04-17,4,1020,1253,12,15,139.0,Day
1268,2024-06-19,4,1025,299,11,44,6.9,Night
1269,2025-06-17,2,1013,1094,17,84,89.9,Day
1270,2024-08-22,3,1034,1810,36,170,134.2,Day
1271,2024-07-02,2,1024,846,39,159,17.1,Night
1272,2024-11-15,1,1022,773,12,122,19.0,Day
1273,2024-04-27,4,1036,1916,29,64,67.1,Day
1274,2025-07-01,1,1032,1704,49,87,74.1,Night
1275,2024-07-13,2,1038,744,8,81,96.4,Night
1276,2024-06-24,4,1015,286,5,7,14.5,Night
1277,2025-08-18,1,1029,1643,17,19,133.8,Night
1278,2024-08-02,2,1014,495,9,25,13.6,Day
1279,2025-12-26,1,1014,1142,37,28,85.9,Night
1280,2025-01-18,4,1016,778,11,8,58.0,Day
1281,2025-05-05,2,1029,209,7,116,27.3,Day
1282,2025-10-09,2,1003,617,4,85,22.0,Night
1283,2024-09-21,1,1024,1505,46,76,208.1,Night
1284,2024-03-30,1,1032,998,20,7,148.2,Day
1285,2024-12-07,3,1035,1753,79,19,255.6,Night
1286,2024-06-13,2,1008,1704,35,131,254.0,Day
1287,2024-08-31,1,1001,1789,26,12,178.8,Night
1288,2025-12-16,1,1020,1237,10,69,68.8,Day
1289,2024-12-30,3,1014,633,4,37,64.8,Day
1290,2024-01-16,3,1024,1482,33,11,60.3,Day
1291,2025-10-25,1,1034,1107,36,61,86.1,Night
1292,2024-04-17,4,1034,1933,12,175,215.5,Night
1293,2024-11-03,3,1029,1715,6,173,96.9,Night
1294,2025-12-17,3,1019,898,23,81,111.3,Day
1295,2024-02-28,1,1004,407,13,26,21.7,Night
1296,2025-11-21,3,1036,1558,18,62,102.3,Day
1297,2025-11-04,3,1014,1123,15,179,57.2,Day
1298,2024-04-09,4,1040,1382,13,31,115.2,Night
1299,2024-02-02,4,1016,984,34,163,100.0,Day
1300,2025-06-24,4,1013,931,41,42,76.0,Night
1301,2025-11-28,2,1005,1179,26,178,93.5,Night
1302,2025-01-02,2,1012,171,4,99,11.3,Day
1303,2025-11-11,4,1029,1750,51,130,177.4,Night
1304,2025-08-26,3,1012,1801,27,41,268.9,Day
1305,2024-05-04,4,1010,1115,44,112,123.9,Night
1306,2024-06-14,1,1004,1449,55,11,87.3,Night
1307,2024-11-11,2,1032,695,18,169,25.8,Night
1308,2025-01-19,3,1027,971,6,26,141.0,Night
1309,2024-06-01,3,1012,743,6,140,92.9,Day
1310,2024-04-27,2,1008,1322,6,73,51.7,Day
1311,2025-12-22,3,1012,1744,18,19,240.5,Night
1312,2024-12-01,1,1021,361,11,44,36.0,Night
1313,2024-03-02,4,1035,1453,56,112,114.5,Night
1314,2025-04-04,3,1006,808,8,54,60.1,Night
1315,2025-08-27,1,1027,1297,20,35,129.2,Night
1316,2024-11-12,3,1001,987,10,22,118.1,Day
1317,2025-05-22,3,1011,1645,32,146,205.5,Day
1318,2024-06-27,4,1021,540,11,47,67.0,Day
1319,2024-09-03,4,1019,1099,42,155,138.9,Night
1320,2025-07-17,4,1033,1197,21,108,43.9,Day
1321,2024-05-13,3,1003,559,12,126,69.3,Day
1322,2025-01-28,4,1003,1477,28,171,130.3,Day
1323,2024-08-18,3,1025,294,3,52,13.1,Night
1324,2025-03-12,2,1016,1024,7,96,105.1,Night
1325,2024-03-07,1,1008,324,13,50,25.9,Night
1326,2025-12-26,1,1037,361,1,108,21.3,Night
1327,2025-02-14,1,1017,1198,24,97,109.5,Day
1328,2024-08-19,3,1030,1878,68,177,118.5,Day
1329,2025-03-01,3,1014,551,10,128,66.4,Day
1330,2024-04-04,3,1024,311,6,150,7.2,Day
1331,2024-11-15,3,1006,1366,38,54,144.8,Night
1332,2025-07-19,2,1005,1205,35,136,147.0,Night
1333,2024-10-02,4,1006,623,5,6,18.7,Day
1334,2024-02-22,4,1026,1612,48,121,88.3,Night
1335,2024-04-30,2,1031,1486,16,158,87.4,Night
1336,2025-02-19,2,1029,1076,25,116,129.8,Night
1337,2025-11-21,4,1028,1996,34,169,230.5,Day
1338,2024-03-16,1,1037,251,8,152,26.5,Night
1339,2024-01-04,3,1031,1458,9,53,135.8,Night
1340,2025-04-23,2,1010,741,10,60,96.1,Day
1341,2024-08-09,4,1032,452,7,100,31.6,Day
1342,2025-05-07,2,1006,1338,18,94,51.2,Night
1343,2025-04-15,3,1003,1639,30,49,69.4,Night
1344,2025-03-12,4,1015,1448,25,41,43.0,Night
1345,2024-07-22,2,1013,873,34,135,95.9,Day
1346,2025-09-02,3,1031,828,32,151,50.7,Night
1347,2024-04-26,2,1016,1872,34,5,101.9,Day
1348,2025-09-18,3,1020,1377,38,150,65.1,Day
1349,2024-03-17,2,1011,298,1,113,13.1,Night
1350,2024-02-05,1,1027,1280,11,110,42.0,Night
1351,2024-02-04,4,1001,1120,14,50,35.2,Night
1352,2024-02-04,4,1035,405,9,67,49.6,Night
1353,2025-01-12,1,1023,1652,45,41,195.9,Night
1354,2024-08-25,3,1026,1812,65,63,94.1,Night
1355,2025-02-24,4,1002,662,8,99,42.5,Day
1356,2025-08-13,2,1037,1780,20,78,257.5,Day
1357,2025-02-27,1,1032,832,19,105,108.3,Day
1358,2025-09-12,3,1023,1514,51,156,102.5,Night
1359,2024-04-25,1,1029,1655,11,132,149.1,Night
1360,2025-08-05,4,1002,993,13,68,34.1,Day
1361,2025-11-19,1,1011,1328,9,79,150.4,Day
1362,2025-11-08,3,1031,1621,21,109,57.7,Day
1363,2025-04-04,3,1005,1966,70,1,100.0,Day
1364,2024-05-06,1,1002,1340,54,2,191.4,Night
1365,2025-02-16,2,1034,1749,19,64,179.6,Day
1366,2025-06-24,1,1031,398,9,19,36.5,Night
1367,2024-03-14,2,1016,1294,22,123,105.5,Day
1368,2024-12-16,2,1031,418,7,31,41.7,Day
1369,2024-08-22,2,1013,914,16,110,114.4,Day
1370,2024-08-26,2,1004,1057,10,73,130.5,Night
1371,2025-10-21,2,1019,1944,42,58,80.2,Day
1372,2024-03-28,2,1004,1625,79,77,53.7,Night
1373,2025-07-08,1,1021,674,11,32,96.8,Day
1374,2025-06-07,3,1019,166,1,170,8.7,Night
1375,2025-07-31,4,1008,1183,26,44,69.4,Night
1376,2025-08-11,3,1029,1558,18,2,120.1,Night
1377,2024-05-28,1,1039,447,2,148,65.4,Night
1378,2025-01-15,4,1026,362,7,63,48.8,Day
1379,2024-04-21,2,1029,1316,57,64,112.6,Night
1380,2024-11-27,3,1027,257,5,148,27.5,Day
1381,2025-11-29,2,1035,1236,24,69,185.3,Day
1382,2024-05-08,3,1035,727,4,124,15.8,Day
1383,2025-08-15,2,1029,1132,27,126,35.5,Day
1384,2024-12-04,3,1027,1272,31,68,43.0,Night
1385,2024-07-13,2,1029,1030,7,133,119.0,Night
1386,2025-10-11,2,1022,1121,12,174,75.5,Day
1387,2025-02-09,1,1011,786,12,14,48.0,Day
1388,2024-01-21,2,1020,403,13,14,39.7,Night
1389,2024-02-21,3,1020,275,3,29,18.7,Day
1390,2024-12-16,4,1025,1197,25,18,78.8,Night
1391,2025-06-09,2,1014,124,0,179,13.0,Night
1392,2025-04-28,2,1029,1228,44,150,150.3,Night
1393,2024-04-19,2,1013,812,13,152,58.3,Day
1394,2024-07-22,1,1032,1316,27,0,127.4,Day
1395,2024-11-19,1,1001,467,11,126,23.6,Night
1396,2025-02-08,1,1018,955,4,73,43.3,Night
1397,2025-11-01,3,1034,1476,29,0,161.2,Night
1398,2024-04-25,2,1007,1953,53,79,275.5,Day
1399,2025-09-29,3,1039,1453,39,16,173.3,Night
1400,2025-12-09,3,1013,151,4,138,20.2,Day
1401,2024-11-24,2,1027,454,24,178,11.4,Day
1402,2025-02-20,4,1035,808,5,20,44.4,Night
1403,2024-12-12,3,1014,1706,25,18,208.4,Night
1404,2025-11-14,3,1026,1140,39,170,102.2,Night
1405,2025-08-15,4,1032,1353,20,169,59.7,Night
1406,2024-02-26,2,1010,967,6,137,40.0,Day
1407,2024-07-19,3,1001,976,7,33,134.5,Day
1408,2025-01-29,2,1004,831,8,80,37.0,Day
1409,2025-02-10,3,1036,1252,26,21,82.1,Day
1410,2025-12-17,4,1005,809,37,131,63.5,Day
1411,2024-07-29,1,1010,888,5,87,76.8,Night
1412,2025-10-09,4,1038,1686,11,76,84.9,Day
1413,2025-10-20,1,1009,148,1,19,7.0,Day
1414,2025-09-04,2,1009,544,13,157,21.9,Night
1415,2024-01-26,4,1011,1517,37,159,117.8,Night
1416,2025-11-28,2,1025,1987,81,48,156.4,Night
1417,2025-07-12,4,1012,1698,9,2,107.3,Day
1418,2025-02-24,4,1034,1000,18,33,76.2,Day
1419,2025-09-05,4,1024,1170,8,106,158.5,Day
1420,2024-07-22,3,1012,380,4,3,27.2,Day
1421,2024-08-14,3,1004,1203,13,83,80.2,Night
1422,2024-03-01,4,1007,1571,34,155,103.7,Day
1423,2024-07-27,3,1019,851,9,141,33.0,Night
1424,2024-01-14,2,1040,111,2,37,12.0,Day
1425,2025-12-05,1,1026,662,3,4,62.1,Day
1426,2025-05-25,4,1018,1715,20,67,211.4,Night
1427,2025-12-11,2,1012,331,3,124,22.2,Day
1428,2024-08-31,4,1017,1600,82,44,88.8,Day
1429,2025-07-22,1,1010,1642,58,23,117.9,Night
1430,2025-01-25,1,1026,623,20,31,69.1,Night
1431,2024-08-11,4,1034,980,17,73,137.4,Day
1432,2024-01-08,1,1031,786,11,35,93.7,Day
1433,2024-08-01,4,1028,1138,31,28,48.1,Day
1434,2025-09-15,4,1017,1718,22,45,156.5,Day
1435,2025-06-25,1,1011,1450,27,93,136.5,Day
1436,2025-11-10,2,1017,376,11,18,51.3,Night
1437,2025-02-23,4,1009,1962,101,129,245.7,Night
1438,2024-01-09,3,1027,1678,19,96,201.1,Day
1439,2025-11-16,2,1030,146,6,159,3.9,Day
1440,2025-06-27,2,1024,245,5,126,19.0,Night
1441,2024-10-24,2,1040,1559,54,109,201.1,Day
1442,2025-04-13,2,1014,1577,41,82,69.4,Day
1443,2024-01-07,3,1006,241,3,37,35.7,Day
1444,2024-10-01,4,1026,339,4,24,7.1,Day
1445,2024-03-01,4,1012,821,45,109,83.6,Day
1446,2024-07-27,2,1015,191,5,117,11.3,Day
1447,2025-07-18,4,1020,255,3,94,15.5,Day
1448,2024-09-28,3,1011,659,8,73,65.2,Night
1449,2025-09-23,1,1021,320,4,62,10.3,Night
1450,2025-12-09,3,1017,197,2,28,12.8,Night
1451,2025-12-06,1,1036,905,20,176,67.8,Day
1452,2024-09-15,1,1012,897,7,171,106.6,Day
1453,2025-12-03,2,1018,354,4,16,21.7,Night
1454,2024-02-22,4,1007,844,10,8,67.3,Night
1455,2025-05-02,4,1024,1190,21,127,56.5,Day
1456,2025-08-01,4,1025,968,47,16,84.0,Day
1457,2025-02-05,3,1001,738,25,119,42.8,Night
1458,2025-11-27,3,1018,789,7,151,39.8,Night
1459,2024-09-08,2,1010,598,9,131,56.1,Day
1460,2025-05-20,3,1007,1637,28,116,240.4,Day
1461,2025-06-19,1,1026,926,14,62,87.9,Night
1462,2024-01-23,3,1012,830,6,170,52.0,Day
1463,2025-08-23,4,1001,417,4,153,51.2,Night
1464,2024-04-01,1,1017,1397,31,16,29.9,Night
1465,2024-01-06,2,1013,1072,12,53,115.8,Day
1466,2025-10-10,2,1023,1983,36,20,283.0,Night
1467,2025-06-04,1,1036,877,10,114,129.6,Day
1468,2025-07-12,4,1003,1541,16,157,47.1,Night
1469,2024-11-11,2,1040,909,45,142,48.0,Day
1470,2025-12-29,1,1030,1348,29,101,121.4,Day
1471,2024-12-18,1,1032,1992,65,107,247.6,Night
1472,2025-09-11,4,1008,1153,23,163,110.6,Day
1473,2024-04-23,4,1022,1958,68,101,181.7,Day
1474,2024-04-09,1,1033,1740,14,23,260.4,Night
1475,2024-09-23,3,1021,1214,42,88,130.6,Day
1476,2024-12-11,4,1015,940,17,105,26.6,Day
1477,2025-11-05,3,1021,250,7,15,29.8,Night
1478,2025-03-25,3,1016,167,8,132,24.3,Night
1479,2024-12-12,4,1021,1522,60,37,30.7,Day
1480,2025-12-06,4,1040,1575,9,97,63.0,Day
1481,2024-06-06,4,1030,686,24,92,55.7,Day
1482,2025-08-11,4,1030,1092,7,147,53.8,Day
1483,2025-08-03,2,1003,603,1,130,13.7,Day
1484,2024-09-15,2,1009,714,12,163,23.2,Night
1485,2024-07-14,4,1022,1718,26,78,191.4,Night
1486,2024-10-01,4,1028,1101,30,45,23.7,Night
1487,2025-12-15,4,1004,1508,9,30,200.6,Night
1488,2025-04-15,3,1003,1281,34,35,98.7,Night
1489,2025-03-28,4,1013,1343,9,33,121.3,Night
1490,2024-05-15,4,1037,1655,12,109,148.2,Night
1491,2025-02-27,2,1033,1235,53,118,126.1,Night
1492,2025-05-11,1,1014,861,10,140,40.6,Day
1493,2025-11-24,3,1020,413,6,132,27.4,Night
1494,2024-08-28,4,1033,811,24,16,76.3,Night
1495,2025-03-12,4,1033,508,20,61,49.4,Day
1496,2025-03-28,4,1010,1079,18,14,51.5,Night
1497,2025-07-21,1,1004,1798,48,25,219.2,Night
1498,2025-11-30,4,1038,176,7,32,6.7,Day
1499,2024-09-22,3,1039,339,12,84,26.8,Night
1500,2024-10-02,4,1001,884,13,120,33.2,Day
1501,2025-11-15,3,1019,1352,7,110,168.3,Night
1502,2025-12-29,4,1031,1009,21,164,94.2,Day
1503,2024-09-26,1,1001,1929,11,114,44.6,Day
1504,2025-10-21,2,1021,1025,49,167,123.0,Night
1505,2024-11-18,2,1024,1368,54,103,173.5,Day
1506,2024-07-10,4,1029,1709,51,89,106.5,Night
1507,2025-10-08,4,1024,1186,7,68,162.0,Day
1508,2025-03-08,3,1002,1381,24,48,195.9,Day
1509,2024-08-05,1,1031,250,2,19,26.0,Night
1510,2024-12-30,4,1014,1404,22,57,194.2,Day
1511,2025-04-12,4,1025,1625,10,76,117.8,Night
1512,2024-05-25,1,1006,753,17,121,61.6,Day
1513,2024-05-22,1,1039,104,0,2,7.8,Day
1514,2025-04-10,1,1015,1793,11,163,254.4,Night
1515,2024-11-18,3,1006,605,16,120,86.2,Night
1516,2024-07-26,1,1023,1421,14,128,76.4,Day
1517,2024-12-29,1,1021,794,42,135,58.0,Night
1518,2024-07-03,3,1010,1514,42,86,33.8,Day
1519,2025-06-13,1,1011,1727,28,103,216.6,Night
1520,2025-02-04,2,1023,431,7,26,55.8,Day
1521,2024-12-16,4,1038,1725,32,95,206.3,Night
1522,2024-03-04,3,1040,349,9,17,20.2,Night
1523,2024-04-22,1,1035,492,11,45,19.7,Day
1524,2025-06-28,3,1036,786,4,62,20.0,Night
1525,2024-06-13,1,1034,115,3,121,9.6,Day
1526,2025-04-29,3,1025,1903,31,3,117.8,Day
1527,2025-01-12,4,1019,1282,35,52,55.8,Night
1528,2025-02-13,4,1024,1427,15,147,61.7,Night
1529,2025-08-27,2,1034,313,4,90,26.4,Day
1530,2024-09-20,3,1038,316,5,171,37.6,Night
1531,2024-02-05,2,1013,267,7,87,19.5,Day
1532,2024-01-22,1,1017,1321,11,144,179.5,Night
1533,2025-03-23,3,1033,1023,20,132,42.4,Night
1534,2024-08-29,3,1009,1302,60,105,50.6,Day
1535,2025-07-11,2,1024,1019,14,171,107.9,Night
1536,2025-06-27,2,1029,1469,14,158,113.4,Day
1537,2025-07-31,1,1028,221,10,176,7.7,Night
1538,2025-03-19,1,1017,1976,29,76,220.1,Night
1539,2024-09-28,2,1026,172,3,39,16.5,Night
1540,2025-01-18,4,1030,1525,42,81,107.9,Night
1541,2024-02-07,3,1001,1977,27,10,77.0,Night
1542,2025-02-10,4,1040,821,6,102,118.2,Night
1543,2024-11-08,4,1006,497,9,130,22.8,Day
1544,2025-12-29,1,1023,197,1,53,24.2,Night
1545,2024-04-07,4,1008,1119,38,98,61.4,Day
1546,2024-04-13,4,1026,1575,84,155,98.4,Day
1547,2024-10-14,4,1035,1911,63,88,155.3,Night
1548,2025-09-14,3,1021,1610,12,125,141.8,Day
1549,2025-06-17,4,1022,936,6,45,31.0,Day
1550,2024-05-07,3,1016,667,29,34,58.5,Day
1551,2024-05-03,2,1015,136,0,110,12.7,Night
1552,2025-08-19,2,1029,1399,23,135,204.4,Night
1553,2025-03-09,2,1002,1388,52,124,122.2,Night
1554,2024-03-17,4,1009,630,5,12,75.7,Day
1555,2024-11-10,3,1006,1116,13,3,139.4,Day
1556,2025-12-10,3,1040,1521,14,121,33.8,Day
1557,2024-07-11,4,1020,153,1,67,15.3,Night
1558,2024-04-01,1,1007,685,20,23,53.4,Night
1559,2025-04-13,1,1008,741,4,103,58.0,Night
1560,2024-04-07,3,1004,1484,11,164,91.0,Night
1561,2024-08-07,2,1026,253,7,34,13.0,Night
1562,2025-01-18,4,1017,1760,11,100,248.6,Day
1563,2025-02-16,2,1018,1825,44,36,42.5,Night
1564,2025-02-21,2,1026,1542,16,52,187.6,Day
1565,2025-10-26,4,1001,1020,10,62,89.1,Night
1566,2025-11-04,3,1014,857,9,30,45.3,Night
1567,2025-05-26,2,1013,1416,9,158,28.6,Day
1568,2024-07-24,1,1003,1669,50,40,152.4,Night
1569,2024-10-05,1,1024,1327,23,10,122.1,Night
1570,2024-03-10,2,1003,475,4,39,40.5,Night
1571,2024-10-27,1,1009,1343,18,11,74.8,Day
1572,2024-04-26,4,1040,1962,74,104,200.4,Day
1573,2024-07-29,3,1008,555,3,81,13.8,Day
1574,2024-09-24,1,1028,1286,28,122,60.6,Day
1575,2025-10-12,4,1027,734,36,13,90.6,Day
1576,2024-10-24,1,1007,354,4,41,8.4,Day
1577,2024-03-11,2,1021,1264,56,148,78.2,Day
1578,2024-02-11,2,1021,603,17,122,22.2,Night
1579,2025-05-25,2,1013,1243,49,65,110.4,Night
1580,2024-04-10,2,1028,1840,47,47,134.7,Day
1581,2025-03-12,1,1030,738,5,54,69.5,Night
1582,2024-08-01,4,1028,1840,38,68,227.9,Day
1583,2024-05-23,2,1028,1306,12,136,186.9,Day
1584,2024-08-05,1,1027,1944,34,134,78.2,Night
1585,2024-03-01,1,1037,510,7,12,35.9,Night
1586,2024-12-28,4,1033,158,3,161,19.5,Night
1587,2024-05-30,1,1035,489,9,112,18.2,Day
1588,2024-12-07,4,1036,531,6,4,34.7,Night
1589,2025-06-04,3,1003,109,3,99,15.0,Night
1590,2024-10-13,2,1031,1239,12,11,170.3,Day
1591,2025-10-17,2,1039,554,5,8,33.8,Night
1592,2025-09-13,4,1032,230,8,164,8.6,Night
1593,2025-04-01,2,1040,1884,81,35,193.5,Day
1594,2024-11-03,1,1040,972,8,84,57.7,Day
1595,2025-09-19,3,1015,136,3,55,14.4,Night
1596,2025-07-31,1,1031,1783,30,84,119.6,Day
1597,2024-04-19,1,1034,1718,28,81,141.0,Night
1598,2024-02-26,1,1010,368,3,172,55.0,Day
1599,2025-02-21,1,1001,190,2,150,16.4,Day
1600,2025-03-05,2,1033,1241,14,47,124.3,Day
1601,2024-04-11,3,1039,1372,38,94,110.0,Day
1602,2025-12-15,4,1005,950,16,89,43.5,Day
1603,2025-08-13,1,1024,419,9,70,29.7,Night
1604,2025-05-10,1,1031,865,4,156,26.6,Night
1605,2025-12-10,3,1032,633,11,30,14.5,Night
1606,2025-11-25,1,1037,901,8,78,99.7,Day
1607,2025-05-04,4,1027,1398,35,157,79.4,Night
1608,2024-10-08,4,1029,1794,75,99,86.3,Night
1609,2025-10-03,3,1029,1278,59,74,94.7,Day
1610,2025-05-17,4,1014,1247,13,6,100.3,Day
1611,2025-05-10,3,1036,557,24,23,18.3,Day
1612,2024-10-21,2,1020,903,37,12,119.2,Night
1613,2024-02-01,1,1002,378,9,66,10.2,Night
1614,2024-05-10,1,1014,915,34,85,81.5,Night
1615,2025-05-18,3,1037,1390,49,63,183.8,Day
1616,2024-09-21,1,1005,974,26,97,74.8,Night
1617,2025-08-11,3,1015,712,39,106,91.9,Night
1618,2025-12-17,4,1011,1291,27,78,100.0,Night
1619,2024-12-29,1,1018,1898,10,111,178.9,Day
1620,2025-12-23,3,1034,1349,35,18,66.1,Night
1621,2025-06-10,4,1028,1783,48,8,258.8,Night
1622,2025-11-14,3,1007,919,18,1,125.3,Day
1623,2025-09-08,4,1032,1138,13,148,128.3,Night
1624,2025-08-31,4,1020,568,5,148,83.9,Day
1625,2025-09-08,2,1030,1113,12,116,103.4,Night
1626,2025-01-28,2,1027,969,15,100,47.4,Night
1627,2025-09-14,1,1036,240,7,151,34.9,Day
1628,2025-08-26,1,1010,1377,54,106,28.1,Day
1629,2025-01-14,4,1022,1300,11,45,151.0,Night
1630,2024-07-20,4,1016,953,10,42,139.7,Night
1631,2025-02-26,4,1030,994,14,38,111.5,Day
1632,2025-01-02,2,1015,1046,18,159,128.4,Night
1633,2025-11-22,4,1026,1848,46,50,259.0,Night
1634,2024-07-24,3,1008,1569,57,82,84.6,Night
1635,2024-01-24,2,1020,1327,66,84,36.6,Night
1636,2025-07-20,2,1036,1315,14,156,189.4,Day
1637,2024-11-11,4,1033,947,11,8,46.3,Day
1638,2025-09-12,4,1012,1655,31,179,212.3,Night
1639,2025-02-04,3,1019,1170,12,147,86.6,Night
1640,2024-02-22,3,1017,435,14,11,26.0,Day
1641,2024-10-11,2,1037,1841,12,73,242.6,Day
1642,2025-07-10,3,1038,1959,20,19,73.7,Night
1643,2025-03-30,3,1024,1533,65,1,186.9,Day
1644,2024-08-08,1,1033,1276,11,134,130.9,Night
1645,2024-07-22,4,1022,1347,71,170,185.2,Night
1646,2025-01-17,4,1016,1769,63,135,97.2,Night
1647,2024-12-28,2,1003,1856,45,163,58.9,Day
1648,2025-09-27,3,1013,350,3,32,30.7,Day
1649,2024-07-19,2,1038,1373,48,19,130.4,Night
1650,2024-04-27,1,1005,1111,17,137,36.9,Night
1651,2024-11-26,3,1022,636,5,6,55.7,Night
1652,2024-06-09,4,1003,1051,8,13,46.3,Night
1653,2025-03-10,2,1020,1797,16,3,113.7,Day
1654,2024-01-16,4,1028,218,4,87,17.3,Night
1655,2024-06-27,3,1004,506,10,35,47.3,Day
1656,2024-07-26,4,1029,511,21,6,13.9,Night
1657,2024-02-18,4,1006,565,8,159,46.9,Day
1658,2025-01-31,2,1035,865,36,157,48.6,Day
1659,2024-07-27,3,1036,1595,78,73,106.5,Night
1660,2024-11-22,1,1040,353,11,129,13.9,Night
1661,2025-01-28,4,1026,1289,36,119,96.4,Night
1662,2025-09-21,3,1032,1290,32,127,144.3,Night
1663,2024-06-07,3,1012,1014,35,130,61.1,Day
1664,2025-09-26,4,1030,1233,17,9,56.0,Night
1665,2025-03-17,3,1035,1683,41,60,53.4,Night
1666,2024-03-25,2,1031,1584,21,44,51.8,Night
1667,2025-03-12,1,1006,1656,13,50,203.9,Night
1668,2024-05-13,4,1017,501,8,128,65.8,Day
1669,2025-01-05,2,1030,1375,43,103,44.6,Day
1670,2025-12-28,1,1009,210,9,18,22.4,Day
1671,2025-02-17,2,1017,1231,6,34,76.8,Night
1672,2024-09-02,1,1007,1452,33,124,209.0,Day
1673,2024-12-28,4,1014,1083,8,153,44.6,Day
1674,2025-12-08,4,1023,1036,19,66,103.7,Night
1675,2025-01-21,3,1031,1881,69,70,110.8,Night
1676,2025-04-23,3,1006,274,5,116,8.0,Night
1677,2024-04-27,1,1022,1064,39,18,74.8,Day
1678,2024-12-08,2,1034,1357,8,167,60.8,Day
1679,2025-08-04,4,1018,503,6,45,67.8,Day
1680,2025-06-09,4,1009,1206,26,152,117.8,Day
1681,2025-04-19,2,1024,1940,16,45,94.2,Day
1682,2025-03-30,1,1006,196,1,18,8.1,Day
1683,2024-08-10,1,1039,1296,12,142,152.4,Day
1684,2025-03-17,3,1011,433,7,78,19.8,Night
1685,2024-12-31,4,1020,1660,28,15,168.5,Day
1686,2024-07-16,2,1022,1652,30,57,75.2,Day
1687,2024-12-17,4,1030,583,26,93,67.4,Day
1688,2025-08-06,4,1020,263,7,135,15.2,Night
1689,2024-11-29,4,1026,442,23,139,31.6,Night
1690,2024-01-06,2,1040,1504,35,11,157.0,Day
1691,2025-07-24,1,1024,371,10,146,12.3,Day
1692,2024-06-15,2,1022,1329,37,75,26.7,Night
1693,2024-12-20,4,1029,533,5,56,22.9,Night
1694,2024-12-20,2,1026,1908,83,108,250.5,Night
1695,2024-03-30,1,1027,1937,53,33,213.9,Night
1696,2024-02-02,1,1030,1559,71,173,35.6,Night
1697,2025-03-11,1,1011,1793,59,98,195.9,Day
1698,2025-07-03,1,1026,1635,59,15,174.0,Day
1699,2024-05-03,2,1039,1573,11,72,141.9,Night
1700,2024-07-02,1,1028,1121,10,159,41.2,Night
1701,2024-04-01,3,1022,1890,10,18,217.6,Night
1702,2024-11-26,2,1036,1778,77,58,48.7,Night
1703,2025-03-30,1,1015,1030,11,158,139.6,Day
1704,2025-07-21,1,1032,1512,18,43,220.1,Day
1705,2024-09-18,3,1038,1285,24,160,179.0,Day
1706,2025-03-16,3,1039,1408,9,12,54.4,Night
1707,2024-02-10,4,1030,1432,41,15,158.9,Night
1708,2024-04-18,4,1019,1175,16,142,45.2,Night
1709,2024-03-03,1,1012,456,3,58,45.9,Day
1710,2025-06-20,3,1007,1941,18,50,116.0,Day
1711,2024-09-13,4,1028,664,9,130,78.9,Day
1712,2025-03-22,1,1009,1234,54,20,104.1,Day
1713,2024-04-16,3,1012,1912,85,106,132.5,Day
1714,2024-11-07,1,1030,1018,27,109,97.1,Day
1715,2025-11-17,1,1031,541,4,83,62.0,Night
1716,2024-05-14,2,1002,1794,55,129,126.1,Night
1717,2024-08-24,4,1039,255,2,119,7.4,Day
1718,2024-03-31,1,1024,921,12,137,63.6,Day
1719,2025-02-07,4,1007,1228,18,69,127.2,Night
1720,2025-03-02,2,1020,1658,17,55,229.7,Day
1721,2024-11-25,2,1006,1375,35,26,202.6,Day
1722,2025-05-05,3,1033,1105,9,171,73.3,Night
1723,2024-09-12,4,1015,1190,57,52,135.9,Day
1724,2025-09-18,4,1021,1001,9,19,109.2,Night
1725,2025-07-28,3,1016,1757,28,102,68.4,Night
1726,2024-07-16,3,1001,470,5,129,17.5,Day
1727,2024-10-11,2,1020,373,10,147,17.0,Night
1728,2025-05-28,3,1034,1139,35,86,144.0,Day
1729,2025-04-27,4,1036,834,37,113,117.2,Night
1730,2025-04-22,3,1008,711,19,44,43.7,Night
1731,2025-03-22,1,1003,1623,24,130,62.8,Day
1732,2024-01-14,3,1018,1940,13,3,266.8,Night
1733,2024-09-18,4,1011,1257,9,68,52.7,Day
1734,2024-07-29,1,1010,1781,33,77,78.6,Night
1735,2024-12-30,1,1008,1543,54,150,32.8,Day
1736,2024-04-14,2,1038,227,2,49,19.4,Day
1737,2024-04-05,3,1004,1046,43,107,45.9,Day
1738,2024-10-22,2,1011,1103,32,159,92.9,Night
1739,2025-10-02,1,1013,1212,9,163,130.6,Night
1740,2025-02-15,1,1013,1518,63,108,200.3,Day
1741,2024-02-27,1,1001,1678,18,100,133.5,Day
1742,2024-03-21,1,1018,1825,97,54,164.1,Day
1743,2025-01-02,4,1017,171,0,14,5.8,Day
1744,2025-12-20,2,1030,186,1,141,18.7,Night
1745,2025-01-02,4,1007,148,2,105,19.6,Day
1746,2025-07-26,3,1037,971,24,30,43.1,Day
1747,2025-09-20,1,1035,1681,92,156,142.1,Day
1748,2024-03-09,1,1032,1368,19,144,157.3,Night
1749,2024-01-08,4,1025,234,7,139,21.6,Night
1750,2024-09-30,1,1013,1750,11,97,107.7,Night
1751,2024-02-26,4,1008,791,27,43,111.1,Day
1752,2024-07-07,3,1020,559,9,178,66.8,Day
1753,2025-11-11,4,1003,121,1,28,16.0,Day
1754,2025-11-26,3,1028,1306,20,123,74.9,Day
1755,2025-07-01,4,1018,443,8,44,15.2,Night
1756,2024-01-12,3,1028,1218,23,107,64.8,Day
1757,2025-09-29,4,1009,232,10,12,14.8,Night
1758,2024-11-24,4,1008,838,7,173,43.4,Day
1759,2024-05-06,2,1036,369,13,122,28.3,Day
1760,2024-11-22,1,1032,720,5,136,55.5,Day
1761,2024-05-05,3,1004,1438,27,161,125.3,Day
1762,2024-05-04,3,1026,1971,15,145,261.7,Day
1763,2024-02-20,3,1027,152,0,99,20.5,Night
1764,2024-05-16,1,1036,849,7,121,109.5,Night
1765,2025-07-29,4,1039,287,1,48,28.7,Day
1766,2025-04-15,4,1024,1924,102,149,223.7,Night
1767,2025-01-03,1,1034,1309,24,5,106.3,Night
1768,2025-07-14,2,1040,1048,39,94,89.1,Day
1769,2025-03-20,1,1037,529,2,158,55.8,Night
1770,2024-03-17,4,1034,258,3,94,24.5,Night
1771,2025-05-09,4,1004,892,11,82,126.2,Day
1772,2025-09-04,3,1035,126,4,132,2.7,Night
1773,2025-05-09,1,1013,345,5,63,22.1,Day
1774,2024-09-03,4,1025,1361,56,124,40.3,Night
1775,2024-03-21,4,1030,1958,26,124,98.0,Night
1776,2025-03-05,3,1039,212,3,48,30.6,Night
1777,2025-01-24,4,1013,689,16,128,34.7,Night
1778,2025-05-01,1,1014,1730,53,0,211.9,Day
1779,2025-11-28,3,1022,1133,28,113,91.4,Day
1780,2025-06-08,2,1016,175,5,91,7.9,Night
1781,2025-12-28,2,1020,709,24,38,41.5,Night
1782,2025-01-14,4,1025,892,4,45,102.5,Night
1783,2024-02-12,4,1004,798,28,64,76.6,Day
1784,2025-11-30,2,1030,1752,75,79,191.8,Day
1785,2025-03-08,1,1034,1680,49,145,147.5,Day
1786,2024-12-23,4,1004,1214,24,63,73.8,Day
1787,2025-06-16,3,1038,843,11,165,74.1,Day
1788,2024-03-15,3,1004,700,32,88,56.7,Night
1789,2025-08-31,3,1017,916,16,40,123.0,Night
1790,2025-10-08,1,1008,138,1,12,6.6,Night
1791,2025-12-11,4,1029,126,3,150,5.7,Night
1792,2024-05-26,1,1005,799,10,68,58.2,Day
1793,2025-06-07,4,1014,1051,14,90,134.4,Day
1794,2025-01-11,4,1035,123,4,19,13.9,Night
1795,2024-04-29,4,1024,515,13,86,47.9,Night
1796,2024-06-14,2,1016,1700,10,49,151.1,Night
1797,2025-06-07,4,1005,1238,14,158,150.8,Night
1798,2024-11-03,3,1020,1351,22,25,102.6,Night
1799,2024-04-24,3,1008,1002,13,4,75.6,Day
1800,2024-01-02,1,1004,612,11,59,26.0,Day
1801,2024-12-20,3,1036,1905,68,160,144.8,Night
1802,2025-11-12,1,1016,768,33,159,85.5,Day
1803,2024-11-15,3,1033,1956,83,175,188.6,Day
1804,2024-09-23,1,1036,136,5,162,9.8,Night
1805,2025-08-15,1,1028,1820,37,148,68.5,Day
1806,2025-11-14,1,1027,1523,57,96,54.1,Day
1807,2024-09-21,2,1004,857,16,7,71.0,Day
1808,2025-08-27,3,1033,1358,11,3,128.7,Night
1809,2025-04-30,3,1012,226,6,160,9.4,Night
1810,2024-02-12,2,1027,104,4,31,3.4,Day
1811,2024-11-21,3,1016,1591,35,152,204.6,Night
1812,2025-04-28,2,1018,225,2,39,13.0,Day
1813,2024-02-20,1,1039,1394,42,54,193.6,Day
1814,2024-04-24,2,1012,149,5,41,20.1,Night
1815,2025-06-15,2,1019,1902,47,76,135.8,Night
1816,2025-06-21,4,1023,1769,57,145,84.0,Day
1817,2024-05-27,3,1024,1955,31,85,46.1,Night
1818,2024-11-04,3,1025,1765,29,41,105.3,Day
1819,2025-08-24,2,1039,259,6,139,30.7,Day
1820,2025-08-06,1,1024,666,12,4,67.0,Night
1821,2024-10-20,3,1015,1012,8,52,57.0,Day
1822,2025-01-20,4,1013,594,16,78,70.5,Night
1823,2024-07-14,1,1013,228,3,157,26.5,Day
1824,2024-01-10,2,1017,1713,23,8,120.0,Day
1825,2025-10-20,2,1030,1701,48,161,108.8,Day
1826,2024-04-22,4,1037,1022,19,115,148.0,Day
1827,2024-02-10,3,1011,330,6,26,18.2,Night
1828,2025-06-26,3,1016,544,17,118,46.6,Day
1829,2024-01-30,2,1017,1966,66,49,46.7,Day
1830,2025-06-28,1,1006,1849,50,156,268.6,Day
1831,2024-04-19,3,1002,969,5,45,35.2,Day
1832,2025-01-05,3,1010,121,4,106,5.9,Day
1833,2024-10-21,2,1015,253,7,114,19.7,Day
1834,2024-06-26,2,1029,1721,19,93,194.6,Day
1835,2025-05-16,4,1002,1251,16,121,39.3,Night
1836,2024-04-30,4,1026,699,19,107,66.6,Night
1837,2025-02-19,3,1033,564,13,34,44.7,Day
1838,2024-07-22,4,1026,1823,26,17,218.7,Day
1839,2024-11-12,4,1001,709,19,128,106.2,Day
1840,2025-12-25,1,1010,610,20,92,20.2,Night
1841,2025-06-03,2,1016,1488,15,13,151.9,Day
1842,2025-08-14,2,1037,161,2,0,6.1,Day
1843,2024-12-29,1,1008,1847,40,16,63.3,Day
1844,2025-11-22,4,1017,414,4,21,29.4,Day
1845,2024-04-24,4,1005,862,38,174,123.2,Night
1846,2025-07-14,2,1028,575,6,165,53.8,Night
1847,2025-07-10,3,1012,1911,34,89,127.3,Night
1848,2024-07-12,4,1016,1659,10,73,67.8,Night
1849,2025-02-17,1,1036,415,7,161,35.3,Day
1850,2025-12-10,3,1036,1521,13,124,72.4,Day
1851,2024-01-18,4,1009,967,22,49,58.4,Day
1852,2025-11-22,3,1002,1355,54,173,94.4,Night
1853,2024-03-06,3,1014,1082,22,64,91.1,Day
1854,2024-03-14,3,1015,899,18,134,134.2,Day
1855,2025-04-18,4,1020,1988,16,65,150.8,Night
1856,2024-06-11,2,1005,352,7,54,36.0,Day
1857,2025-04-14,2,1033,1018,26,31,121.5,Night
1858,2024-05-20,1,1007,1705,34,12,139.7,Day
1859,2024-11-05,4,1038,958,34,6,95.3,Night
1860,2025-09-17,4,1028,1820,24,153,198.6,Night
1861,2024-01-26,3,1032,991,21,139,131.0,Day
1862,2024-10-02,3,1021,1284,19,173,72.1,Night
1863,2024-05-17,1,1010,1717,57,130,215.0,Night
1864,2024-09-16,3,1036,349,3,61,44.9,Night
1865,2025-09-05,4,1023,473,3,39,64.8,Day
1866,2025-06-25,3,1004,1105,9,31,123.8,Day
1867,2025-01-23,4,1034,1956,46,72,250.9,Night
1868,2024-11-17,4,1003,1444,24,88,29.2,Night
1869,2025-04-20,4,1036,918,8,83,91.3,Night
1870,2024-05-19,2,1034,1472,60,87,43.2,Day
1871,2024-02-17,3,1005,1342,14,57,195.8,Day
1872,2025-08-30,3,1037,610,5,148,33.3,Night
1873,2024-07-09,4,1017,1727,13,21,80.3,Night
1874,2024-02-29,2,1025,842,16,27,80.1,Day
1875,2024-04-29,4,1004,1321,17,139,187.4,Day
1876,2024-08-31,2,1034,848,7,146,109.5,Night
1877,2024-01-26,4,1036,1175,54,69,147.8,Day
1878,2025-12-05,1,1022,1852,89,9,60.0,Day
1879,2025-03-27,4,1008,1843,9,156,88.8,Night
1880,2025-11-03,1,1034,410,6,177,49.2,Day
1881,2024-01-05,3,1029,250,2,113,31.3,Day
1882,2025-09-06,2,1039,122,6,70,15.8,Night
1883,2025-10-12,2,1020,277,5,20,7.5,Night
1884,2024-05-28,4,1003,1315,27,60,56.6,Night
1885,2024-10-06,1,1007,1665,68,162,232.9,Day
1886,2025-07-27,3,1011,898,14,134,127.5,Night
1887,2024-06-15,1,1006,991,32,135,87.1,Night
1888,2025-04-01,3,1002,1052,21,141,65.7,Night
1889,2025-07-02,3,1035,629,8,30,75.5,Day
1890,2024-05-17,2,1040,534,23,31,42.8,Night
1891,2025-03-24,4,1019,1259,12,51,65.7,Night
1892,2025-09-22,1,1029,611,5,157,42.1,Night
1893,2025-03-23,1,1022,1385,43,87,68.0,Day
1894,2024-07-26,1,1002,1272,26,172,27.8,Day
1895,2025-03-03,2,1032,349,15,118,50.9,Day
1896,2025-04-12,3,1017,700,16,25,96.7,Day
1897,2025-08-08,4,1031,1262,29,15,140.4,Night
1898,2024-07-02,3,1021,1797,25,58,166.4,Day
1899,2024-02-09,1,1036,1662,10,122,219.5,Day
1900,2025-11-19,3,1039,1777,20,100,142.2,Night
1901,2025-11-05,3,1012,665,26,69,30.2,Day
1902,2024-01-09,4,1010,1382,16,101,187.8,Night
1903,2025-03-17,4,1004,606,13,25,71.6,Night
1904,2025-01-04,1,1016,1894,20,1,186.8,Day
1905,2024-01-12,4,1040,1829,59,56,118.1,Night
1906,2024-02-27,4,1023,1466,28,43,67.4,Night
1907,2025-09-12,2,1039,1624,8,82,165.7,Day
1908,2024-03-06,1,1011,1109,31,178,76.9,Day
1909,2024-01-12,3,1035,1296,12,23,126.8,Day
1910,2024-12-26,1,1031,557,11,78,43.9,Night
1911,2024-09-15,2,1001,554,9,171,52.0,Day
1912,2024-07-09,2,1022,1671,17,64,111.0,Night
1913,2024-11-04,1,1026,665,3,35,74.7,Day
1914,2025-02-28,2,1024,269,9,67,17.8,Night
1915,2024-06-08,4,1030,573,14,34,72.3,Night
1916,2025-08-18,3,1025,740,3,49,96.5,Day
1917,2025-10-16,2,1015,1256,73,126,28.9,Day
1918,2024-02-14,4,1036,1494,13,12,203.4,Night
1919,2024-02-01,3,1007,1081,21,179,159.2,Day
1920,2025-04-30,4,1040,453,4,55,37.0,Day
1921,2024-07-27,1,1002,1625,47,50,99.3,Day
1922,2025-04-09,2,1038,150,2,74,22.3,Day
1923,2025-12-17,4,1010,1167,18,119,97.3,Night
1924,2025-10-03,4,1006,478,3,137,65.2,Night
1925,2025-09-20,3,1018,1241,5,46,135.1,Day
1926,2024-09-19,4,1017,330,2,84,38.1,Night
1927,2025-10-30,2,1009,424,5,85,9.4,Day
1928,2024-12-14,2,1003,1783,24,17,218.5,Day
1929,2025-12-24,3,1025,1939,17,39,165.2,Day
1930,2024-02-06,3,1022,235,4,165,19.3,Night
1931,2025-09-24,3,1015,999,52,83,20.5,Day
1932,2024-05-04,1,1009,935,8,60,139.0,Day
1933,2024-09-22,1,1013,1603,38,171,51.6,Night
1934,2025-12-19,1,1016,252,10,147,31.5,Day
1935,2024-01-23,4,1026,1877,75,85,240.9,Day
1936,2025-09-24,4,1022,1826,9,26,101.4,Night
1937,2024-01-23,4,1010,1010,18,33,48.9,Night
1938,2024-08-13,1,1015,1667,30,53,133.8,Day
1939,2025-01-25,1,1008,595,23,164,27.5,Day
1940,2024-07-24,3,1029,618,6,173,90.8,Day
1941,2025-02-24,3,1038,121,2,112,7.8,Day
1942,2025-11-25,1,1037,112,4,20,5.4,Night
1943,2025-05-03,4,1027,647,14,7,56.2,Day
1944,2024-02-05,4,1011,445,2,13,37.7,Night
1945,2025-07-26,1,1029,169,2,169,16.2,Day
1946,2025-07-07,2,1039,731,23,64,63.8,Night
1947,2025-06-09,2,1009,998,16,36,51.1,Day
1948,2025-11-09,2,1016,1507,18,121,92.6,Night
1949,2024-10-10,3,1004,1668,38,78,48.4,Night
1950,2024-12-08,3,1017,1461,59,104,152.7,Night
1951,2024-08-08,2,1004,474,4,91,18.8,Night
1952,2025-12-18,2,1003,358,10,19,10.3,Day
1953,2025-12-26,4,1035,1229,32,67,139.5,Day
1954,2025-08-25,1,1038,1699,23,3,61.1,Day
1955,2024-05-19,1,1017,1655,22,130,189.6,Day
1956,2025-01-07,2,1008,476,11,168,33.6,Day
1957,2024-01-23,4,1017,1100,32,15,100.0,Day
1958,2024-09-21,1,1039,1624,29,62,131.3,Day
1959,2025-09-22,1,1021,888,7,94,54.2,Night
1960,2024-04-21,4,1019,1080,12,59,53.3,Night
1961,2025-03-22,1,1028,1908,19,14,263.3,Day
1962,2024-11-18,3,1016,723,24,7,75.1,Day
1963,2025-08-11,2,1030,199,4,37,21.9,Night
1964,2024-01-12,2,1032,624,16,157,55.9,Night
1965,2024-02-21,2,1007,104,4,64,7.0,Night
1966,2025-08-06,4,1007,538,23,18,43.2,Day
1967,2025-06-06,1,1011,631,18,157,41.2,Day
1968,2024-12-25,2,1005,127,1,157,8.9,Night
1969,2025-12-30,3,1004,1138,26,40,99.0,Day
1970,2024-12-29,3,1009,434,14,90,23.9,Night
1971,2024-01-29,2,1018,1302,7,24,148.7,Night
1972,2024-05-08,3,1003,205,2,65,28.4,Day
1973,2025-12-15,1,1009,859,12,11,31.3,Night
1974,2025-07-19,1,1024,126,0,35,15.0,Day
1975,2025-04-16,1,1001,695,12,46,28.7,Day
1976,2025-06-09,1,1037,1536,17,67,119.1,Day
1977,2024-10-11,3,1008,986,12,134,62.5,Night
1978,2024-01-06,1,1024,1548,26,7,232.0,Day
1979,2025-09-05,4,1031,248,2,43,24.0,Night
1980,2024-11-02,3,1011,1161,21,176,24.5,Day
1981,2024-02-19,4,1001,1751,39,92,261.4,Night
1982,2025-03-24,3,1009,1134,14,47,74.4,Night
1983,2024-07-28,3,1023,1201,40,141,158.7,Night
1984,2025-02-24,1,1005,144,0,81,14.4,Night
1985,2025-09-02,2,1004,201,1,156,15.8,Day
1986,2024-08-04,4,1001,154,3,37,4.2,Day
1987,2024-02-23,1,1013,1768,11,128,104.6,Night
1988,2025-02-07,4,1028,659,17,100,52.1,Night
1989,2024-04-08,3,1034,922,12,72,134.0,Day
1990,2024-05-23,4,1022,1384,7,120,126.0,Night
1991,2024-05-05,1,1033,1973,35,107,170.9,Night
1992,2025-06-30,4,1026,320,7,101,42.5,Night
1993,2024-05-04,2,1004,404,4,66,57.7,Night
1994,2024-11-23,3,1036,1711,70,72,162.1,Night
1995,2024-11-22,3,1013,1181,10,67,172.0,Day
1996,2025-03-06,1,1005,749,9,47,29.4,Day
1997,2024-03-22,3,1024,1706,62,133,234.7,Day
1998,2025-08-17,4,1012,761,17,79,72.2,Day
1999,2024-06-02,1,1020,1794,71,126,166.0,Day
2000,2025-03-02,4,1023,1733,19,46,133.3,Night
2001,2025-12-05,4,1020,311,9,127,11.0,Night
2002,2024-10-18,2,1026,351,3,74,17.8,Day
2003,2025-01-01,2,1011,1496,9,64,128.5,Day
2004,2024-10-30,4,1016,1321,52,17,73.9,Day
2005,2024-08-26,4,1039,1516,56,173,102.4,Day
2006,2025-06-02,2,1025,202,2,69,15.6,Day
2007,2025-08-01,1,1031,1736,42,25,55.0,Night
2008,2024-02-09,3,1017,470,13,118,28.2,Day
2009,2025-03-11,1,1032,1063,22,124,68.5,Day
2010,2025-07-19,1,1033,150,4,96,15.0,Night
2011,2024-10-31,1,1016,1331,33,79,110.4,Day
2012,2024-01-02,1,1027,884,16,28,25.1,Day
2013,2025-12-21,4,1001,688,21,15,39.3,Day
2014,2024-10-22,2,1018,1493,37,52,56.3,Night
2015,2024-03-10,2,1019,1244,27,162,55.5,Day
2016,2024-02-11,2,1005,797,23,22,22.2,Night
2017,2025-09-07,2,1026,1835,34,96,92.1,Day
2018,2024-05-25,2,1038,1750,59,96,248.5,Day
2019,2024-07-03,1,1028,1308,19,160,119.6,Day
2020,2025-11-27,2,1036,1174,34,57,102.4,Night
2021,2025-01-07,4,1032,822,17,105,38.1,Night
2022,2024-03-10,1,1040,1970,25,141,187.4,Night
2023,2024-05-23,1,1003,293,5,106,42.4,Night
2024,2025-11-06,1,1013,734,32,8,44.2,Day
2025,2025-10-27,4,1013,104,0,148,14.4,Day
2026,2024-03-24,1,1035,151,1,152,20.9,Night
2027,2025-06-01,1,1013,1614,75,82,89.9,Day
2028,2024-10-13,4,1026,1986,13,85,43.4,Night
2029,2024-07-21,3,1019,360,5,170,17.0,Day
2030,2025-04-05,4,1016,1177,16,3,27.3,Night
2031,2025-02-10,4,1011,143,4,173,3.8,Day
2032,2024-06-23,2,1034,1141,16,142,24.3,Day
2033,2024-03-21,4,1033,1689,9,176,242.1,Night
2034,2025-11-21,3,1022,737,31,60,20.2,Day
2035,2025-02-02,1,1007,1511,59,154,190.7,Night
2036,2024-07-21,1,1009,493,4,106,13.9,Day
2037,2025-12-23,1,1031,822,30,85,59.3,Night
2038,2025-12-11,3,1030,887,3,64,66.0,Day
2039,2024-12-19,1,1021,200,2,103,10.8,Day
2040,2025-04-10,4,1030,1140,9,127,25.6,Day
2041,2024-05-05,4,1016,1580,73,21,161.6,Night
2042,2024-11-11,1,1022,825,23,126,31.0,Night
2043,2025-01-27,1,1025,610,29,147,66.0,Night
2044,2025-03-20,1,1008,735,17,129,23.0,Day
2045,2025-03-26,3,1005,1941,10,75,76.6,Night
2046,2025-09-11,4,1036,703,5,53,30.8,Day
2047,2025-08-09,2,1039,1844,76,28,260.4,Night
2048,2024-05-10,2,1005,1608,23,136,235.0,Day
2049,2024-04-08,3,1031,1315,7,27,114.3,Night
2050,2025-12-27,2,1031,1371,17,145,41.7,Day
2051,2025-10-19,3,1031,628,12,175,43.7,Day
2052,2025-10-05,1,1014,310,13,112,37.0,Day
2053,2025-12-09,1,1021,274,5,171,23.6,Day
2054,2024-07-10,3,1019,1061,23,169,109.4,Day
2055,2024-03-11,4,1006,1928,19,114,173.1,Day
2056,2025-02-07,4,1033,1329,25,122,66.4,Night
2057,2025-07-15,2,1038,1112,8,128,163.0,Night
2058,2024-10-04,1,1039,1718,5,105,145.4,Day
2059,2024-12-22,4,1039,1303,17,2,116.9,Day
2060,2025-07-16,1,1001,952,27,143,50.6,Night
2061,2025-01-23,2,1033,1000,16,31,80.0,Night
2062,2025-08-25,2,1023,416,5,157,9.2,Night
2063,2025-10-13,2,1008,1922,45,132,83.2,Night
2064,2024-02-23,4,1020,1751,51,112,65.5,Night
2065,2025-01-14,3,1022,1549,40,172,194.3,Night
2066,2024-02-09,2,1012,953,16,67,44.1,Night
2067,2024-08-20,2,1010,1037,40,24,69.7,Night
2068,2025-08-16,1,1018,370,9,153,16.7,Day
2069,2025-01-19,3,1038,141,0,72,20.8,Day
2070,2025-12-14,2,1031,892,25,59,28.4,Night
2071,2024-01-13,3,1001,1584,23,75,156.6,Day
2072,2024-09-17,2,1018,1768,16,59,236.1,Day
2073,2024-03-18,2,1004,1231,12,103,132.8,Night
2074,2025-05-03,2,1017,564,14,163,37.4,Night
2075,2024-05-24,4,1022,1662,35,11,152.2,Day
2076,2024-06-23,1,1026,1875,28,60,233.6,Night
2077,2025-02-23,3,1009,910,24,92,121.4,Day
2078,2024-12-28,1,1017,1371,55,96,194.9,Night
2079,2024-05-05,1,1001,1365,23,138,203.7,Night
2080,2024-02-03,3,1009,418,6,101,54.4,Night
2081,2025-08-02,1,1009,1116,32,160,35.9,Night
2082,2024-07-12,1,1004,1633,14,68,44.4,Night
2083,2024-02-21,2,1040,1275,19,105,120.6,Day
2084,2025-05-17,1,1037,1766,37,104,160.8,Day
2085,2025-03-04,4,1032,387,4,168,40.4,Day
2086,2024-03-22,1,1013,670,25,141,95.2,Night
2087,2024-03-17,2,1021,1225,12,178,46.7,Night
2088,2024-07-16,1,1014,172,3,173,12.8,Night
2089,2024-02-11,2,1030,652,8,103,97.2,Day
2090,2024-03-17,4,1020,311,7,130,8.4,Day
2091,2025-08-23,1,1003,1580,54,24,59.0,Day
2092,2025-10-04,2,1034,1493,45,89,213.9,Day
2093,2024-07-12,2,1030,714,10,16,41.0,Day
2094,2024-03-19,2,1012,1941,10,136,242.4,Day
2095,2025-02-12,1,1005,1580,50,87,164.6,Night
2096,2024-03-07,3,1025,1546,48,170,126.8,Day
2097,2025-07-30,3,1013,1368,42,162,191.3,Day
2098,2024-06-20,3,1039,479,12,145,24.6,Day
2099,2024-12-05,2,1014,201,8,130,25.9,Night
2100,2025-03-02,1,1024,1450,15,176,146.6,Day
2101,2025-10-24,3,1039,1296,23,5,140.8,Night
2102,2025-02-09,1,1032,1727,9,80,215.9,Day
2103,2024-03-22,3,1025,1573,23,57,50.9,Night
2104,2024-10-25,3,1009,1182,13,67,83.7,Day
2105,2024-07-14,4,1018,473,8,139,38.4,Day
2106,2024-05-22,1,1015,686,18,112,37.0,Day
2107,2025-02-03,1,1002,135,1,32,15.5,Night
2108,2025-08-08,1,1030,1314,36,159,163.3,Night
2109,2025-09-23,4,1018,927,14,108,72.8,Day
2110,2025-04-09,1,1006,1345,15,127,53.0,Night
2111,2024-02-03,4,1005,982,9,159,73.5,Day
2112,2024-05-23,3,1016,141,4,97,2.9,Night
2113,2025-11-17,2,1001,105,0,164,8.4,Night
2114,2024-09-14,4,1012,1613,18,4,129.0,Night
2115,2025-05-20,2,1003,764,22,23,92.0,Day
2116,2024-12-16,3,1036,1069,14,64,132.8,Day
2117,2024-02-29,2,1019,1142,12,106,32.2,Night
2118,2024-08-06,1,1037,271,4,2,11.3,Night
2119,2024-02-28,4,1006,474,11,45,61.5,Day
2120,2024-09-27,2,1033,1301,53,3,26.6,Night
2121,2024-09-10,2,1018,214,1,12,4.7,Day
2122,2024-02-25,2,1030,163,2,116,7.0,Day
2123,2025-02-17,2,1002,1190,19,166,147.4,Night
2124,2024-08-26,4,1040,1626,11,112,159.0,Day
2125,2025-01-27,2,1035,1529,38,48,178.0,Day
2126,2024-03-19,3,1025,1394,59,97,205.1,Day
2127,2025-01-15,3,1028,997,8,68,94.8,Night
2128,2024-09-21,3,1008,706,11,12,48.2,Night
2129,2025-08-24,1,1030,308,3,145,43.7,Night
2130,2025-10-22,4,1006,1596,59,93,231.1,Night
2131,2024-09-12,4,1015,1240,20,151,25.1,Night
2132,2025-02-25,2,1004,1353,29,90,144.7,Night
2133,2025-04-13,2,1017,1704,24,18,205.6,Night
2134,2024-04-27,4,1035,640,22,67,83.5,Night
2135,2024-07-04,2,1025,701,28,98,18.7,Night
2136,2025-04-06,3,1015,1398,42,160,48.3,Day
2137,2025-08-21,1,1021,626,9,116,64.0,Night
2138,2025-12-28,1,1001,1993,63,135,107.4,Day
2139,2025-12-13,1,1025,1087,34,139,136.1,Night
2140,2024-05-19,4,1021,1216,32,87,134.4,Day
2141,2024-02-12,2,1021,1522,50,56,57.1,Night
2142,2025-04-06,1,1012,153,1,71,10.6,Night
2143,2025-03-07,3,1040,276,5,130,14.0,Day
2144,2024-03-24,2,1016,1660,37,144,232.4,Day
2145,2025-08-12,2,1035,1915,31,95,189.3,Day
2146,2025-06-22,1,1030,921,28,69,42.1,Night
2147,2024-07-22,3,1008,990,10,150,131.5,Day
2148,2024-05-22,3,1018,1699,34,125,196.9,Night
2149,2024-11-05,4,1038,251,6,99,25.1,Day
2150,2025-08-18,3,1028,667,9,121,98.8,Day
2151,2025-02-20,3,1035,1371,36,128,80.3,Night
2152,2025-08-10,2,1040,660,6,160,22.7,Night
2153,2025-07-22,3,1032,1520,18,68,123.8,Day
2154,2024-05-27,4,1023,868,5,168,21.2,Day
2155,2025-11-19,1,1006,932,11,68,111.6,Night
2156,2024-10-12,3,1007,1317,17,47,122.7,Night
2157,2024-12-01,4,1036,825,21,65,56.2,Day
2158,2025-03-07,1,1003,1637,16,106,228.7,Night
2159,2025-02-25,3,1011,1520,34,45,78.8,Day
2160,2024-10-10,3,1028,1312,15,110,181.7,Day
2161,2024-10-21,3,1032,1929,29,49,195.0,Day
2162,2025-03-04,3,1005,1726,37,83,71.8,Day
2163,2024-08-26,1,1002,910,8,132,94.0,Day
2164,2024-05-15,4,1036,1356,60,159,88.2,Night
2165,2024-01-24,2,1005,1380,13,30,110.3,Day
2166,2024-03-11,4,1027,1820,24,98,263.7,Day
2167,2025-12-27,4,1035,1803,73,44,83.8,Day
2168,2024-08-10,3,1032,1817,48,94,45.3,Day
2169,2025-06-19,3,1009,895,43,137,124.9,Day
2170,2024-11-02,4,1032,1812,22,109,204.3,Day
2171,2024-03-27,4,1021,1211,39,128,105.0,Day
2172,2024-12-07,3,1011,1770,23,115,203.3,Day
2173,2024-10-13,3,1030,688,12,116,91.4,Day
2174,2025-10-02,1,1024,1571,47,175,52.2,Day
2175,2024-09-09,1,1026,459,3,127,26.5,Day
2176,2025-06-13,4,1025,1024,7,157,112.5,Day
2177,2024-04-25,2,1023,1983,49,112,279.4,Day
2178,2024-04-08,3,1006,621,20,24,61.3,Day
2179,2024-08-05,4,1001,1889,59,78,264.4,Night
2180,2025-01-20,3,1007,1324,59,44,82.2,Day
2181,2024-04-07,2,1003,600,14,56,75.7,Night
2182,2024-06-11,4,1001,1938,11,32,231.0,Day
2183,2025-05-28,2,1001,251,4,137,20.2,Day
2184,2024-09-19,1,1039,1625,26,77,84.0,Day
2185,2024-04-23,3,1014,1129,14,100,133.3,Day
2186,2024-02-24,2,1015,1651,63,53,155.9,Night
2187,2025-07-06,1,1038,577,21,53,36.1,Night
2188,2024-10-29,1,1028,1137,36,33,109.3,Day
2189,2024-07-17,2,1019,137,3,40,17.6,Night
2190,2024-01-29,3,1011,213,2,109,5.8,Day
2191,2025-09-04,4,1006,837,32,55,24.8,Day
2192,2024-02-13,1,1030,1694,31,48,108.9,Day
2193,2025-10-13,2,1012,856,7,8,43.1,Night
2194,2025-10-23,2,1015,1411,31,77,35.6,Day
2195,2025-11-13,1,1004,296,3,39,34.2,Night
2196,2024-05-04,4,1011,180,4,126,24.7,Night
2197,2025-10-29,2,1002,127,1,126,11.4,Night
2198,2024-04-01,1,1020,999,9,74,31.9,Night
2199,2024-02-25,1,1005,1700,21,60,145.4,Night
2200,2024-02-02,3,1039,670,16,159,64.8,Night
2201,2024-08-09,1,1039,1746,28,167,258.7,Day
2202,2025-05-08,1,1016,210,2,24,21.3,Night
2203,2025-09-07,2,1032,1462,35,118,206.2,Day
2204,2025-10-05,4,1016,238,6,145,29.6,Night
2205,2024-01-23,2,1030,1144,55,73,123.6,Night
2206,2024-11-12,2,1013,352,11,172,36.2,Day
2207,2025-07-31,2,1040,1099,7,39,74.5,Night
2208,2024-05-07,1,1020,222,5,13,4.8,Night
2209,2024-12-04,3,1024,596,8,99,15.7,Day
2210,2024-05-13,1,1003,184,4,140,27.2,Night
2211,2024-02-26,3,1032,198,3,26,5.0,Day
2212,2024-06-19,2,1022,1719,16,143,111.9,Day
2213,2024-05-14,1,1001,698,3,160,88.6,Day
2214,2025-04-17,4,1028,1132,51,97,114.8,Day
2215,2024-12-01,1,1030,970,11,165,130.2,Night
2216,2024-01-06,4,1007,904,34,29,61.3,Day
2217,2024-03-29,3,1007,849,14,4,43.1,Night
2218,2024-05-13,3,1031,702,20,85,20.5,Night
2219,2025-06-26,4,1026,1304,26,3,80.1,Night
2220,2024-08-10,1,1032,243,6,42,34.8,Night
2221,2025-08-08,1,1033,1612,80,76,188.5,Night
2222,2025-05-26,4,1017,438,6,25,25.5,Day
2223,2024-03-04,2,1012,110,2,114,14.3,Night
2224,2025-12-14,3,1007,1199,7,95,84.1,Night
2225,2024-07-27,3,1039,1109,16,134,42.5,Night
2226,2024-11-14,4,1010,1296,34,133,59.8,Day
2227,2025-04-16,3,1031,537,14,43,18.8,Day
2228,2024-10-25,4,1012,368,17,142,44.7,Night
2229,2025-10-07,1,1036,150,1,22,20.0,Night
2230,2024-02-28,1,1028,143,2,159,14.0,Day
2231,2025-02-05,2,1023,460,9,124,48.0,Night
2232,2025-08-30,1,1024,459,10,108,53.4,Night
2233,2025-03-27,3,1027,110,3,65,14.9,Day
2234,2025-05-01,2,1011,1680,15,41,80.6,Night
2235,2024-04-03,4,1002,437,12,174,63.2,Day
2236,2025-12-14,2,1030,1775,51,16,258.0,Day
2237,2024-11-10,2,1014,761,6,51,79.0,Day
2238,2025-03-11,1,1036,1338,25,83,100.7,Day
2239,2024-04-14,4,1004,1184,19,87,161.0,Day
2240,2024-10-14,1,1037,462,11,115,15.4,Day
2241,2025-11-23,1,1022,1657,60,53,234.5,Day
2242,2025-11-10,1,1037,472,11,139,58.9,Night
2243,2024-07-24,2,1034,1680,45,175,146.7,Night
2244,2024-02-03,4,1008,1880,15,150,49.8,Night
2245,2024-11-09,4,1030,260,5,133,20.3,Night
2246,2025-04-04,4,1014,1074,35,124,70.1,Day
2247,2025-11-08,4,1015,1159,23,178,100.1,Night
2248,2024-01-12,2,1019,419,2,165,56.2,Night
2249,2025-11-21,4,1005,1440,28,88,167.2,Day
2250,2025-06-26,2,1017,1269,20,141,43.7,Day
2251,2024-11-14,4,1002,1600,20,38,77.4,Night
2252,2025-04-15,4,1015,630,31,126,71.5,Day
2253,2025-02-15,1,1018,910,26,62,44.4,Day
2254,2025-09-16,3,1024,1181,28,153,31.4,Day
2255,2024-11-19,4,1026,1178,19,129,122.4,Day
2256,2025-03-02,2,1004,984,12,22,120.7,Night
2257,2024-01-05,1,1022,1306,8,99,182.6,Night
2258,2025-01-09,2,1035,992,18,168,95.0,Night
2259,2024-02-19,4,1030,144,0,156,17.4,Night
2260,2024-12-24,3,1040,252,8,47,23.4,Night
2261,2025-03-13,1,1019,1913,21,160,246.5,Night
2262,2025-04-01,4,1027,183,2,112,16.9,Day
2263,2024-08-29,2,1003,721,8,95,99.6,Night
2264,2025-07-17,2,1033,1386,12,138,50.7,Night
2265,2025-07-04,3,1027,795,15,106,18.8,Day
2266,2024-11-30,1,1031,1381,17,99,159.0,Day
2267,2025-09-14,1,1038,1173,14,3,110.0,Day
2268,2025-06-25,1,1038,188,6,125,12.7,Day
2269,2025-12-05,2,1020,1438,35,140,124.4,Day
2270,2024-03-02,2,1002,1076,28,156,52.7,Night
2271,2025-04-08,3,1003,1587,45,82,112.0,Night
2272,2025-06-05,3,1011,160,2,57,5.9,Night
2273,2025-10-26,2,1014,1184,15,16,125.9,Day
2274,2024-10-14,2,1037,829,15,8,36.1,Night
2275,2025-09-23,2,1023,202,5,77,27.8,Day
2276,2025-10-12,3,1038,1430,26,145,52.8,Day
2277,2024-01-27,1,1023,1491,39,80,223.1,Night
2278,2025-10-18,2,1024,1037,33,45,97.3,Day
2279,2025-06-11,1,1006,1519,16,146,63.6,Night
2280,2024-07-10,1,1014,721,4,124,30.0,Night
2281,2024-01-11,2,1017,1382,10,4,106.0,Day
2282,2025-06-03,2,1001,455,10,60,36.8,Night
2283,2024-12-15,2,1028,1436,33,137,84.7,Day
2284,2024-12-20,1,1014,134,1,121,7.8,Day
2285,2024-04-13,2,1024,1286,26,77,59.6,Night
2286,2025-10-20,4,1024,509,14,178,21.1,Day
2287,2025-02-03,3,1017,1588,60,144,161.8,Day
2288,2025-08-29,3,1010,1417,25,123,150.6,Day
2289,2024-01-31,3,1030,211,0,16,23.8,Day
2290,2024-01-06,1,1028,921,52,119,114.3,Night
2291,2024-08-06,4,1009,1576,17,174,202.3,Night
2292,2025-03-04,4,1031,1520,24,67,160.7,Night
2293,2024-04-15,1,1026,744,8,61,54.6,Day
2294,2024-02-11,1,1014,1549,7,98,61.1,Night
2295,2024-05-29,4,1035,1402,25,94,141.3,Day
2296,2024-11-26,3,1020,1744,71,81,115.1,Day
2297,2024-12-08,3,1019,1554,40,3,189.3,Night
2298,2025-03-03,2,1025,419,11,115,34.2,Night
2299,2024-08-06,3,1026,176,1,107,12.4,Night
2300,2025-11-20,3,1013,578,14,111,65.0,Night
2301,2024-08-27,4,1035,673,16,34,59.6,Day
2302,2024-09-13,4,1003,1245,22,70,109.8,Day
2303,2025-08-13,1,1001,413,4,110,22.0,Night
2304,2025-02-06,1,1020,1805,29,163,105.8,Night
2305,2024-04-01,1,1010,1601,59,172,54.5,Night
2306,2024-06-19,4,1019,1502,46,70,40.5,Night
2307,2024-12-29,4,1015,462,5,92,27.4,Night
2308,2024-05-09,1,1034,173,2,173,18.7,Day
2309,2025-09-07,3,1017,1184,11,73,121.4,Night
2310,2025-02-23,3,1029,593,28,44,84.2,Night
2311,2025-09-10,1,1008,1995,62,154,70.2,Night
2312,2025-06-04,4,1023,380,3,42,55.6,Night
2313,2025-12-25,4,1011,1301,38,4,122.3,Night
2314,2025-02-24,2,1029,106,0,107,13.5,Day
2315,2025-01-13,1,1027,1613,47,149,82.1,Night
2316,2025-01-16,2,1003,277,4,137,30.2,Day
2317,2024-11-18,4,1012,493,13,119,67.0,Night
2318,2025-09-28,2,1040,1305,17,168,193.2,Day
2319,2024-09-09,3,1020,723,17,26,45.1,Day
2320,2024-09-28,3,1025,771,24,121,101.0,Night
2321,2024-04-06,4,1033,616,9,129,17.4,Night
2322,2024-04-13,2,1002,1515,34,170,193.5,Day
2323,2025-12-05,3,1004,104,3,108,3.6,Day
2324,2025-05-02,4,1030,975,19,54,138.0,Night
2325,2025-04-17,4,1024,1518,9,52,214.1,Day
2326,2025-10-18,1,1020,1985,26,132,218.5,Day
2327,2025-04-24,4,1015,324,5,27,47.9,Day
2328,2024-11-05,2,1019,1890,37,63,76.3,Day
2329,2024-08-06,3,1020,1684,38,0,96.5,Night
2330,2025-12-14,4,1037,1529,8,135,201.8,Day
2331,2025-09-08,1,1023,1498,17,140,37.9,Night
2332,2024-10-12,1,1012,1949,15,49,71.7,Night
2333,2024-06-02,4,1011,1733,45,106,59.0,Night
2334,2025-07-29,3,1039,896,11,93,74.4,Night
2335,2025-12-27,1,1024,1787,55,75,160.1,Night
2336,2025-10-21,3,1009,979,16,10,115.4,Day
2337,2025-03-28,4,1033,1959,46,125,177.9,Day
2338,2025-07-31,4,1036,855,13,130,122.0,Night
2339,2024-09-03,3,1026,1730,53,175,121.8,Night
2340,2025-06-29,3,1005,1142,27,172,77.3,Night
2341,2024-06-02,2,1023,495,23,166,45.9,Night
2342,2024-12-01,2,1021,1661,35,178,191.9,Day
2343,2025-01-27,3,1002,1905,66,29,61.3,Night
2344,2024-08-18,3,1036,1634,11,62,206.3,Night
2345,2025-01-06,1,1006,759,37,42,86.1,Day
2346,2024-01-12,2,1037,1936,42,34,98.7,Night
2347,2024-11-26,1,1012,414,6,18,34.3,Day
2348,2024-08-17,1,1008,1092,60,147,47.5,Day
2349,2025-09-20,3,1011,1473,33,133,160.4,Night
2350,2025-12-25,3,1003,1057,13,149,76.1,Night
2351,2025-02-20,1,1031,724,7,151,86.5,Day
2352,2024-11-01,1,1029,722,13,31,50.5,Night
2353,2025-06-27,4,1010,1466,51,7,158.4,Day
2354,2024-07-30,1,1037,1920,22,9,69.4,Night
2355,2024-08-20,3,1017,1167,25,141,41.2,Night
2356,2024-04-22,1,1036,414,15,29,37.5,Day
2357,2025-08-06,3,1034,336,10,178,13.2,Day
2358,2025-02-27,1,1023,301,2,111,41.4,Day
2359,2024-01-06,3,1030,1126,37,128,151.3,Night
2360,2024-01-24,3,1011,1744,24,158,100.6,Night
2361,2025-08-21,3,1015,403,7,41,18.5,Night
2362,2024-04-05,4,1001,1555,29,27,116.0,Night
2363,2025-10-30,1,1005,1635,26,152,221.6,Day
2364,2024-08-10,1,1037,1146,48,59,121.4,Night
2365,2024-01-20,2,1017,533,18,113,16.9,Night
2366,2024-06-17,1,1011,1496,6,103,183.6,Night
2367,2024-03-07,3,1029,719,20,137,89.7,Night
2368,2025-02-23,1,1038,651,30,20,45.3,Night
2369,2025-08-21,1,1037,1253,9,168,132.9,Day
2370,2025-11-03,4,1014,1188,26,171,158.0,Night
2371,2024-07-23,4,1024,1781,72,55,176.8,Night
2372,2025-03-02,4,1028,1705,13,78,130.0,Day
2373,2024-12-24,4,1039,1094,35,174,104.8,Day
2374,2025-09-03,3,1024,1340,22,116,185.4,Day
2375,2025-01-25,3,1031,442,3,98,19.2,Night
2376,2025-06-21,1,1009,1851,65,33,188.1,Night
2377,2024-03-14,3,1011,1710,72,2,86.3,Night
2378,2025-07-26,3,1008,1780,74,114,257.9,Night
2379,2024-08-16,3,1018,1883,15,64,255.2,Night
2380,2024-05-21,2,1033,210,3,126,23.9,Night
2381,2025-01-25,1,1015,1679,32,42,97.6,Night
2382,2025-11-10,3,1013,1480,34,18,174.5,Night
2383,2024-10-29,2,1018,191,7,55,23.5,Night
2384,2024-05-17,3,1028,1583,53,16,167.8,Night
2385,2024-07-10,2,1034,1792,22,140,84.9,Day
2386,2025-06-30,1,1033,1297,5,63,192.3,Night
2387,2025-08-16,2,1004,542,13,26,47.5,Day
2388,2024-06-08,2,1008,507,5,147,25.4,Day
2389,2025-02-17,3,1027,542,14,42,26.9,Night
2390,2024-07-19,3,1012,1263,57,69,147.0,Day
2391,2025-04-01,1,1003,212,5,78,7.7,Day
2392,2024-01-09,1,1031,753,16,86,19.9,Night
2393,2025-06-20,3,1033,380,15,149,32.4,Night
2394,2024-09-02,2,1038,337,13,154,50.5,Night
2395,2025-12-11,2,1021,818,33,173,119.3,Night
2396,2025-05-19,4,1030,800,3,86,102.7,Day
2397,2025-10-12,1,1023,846,5,67,118.8,Day
2398,2024-06-26,3,1028,916,6,113,71.4,Night
2399,2024-12-02,2,1038,531,6,80,66.9,Day
2400,2025-05-02,1,1021,1121,44,152,84.5,Night
2401,2024-05-25,2,1012,327,7,163,44.7,Night
2402,2024-04-27,4,1024,1768,58,82,115.2,Night
2403,2025-09-08,3,1028,580,8,108,31.2,Day
2404,2025-12-15,3,1012,227,3,71,22.3,Night
2405,2025-05-10,2,1036,1006,22,93,52.9,Day
2406,2024-11-28,3,1038,209,4,131,4.7,Day
2407,2024-06-18,2,1015,1314,26,69,62.4,Day
2408,2024-08-16,4,1011,730,21,60,97.7,Day
2409,2025-12-10,4,1004,725,16,122,83.3,Day
2410,2025-04-25,1,1005,1418,22,72,152.1,Day
2411,2024-06-08,4,1013,1273,42,40,121.6,Day
2412,2025-10-25,3,1039,1316,25,129,141.2,Day
2413,2025-10-10,4,1031,727,11,56,88.1,Day
2414,2024-11-13,2,1032,929,39,8,102.1,Day
2415,2024-01-31,1,1009,1838,23,64,218.8,Night
2416,2025-05-29,2,1019,952,39,110,109.6,Night
2417,2024-03-12,3,1039,1103,16,20,154.3,Day
2418,2024-04-12,1,1006,829,21,67,105.8,Night
2419,2024-01-21,3,1031,1855,32,102,230.1,Day
2420,2025-01-22,4,1003,1169,26,44,83.5,Night
2421,2025-06-17,3,1009,1818,17,133,159.0,Night
2422,2024-09-25,1,1030,1510,41,130,211.7,Night
2423,2024-11-23,2,1035,597,6,151,84.3,Night
2424,2024-12-28,2,1035,469,7,128,40.0,Day
2425,2025-12-17,2,1005,601,21,2,86.6,Night
2426,2024-05-26,4,1023,783,22,131,39.4,Night
2427,2025-02-22,1,1020,1016,45,24,76.3,Day
2428,2024-05-08,2,1013,642,18,73,14.6,Day
2429,2025-05-11,4,1035,1261,14,18,59.9,Day
2430,2025-09-03,1,1039,817,10,26,97.4,Day
2431,2024-02-27,2,1016,1291,21,100,59.9,Night
2432,2025-06-02,4,1026,1333,43,88,108.3,Day
2433,2025-08-17,4,1033,597,11,131,61.4,Night
2434,2025-08-19,4,1004,1880,30,128,72.5,Day
2435,2024-12-15,1,1026,1017,24,53,114.9,Night
2436,2025-01-26,1,1034,1896,72,177,187.7,Day
2437,2025-01-16,2,1013,216,4,91,23.8,Day
2438,2025-02-28,1,1026,1145,24,145,61.0,Day
2439,2025-06-07,2,1017,1917,17,162,101.0,Day
2440,2025-08-30,4,1029,1566,19,40,67.2,Day
2441,2024-07-23,2,1037,1628,60,136,206.9,Day
2442,2024-07-06,1,1021,1034,17,111,107.8,Night
2443,2024-09-08,4,1038,534,21,79,35.7,Day
2444,2024-08-30,2,1004,137,1,71,13.1,Day
2445,2024-07-27,4,1031,1815,22,95,210.3,Day
2446,2024-07-01,1,1012,1232,12,47,55.4,Night
2447,2024-07-04,4,1003,1870,7,77,191.4,Day
2448,2025-12-26,1,1010,1776,20,53,87.2,Day
2449,2024-12-06,4,1016,1639,58,58,170.9,Night
2450,2024-07-15,4,1025,878,9,68,120.9,Night
2451,2025-02-24,3,1005,1869,52,82,166.4,Day
2452,2025-10-29,3,1030,714,29,40,77.3,Night
2453,2024-05-03,3,1011,1451,28,64,82.7,Night
2454,2025-04-29,4,1032,880,26,72,73.4,Night
2455,2025-11-18,2,1004,305,8,72,18.1,Night
2456,2024-02-06,4,1031,1902,28,78,204.4,Day
2457,2025-06-30,1,1005,289,2,49,20.5,Night
2458,2025-08-06,3,1015,1975,8,167,243.0,Day
2459,2025-07-06,3,1025,719,30,93,45.6,Day
2460,2024-01-16,2,1002,1862,13,149,38.1,Day
2461,2024-08-22,3,1007,699,5,167,25.6,Day
2462,2024-06-24,1,1009,693,6,109,17.3,Day
2463,2025-10-07,4,1026,483,8,96,35.9,Day
2464,2025-06-10,4,1005,581,12,111,47.8,Day
2465,2025-08-25,2,1027,937,20,151,111.4,Day
2466,2024-09-18,2,1009,1618,36,43,143.9,Night
2467,2025-08-15,4,1014,661,8,89,72.5,Night
2468,2024-04-12,4,1008,1688,35,2,201.4,Day
2469,2024-07-09,4,1034,778,12,47,73.2,Day
2470,2025-08-23,2,1001,657,15,55,21.6,Day
2471,2024-04-28,4,1033,1963,73,66,232.1,Night
2472,2024-12-29,4,1040,871,13,75,18.4,Day
2473,2025-12-21,4,1006,1926,54,174,173.9,Day
2474,2024-09-29,3,1010,916,13,5,38.4,Night
2475,2024-10-13,4,1018,352,15,167,21.0,Night
2476,2025-10-25,1,1007,144,3,66,20.7,Day
2477,2025-05-30,1,1011,1297,36,170,183.9,Day
2478,2025-08-28,3,1005,1755,63,157,189.8,Night
2479,2025-06-22,2,1010,1795,33,68,193.7,Day
2480,2025-04-01,2,1013,1274,54,82,59.2,Day
2481,2024-03-27,2,1014,505,6,170,75.1,Day
2482,2025-05-19,3,1011,317,4,174,30.4,Night
2483,2024-01-13,3,1025,1996,64,143,149.1,Night
2484,2025-02-23,3,1019,577,8,6,63.8,Night
2485,2024-09-06,1,1026,128,2,5,4.9,Night
2486,2024-07-09,3,1003,1024,29,8,106.8,Day
2487,2024-07-29,2,1014,432,4,84,46.8,Day
2488,2025-09-04,3,1023,441,1,168,14.6,Night
2489,2025-02-25,1,1008,967,26,101,45.5,Night
2490,2024-04-19,1,1028,1917,13,153,49.5,Day
2491,2025-05-18,1,1020,1070,6,88,93.6,Day
2492,2024-07-09,3,1035,963,22,71,99.7,Day
2493,2024-06-20,2,1039,1973,49,11,257.5,Night
2494,2025-10-06,2,1015,1090,33,95,152.5,Day
2495,2025-10-28,4,1022,1078,20,171,60.4,Day
2496,2024-05-10,1,1004,1580,24,143,90.0,Night
2497,2024-12-26,1,1012,613,15,70,45.5,Day
2498,2025-09-15,1,1027,1302,32,159,39.8,Night
2499,2025-07-08,2,1013,1627,21,68,47.7,Night
2500,2025-12-04,3,1034,1580,17,124,134.6,Day
2501,2024-08-01,3,1024,1965,58,1,226.2,Day
2502,2025-11-27,4,1019,1602,27,6,196.2,Day
2503,2025-12-02,2,1023,515,3,45,50.6,Night
2504,2025-07-19,4,1026,1046,29,137,26.7,Night
2505,2024-03-11,2,1032,192,10,125,22.8,Night
2506,2024-10-05,4,1009,795,23,140,46.8,Night
2507,2025-08-04,1,1032,515,17,151,54.4,Night
2508,2024-08-24,3,1016,523,17,155,11.3,Day
2509,2025-04-28,3,1003,1022,15,148,33.3,Day
2510,2024-08-23,2,1027,1832,22,138,94.5,Day
2511,2024-08-23,2,1013,1347,44,18,180.1,Night
2512,2024-01-13,1,1023,1790,28,160,76.5,Night
2513,2025-02-15,2,1035,860,14,133,109.1,Day
2514,2024-08-04,3,1010,1346,64,155,100.5,Day
2515,2024-05-18,2,1029,461,1,116,61.9,Night
2516,2025-10-25,3,1038,772,40,96,103.3,Night
2517,2024-05-19,3,1009,160,1,42,8.5,Night
2518,2024-06-23,1,1023,1268,14,76,154.0,Night
2519,2024-07-28,3,1025,1323,36,96,163.2,Night
2520,2025-01-27,3,1036,490,10,48,57.0,Day
2521,2025-02-16,1,1036,1001,3,140,80.7,Day
2522,2024-11-10,2,1009,1569,56,158,183.6,Day
2523,2025-05-30,2,1031,1371,37,22,56.7,Day
2524,2024-05-12,4,1009,406,6,119,32.2,Day
2525,2025-07-23,4,1032,584,14,150,78.6,Night
2526,2025-10-02,1,1011,1300,27,77,114.6,Night
2527,2025-06-29,1,1004,1638,25,110,55.3,Day
2528,2025-08-23,3,1028,1088,19,77,120.8,Night
2529,2025-11-08,3,1010,143,3,144,21.2,Night
2530,2025-08-25,1,1036,1388,5,22,28.4,Night
2531,2025-07-02,2,1006,1407,21,6,35.8,Night
2532,2024-02-16,2,1032,508,2,36,31.9,Day
2533,2025-01-05,2,1010,340,6,150,33.5,Night
2534,2024-10-24,3,1015,179,4,22,24.2,Night
2535,2024-02-22,3,1037,221,6,87,21.5,Night
2536,2024-09-02,2,1003,1737,29,47,224.1,Day
2537,2025-10-20,2,1014,232,12,16,23.0,Day
2538,2025-06-30,1,1021,609,9,43,49.4,Night
2539,2024-03-25,2,1020,1011,10,80,71.6,Day
2540,2024-03-24,2,1005,631,4,38,66.9,Night
2541,2025-02-04,2,1033,1780,37,110,38.8,Day
2542,2024-11-03,4,1032,390,15,95,11.4,Day
2543,2025-07-21,2,1003,1166,28,126,74.2,Night
2544,2025-06-01,2,1004,260,4,13,35.8,Day
2545,2024-03-05,2,1029,1041,22,92,128.3,Night
2546,2025-12-16,4,1005,1322,18,37,101.1,Day
2547,2025-05-27,3,1019,543,9,29,21.3,Night
2548,2025-02-14,3,1033,1365,38,125,77.2,Night
2549,2025-08-19,1,1002,179,5,159,3.7,Night
2550,2025-02-27,1,1030,488,6,26,60.7,Day
2551,2024-12-29,4,1002,1929,18,153,213.1,Night
2552,2025-11-10,1,1039,232,9,147,23.3,Day
2553,2025-06-18,2,1011,1917,18,131,96.1,Day
2554,2024-09-19,1,1002,966,43,85,86.6,Day
2555,2024-06-06,2,1019,1307,9,95,133.7,Day
2556,2025-01-06,4,1024,1109,41,63,52.3,Day
2557,2024-08-27,3,1008,1199,19,135,62.0,Night
2558,2024-12-14,4,1032,1175,4,49,102.6,Night
2559,2025-08-31,3,1036,504,18,84,15.6,Day
2560,2024-08-22,3,1020,1365,12,125,110.8,Day
2561,2024-02-02,4,1013,1010,43,121,30.0,Night
2562,2025-09-05,2,1020,1565,48,16,108.6,Day
2563,2024-06-11,2,1014,1537,33,157,224.5,Day
2564,2024-01-12,4,1006,430,14,45,42.0,Night
2565,2025-04-29,2,1027,502,5,172,23.4,Night
2566,2025-02-11,4,1010,1968,17,72,55.0,Night
2567,2024-02-17,4,1007,1806,79,44,127.2,Night
2568,2025-05-05,1,1003,594,4,75,28.9,Night
2569,2024-02-23,3,1034,870,26,76,114.5,Night
2570,2024-11-13,2,1006,1519,34,133,40.6,Night
2571,2025-11-24,3,1006,226,1,12,6.6,Night
2572,2025-01-20,4,1021,199,5,113,19.2,Day
2573,2025-09-15,2,1025,1612,24,39,62.1,Day
2574,2025-08-11,4,1006,1576,49,113,142.4,Night
2575,2025-01-26,4,1024,1056,8,4,45.0,Day
2576,2024-06-03,4,1039,144,1,7,7.3,Night
2577,2025-09-19,1,1030,1696,89,79,165.0,Night
2578,2025-08-01,4,1033,736,5,116,96.9,Night
2579,2024-04-15,2,1015,1506,69,21,99.2,Night
2580,2025-09-12,1,1019,199,1,144,29.4,Night
2581,2025-03-25,1,1004,343,2,131,20.5,Day
2582,2025-09-10,3,1019,1077,39,60,62.7,Night
2583,2025-11-17,4,1040,147,2,28,17.0,Night
2584,2025-02-08,4,1035,1616,65,152,109.4,Night
2585,2024-09-18,3,1009,949,30,90,59.3,Night
2586,2024-01-02,1,1022,426,6,161,62.7,Night
2587,2025-01-07,2,1037,1844,21,87,148.6,Night
2588,2025-12-29,4,1004,611,17,140,36.1,Day
2589,2024-01-24,2,1019,264,5,36,30.2,Night
2590,2024-02-19,2,1018,518,14,56,61.2,Day
2591,2025-08-14,1,1037,1034,22,92,44.8,Night
2592,2024-08-21,3,1023,1779,41,21,49.4,Night
2593,2024-06-12,1,1039,1263,19,168,175.1,Day
2594,2025-06-12,3,1012,1487,31,48,30.6,Night
2595,2025-06-26,3,1015,568,29,29,38.8,Day
2596,2024-11-06,3,1034,758,29,151,45.8,Night
2597,2024-04-12,3,1021,171,3,96,12.6,Night
2598,2024-10-09,1,1040,452,10,60,43.7,Night
2599,2025-11-19,4,1033,1684,29,59,44.8,Day
2600,2024-02-12,4,1007,428,1,90,43.4,Night
2601,2024-05-16,2,1006,1376,19,141,176.1,Night
2602,2024-02-13,2,1001,115,2,47,16.7,Night
2603,2024-09-27,3,1027,1597,33,88,134.6,Day
2604,2024-08-15,2,1027,759,19,37,113.7,Night
2605,2025-09-16,4,1017,1032,19,15,53.2,Night
2606,2025-02-06,4,1019,1298,71,26,52.3,Day
2607,2025-05-21,4,1038,1729,19,70,110.4,Night
2608,2024-04-13,1,1017,769,4,65,70.3,Day
2609,2024-12-29,3,1005,251,6,101,26.0,Night
2610,2024-02-03,3,1007,1011,9,27,33.4,Night
2611,2024-03-20,2,1014,1165,49,41,138.6,Night
2612,2025-10-11,2,1003,1600,7,179,233.9,Night
2613,2024-12-09,4,1001,138,3,160,19.6,Night
2614,2025-12-21,4,1004,314,6,15,43.2,Day
2615,2024-01-02,4,1028,345,2,125,42.9,Day
2616,2025-09-15,1,1028,796,11,80,57.8,Day
2617,2025-07-13,3,1035,795,26,77,105.4,Day
2618,2025-08-29,3,1032,501,13,47,28.9,Day
2619,2024-01-24,4,1026,597,8,165,80.5,Night
2620,2025-10-25,1,1039,1008,26,152,61.7,Day
2621,2025-11-28,3,1035,1530,73,49,67.1,Night
2622,2025-12-11,1,1005,1778,42,103,76.7,Day
2623,2024-01-13,3,1012,1821,18,165,263.3,Day
2624,2024-01-31,4,1038,436,22,80,24.3,Night
2625,2025-11-19,4,1012,1725,7,36,230.9,Night
2626,2025-09-30,4,1039,1810,50,122,123.3,Day
2627,2025-12-15,3,1023,377,7,27,53.7,Day
2628,2025-12-08,4,1013,1343,26,59,164.4,Day
2629,2024-10-22,4,1040,1933,66,8,139.2,Night
2630,2024-02-15,2,1030,979,23,123,43.5,Night
2631,2024-07-12,2,1038,1636,24,141,242.8,Day
2632,2025-08-09,4,1032,1533,18,24,171.6,Day
2633,2025-03-23,3,1008,628,14,76,88.9,Night
2634,2024-08-06,3,1005,115,2,127,15.7,Day
2635,2024-01-09,4,1040,270,1,123,25.5,Day
2636,2024-03-08,4,1003,987,33,68,41.9,Day
2637,2025-04-27,2,1034,203,1,105,28.6,Night
2638,2024-11-14,1,1025,1090,10,122,86.7,Night
2639,2024-04-21,1,1004,1288,29,138,185.3,Day
2640,2025-05-25,3,1037,425,18,144,27.4,Night
2641,2024-09-25,1,1028,1961,11,148,85.2,Day
2642,2025-01-05,2,1036,1599,8,99,235.1,Night
2643,2025-03-30,1,1028,361,6,125,49.8,Night
2644,2024-06-10,2,1007,1310,7,7,81.8,Day
2645,2025-09-20,4,1015,1592,21,102,91.0,Day
2646,2025-11-22,3,1010,1878,27,74,99.7,Night
2647,2025-03-28,4,1016,859,12,78,38.7,Night
2648,2024-03-14,3,1016,180,6,25,6.8,Day
2649,2024-05-01,4,1014,487,13,2,67.4,Night
2650,2025-01-05,3,1007,559,12,47,34.7,Day
2651,2025-07-10,1,1027,1242,18,9,106.1,Night
2652,2024-10-24,2,1008,1605,28,136,226.2,Day
2653,2024-11-11,1,1005,341,9,85,34.4,Night
2654,2024-12-09,1,1039,656,16,154,82.0,Night
2655,2025-01-07,2,1013,1506,38,51,164.3,Day
2656,2024-10-04,4,1004,861,10,25,113.0,Night
2657,2025-12-28,4,1036,1668,25,9,67.9,Day
2658,2024-06-24,1,1003,421,3,28,24.9,Day
2659,2025-10-31,4,1037,1596,21,49,115.0,Night
2660,2024-12-16,1,1037,920,23,14,76.6,Night
2661,2025-11-07,4,1002,1637,30,75,151.7,Day
2662,2024-05-15,1,1027,1798,90,100,105.9,Night
2663,2024-12-26,2,1001,669,4,150,86.0,Day
2664,2024-10-28,2,1012,1850,22,72,182.1,Day
2665,2025-09-25,1,1004,1798,24,107,261.2,Night
2666,2024-02-22,2,1033,1325,43,95,164.6,Night
2667,2024-07-16,1,1038,851,15,72,58.0,Day
2668,2024-06-26,3,1022,1988,42,107,155.4,Day
2669,2024-01-05,1,1024,463,18,2,65.5,Day
2670,2024-09-11,2,1024,369,5,0,20.2,Night
2671,2024-12-08,1,1039,1215,5,139,168.8,Day
2672,2024-12-23,3,1033,1464,15,107,148.5,Night
2673,2024-02-24,3,1011,861,30,135,30.1,Day
2674,2024-12-22,4,1012,1373,21,109,203.0,Night
2675,2024-05-05,3,1003,1828,23,142,72.8,Night
2676,2025-08-13,2,1011,674,20,144,57.6,Day
2677,2025-01-22,1,1040,498,21,112,20.7,Day
2678,2024-05-13,3,1037,1093,15,140,119.9,Day
2679,2025-12-10,3,1007,1172,31,21,57.3,Night
2680,2024-05-26,3,1039,1161,27,131,127.0,Day
2681,2025-09-19,1,1024,1503,52,121,167.9,Day
2682,2024-06-27,2,1017,1986,91,52,92.5,Day
2683,2025-09-28,4,1031,1865,29,164,183.4,Day
2684,2024-09-27,4,1009,477,9,34,26.1,Day
2685,2025-06-03,2,1033,374,4,37,9.9,Night
2686,2024-09-25,2,1039,1634,20,25,36.3,Day
2687,2024-05-18,3,1022,460,2,34,43.4,Night
2688,2024-09-01,2,1011,826,6,9,123.6,Day
2689,2024-04-09,1,1011,486,27,84,45.4,Night
2690,2025-04-12,1,1038,1275,8,21,73.4,Night
2691,2024-12-02,1,1006,100,1,138,3.1,Night
2692,2024-04-21,1,1004,676,10,156,75.0,Day
2693,2024-12-01,1,1007,1374,15,136,156.7,Day
2694,2024-04-17,1,1017,1456,8,70,168.5,Night
2695,2025-05-23,4,1011,728,3,132,90.0,Day
2696,2024-08-16,1,1011,398,13,108,8.2,Night
2697,2025-04-05,4,1011,1719,45,49,63.6,Day
2698,2024-01-06,4,1021,757,6,125,21.0,Night
2699,2025-09-30,4,1025,910,15,14,121.8,Night
2700,2025-10-06,3,1019,1300,16,159,194.3,Day
2701,2025-10-15,4,1011,500,6,130,38.3,Night
2702,2024-01-29,1,1012,155,1,116,9.7,Day
2703,2025-10-10,3,1030,1453,22,50,61.8,Night
2704,2024-10-15,4,1010,704,8,153,73.1,Night
2705,2024-12-13,4,1032,637,11,9,19.5,Night
2706,2025-09-24,1,1004,1814,45,116,227.9,Night
2707,2025-07-14,3,1021,1844,36,83,260.0,Night
2708,2024-10-03,4,1003,1391,56,176,115.5,Night
2709,2025-01-15,2,1028,1341,54,133,168.1,Night
2710,2024-06-18,2,1023,1242,8,163,148.1,Day
2711,2025-08-30,2,1016,620,6,20,86.0,Day
2712,2025-08-25,4,1015,1143,27,131,167.1,Night
2713,2025-02-25,4,1028,1406,30,63,189.3,Day
2714,2024-07-27,1,1032,570,12,41,32.7,Day
2715,2025-06-12,1,1001,183,4,126,10.5,Day
2716,2025-09-02,2,1018,1710,45,17,42.2,Night
2717,2025-01-17,1,1008,316,9,146,8.2,Night
2718,2024-01-08,4,1009,453,9,20,27.0,Night
2719,2025-05-01,1,1022,513,2,11,12.8,Night
2720,2024-01-21,4,1024,574,6,177,52.8,Day
2721,2024-01-05,1,1006,250,5,165,7.7,Day
2722,2025-04-06,3,1030,949,14,162,113.2,Night
2723,2024-03-14,3,1040,110,0,139,4.8,Night
2724,2024-01-24,3,1038,1999,29,79,61.4,Day
2725,2024-03-30,2,1001,1468,17,54,52.3,Day
2726,2024-05-13,3,1012,968,19,75,41.6,Night
2727,2025-04-15,3,1001,1258,35,77,48.7,Day
2728,2024-05-24,1,1034,1881,56,17,165.8,Night
2729,2024-07-04,4,1036,1736,67,136,104.5,Day
2730,2024-05-10,4,1030,1418,24,3,115.7,Day
2731,2025-09-02,3,1039,734,12,58,88.1,Day
2732,2025-04-12,3,1039,1421,23,149,31.0,Day
2733,2024-05-20,1,1039,1941,53,21,71.5,Night
2734,2024-06-20,2,1005,1362,16,15,42.4,Day
2735,2024-07-10,3,1005,273,7,66,8.3,Night
2736,2024-10-09,2,1030,1122,12,48,84.8,Day
2737,2024-09-18,4,1031,1390,6,57,199.8,Day
2738,2025-12-05,1,1028,1585,22,57,234.2,Day
2739,2024-05-11,1,1033,1398,6,130,197.0,Day
2740,2025-06-26,3,1038,777,6,95,22.2,Night
2741,2024-12-05,2,1038,1701,59,156,238.6,Night
2742,2024-08-02,3,1010,675,17,10,24.2,Night
2743,2025-06-04,1,1021,393,8,60,47.9,Night
2744,2025-10-08,4,1019,1797,55,59,187.9,Day
2745,2024-05-27,1,1009,509,13,52,34.7,Night
2746,2024-09-09,1,1032,805,21,107,60.2,Day
2747,2025-12-28,3,1001,1948,50,92,134.7,Night
2748,2024-02-12,2,1007,1695,15,42,165.2,Night
2749,2024-08-13,2,1030,1595,32,170,163.7,Night
2750,2024-07-17,3,1013,1691,31,123,84.7,Night
2751,2025-02-22,1,1033,831,16,117,70.5,Night
2752,2025-05-26,2,1037,901,25,141,117.8,Night
2753,2024-09-23,3,1035,1961,26,121,198.9,Day
2754,2024-10-08,2,1012,1890,25,61,246.8,Day
2755,2025-10-11,1,1026,1185,47,80,62.0,Night
2756,2025-05-31,4,1036,778,18,19,77.3,Day
2757,2025-07-18,3,1014,1545,9,178,117.9,Day
2758,2024-03-23,4,1025,729,9,10,104.2,Day
2759,2024-06-13,1,1009,1323,16,168,51.4,Day
2760,2025-03-19,3,1004,1700,79,104,102.8,Day
2761,2025-02-26,2,1025,1329,8,44,164.4,Night
2762,2025-07-16,1,1040,114,3,63,5.9,Night
2763,2024-10-20,3,1025,1880,53,159,191.4,Day
2764,2025-03-03,4,1024,893,15,103,35.8,Night
2765,2024-02-12,4,1001,963,6,106,78.0,Day
2766,2025-04-15,3,1019,1886,47,69,197.8,Day
2767,2025-12-12,4,1035,250,11,57,25.2,Night
2768,2024-05-10,3,1005,1219,47,37,131.1,Day
2769,2025-05-25,3,1030,686,11,44,70.2,Day
2770,2024-11-26,2,1015,1049,31,38,132.7,Day
2771,2024-10-20,4,1007,1246,13,29,161.9,Night
2772,2024-02-22,2,1035,1186,24,177,111.4,Day
2773,2024-05-03,3,1005,475,4,123,9.7,Day
2774,2025-06-26,3,1040,1967,17,3,151.0,Day
2775,2025-05-13,3,1010,1891,23,142,81.2,Day
2776,2024-10-21,4,1003,1101,14,56,61.8,Night
2777,2025-03-10,1,1028,739,24,136,83.1,Day
2778,2025-09-01,4,1032,1253,63,172,164.2,Night
2779,2025-03-03,2,1029,1796,30,22,172.3,Night
2780,2024-06-17,1,1002,446,3,58,31.7,Night
2781,2025-10-31,1,1008,129,1,24,7.7,Day
2782,2024-09-14,3,1016,1284,26,161,125.8,Day
2783,2024-11-07,3,1018,1122,15,111,111.7,Night
2784,2025-04-07,3,1030,280,5,162,28.7,Night
2785,2024-12-05,3,1010,1041,16,127,93.8,Day
2786,2024-04-25,2,1031,993,11,97,70.0,Night
2787,2025-04-29,3,1015,1448,71,113,135.4,Night
2788,2025-02-06,1,1025,1077,10,62,70.8,Day
2789,2025-07-23,3,1037,793,23,105,59.6,Night
2790,2025-11-19,4,1018,406,7,172,9.2,Night
2791,2025-07-23,3,1006,265,4,53,17.5,Night
2792,2024-09-14,4,1002,615,19,25,27.1,Night
2793,2024-12-23,4,1013,1585,32,13,54.3,Day
2794,2024-03-17,4,1009,237,2,127,31.7,Day
2795,2024-03-05,1,1012,942,8,63,90.4,Day
2796,2025-06-21,3,1002,1540,8,66,149.0,Day
2797,2024-02-17,3,1034,1602,9,74,199.0,Night
2798,2024-05-27,4,1034,640,17,87,86.4,Night
2799,2025-01-22,3,1014,879,20,178,36.4,Night
2800,2025-10-26,4,1037,1449,25,28,149.2,Night
2801,2025-04-01,2,1039,1970,55,119,125.5,Day
2802,2024-02-04,4,1010,381,17,176,43.8,Night
2803,2024-03-02,2,1022,430,3,134,60.6,Night
2804,2025-03-02,3,1013,1405,59,32,43.5,Day
2805,2025-05-19,1,1020,493,3,114,46.9,Night
2806,2024-04-17,4,1026,959,33,144,19.4,Day
2807,2025-12-27,4,1040,1009,30,168,45.4,Day
2808,2024-02-12,3,1034,757,8,143,103.2,Night
2809,2024-03-19,2,1040,1270,61,18,51.7,Night
2810,2024-01-09,4,1009,680,9,65,64.0,Day
2811,2025-04-05,1,1027,1263,15,23,104.1,Night
2812,2024-10-08,2,1039,1636,32,19,214.3,Day
2813,2024-11-22,4,1006,1018,31,84,73.1,Day
2814,2025-04-07,2,1030,1162,13,31,63.1,Day
2815,2024-09-19,4,1001,1142,36,59,104.5,Night
2816,2025-05-02,4,1029,1045,49,40,113.6,Night
2817,2024-09-03,1,1016,492,12,61,17.4,Night
2818,2024-12-14,1,1014,1712,68,138,85.1,Night
2819,2024-01-15,3,1035,1393,32,124,138.4,Day
2820,2024-04-09,3,1034,1125,22,135,105.7,Night
2821,2025-01-18,3,1001,576,4,59,47.4,Day
2822,2024-01-31,3,1025,705,6,70,31.5,Night
2823,2025-08-23,3,1040,949,11,91,69.4,Day
2824,2025-10-18,1,1035,1731,64,83,183.0,Night
2825,2024-02-18,2,1020,1565,15,116,64.5,Night
2826,2024-04-10,2,1035,879,21,119,131.0,Day
2827,2024-08-02,4,1009,798,22,41,91.5,Night
2828,2024-08-20,4,1032,1211,28,68,80.2,Night
2829,2025-11-10,1,1026,877,36,169,117.9,Night
2830,2025-05-04,1,1009,180,0,85,21.7,Day
2831,2024-10-07,2,1037,1302,31,155,168.9,Night
2832,2024-03-29,3,1012,1299,25,166,60.6,Night
2833,2024-02-05,4,1013,1098,26,147,142.3,Night
2834,2024-05-23,4,1009,1035,49,146,43.6,Night
2835,2024-06-12,3,1027,1798,46,46,205.0,Day
2836,2025-07-31,1,1010,1557,53,134,201.0,Night
2837,2024-02-25,2,1022,194,3,14,6.0,Day
2838,2025-02-06,4,1036,1404,15,59,56.2,Day
2839,2024-04-22,2,1019,1943,55,114,45.9,Day
2840,2025-12-06,2,1007,1477,12,124,194.1,Night
2841,2024-02-06,3,1030,752,38,41,79.4,Day
2842,2024-03-31,4,1011,566,14,147,34.6,Night
2843,2025-07-26,1,1025,1808,64,47,130.3,Day
2844,2025-11-16,1,1010,1625,86,143,226.1,Day
2845,2025-05-20,1,1028,968,7,178,38.8,Day
2846,2025-02-05,3,1038,1341,43,102,180.0,Night
2847,2024-12-22,2,1017,852,22,179,41.3,Day
2848,2025-04-21,2,1024,1215,14,130,128.3,Night
2849,2024-10-22,1,1022,1596,34,121,93.6,Night
2850,2025-04-15,1,1029,1734,17,147,162.7,Night
2851,2024-02-17,2,1037,848,8,40,114.3,Night
2852,2025-01-24,2,1030,1080,16,164,37.7,Day
2853,2025-10-11,1,1026,739,19,87,67.3,Day
2854,2025-05-20,4,1039,893,20,7,36.6,Day
2855,2024-03-04,3,1013,1914,57,135,86.4,Night
2856,2024-02-20,3,1018,289,3,90,10.4,Day
2857,2024-11-20,1,1014,652,13,4,26.4,Day
2858,2024-03-03,1,1003,782,14,30,92.3,Day
2859,2025-05-30,4,1034,471,12,106,59.3,Day
2860,2025-04-12,2,1022,758,25,149,101.2,Day
2861,2024-10-22,3,1003,436,19,9,12.4,Day
2862,2024-04-26,4,1008,1448,31,71,201.2,Night
2863,2025-02-10,2,1021,505,8,108,26.1,Night
2864,2024-07-11,3,1030,484,14,83,12.2,Day
2865,2024-12-19,2,1018,1403,33,13,196.5,Day
2866,2024-04-09,4,1012,1298,17,126,68.4,Day
2867,2025-02-05,1,1011,467,9,107,17.9,Day
2868,2025-02-15,1,1018,667,18,16,60.8,Night
2869,2025-03-06,1,1024,537,29,165,76.9,Day
2870,2024-04-21,4,1014,1912,7,106,175.0,Night
2871,2025-02-19,4,1019,165,4,169,18.9,Night
2872,2025-11-30,1,1025,807,14,93,42.7,Night
2873,2024-12-29,4,1002,180,3,133,25.5,Day
2874,2024-07-12,2,1024,710,4,91,38.3,Day
2875,2025-12-07,2,1019,827,11,18,100.9,Day
2876,2025-10-31,1,1033,148,0,68,9.1,Night
2877,2024-04-04,3,1029,573,31,119,44.2,Day
2878,2024-03-31,2,1026,1809,56,112,88.7,Night
2879,2024-09-08,4,1035,1786,33,3,126.3,Day
2880,2025-05-31,3,1013,672,16,74,93.7,Day
2881,2025-02-18,4,1013,1317,21,26,185.3,Day
2882,2025-01-01,1,1024,232,2,34,20.1,Night
2883,2024-03-22,3,1010,1041,9,9,50.9,Day
2884,2025-11-14,1,1029,1409,22,97,93.2,Day
2885,2024-08-29,4,1009,1561,72,80,171.1,Night
2886,2024-11-07,2,1001,571,16,20,59.6,Night
2887,2025-10-29,2,1026,241,1,33,22.1,Day
2888,2024-06-19,1,1022,725,14,78,54.6,Day
2889,2025-07-19,2,1026,815,29,106,101.1,Day
2890,2024-05-14,1,1032,750,15,83,70.1,Night
2891,2024-08-17,3,1006,1431,15,59,173.6,Day
2892,2025-06-28,1,1021,1501,14,135,75.8,Day
2893,2025-12-04,3,1010,600,22,54,82.3,Day
2894,2025-11-28,3,1017,1003,28,0,23.9,Night
2895,2024-04-28,1,1030,792,27,140,101.0,Day
2896,2025-12-22,2,1016,370,16,66,53.8,Night
2897,2024-06-22,4,1040,231,7,45,23.3,Night
2898,2025-04-18,2,1008,1789,78,71,70.1,Night
2899,2024-12-16,4,1011,1699,31,122,227.2,Night
2900,2025-11-03,2,1032,1398,34,67,47.7,Day
2901,2024-01-05,2,1014,1736,29,13,41.2,Day
2902,2025-06-30,3,1017,1483,30,69,59.1,Day
2903,2024-03-03,1,1019,161,1,118,11.0,Night
2904,2025-04-20,4,1008,1783,17,14,222.9,Day
2905,2025-06-27,1,1030,1280,26,80,52.4,Day
2906,2025-01-13,1,1018,944,10,84,39.2,Night
2907,2025-01-10,4,1032,139,2,164,20.2,Day
2908,2025-12-23,3,1010,1923,70,100,87.7,Day
2909,2024-08-30,2,1026,166,1,42,11.6,Night
2910,2024-12-27,3,1011,660,11,131,54.1,Night
2911,2024-08-09,3,1004,994,21,55,72.8,Night
2912,2024-12-18,2,1028,1046,6,55,52.5,Night
2913,2024-12-22,3,1023,1341,24,16,78.6,Night
2914,2025-09-29,2,1014,1627,35,85,109.8,Day
2915,2024-03-13,2,1017,1408,70,160,75.8,Night
2916,2025-06-21,4,1018,520,17,154,26.1,Day
2917,2024-07-04,3,1028,1178,16,2,81.3,Night
2918,2024-05-14,4,1021,1732,58,146,123.0,Day
2919,2024-11-10,1,1024,127,2,51,16.7,Day
2920,2025-04-25,4,1031,1596,55,19,186.6,Day
2921,2024-01-26,3,1032,166,1,17,5.7,Day
2922,2025-11-30,4,1012,401,9,107,27.5,Day
2923,2025-04-25,2,1029,106,3,97,11.4,Day
2924,2025-02-19,2,1023,406,6,138,10.4,Day
2925,2024-07-30,3,1006,1502,20,111,112.2,Night
2926,2024-07-03,4,1005,1167,15,158,48.2,Night
2927,2025-10-30,4,1003,1701,35,9,112.1,Night
2928,2024-05-04,4,1003,1815,61,89,204.4,Day
2929,2024-09-20,3,1023,681,27,66,75.8,Day
2930,2024-01-09,3,1026,1549,30,157,151.0,Night
2931,2024-09-04,2,1032,206,2,163,19.0,Night
2932,2025-11-10,1,1012,1297,14,126,51.4,Day
2933,2024-05-01,1,1039,1207,22,66,166.3,Day
2934,2024-03-23,3,1026,824,12,101,21.5,Night
2935,2024-03-29,2,1038,1035,40,4,123.5,Night
2936,2025-12-28,1,1004,1213,18,76,29.5,Night
2937,2025-09-21,4,1010,230,3,122,17.3,Day
2938,2024-07-28,1,1024,1111,10,147,34.3,Day
2939,2025-12-30,2,1034,976,26,176,40.5,Night
2940,2024-09-05,2,1040,1046,32,75,96.2,Day
2941,2025-03-01,1,1018,1124,37,134,156.9,Day
2942,2025-03-09,1,1019,440,9,80,29.5,Night
2943,2025-06-03,2,1029,433,16,83,38.4,Day
2944,2025-01-22,4,1029,332,7,79,44.9,Night
2945,2024-05-21,4,1039,1181,14,119,100.7,Day
2946,2024-12-28,1,1036,1784,22,80,173.4,Night
2947,2024-06-08,1,1006,1286,28,150,76.9,Night
2948,2025-02-10,4,1037,506,22,19,16.3,Day
2949,2024-03-09,1,1007,335,6,91,34.3,Night
2950,2024-05-13,1,1019,1657,64,59,81.6,Day
2951,2025-11-10,4,1007,1080,10,31,148.8,Night
2952,2025-10-04,1,1013,820,3,58,91.7,Day
2953,2024-09-16,4,1031,1271,58,19,96.9,Night
2954,2025-03-08,1,1017,932,26,134,94.9,Night
2955,2025-06-03,4,1005,693,26,99,79.9,Day
2956,2024-06-01,4,1032,1032,17,10,38.6,Night
2957,2025-06-16,1,1021,1239,12,132,31.0,Day
2958,2025-07-20,3,1030,1227,18,140,65.5,Day
2959,2025-05-08,3,1025,1563,20,94,105.5,Day
2960,2024-10-01,2,1027,1551,62,52,218.2,Day
2961,2024-08-25,2,1021,952,37,137,74.5,Night
2962,2024-03-10,1,1011,293,5,4,26.4,Day
2963,2025-11-06,4,1013,1100,22,167,121.4,Day
2964,2024-11-11,2,1002,566,6,38,70.7,Day
2965,2024-06-02,4,1031,1893,58,154,231.2,Day
2966,2024-12-30,4,1040,1221,19,40,116.0,Day
2967,2025-03-12,2,1022,417,4,12,46.3,Day
2968,2025-09-05,2,1028,1618,64,93,92.2,Night
2969,2024-09-04,3,1022,1216,61,57,103.3,Day
2970,2024-09-18,1,1012,271,3,36,27.0,Night
2971,2025-08-19,1,1025,524,6,57,57.2,Day
2972,2025-03-27,2,1014,1240,15,73,145.3,Day
2973,2025-09-11,2,1008,106,2,47,11.5,Day
2974,2025-09-06,4,1031,792,24,49,96.5,Day
2975,2025-07-14,3,1013,242,3,59,30.0,Night
2976,2024-03-03,2,1008,1219,31,7,127.6,Night
2977,2025-11-13,4,1035,1722,16,62,47.6,Night
2978,2025-12-04,1,1017,163,5,10,7.5,Day
2979,2025-06-01,4,1004,1207,26,75,59.4,Day
2980,2024-03-12,4,1006,828,13,14,74.9,Night
2981,2024-01-18,2,1025,1346,7,124,105.3,Day
2982,2025-06-29,3,1037,444,19,155,40.4,Day
2983,2025-04-03,2,1005,1086,24,57,128.1,Night
2984,2024-11-26,2,1006,910,24,177,38.3,Day
2985,2024-03-26,4,1039,400,4,42,33.3,Day
2986,2024-04-27,4,1014,1532,20,2,129.2,Day
2987,2025-12-19,2,1015,547,18,179,65.8,Night
2988,2024-08-22,3,1034,478,13,92,28.2,Night
2989,2024-02-28,3,1024,1038,33,177,100.9,Day
2990,2025-11-03,4,1024,1391,32,125,82.8,Day
2991,2025-06-09,3,1023,1639,18,2,233.5,Day
2992,2024-03-20,4,1017,1159,17,136,50.9,Night
2993,2025-02-14,1,1014,1858,33,97,54.1,Night
2994,2025-05-11,3,1013,1850,62,151,131.2,Night
2995,2025-12-28,1,1003,1965,19,113,105.5,Night
2996,2024-05-19,3,1020,835,7,107,20.6,Day
2997,2024-11-19,2,1008,624,26,90,35.2,Day
2998,2025-08-01,3,1036,1205,14,62,57.8,Night
2999,2025-03-26,3,1022,1922,30,136,287.5,Day
3000,2025-10-03,2,1036,567,6,110,21.6,Night
3001,2024-10-18,1,1015,1962,58,45,84.2,Day
3002,2025-03-18,1,1024,245,4,34,35.2,Day
3003,2024-07-28,1,1002,1331,47,80,56.8,Day
3004,2024-11-05,2,1011,1448,80,112,142.1,Day
3005,2024-07-23,4,1027,1465,19,161,117.2,Day
3006,2024-10-19,3,1034,392,5,178,22.8,Night
3007,2025-11-06,4,1011,722,27,85,75.7,Day
3008,2024-04-01,2,1006,261,4,1,34.6,Day
3009,2025-06-06,4,1016,1327,14,15,26.6,Night
3010,2024-08-04,3,1028,203,1,176,19.3,Night
3011,2024-04-02,3,1009,809,18,77,97.5,Day
3012,2025-04-10,1,1023,1272,48,133,78.2,Night
3013,2025-04-15,2,1021,870,11,156,56.4,Night
3014,2024-06-15,2,1026,364,6,112,54.5,Night
3015,2025-07-13,2,1032,511,24,68,22.7,Day
3016,2025-03-18,2,1032,317,13,162,43.0,Night
3017,2025-11-20,3,1022,1597,7,6,149.4,Day
3018,2025-04-09,2,1029,1270,21,171,149.4,Day
3019,2024-12-05,4,1031,909,5,93,77.0,Day
3020,2025-07-26,2,1011,1521,11,128,137.7,Night
3021,2025-07-15,4,1033,800,3,17,70.0,Night
3022,2024-04-17,3,1034,296,8,39,27.7,Night
3023,2024-10-27,3,1031,1915,25,93,174.6,Day
3024,2025-06-29,4,1028,1656,71,91,149.6,Night
3025,2025-01-04,1,1001,1882,99,75,277.5,Day
3026,2025-08-23,2,1024,417,5,12,12.9,Night
3027,2024-07-09,2,1008,1019,34,24,152.6,Night
3028,2024-11-15,4,1038,1226,21,152,183.8,Day
3029,2025-05-01,4,1035,1063,11,57,158.2,Night
3030,2024-09-10,1,1005,1263,22,117,25.8,Night
3031,2025-07-07,2,1037,529,9,177,37.8,Day
3032,2025-11-07,3,1012,832,39,113,90.4,Day
3033,2025-07-15,1,1020,1519,42,24,211.4,Day
3034,2025-08-23,1,1011,595,9,26,65.4,Night
3035,2024-10-11,4,1019,288,1,60,10.5,Day
3036,2024-03-30,4,1022,1202,26,57,35.7,Day
3037,2025-08-04,2,1019,874,17,168,89.5,Day
3038,2024-11-15,2,1035,469,12,100,33.7,Night
3039,2025-05-15,4,1001,690,2,118,36.1,Night
3040,2025-10-25,2,1006,111,2,169,5.2,Day
3041,2025-11-06,1,1012,1744,56,66,213.0,Night
3042,2024-03-28,2,1008,1745,54,61,229.5,Night
3043,2024-01-17,1,1030,1267,25,58,71.6,Day
3044,2024-08-03,3,1023,881,33,133,83.3,Night
3045,2024-10-17,3,1029,1475,11,125,178.7,Night
3046,2024-06-25,1,1029,834,14,141,44.1,Night
3047,2025-06-21,1,1029,1351,16,179,170.1,Night
3048,2025-10-29,1,1020,1456,45,40,139.5,Night
3049,2024-06-29,1,1002,231,7,150,8.9,Day
3050,2025-06-02,2,1034,621,4,81,80.1,Night
3051,2025-10-04,2,1016,1837,71,19,233.1,Night
3052,2024-06-28,2,1030,1724,20,108,66.8,Night
3053,2024-02-21,2,1009,116,2,89,3.9,Day
3054,2025-01-13,1,1009,834,27,83,28.0,Night
3055,2024-09-14,4,1024,1544,60,118,67.7,Night
3056,2024-05-12,1,1010,724,12,70,32.1,Day
3057,2025-07-25,3,1008,1426,20,63,116.3,Day
3058,2025-12-07,2,1027,1056,4,101,105.0,Night
3059,2025-10-25,2,1021,1704,24,74,60.0,Day
3060,2025-09-29,3,1035,603,8,118,37.4,Night
3061,2025-08-27,2,1004,160,4,16,4.9,Day
3062,2025-01-05,2,1024,573,18,120,67.2,Day
3063,2024-01-13,3,1015,908,9,163,83.0,Day
3064,2024-01-09,3,1035,724,19,58,22.0,Day
3065,2025-02-04,1,1040,407,9,154,26.7,Day
3066,2025-02-24,2,1019,1879,64,109,188.0,Night
3067,2025-01-19,4,1001,1388,13,67,33.2,Night
3068,2024-04-22,1,1002,1794,34,6,58.2,Night
3069,2024-03-13,4,1009,1267,73,132,142.3,Day
3070,2025-06-23,4,1014,105,2,127,7.6,Day
3071,2024-05-26,1,1008,1738,35,113,50.5,Night
3072,2025-04-11,4,1025,972,6,144,34.9,Night
3073,2025-02-12,4,1027,489,3,87,13.2,Day
3074,2024-10-21,1,1022,504,2,75,45.0,Day
3075,2024-07-31,4,1025,315,6,163,18.3,Night
3076,2024-09-24,3,1014,1128,7,87,122.9,Night
3077,2025-12-10,3,1031,795,5,152,60.7,Day
3078,2024-11-08,4,1016,1879,48,162,50.3,Day
3079,2025-10-12,3,1009,1486,44,126,194.2,Night
3080,2025-05-06,1,1014,1221,21,41,58.8,Night
3081,2024-04-16,1,1022,1496,32,22,135.5,Night
3082,2025-02-22,2,1012,1825,34,50,206.2,Night
3083,2024-08-28,4,1027,169,3,29,9.1,Day
3084,2024-11-24,4,1020,563,8,164,19.3,Night
3085,2024-10-08,2,1033,1473,72,45,208.0,Night
3086,2024-09-07,3,1008,1557,39,106,73.1,Night
3087,2025-08-04,2,1002,1658,48,122,228.1,Day
3088,2025-12-13,2,1026,443,5,14,33.7,Day
3089,2024-01-10,3,1011,1634,18,160,103.1,Day
3090,2025-06-01,1,1017,1694,14,74,217.5,Night
3091,2024-05-08,4,1019,870,13,148,19.6,Night
3092,2024-06-15,4,1006,670,25,129,20.4,Night
3093,2025-10-08,4,1033,1030,28,36,64.8,Night
3094,2025-12-01,3,1021,580,5,109,12.9,Day
3095,2025-03-14,3,1003,893,13,19,65.7,Day
3096,2025-04-30,1,1030,1974,34,52,244.0,Night
3097,2024-10-14,4,1021,1132,16,55,133.3,Night
3098,2025-03-21,1,1017,1710,10,146,91.0,Day
3099,2025-04-30,4,1029,1952,36,91,274.2,Night
3100,2024-08-12,4,1007,398,5,69,41.0,Night
3101,2024-04-17,4,1018,1382,42,39,54.2,Night
3102,2025-05-11,4,1008,1922,21,148,268.0,Night
3103,2025-06-20,1,1009,159,2,94,13.9,Day
3104,2025-09-14,1,1029,1655,14,109,112.2,Night
3105,2024-11-12,4,1039,353,9,18,46.6,Night
3106,2025-02-11,1,1015,1046,9,137,125.5,Day
3107,2025-09-26,1,1003,843,22,74,46.4,Night
3108,2024-06-04,3,1014,1817,7,78,270.6,Night
3109,2025-06-25,1,1038,1677,49,49,135.1,Day
3110,2024-08-22,3,1013,119,3,151,2.5,Day
3111,2024-01-10,3,1027,465,5,96,10.5,Day
3112,2025-04-08,3,1011,1359,21,10,92.5,Night
3113,2024-07-22,4,1031,1089,27,147,95.4,Day
3114,2024-08-16,1,1019,1972,15,178,237.0,Night
3115,2025-05-05,1,1017,100,5,59,12.3,Night
3116,2025-08-05,2,1023,554,16,106,76.0,Day
3117,2025-07-15,2,1020,811,8,118,33.6,Day
3118,2024-06-02,3,1027,1589,45,146,188.5,Night
3119,2024-10-30,1,1039,1816,49,43,144.4,Night
3120,2024-03-01,2,1025,481,12,57,11.4,Night
3121,2025-10-08,4,1031,1349,16,14,197.9,Night
3122,2024-10-27,4,1040,1490,36,175,125.3,Day
3123,2025-09-12,2,1028,576,6,56,73.1,Day
3124,2025-07-23,1,1026,1072,18,15,78.9,Night
3125,2024-07-14,2,1003,1223,43,22,122.9,Day
3126,2025-10-28,4,1034,1462,13,177,150.6,Day
3127,2025-07-16,3,1031,293,6,118,36.5,Night
3128,2025-01-21,2,1005,1209,18,3,160.6,Night
3129,2025-05-15,1,1017,1453,23,73,111.9,Day
3130,2024-10-29,3,1035,500,2,32,53.8,Night
3131,2025-04-26,3,1025,122,3,43,3.3,Night
3132,2024-05-27,1,1036,1149,20,152,128.0,Day
3133,2025-08-29,1,1010,529,3,50,27.2,Night
3134,2024-09-04,2,1015,715,21,7,31.0,Night
3135,2025-08-21,2,1007,447,6,175,36.5,Night
3136,2024-01-09,1,1023,1557,31,39,35.3,Night
3137,2024-01-15,3,1011,1244,26,177,43.7,Day
3138,2025-04-25,2,1040,1061,25,0,148.1,Night
3139,2024-09-26,1,1031,1677,28,172,188.3,Night
3140,2024-06-25,1,1012,491,2,113,11.8,Day
3141,2025-03-18,4,1040,891,13,98,50.7,Day
3142,2024-09-16,4,1033,943,9,35,116.8,Day
3143,2024-10-28,3,1014,461,2,108,12.3,Day
3144,2025-01-02,1,1015,1554,15,91,151.6,Day
3145,2025-01-21,3,1024,1147,17,69,137.3,Day
3146,2025-06-27,4,1003,990,9,40,142.1,Day
3147,2024-11-29,2,1011,1203,19,0,38.3,Day
3148,2024-09-14,1,1034,295,3,57,27.0,Night
3149,2025-09-04,2,1017,1304,18,161,179.2,Night
3150,2025-01-09,4,1026,511,6,118,64.8,Night
3151,2024-06-26,4,1020,115,3,126,8.2,Day
3152,2024-09-06,4,1003,1005,8,150,67.7,Night
3153,2024-09-18,3,1039,1013,8,66,100.1,Day
3154,2025-12-03,3,1031,626,20,79,12.7,Day
3155,2024-02-16,2,1008,129,1,34,3.3,Night
3156,2024-10-18,1,1036,1122,11,65,36.9,Day
3157,2025-11-17,3,1011,606,17,16,44.0,Night
3158,2025-06-05,1,1027,148,0,139,8.8,Night
3159,2025-10-16,1,1026,1038,10,134,58.8,Day
3160,2025-02-16,3,1011,1238,37,32,103.2,Night
3161,2024-12-13,4,1008,758,12,16,45.6,Day
3162,2024-04-22,2,1026,1657,25,119,194.5,Day
3163,2025-11-01,3,1032,1493,27,49,47.4,Day
3164,2024-07-11,2,1025,1945,62,142,121.3,Day
3165,2025-12-15,1,1031,885,9,66,114.9,Night
3166,2024-06-12,3,1038,1835,81,156,103.0,Day
3167,2025-04-03,4,1002,1362,13,37,203.7,Night
3168,2025-10-03,2,1026,121,0,88,3.4,Day
3169,2025-05-21,1,1014,1468,60,78,165.4,Night
3170,2025-07-15,2,1025,565,17,59,67.0,Night
3171,2025-10-20,3,1018,830,8,124,32.1,Night
3172,2024-01-15,1,1039,979,14,52,32.7,Day
3173,2025-02-15,4,1015,410,15,169,37.0,Day
3174,2024-02-24,1,1002,1494,29,33,217.3,Night
3175,2025-11-02,1,1011,431,8,165,60.5,Night
3176,2025-09-26,1,1008,190,3,176,23.6,Day
3177,2024-02-26,3,1030,950,54,83,74.1,Day
3178,2024-12-16,2,1017,590,22,147,18.2,Day
3179,2025-08-01,2,1031,1296,19,130,178.6,Day
3180,2024-03-30,4,1009,366,8,162,24.1,Day
3181,2024-06-21,4,1030,1147,17,122,145.6,Night
3182,2024-06-25,3,1022,746,16,164,31.4,Day
3183,2024-03-16,4,1012,1253,20,92,28.7,Day
3184,2024-02-06,1,1020,557,18,140,55.2,Day
3185,2025-08-16,3,1002,554,4,172,55.9,Night
3186,2025-09-04,3,1039,1633,58,88,54.4,Night
3187,2024-06-05,3,1038,1224,33,90,182.1,Day
3188,2024-07-02,1,1036,944,26,17,25.4,Day
3189,2024-10-17,2,1023,1277,23,140,106.3,Day
3190,2024-01-03,4,1036,1804,40,79,77.5,Night
3191,2025-09-19,2,1008,1238,55,143,27.8,Day
3192,2024-12-13,1,1004,1612,49,63,179.5,Night
3193,2025-01-07,2,1030,108,3,50,14.4,Day
3194,2024-11-17,1,1039,814,4,144,21.6,Night
3195,2024-11-08,4,1026,771,35,108,115.3,Day
3196,2024-05-11,2,1008,1234,26,74,121.7,Night
3197,2024-03-04,2,1030,1825,38,166,86.4,Day
3198,2025-11-20,2,1033,831,11,130,65.5,Night
3199,2024-12-11,2,1015,1505,12,71,191.5,Day
3200,2024-02-09,4,1005,169,2,68,9.4,Night
3201,2024-09-15,1,1025,549,3,4,36.3,Night
3202,2025-02-16,2,1004,1064,34,8,129.4,Night
3203,2024-01-11,3,1030,888,21,49,123.9,Night
3204,2025-05-28,1,1019,609,6,60,69.4,Day
3205,2024-04-15,4,1033,1758,57,30,133.5,Night
3206,2024-05-07,1,1033,910,13,86,112.3,Day
3207,2024-07-29,1,1001,238,9,61,7.2,Night
3208,2025-08-08,1,1007,1624,26,54,58.4,Day
3209,2024-12-18,1,1034,1205,15,2,146.5,Day
3210,2024-09-02,4,1039,1688,47,113,148.6,Day
3211,2024-10-18,4,1035,1814,72,49,221.9,Night
3212,2025-04-12,4,1007,1381,43,153,111.0,Day
3213,2025-04-28,2,1035,616,25,160,83.4,Day
3214,2025-08-05,3,1027,701,12,145,19.2,Night
3215,2024-06-09,2,1035,1484,64,153,219.5,Day
3216,2025-08-08,1,1004,621,7,107,81.2,Day
3217,2024-12-19,2,1036,1430,26,159,191.1,Night
3218,2025-03-29,4,1030,1295,19,46,161.1,Day
3219,2024-05-10,1,1010,1216,39,131,119.1,Night
3220,2024-06-04,3,1020,1548,68,15,43.6,Night
3221,2024-12-21,4,1039,1964,32,62,109.3,Day
3222,2024-03-11,2,1024,1211,30,132,83.1,Day
3223,2024-02-27,4,1036,699,8,98,23.7,Night
3224,2024-02-02,2,1035,866,29,21,61.1,Night
3225,2025-07-29,4,1023,742,33,70,48.1,Day
3226,2024-02-26,2,1003,477,14,130,31.2,Day
3227,2024-03-01,4,1035,105,0,85,8.6,Day
3228,2024-03-19,2,1039,1610,66,130,42.9,Night
3229,2025-08-04,3,1012,177,5,38,21.4,Day
3230,2025-08-07,4,1029,641,7,54,33.5,Day
3231,2025-12-29,4,1012,831,14,168,27.5,Night
3232,2024-12-14,4,1005,476,8,178,43.5,Day
3233,2024-09-05,4,1007,1009,45,99,74.5,Night
3234,2024-12-17,1,1030,776,24,147,17.1,Night
3235,2025-01-21,1,1018,519,16,91,41.8,Night
3236,2025-08-28,2,1015,1592,34,55,39.5,Night
3237,2024-05-30,1,1003,1311,33,27,95.5,Night
3238,2025-01-03,4,1014,1673,34,51,189.1,Night
3239,2025-06-12,2,1038,1125,28,144,161.8,Night
3240,2024-12-29,2,1019,507,20,105,12.9,Night
3241,2024-10-24,2,1039,361,13,170,30.3,Day
3242,2024-08-08,3,1001,1333,12,68,46.8,Day
3243,2025-10-02,3,1033,393,3,26,19.9,Day
3244,2024-08-31,1,1016,475,11,0,31.8,Night
3245,2025-06-13,1,1004,1240,37,124,81.6,Night
3246,2024-11-10,3,1038,551,6,68,17.5,Day
3247,2025-01-26,2,1022,1035,46,3,147.0,Day
3248,2025-06-03,3,1021,1646,30,137,152.8,Day
3249,2024-02-07,4,1034,1899,52,131,231.3,Night
3250,2025-03-05,3,1004,1821,56,0,172.5,Night
3251,2024-09-19,3,1024,1320,34,68,130.4,Night
3252,2024-07-25,2,1019,811,10,40,60.8,Night
3253,2024-07-18,2,1040,865,26,110,111.1,Day
3254,2024-10-22,1,1016,1249,23,77,123.2,Day
3255,2025-05-23,4,1028,1745,43,102,61.5,Night
3256,2024-04-18,4,1038,1849,18,126,149.9,Night
3257,2025-05-19,2,1005,931,15,70,126.7,Day
3258,2024-07-25,4,1008,493,18,113,34.3,Night
3259,2024-07-17,1,1031,216,10,44,12.5,Day
3260,2024-01-16,3,1033,601,14,163,60.5,Day
3261,2024-12-22,2,1008,289,7,120,22.6,Day
3262,2024-05-24,1,1032,1803,53,88,41.7,Day
3263,2024-12-15,1,1012,626,5,143,31.8,Day
3264,2025-06-03,2,1032,1735,24,68,57.5,Night
3265,2024-05-05,2,1027,1848,5,1,274.3,Night
3266,2025-10-15,4,1006,1226,11,104,139.3,Day
3267,2024-10-28,4,1017,468,4,152,14.0,Day
3268,2025-07-21,4,1025,333,5,141,36.2,Night
3269,2025-03-05,1,1030,1784,36,15,80.3,Day
3270,2024-11-09,1,1037,786,15,2,23.0,Day
3271,2024-03-13,1,1030,1748,35,62,249.8,Night
3272,2025-01-27,2,1028,1409,4,107,54.6,Night
3273,2024-03-07,2,1022,585,19,71,22.6,Night
3274,2024-10-16,2,1011,1857,52,151,262.8,Night
3275,2024-05-20,1,1032,1351,40,58,94.8,Day
3276,2024-01-25,2,1019,1993,24,74,193.8,Day
3277,2024-02-02,2,1007,1818,33,66,131.6,Night
3278,2025-06-06,3,1015,1599,71,125,217.2,Night
3279,2024-08-18,4,1003,217,4,143,30.7,Night
3280,2025-08-09,1,1040,1518,34,119,226.9,Night
3281,2024-01-10,4,1003,328,11,178,44.6,Day
3282,2024-03-14,2,1011,1311,9,170,149.2,Night
3283,2025-05-29,4,1024,283,3,8,22.0,Night
3284,2025-03-28,3,1011,667,22,86,41.5,Night
3285,2024-11-26,1,1031,1572,43,151,59.7,Night
3286,2025-01-03,2,1003,1156,9,138,133.8,Day
3287,2025-09-20,4,1010,1996,31,95,148.9,Night
3288,2024-01-04,3,1032,135,2,58,16.5,Night
3289,2025-09-11,3,1038,545,14,44,48.3,Day
3290,2024-08-29,4,1038,659,18,121,80.2,Day
3291,2025-03-28,1,1026,1576,45,112,32.8,Night
3292,2024-06-22,1,1034,812,8,129,31.5,Night
3293,2025-05-31,3,1004,1321,19,147,91.6,Day
3294,2025-10-08,2,1009,1205,49,170,60.2,Night
3295,2024-05-21,2,1022,163,3,60,19.4,Day
3296,2025-08-22,4,1003,313,11,160,26.0,Day
3297,2024-06-22,1,1019,436,15,85,18.3,Night
3298,2024-11-05,4,1004,461,8,80,28.8,Night
3299,2024-10-31,1,1013,491,4,122,38.4,Night
3300,2025-10-05,2,1031,1791,67,7,114.9,Day
3301,2024-03-14,1,1033,618,31,160,24.9,Day
3302,2025-06-02,1,1034,800,12,175,47.5,Day
3303,2024-12-08,2,1034,508,7,135,42.8,Night
3304,2025-09-28,3,1016,327,3,47,46.0,Night
3305,2024-06-28,4,1009,1944,16,129,176.2,Night
3306,2025-03-26,3,1033,764,7,125,81.2,Night
3307,2025-05-10,2,1003,797,8,62,36.1,Day
3308,2025-09-10,1,1009,1647,54,33,116.2,Night
3309,2025-06-27,2,1026,1950,79,145,247.8,Day
3310,2024-11-14,3,1040,1025,23,129,112.1,Day
3311,2025-12-05,1,1032,1677,20,155,41.3,Night
3312,2025-10-24,3,1017,1918,90,34,138.4,Day
3313,2025-03-13,4,1040,1622,25,168,63.9,Night
3314,2025-06-13,1,1021,1211,48,163,101.9,Night
3315,2024-06-12,2,1026,1215,39,82,84.3,Night
3316,2024-11-27,2,1028,1340,6,35,163.8,Day
3317,2025-12-21,4,1007,1577,75,49,124.1,Night
3318,2024-09-28,3,1029,1728,18,20,187.4,Night
3319,2025-06-23,3,1031,1917,42,39,104.9,Day
3320,2024-10-04,1,1032,1496,44,10,122.7,Night
3321,2025-01-13,2,1030,111,4,51,16.6,Day
3322,2024-01-13,3,1002,1032,13,0,59.1,Day
3323,2025-04-08,4,1011,226,4,74,30.2,Day
3324,2025-12-28,1,1010,1020,7,40,136.7,Night
3325,2024-07-27,2,1006,977,5,101,100.0,Day
3326,2025-01-08,3,1028,1486,41,35,172.8,Night
3327,2024-03-27,3,1013,1832,62,174,159.9,Day
3328,2024-02-11,3,1024,704,19,28,21.8,Night
3329,2024-12-11,1,1031,355,12,179,41.3,Night
3330,2025-01-12,4,1021,1360,42,112,104.8,Night
3331,2025-02-12,4,1007,1319,41,47,121.9,Night
3332,2025-08-31,3,1015,869,19,173,56.1,Day
3333,2025-11-07,2,1006,1776,30,121,158.7,Night
3334,2025-09-22,4,1036,900,16,135,26.0,Night
3335,2024-04-12,3,1004,412,8,22,22.5,Night
3336,2025-08-18,2,1019,1308,19,104,194.8,Day
3337,2024-05-04,1,1022,778,12,162,92.8,Day
3338,2025-03-29,3,1039,1846,23,126,87.4,Day
3339,2025-07-04,3,1011,1720,13,113,220.7,Day
3340,2024-10-05,3,1032,851,25,90,122.2,Night
3341,2024-12-07,4,1020,595,25,148,47.3,Day
3342,2024-05-03,4,1036,1508,55,80,160.0,Night
3343,2025-10-04,3,1038,411,4,95,44.3,Night
3344,2024-09-17,2,1024,1424,65,123,153.5,Day
3345,2024-12-20,3,1014,1862,34,135,238.9,Night
3346,2025-02-19,2,1037,419,19,27,39.9,Night
3347,2024-08-11,3,1030,1983,35,110,238.0,Day
3348,2024-02-04,3,1034,1233,24,155,118.6,Day
3349,2024-07-15,3,1011,856,21,162,84.9,Day
3350,2025-01-04,3,1003,1903,39,107,253.8,Day
3351,2024-08-17,1,1011,490,9,39,70.9,Day
3352,2024-07-20,1,1012,414,8,116,30.7,Day
3353,2025-10-28,4,1013,835,17,130,65.2,Night
3354,2025-10-05,3,1020,362,10,113,35.5,Day
3355,2024-11-21,4,1009,1264,10,119,85.6,Day
3356,2025-02-06,2,1020,1001,23,76,92.0,Day
3357,2024-05-20,4,1035,1513,25,149,182.4,Night
3358,2025-10-15,1,1034,937,9,141,27.5,Day
3359,2025-06-21,3,1014,552,4,67,29.5,Night
3360,2025-03-09,1,1019,1030,10,11,151.3,Night
3361,2025-06-28,3,1018,517,5,153,17.8,Night
3362,2025-11-08,3,1013,1306,30,136,81.0,Day
3363,2024-10-03,4,1025,262,5,24,32.3,Day
3364,2025-11-10,1,1032,1474,11,170,85.3,Day
3365,2024-06-05,1,1015,587,6,176,25.2,Day
3366,2025-12-13,1,1013,1916,78,2,210.8,Day
3367,2024-02-24,3,1025,1686,36,87,89.5,Day
3368,2024-07-29,2,1037,470,4,97,39.3,Night
3369,2025-11-12,4,1014,1249,51,65,143.4,Day
3370,2025-04-20,3,1016,1010,26,134,22.6,Night
3371,2025-04-13,3,1031,515,15,135,15.7,Day
3372,2024-08-26,4,1011,1477,47,5,87.6,Night
3373,2024-05-19,3,1039,540,29,89,17.3,Night
3374,2024-04-27,4,1010,778,19,167,66.8,Night
3375,2024-07-11,3,1026,1863,79,62,100.4,Day
3376,2025-06-26,2,1022,984,15,118,86.6,Day
3377,2025-08-10,1,1004,806,11,32,45.4,Day
3378,2024-12-01,4,1013,282,13,21,11.9,Night
3379,2025-01-27,4,1019,1567,12,169,208.8,Day
3380,2025-11-18,3,1017,646,4,101,76.0,Night
3381,2024-06-27,2,1005,1015,41,102,88.0,Day
3382,2024-01-04,2,1009,537,16,84,60.4,Day
3383,2025-06-25,2,1003,1208,34,133,81.4,Day
3384,2025-02-16,1,1028,1956,64,148,281.0,Day
3385,2024-04-03,1,1016,680,29,158,89.6,Night
3386,2025-03-03,1,1015,381,4,29,15.3,Night
3387,2024-10-12,3,1031,709,25,171,15.0,Day
3388,2024-03-23,2,1028,1841,14,61,136.5,Day
3389,2025-05-17,2,1031,1422,17,117,91.1,Night
3390,2025-02-15,4,1022,812,23,113,65.5,Night
3391,2025-08-01,2,1014,1373,25,56,196.2,Day
3392,2024-07-16,4,1016,1686,36,137,72.0,Night
3393,2025-05-17,4,1001,413,11,131,30.9,Night
3394,2025-01-20,3,1021,934,8,46,126.8,Night
3395,2024-03-04,1,1032,968,33,91,72.8,Day
3396,2024-05-15,4,1015,1535,37,61,58.5,Night
3397,2024-11-04,1,1033,1302,13,52,30.6,Night
3398,2024-02-15,2,1012,877,8,65,119.5,Night
3399,2025-01-12,3,1003,1719,16,23,199.0,Day
3400,2025-09-19,2,1039,1335,15,18,131.5,Night
3401,2024-06-25,2,1038,1170,50,154,35.0,Day
3402,2025-03-02,2,1004,1219,21,117,82.4,Day
3403,2024-11-30,1,1016,1214,27,168,115.2,Day
3404,2024-02-08,2,1023,448,19,135,22.7,Day
3405,2024-06-06,1,1024,977,7,146,96.6,Night
3406,2025-11-01,1,1027,1361,31,5,116.9,Night
3407,2024-10-25,2,1018,1056,4,93,69.3,Day
3408,2024-07-12,1,1030,810,20,152,54.5,Night
3409,2024-06-24,2,1010,423,12,94,23.0,Day
3410,2025-07-14,1,1022,442,14,164,11.3,Night
3411,2025-11-02,3,1016,1026,46,176,47.5,Night
3412,2024-09-10,3,1009,1896,21,70,214.2,Night
3413,2024-12-27,1,1035,662,7,66,35.0,Day
3414,2025-05-09,3,1019,174,4,17,13.1,Night
3415,2024-08-13,1,1016,789,24,106,111.4,Day
3416,2025-01-07,1,1021,123,4,164,13.6,Night
3417,2025-02-22,4,1011,1033,12,84,147.1,Day
3418,2024-02-07,1,1020,750,32,19,64.7,Day
3419,2024-04-23,1,1005,783,29,119,117.0,Day
3420,2025-08-02,4,1034,1044,18,88,143.8,Day
3421,2025-09-26,2,1011,1852,35,28,171.5,Night
3422,2025-10-16,3,1025,358,9,178,21.1,Day
3423,2024-06-21,2,1025,139,2,50,4.6,Day
3424,2025-08-27,1,1040,1419,28,155,88.5,Day
3425,2024-11-15,2,1028,1308,9,172,156.1,Night
3426,2024-08-12,1,1035,524,2,122,40.5,Night
3427,2025-04-15,2,1024,1078,29,51,142.2,Night
3428,2024-01-06,2,1035,613,15,55,75.5,Night
3429,2024-10-17,1,1008,1644,9,28,231.4,Day
3430,2024-09-28,4,1034,957,17,95,68.5,Night
3431,2024-02-12,1,1014,979,22,125,23.5,Day
3432,2025-04-06,1,1028,1188,14,97,105.1,Night
3433,2025-03-01,4,1015,983,14,15,28.5,Night
3434,2024-02-13,2,1024,1691,22,140,49.0,Night
3435,2024-01-22,4,1007,1535,25,80,41.9,Night
3436,2025-06-09,4,1017,1478,30,160,48.7,Day
3437,2025-04-02,3,1024,467,14,3,15.9,Night
3438,2024-01-03,4,1031,1958,35,54,189.2,Day
3439,2025-03-24,3,1023,1744,43,97,189.5,Day
3440,2024-02-20,4,1027,1360,43,66,156.6,Day
3441,2025-04-29,2,1016,790,29,122,78.1,Night
3442,2025-01-12,3,1017,1301,38,37,99.5,Night
3443,2025-04-16,1,1033,1083,21,172,93.2,Night
3444,2024-10-19,4,1031,317,8,70,39.4,Night
3445,2025-02-21,4,1030,1033,32,47,37.8,Night
3446,2024-04-10,1,1032,1090,54,88,122.8,Night
3447,2024-11-03,1,1032,1075,10,120,33.5,Day
3448,2025-04-16,3,1033,1203,49,178,103.1,Night
3449,2025-04-20,1,1010,227,0,176,33.3,Day
3450,2024-09-16,1,1014,857,10,11,85.5,Day
3451,2025-10-22,4,1022,1766,41,8,171.6,Day
3452,2025-10-09,2,1025,1479,19,22,91.7,Night
3453,2025-09-09,4,1005,755,5,124,57.2,Night
3454,2024-01-30,1,1032,1076,14,81,147.2,Night
3455,2025-01-08,3,1014,468,8,33,53.5,Night
3456,2024-03-06,4,1022,924,19,170,100.6,Day
3457,2025-04-27,4,1003,1581,18,137,61.0,Day
3458,2024-12-04,1,1005,1571,17,5,218.9,Night
3459,2024-02-24,3,1026,205,4,175,16.2,Day
3460,2025-05-22,4,1017,1687,7,163,134.8,Day
3461,2025-04-18,3,1024,1689,80,137,215.2,Day
3462,2024-01-09,1,1013,1013,14,176,120.7,Day
3463,2024-03-30,4,1011,1945,81,150,184.2,Day
3464,2024-04-17,3,1028,1952,44,24,211.1,Night
3465,2024-03-25,3,1040,1469,30,156,127.7,Night
3466,2024-09-21,1,1006,949,22,115,76.4,Night
3467,2024-11-17,4,1005,778,7,0,74.6,Night
3468,2024-11-17,4,1020,1724,26,167,216.8,Day
3469,2024-01-14,3,1039,260,4,112,13.3,Day
3470,2025-09-26,2,1030,1706,35,7,204.8,Day
3471,2025-10-03,4,1011,1376,13,41,81.7,Night
3472,2025-08-25,1,1009,1830,31,34,162.5,Night
3473,2025-03-31,3,1005,1653,53,49,45.1,Night
3474,2024-05-05,2,1004,1893,30,16,150.0,Night
3475,2024-12-31,2,1036,1664,18,19,83.7,Day
3476,2024-01-30,4,1031,898,20,113,116.4,Day
3477,2025-11-03,1,1039,1974,55,69,143.1,Day
3478,2024-09-22,4,1015,1184,20,13,38.0,Night
3479,2025-02-16,2,1015,1727,33,64,38.5,Day
3480,2024-11-12,4,1016,214,6,74,17.9,Night
3481,2024-11-06,3,1014,1545,54,143,225.0,Night
3482,2025-10-25,1,1011,665,24,64,33.2,Day
3483,2025-04-01,2,1020,1396,76,67,61.7,Day
3484,2024-02-06,4,1017,784,34,153,104.4,Night
3485,2024-10-13,2,1020,1749,10,12,59.2,Day
3486,2024-12-26,4,1030,462,8,163,14.9,Day
3487,2024-09-23,1,1007,532,5,128,45.5,Night
3488,2025-03-30,1,1037,1721,83,74,221.8,Day
3489,2024-05-24,3,1034,256,14,161,37.8,Night
3490,2024-06-26,1,1019,868,12,33,103.1,Night
3491,2024-09-25,1,1035,1358,7,16,192.9,Day
3492,2024-10-18,3,1023,1829,23,51,117.8,Night
3493,2024-10-14,1,1019,265,2,140,34.6,Day
3494,2025-07-26,2,1015,1881,28,101,144.0,Night
3495,2024-11-26,4,1022,425,5,88,38.7,Night
3496,2025-05-08,3,1009,1493,39,115,70.9,Night
3497,2024-07-12,4,1028,1366,45,113,68.3,Night
3498,2025-01-16,1,1032,1985,15,52,225.7,Day
3499,2025-02-27,4,1035,468,4,114,30.6,Day
3500,2025-12-30,4,1011,833,18,4,29.2,Day
3501,2025-07-01,1,1034,1645,27,78,81.2,Night
3502,2024-10-28,2,1024,146,0,73,15.5,Night
3503,2025-02-26,3,1013,1889,11,137,240.8,Night
3504,2025-06-27,4,1010,862,18,85,25.8,Night
3505,2025-10-05,4,1022,1331,26,7,94.8,Day
3506,2024-01-06,4,1005,433,18,176,39.1,Night
3507,2025-01-24,4,1013,214,6,164,19.4,Night
3508,2024-02-05,1,1017,1766,11,39,72.7,Day
3509,2024-04-02,1,1003,1819,56,163,251.1,Day
3510,2025-08-15,1,1029,630,10,4,84.9,Day
3511,2025-07-18,1,1037,355,8,22,15.7,Day
3512,2025-08-21,4,1018,546,9,68,38.4,Night
3513,2024-11-24,3,1018,1425,22,168,38.8,Night
3514,2024-06-03,4,1034,1159,57,71,112.1,Day
3515,2024-11-02,3,1007,320,8,29,40.7,Day
3516,2025-11-30,1,1011,1025,14,92,143.5,Night
3517,2024-02-13,2,1036,641,33,90,18.4,Day
3518,2024-12-19,2,1028,1250,19,131,72.8,Day
3519,2025-08-06,4,1033,131,1,176,16.7,Night
3520,2024-08-11,2,1031,139,3,38,3.8,Day
3521,2025-06-08,4,1039,540,12,170,28.1,Night
3522,2024-06-22,2,1028,890,20,109,32.9,Night
3523,2025-09-25,4,1014,749,9,1,104.9,Night
3524,2025-12-19,3,1024,147,0,169,19.4,Night
3525,2025-08-03,2,1028,1420,67,41,39.7,Day
3526,2025-07-08,1,1012,1212,25,7,103.5,Night
3527,2025-10-31,3,1004,325,8,169,22.6,Day
3528,2025-11-14,3,1003,1886,67,3,266.9,Day
3529,2024-04-23,4,1003,1886,44,117,43.8,Day
3530,2024-03-12,3,1009,496,24,103,21.3,Day
3531,2024-05-15,4,1017,1416,45,162,55.5,Day
3532,2024-10-16,3,1023,1184,31,152,165.0,Night
3533,2024-02-06,1,1008,1244,6,89,88.1,Day
3534,2025-03-17,1,1006,363,3,10,41.2,Day
3535,2024-04-14,3,1017,794,9,154,27.8,Day
3536,2025-11-09,4,1015,1518,31,89,77.7,Night
3537,2024-10-01,3,1007,1472,15,59,209.1,Day
3538,2025-09-10,3,1023,1962,78,174,112.1,Day
3539,2024-09-26,4,1030,743,4,93,103.5,Day
3540,2025-10-24,4,1020,990,22,167,54.4,Day
3541,2024-09-04,2,1001,1615,14,75,146.2,Day
3542,2024-05-15,4,1034,1426,18,3,137.2,Day
3543,2025-05-16,3,1002,1772,32,4,103.2,Night
3544,2024-08-01,2,1028,926,25,117,48.1,Day
3545,2025-11-20,2,1022,755,18,151,34.8,Day
3546,2024-09-11,3,1020,627,24,20,63.2,Day
3547,2025-07-19,2,1015,1315,12,21,29.4,Night
3548,2025-01-12,4,1002,331,12,141,17.3,Night
3549,2024-11-19,1,1017,559,14,94,66.8,Night
3550,2024-12-07,3,1012,605,15,12,42.1,Night
3551,2025-12-27,3,1005,872,45,175,119.9,Night
3552,2024-02-24,3,1004,1034,32,143,115.2,Night
3553,2024-09-14,2,1002,1547,73,119,203.0,Day
3554,2025-12-14,3,1028,1194,58,161,43.1,Night
3555,2025-01-05,4,1009,310,3,92,43.7,Night
3556,2025-10-08,1,1031,998,7,154,147.2,Night
3557,2024-04-07,3,1019,379,3,178,50.1,Night
3558,2025-02-19,3,1008,1758,55,141,216.9,Day
3559,2025-07-31,3,1030,574,2,28,63.0,Day
3560,2024-02-02,1,1037,255,2,63,19.9,Night
3561,2025-06-29,4,1017,1867,84,140,233.0,Day
3562,2025-11-01,2,1013,1373,34,59,64.5,Day
3563,2025-06-21,3,1036,345,3,172,31.0,Night
3564,2024-01-19,4,1032,111,2,147,10.8,Night
3565,2025-04-23,1,1026,826,10,16,109.3,Night
3566,2024-08-19,1,1023,267,2,168,16.4,Day
3567,2024-04-16,2,1025,271,7,144,15.8,Night
3568,2024-11-18,4,1021,273,4,129,40.2,Day
3569,2024-02-10,2,1012,437,20,61,57.5,Day
3570,2025-10-19,1,1034,785,27,159,111.0,Night
3571,2025-01-05,2,1007,1615,17,18,120.2,Night
3572,2024-12-06,2,1007,1087,22,176,98.9,Day
3573,2025-05-13,3,1003,857,9,27,111.6,Night
3574,2024-11-04,3,1013,271,4,68,33.1,Day
3575,2025-04-24,1,1028,1929,66,104,176.3,Day
3576,2025-06-08,3,1039,346,9,57,51.3,Night
3577,2024-10-25,4,1020,582,19,99,85.3,Day
3578,2024-09-14,3,1010,348,6,91,8.4,Night
3579,2024-01-25,2,1020,321,4,56,8.9,Day
3580,2025-03-01,3,1030,1110,23,108,37.2,Day
3581,2024-04-05,3,1012,430,13,115,42.8,Night
3582,2025-03-06,3,1011,552,7,157,53.7,Day
3583,2025-09-27,4,1011,217,3,160,27.7,Day
3584,2025-07-11,2,1005,673,28,139,38.7,Day
3585,2024-09-29,4,1021,190,7,141,17.6,Day
3586,2025-08-03,3,1032,1209,20,87,134.3,Night
3587,2024-02-23,1,1034,1191,29,73,58.7,Night
3588,2024-12-04,3,1016,921,40,55,88.1,Day
3589,2024-02-18,3,1013,1173,24,46,110.0,Day
3590,2024-03-17,2,1019,469,3,170,35.0,Day
3591,2024-12-16,4,1005,436,9,125,57.6,Night
3592,2024-08-02,4,1009,1094,13,53,90.0,Night
3593,2025-01-21,1,1010,663,8,33,17.4,Night
3594,2025-10-08,3,1015,1542,33,38,203.6,Day
3595,2024-01-18,1,1034,906,16,137,82.8,Night
3596,2024-06-04,3,1036,1179,19,155,54.8,Night
3597,2024-12-21,2,1028,1426,18,133,122.9,Day
3598,2024-09-29,3,1011,1847,20,81,200.5,Day
3599,2025-09-26,3,1040,1809,42,29,229.1,Night
3600,2025-09-28,2,1020,681,24,132,65.7,Night
3601,2024-03-28,4,1033,509,27,145,67.5,Night
3602,2025-10-28,4,1017,538,2,29,63.1,Night
3603,2024-08-08,2,1021,1769,33,169,185.1,Night
3604,2024-06-18,4,1018,722,17,86,64.3,Day
3605,2024-09-24,4,1006,105,3,132,8.6,Day
3606,2025-03-17,3,1008,975,21,115,105.5,Day
3607,2025-04-09,2,1001,896,9,1,130.1,Day
3608,2024-01-12,3,1006,1269,39,39,121.0,Night
3609,2025-02-01,4,1001,988,25,35,61.1,Night
3610,2024-02-09,4,1014,1055,6,37,108.5,Night
3611,2025-09-11,3,1022,859,18,149,87.1,Night
3612,2024-06-13,3,1006,1769,8,20,185.2,Night
3613,2024-09-19,1,1020,1707,74,55,172.6,Day
3614,2025-08-06,4,1013,1769,33,150,120.2,Day
3615,2024-02-18,2,1017,1234,40,143,43.8,Day
3616,2024-08-05,3,1033,758,34,61,53.1,Day
3617,2024-01-31,2,1035,171,5,96,10.8,Day
3618,2025-05-11,4,1010,972,36,175,19.7,Night
3619,2024-10-22,4,1005,200,2,54,9.1,Day
3620,2024-04-29,4,1012,1053,37,77,89.7,Day
3621,2024-08-14,2,1004,906,28,82,67.7,Night
3622,2024-08-14,2,1008,1433,55,165,133.0,Night
3623,2024-01-10,4,1002,237,2,12,20.3,Night
3624,2024-01-12,1,1006,143,4,19,13.8,Day
3625,2024-03-10,1,1012,482,3,169,10.6,Night
3626,2025-09-12,1,1009,1383,24,38,58.9,Day
3627,2025-08-26,2,1014,776,18,25,109.4,Day
3628,2024-09-20,3,1006,1169,55,12,129.5,Day
3629,2025-04-06,2,1038,480,14,33,63.5,Night
3630,2025-10-12,4,1007,1236,15,84,79.5,Day
3631,2025-12-23,4,1025,1548,24,30,164.6,Day
3632,2025-05-12,3,1006,1942,33,12,61.5,Night
3633,2025-03-27,4,1029,1178,14,2,48.6,Day
3634,2025-08-25,1,1036,1782,55,100,260.7,Night
3635,2025-12-05,2,1005,1124,13,163,95.8,Night
3636,2024-04-14,3,1004,415,2,149,40.9,Night
3637,2024-12-09,4,1024,1344,24,3,37.7,Night
3638,2024-02-07,1,1003,1564,53,56,158.1,Night
3639,2025-09-28,1,1038,896,9,125,61.8,Night
3640,2025-06-29,4,1011,360,6,54,7.8,Day
3641,2025-04-18,3,1026,1064,9,19,96.6,Night
3642,2024-11-08,1,1020,791,8,154,57.5,Day
3643,2024-03-17,2,1011,864,11,171,98.4,Night
3644,2024-03-12,2,1011,1807,62,151,82.6,Night
3645,2024-12-24,1,1036,502,20,77,21.2,Night
3646,2024-07-16,3,1029,384,11,2,52.6,Night
3647,2024-11-01,3,1020,799,7,89,113.7,Day
3648,2024-12-24,3,1007,629,14,1,21.0,Day
3649,2024-09-24,1,1033,1483,53,47,177.5,Night
3650,2024-01-30,4,1035,1571,25,0,175.8,Day
3651,2025-08-17,1,1038,1300,67,170,178.3,Night
3652,2024-12-23,3,1020,128,1,50,9.2,Day
3653,2025-11-06,3,1010,1994,45,119,71.8,Day
3654,2024-07-16,3,1026,1523,28,77,82.0,Night
3655,2025-09-22,1,1014,1448,17,11,116.2,Night
3656,2025-12-24,3,1024,1268,32,156,96.2,Night
3657,2025-10-17,3,1017,1477,17,172,184.4,Day
3658,2024-09-15,2,1011,1174,23,122,160.4,Night
3659,2025-12-10,3,1023,508,5,115,40.1,Day
3660,2025-06-08,2,1007,1676,10,117,98.3,Day
3661,2024-02-19,3,1002,957,22,126,97.3,Day
3662,2025-05-19,4,1024,308,10,127,10.2,Day
3663,2024-02-25,1,1028,410,9,72,40.2,Day
3664,2024-06-20,3,1014,1661,16,157,55.0,Night
3665,2024-09-07,3,1037,1356,14,149,137.0,Day
3666,2025-04-29,4,1034,435,10,132,56.4,Day
3667,2024-06-23,4,1011,934,11,92,67.3,Night
3668,2024-02-03,3,1023,103,2,68,6.5,Night
3669,2025-07-18,4,1040,1598,9,164,121.0,Night
3670,2024-04-08,3,1009,1144,29,109,145.6,Night
3671,2025-09-05,2,1004,1283,47,42,81.1,Day
3672,2024-05-18,3,1035,872,17,147,117.2,Day
3673,2025-08-10,2,1028,954,16,55,89.1,Day
3674,2025-04-03,4,1006,476,4,78,52.8,Day
3675,2025-05-23,1,1003,1366,47,103,59.8,Night
3676,2025-04-14,1,1009,887,6,85,24.4,Day
3677,2025-03-13,4,1018,1251,9,52,43.9,Night
3678,2025-02-14,2,1039,821,24,86,48.5,Day
3679,2024-05-08,2,1034,198,2,41,16.2,Night
3680,2025-04-30,3,1007,1881,23,53,68.5,Night
3681,2024-01-15,4,1003,1480,54,144,164.2,Day
3682,2024-07-03,2,1024,909,12,162,117.5,Night
3683,2024-09-18,2,1015,607,26,84,55.7,Night
3684,2024-09-10,1,1011,243,5,153,20.8,Day
3685,2024-10-03,4,1025,868,17,76,23.9,Night
3686,2024-01-26,2,1030,600,5,94,55.5,Night
3687,2024-02-17,1,1005,1132,37,62,165.2,Night
3688,2024-07-23,2,1019,841,7,36,35.8,Night
3689,2024-02-20,1,1020,345,3,2,34.4,Night
3690,2024-07-09,1,1013,856,14,94,24.8,Night
3691,2024-11-26,1,1007,943,26,124,53.4,Night
3692,2024-07-29,3,1014,1481,36,133,49.3,Day
3693,2025-03-02,3,1024,416,6,60,40.8,Day
3694,2024-07-12,3,1012,1208,33,95,56.0,Night
3695,2024-04-01,1,1018,666,23,80,89.2,Day
3696,2025-02-07,3,1024,1612,33,17,222.7,Night
3697,2024-11-13,4,1035,1271,55,177,35.4,Night
3698,2024-02-13,2,1025,1056,6,55,110.1,Night
3699,2024-01-15,1,1018,432,10,75,19.1,Day
3700,2025-08-29,3,1005,137,4,89,3.5,Night
3701,2024-05-17,1,1009,1535,19,56,197.5,Day
3702,2025-09-19,3,1038,770,31,88,22.3,Day
3703,2025-06-08,1,1021,419,9,60,39.4,Night
3704,2025-01-23,3,1025,557,12,150,46.7,Night
3705,2025-01-10,2,1010,1366,9,148,164.4,Night
3706,2024-01-14,3,1017,1420,36,21,37.6,Day
3707,2024-03-28,2,1039,1174,22,60,73.6,Day
3708,2024-10-19,3,1038,1131,21,94,133.1,Day
3709,2025-09-30,1,1010,1755,20,79,212.3,Day
3710,2024-08-08,1,1003,1050,14,29,24.2,Night
3711,2025-12-10,1,1033,1603,18,77,207.1,Night
3712,2024-11-18,3,1027,376,8,115,36.3,Night
3713,2024-06-22,1,1013,1977,104,134,85.5,Day
3714,2025-11-26,2,1029,1570,80,42,140.9,Day
3715,2025-03-18,1,1031,129,3,21,14.7,Night
3716,2024-06-29,4,1017,913,7,62,119.7,Night
3717,2024-04-08,1,1025,846,29,135,23.4,Night
3718,2025-12-06,4,1014,796,5,56,111.9,Night
3719,2024-04-04,3,1034,1946,22,9,60.9,Day
3720,2024-02-23,2,1025,267,10,147,11.0,Night
3721,2024-06-03,2,1008,1825,64,99,224.3,Day
3722,2024-06-18,4,1004,1738,25,177,90.6,Night
3723,2024-06-16,3,1033,1754,7,132,140.9,Day
3724,2025-11-28,1,1009,1380,56,29,59.6,Night
3725,2024-09-22,4,1007,1190,23,86,48.0,Night
3726,2024-11-23,4,1008,1051,21,138,45.9,Night
3727,2025-05-27,4,1035,323,15,3,8.7,Day
3728,2025-11-17,4,1040,1990,33,76,136.3,Night
3729,2025-12-27,4,1022,738,22,73,106.4,Day
3730,2025-05-08,1,1036,101,2,161,3.4,Night
3731,2024-01-18,1,1022,641,14,115,36.9,Night
3732,2025-02-19,2,1002,550,19,10,68.5,Day
3733,2024-05-10,4,1013,1324,10,5,44.1,Night
3734,2025-02-10,4,1001,1473,46,168,107.5,Night
3735,2024-12-25,1,1010,875,17,11,91.8,Day
3736,2025-12-04,4,1017,954,9,99,37.6,Night
3737,2025-07-28,3,1031,413,4,62,17.3,Night
3738,2024-03-30,4,1019,1680,40,96,251.8,Day
3739,2025-01-17,4,1006,1836,13,84,238.3,Day
3740,2025-06-06,4,1007,783,38,90,31.8,Night
3741,2024-05-28,3,1031,175,4,40,7.5,Day
3742,2025-07-28,4,1015,1822,25,152,180.7,Day
3743,2025-02-17,2,1030,494,9,124,41.4,Night
3744,2025-06-11,4,1009,471,24,140,64.1,Day
3745,2024-08-04,1,1003,910,18,146,66.9,Day
3746,2025-05-31,4,1036,1892,32,159,110.7,Day
3747,2025-03-31,2,1033,383,11,81,28.0,Night
3748,2025-06-03,2,1001,918,34,58,24.0,Day
3749,2024-09-19,4,1034,761,11,137,37.1,Day
3750,2025-10-28,3,1034,1788,45,135,129.2,Night
3751,2024-09-07,2,1007,178,3,111,5.6,Night
3752,2025-04-18,3,1022,1582,24,7,48.0,Day
3753,2024-03-31,3,1023,482,7,132,55.1,Day
3754,2024-09-17,4,1039,1631,52,67,98.1,Night
3755,2025-06-05,2,1017,1323,26,85,88.2,Day
3756,2024-05-16,1,1036,1376,34,166,103.8,Night
3757,2025-01-09,1,1032,1392,29,178,178.7,Night
3758,2024-09-25,3,1034,1862,66,159,275.0,Night
3759,2024-03-19,1,1005,1121,38,86,93.6,Night
3760,2024-12-28,4,1014,1285,54,54,180.8,Night
3761,2025-08-19,3,1012,1641,30,130,153.5,Day
3762,2025-06-11,4,1027,1856,41,106,48.0,Night
3763,2025-03-29,3,1009,1348,27,21,166.1,Day
3764,2025-04-25,4,1025,954,25,169,32.1,Night
3765,2024-11-05,2,1006,412,5,31,53.1,Night
3766,2025-01-04,1,1005,701,25,13,59.1,Day
3767,2025-05-31,3,1014,1218,31,153,44.7,Night
3768,2025-07-15,2,1030,645,13,106,43.7,Night
3769,2025-07-09,3,1036,662,12,149,56.4,Night
3770,2025-08-12,1,1038,1523,18,126,77.0,Night
3771,2024-05-14,1,1026,1757,21,59,151.5,Day
3772,2025-04-11,3,1026,1038,37,69,28.5,Night
3773,2024-12-20,1,1028,1229,12,23,72.9,Day
3774,2025-03-29,4,1022,869,36,178,120.5,Night
3775,2024-07-31,1,1007,1822,38,66,179.1,Night
3776,2024-08-14,4,1010,1951,63,77,250.7,Night
3777,2025-09-20,1,1038,279,4,179,20.1,Night
3778,2024-02-03,1,1038,1549,19,69,127.5,Night
3779,2025-04-02,3,1035,1456,45,152,88.9,Day
3780,2024-09-09,4,1003,1015,16,80,52.1,Day
3781,2025-04-18,4,1036,794,29,132,38.0,Day
3782,2024-03-19,4,1001,1377,10,141,199.6,Night
3783,2025-10-25,4,1019,743,12,65,82.0,Day
3784,2025-09-02,4,1018,1931,48,23,45.2,Night
3785,2024-09-13,4,1017,1549,35,101,83.7,Night
3786,2025-07-18,1,1006,369,7,40,22.3,Night
3787,2024-03-31,3,1039,347,9,16,46.7,Day
3788,2025-04-14,2,1036,943,8,105,33.9,Day
3789,2024-10-17,1,1035,576,26,21,16.2,Night
3790,2025-10-31,2,1001,1509,41,63,107.4,Night
3791,2025-12-17,4,1014,281,7,10,11.0,Day
3792,2024-05-29,2,1004,433,4,89,35.1,Day
3793,2024-02-20,3,1010,1053,16,82,149.7,Day
3794,2025-06-11,1,1036,222,8,139,14.9,Day
3795,2025-08-04,3,1003,863,11,82,88.5,Day
3796,2024-11-30,1,1034,1341,23,106,138.0,Night
3797,2025-06-09,4,1010,190,10,5,22.2,Night
3798,2024-03-09,1,1033,1826,37,174,100.3,Night
3799,2025-05-09,2,1031,1372,49,36,145.5,Night
3800,2024-03-02,2,1038,659,3,3,23.5,Day
3801,2024-05-30,1,1012,1631,20,101,138.7,Day
3802,2025-12-21,1,1014,720,7,71,48.9,Day
3803,2025-05-10,2,1024,1393,27,107,142.7,Day
3804,2025-10-01,1,1005,1011,21,69,50.0,Night
3805,2025-10-31,1,1024,1673,73,10,45.1,Night
3806,2024-07-29,1,1040,1970,17,80,134.8,Night
3807,2025-05-19,1,1004,795,2,27,36.7,Day
3808,2025-01-09,3,1018,1675,12,32,227.1,Day
3809,2025-05-17,1,1035,1413,16,28,44.0,Day
3810,2025-01-27,3,1024,883,15,10,90.4,Day
3811,2024-05-17,4,1014,1600,21,64,66.5,Night
3812,2025-04-29,2,1022,1281,8,157,61.5,Day
3813,2025-08-15,2,1037,1482,37,16,105.3,Night
3814,2024-12-30,2,1008,1448,6,125,29.0,Night
3815,2025-09-23,4,1005,310,3,63,7.0,Day
3816,2025-10-01,1,1003,742,3,80,46.6,Night
3817,2024-10-18,4,1005,508,22,98,73.4,Night
3818,2024-10-10,4,1006,913,12,128,109.5,Night
3819,2025-01-12,3,1036,385,11,44,34.7,Night
3820,2024-10-11,3,1037,551,7,3,74.0,Day
3821,2024-03-27,1,1009,1172,11,125,142.1,Day
3822,2025-06-16,2,1028,1892,29,12,205.3,Day
3823,2024-03-01,4,1028,1553,25,13,194.8,Day
3824,2024-10-17,1,1027,940,14,147,116.0,Day
3825,2025-10-12,2,1025,174,1,0,7.2,Day
3826,2024-06-03,2,1019,1924,59,114,153.3,Day
3827,2025-07-15,3,1021,127,1,46,6.2,Day
3828,2025-01-13,2,1038,909,12,88,101.6,Day
3829,2024-10-11,1,1007,1912,82,165,107.7,Day
3830,2025-01-17,4,1040,482,2,156,46.8,Night
3831,2024-12-20,3,1015,138,0,21,5.1,Day
3832,2024-03-04,3,1034,1548,8,171,201.8,Night
3833,2024-12-12,1,1022,1881,8,43,38.6,Day
3834,2024-09-26,3,1036,980,5,158,38.3,Night
3835,2025-12-10,4,1029,853,8,26,125.1,Night
3836,2024-07-07,2,1028,373,14,143,27.8,Day
3837,2025-12-26,4,1027,136,2,47,3.4,Day
3838,2024-08-08,3,1029,1586,46,64,211.3,Night
3839,2025-02-25,2,1002,1805,24,58,197.2,Day
3840,2024-10-23,4,1025,1191,5,72,47.6,Day
3841,2024-03-12,4,1005,1053,25,79,79.8,Day
3842,2025-09-24,2,1015,1997,68,10,160.9,Night
3843,2024-03-20,2,1021,1166,19,10,143.4,Night
3844,2024-03-09,2,1020,1630,57,111,178.8,Night
3845,2024-11-30,3,1032,671,39,42,28.2,Night
3846,2024-07-31,4,1031,312,7,63,17.0,Day
3847,2025-04-28,2,1009,1933,60,141,175.2,Night
3848,2024-08-28,3,1016,1813,20,153,196.2,Day
3849,2024-06-28,2,1003,1591,59,153,210.7,Day
3850,2025-12-03,1,1001,622,13,114,72.8,Day
3851,2025-09-12,4,1012,1980,14,178,243.9,Day
3852,2024-12-25,1,1009,708,28,138,57.0,Day
3853,2024-04-23,3,1026,1563,35,53,222.3,Night
3854,2025-10-03,3,1027,1915,22,130,91.8,Night
3855,2025-10-19,3,1012,865,12,75,104.9,Night
3856,2024-02-04,1,1030,1393,28,25,172.5,Night
3857,2024-08-07,1,1018,841,24,69,115.4,Night
3858,2025-11-13,2,1020,1430,26,124,166.9,Night
3859,2024-11-17,2,1006,780,27,68,108.1,Day
3860,2025-07-13,4,1016,1407,16,32,162.4,Day
3861,2024-02-22,1,1013,1090,35,19,146.3,Night
3862,2025-07-05,1,1037,1897,47,175,187.3,Night
3863,2025-09-11,2,1020,1608,45,135,226.9,Day
3864,2025-09-06,4,1035,894,24,105,73.0,Day
3865,2024-02-02,1,1009,1178,17,134,76.3,Day
3866,2025-07-14,4,1017,743,8,66,22.9,Night
3867,2025-06-18,1,1005,692,13,73,94.8,Night
3868,2025-09-16,1,1025,752,8,151,32.9,Day
3869,2025-09-16,2,1013,1495,47,85,185.5,Night
3870,2025-09-07,2,1039,714,34,107,81.4,Day
3871,2024-04-24,1,1040,515,6,117,50.6,Night
3872,2024-12-30,2,1039,1281,10,123,183.3,Day
3873,2025-01-25,3,1013,260,9,126,32.2,Night
3874,2024-05-09,4,1008,480,14,6,48.1,Night
3875,2025-01-26,4,1017,270,10,138,27.0,Day
3876,2024-12-02,4,1008,1888,72,25,49.3,Day
3877,2024-10-15,2,1040,555,4,67,35.6,Night
3878,2025-05-01,4,1037,369,8,178,14.9,Night
3879,2025-10-24,4,1003,1762,46,58,40.5,Night
3880,2024-10-15,2,1034,1324,39,144,121.5,Night
3881,2024-06-02,3,1031,1651,16,132,133.7,Day
3882,2025-07-24,1,1011,976,18,125,52.0,Day
3883,2025-07-12,1,1039,454,4,2,39.2,Day
3884,2025-04-09,3,1019,238,7,71,7.3,Night
3885,2024-09-03,3,1003,661,8,55,26.0,Day
3886,2025-04-10,3,1039,945,22,1,133.8,Night
3887,2024-02-18,4,1020,1937,21,54,205.6,Night
3888,2025-07-30,2,1022,772,16,5,47.9,Night
3889,2024-09-22,4,1025,1196,18,3,138.4,Day
3890,2025-11-05,4,1024,800,12,28,98.5,Night
3891,2025-05-17,2,1038,357,7,52,34.2,Night
3892,2025-08-09,4,1039,1848,35,135,88.3,Night
3893,2024-02-21,2,1031,797,17,17,23.6,Day
3894,2024-07-07,3,1039,931,6,94,74.3,Day
3895,2025-06-23,3,1037,1503,4,96,217.0,Night
3896,2024-06-18,2,1037,122,3,119,6.0,Night
3897,2024-04-14,4,1038,1914,27,8,79.1,Day
3898,2024-08-04,3,1012,1881,49,99,49.4,Day
3899,2024-04-09,4,1036,131,4,136,10.2,Night
3900,2024-07-17,1,1028,495,5,88,12.3,Night
3901,2025-06-28,1,1032,454,3,173,57.1,Day
3902,2024-04-01,4,1003,1223,38,19,132.8,Night
3903,2025-04-19,4,1033,736,13,40,56.6,Day
3904,2024-10-09,1,1006,965,23,12,74.9,Day
3905,2024-02-11,1,1019,1320,17,142,85.2,Night
3906,2024-05-13,1,1006,1563,17,118,152.9,Day
3907,2025-09-11,3,1035,291,4,107,11.5,Night
3908,2025-05-18,2,1038,797,29,95,114.5,Night
3909,2024-10-13,4,1025,781,6,29,19.0,Day
3910,2024-09-15,4,1040,1844,96,173,78.0,Night
3911,2024-03-29,1,1012,748,25,137,83.9,Night
3912,2024-03-22,2,1003,1735,81,168,247.9,Day
3913,2024-10-18,1,1033,1694,35,61,77.7,Day
3914,2025-01-22,2,1013,1325,34,15,175.8,Day
3915,2024-12-16,2,1038,383,8,55,48.9,Day
3916,2025-08-20,4,1022,1355,38,42,200.6,Night
3917,2024-09-28,3,1037,1509,22,56,210.7,Day
3918,2024-05-02,4,1001,945,15,47,117.1,Day
3919,2025-11-06,3,1030,539,11,20,68.2,Night
3920,2024-04-08,2,1017,1151,13,18,75.4,Day
3921,2025-11-23,2,1008,753,25,107,69.6,Day
3922,2024-12-14,3,1020,1278,10,128,104.6,Day
3923,2025-04-12,1,1019,751,7,80,81.2,Day
3924,2025-01-31,3,1023,116,2,149,4.6,Day
3925,2025-02-01,1,1018,1507,29,118,216.8,Night
3926,2024-10-05,2,1029,1792,60,54,164.0,Night
3927,2024-09-21,3,1034,1488,24,106,167.2,Night
3928,2025-06-02,2,1035,1065,32,150,126.2,Night
3929,2025-11-01,4,1029,447,11,107,27.8,Day
3930,2025-08-20,4,1016,1291,15,11,94.3,Day
3931,2024-05-13,4,1039,776,25,71,97.6,Night
3932,2024-08-25,2,1013,581,12,41,34.4,Night
3933,2025-07-09,4,1015,1910,13,55,220.2,Night
3934,2025-04-24,4,1014,1889,39,100,73.1,Day
3935,2024-03-09,4,1017,1772,43,157,234.1,Night
3936,2024-03-19,1,1035,1440,10,6,165.8,Day
3937,2025-10-25,2,1039,106,3,111,7.2,Day
3938,2025-06-26,2,1026,333,5,94,29.0,Day
3939,2025-10-13,3,1006,339,6,5,8.5,Day
3940,2024-08-09,3,1008,1994,12,7,278.4,Day
3941,2025-04-29,1,1037,1778,29,113,129.4,Night
3942,2024-08-14,2,1036,541,18,50,15.6,Day
3943,2025-06-22,4,1035,1056,27,38,93.9,Day
3944,2025-02-08,3,1010,608,26,126,66.8,Day
3945,2025-09-11,4,1026,459,7,69,17.9,Day
3946,2024-07-28,2,1002,1481,24,120,206.2,Day
3947,2024-06-24,1,1008,115,2,93,15.7,Day
3948,2024-06-01,4,1030,158,2,150,8.3,Night
3949,2024-06-12,2,1035,667,8,140,39.5,Night
3950,2024-02-15,2,1034,463,10,147,59.6,Day
3951,2024-09-04,4,1027,1462,19,158,91.8,Day
3952,2024-05-22,1,1028,1750,45,128,215.7,Night
3953,2024-09-14,1,1024,847,10,119,125.3,Day
3954,2025-08-02,4,1023,1999,61,44,275.7,Night
3955,2024-10-05,3,1022,1802,60,111,128.7,Day
3956,2024-01-28,1,1025,1012,11,132,76.1,Day
3957,2024-10-22,4,1006,1888,45,169,110.7,Night
3958,2024-08-19,3,1029,1962,31,148,160.0,Day
3959,2024-12-25,1,1032,1901,45,28,194.9,Day
3960,2024-03-13,4,1028,1281,43,151,158.3,Day
3961,2025-04-04,1,1021,1638,5,110,121.6,Day
3962,2024-12-05,4,1007,1330,26,85,41.8,Night
3963,2025-11-14,1,1013,182,5,61,9.1,Day
3964,2024-05-25,1,1027,1791,57,102,55.0,Night
3965,2024-09-09,3,1028,1632,47,165,170.2,Night
3966,2025-12-06,1,1028,1829,22,176,123.3,Night
3967,2025-07-16,3,1010,103,2,164,5.2,Day
3968,2025-08-14,1,1015,1588,17,93,115.7,Night
3969,2024-02-18,1,1005,879,6,54,96.9,Night
3970,2025-11-27,1,1032,1349,57,19,85.2,Night
3971,2025-07-11,1,1014,1434,15,139,135.0,Day
3972,2024-09-22,4,1018,1122,30,22,34.8,Night
3973,2025-03-13,2,1009,1406,39,31,51.5,Day
3974,2025-10-07,2,1034,1296,37,178,180.7,Day
3975,2025-04-10,1,1018,1361,28,122,143.3,Day
3976,2025-08-08,2,1032,1431,41,164,147.7,Day
3977,2025-12-14,3,1026,652,15,33,87.0,Night
3978,2024-03-15,3,1012,477,13,20,15.3,Night
3979,2025-10-20,4,1017,840,36,128,56.9,Night
3980,2024-09-27,1,1014,1839,47,20,161.4,Night
3981,2025-06-07,3,1027,1190,5,144,51.9,Day
3982,2025-03-06,4,1013,938,27,138,53.4,Night
3983,2024-09-13,4,1005,1447,18,60,38.8,Day
3984,2025-05-16,4,1009,1571,36,85,38.0,Night
3985,2024-04-19,1,1035,519,3,31,63.3,Day
3986,2025-03-13,4,1030,629,7,159,29.3,Day
3987,2025-05-25,1,1017,1586,33,53,118.1,Night
3988,2025-05-31,3,1022,1883,65,68,259.5,Night
3989,2024-09-23,2,1027,1632,8,60,98.9,Day
3990,2024-01-30,3,1030,220,2,18,5.2,Night
3991,2025-03-12,1,1019,1073,26,123,116.0,Day
3992,2024-11-18,2,1025,1692,35,174,110.8,Night
3993,2024-09-19,2,1002,1817,27,93,54.4,Day
3994,2025-11-10,1,1029,1459,53,100,168.1,Night
3995,2024-12-03,1,1026,462,3,10,46.6,Day
3996,2024-07-15,2,1017,884,28,40,62.5,Day
3997,2024-09-26,2,1040,1601,21,16,82.1,Day
3998,2024-10-27,4,1025,433,3,141,21.3,Day
3999,2024-07-11,1,1029,1386,39,101,55.7,Day
4000,2024-10-08,4,1025,739,8,78,51.8,Day
