po_line_id,po_id,product_id,qty_ordered,qty_received,qty_rejected,unit_cost
1,1,1022,869,869,1,111.12
2,1,1028,491,491,11,82.57
3,2,1035,607,607,9,172.21
4,2,1007,669,669,18,5.21
5,2,1011,553,553,9,43.27
6,3,1038,746,746,29,139.46
7,3,1002,544,544,22,7.09
8,3,1029,89,89,0,106.31
9,3,1038,160,160,0,138.26
10,4,1024,907,907,37,73.99
11,5,1011,163,163,2,47.95
12,5,1019,122,122,4,122.47
13,5,1022,995,995,34,119.06
14,6,1018,768,768,6,73.16
15,6,1036,548,548,22,332.25
16,6,1007,960,960,40,5.93
17,7,1029,126,126,4,96.54
18,7,1003,505,505,3,7.25
19,8,1003,457,457,11,8.03
20,9,1027,861,861,27,155.6
21,10,1028,562,562,9,95.92
22,10,1020,364,364,13,119.78
23,10,1016,508,508,12,28.76
24,11,1035,513,513,2,156.94
25,11,1017,332,332,15,71.51
26,11,1010,252,252,4,25.02
27,11,1030,130,130,0,108.25
28,12,1011,444,444,15,44.54
29,12,1039,314,314,15,243.87
30,13,1010,448,448,17,29.48
31,13,1027,1351,1351,7,157.86
32,13,1027,1145,1145,31,155.01
33,13,1012,655,655,31,38.65
34,14,1033,54,54,0,238.92
35,14,1014,167,167,4,50.49
36,14,1024,866,866,42,66.6
37,15,1031,1135,1135,52,137.17
38,15,1018,386,386,7,70.89
39,15,1038,118,118,0,152.32
40,16,1037,423,423,1,168.11
41,16,1035,810,810,25,174.98
42,16,1033,471,471,12,233.45
43,16,1014,54,54,0,44.05
44,17,1036,547,547,23,282.28
45,17,1035,380,380,11,156.88
46,17,1025,158,158,7,138.96
47,18,1003,817,817,40,7.47
48,18,1018,786,786,5,81.11
49,19,1031,729,729,18,115.82
50,19,1018,1286,1286,23,71.24
51,19,1013,536,536,0,36.58
52,20,1007,961,961,36,5.35
53,20,1026,981,981,43,161.59
54,20,1031,320,320,5,139.85
55,20,1012,340,340,12,35.33
56,21,1008,356,356,2,7.28
57,21,1022,51,51,1,121.45
58,22,1029,994,994,33,105.65
59,22,1019,688,688,27,118.53
60,22,1038,907,907,25,131.89
61,22,1035,455,455,21,161.42
62,23,1004,147,147,0,3.64
63,23,1020,593,593,13,110.74
64,23,1029,112,112,1,87.38
65,24,1030,476,476,7,95.5
66,24,1024,246,246,5,59.8
67,25,1030,311,311,5,96.39
68,25,1004,515,515,20,4.21
69,25,1030,553,553,8,91.87
70,25,1036,297,297,7,310.11
71,26,1015,312,312,11,36.45
72,26,1018,292,292,0,72.62
73,27,1027,195,195,6,139.98
74,28,1028,54,54,2,91.06
75,28,1012,484,484,18,37.56
76,29,1028,623,623,30,85.5
77,29,1028,747,747,11,94.95
78,29,1007,822,822,24,4.93
79,29,1001,539,539,8,6.42
80,30,1029,289,289,10,103.1
81,30,1017,470,470,7,75.89
82,30,1022,1051,1051,31,103.03
83,31,1006,165,165,0,3.79
84,31,1006,992,992,49,4.38
85,31,1024,418,418,18,74.39
86,32,1018,97,97,2,75.67
87,32,1014,376,376,15,39.84
88,32,1026,680,680,20,161.43
89,33,1024,548,548,18,71.82
90,33,1023,426,426,12,112.0
91,34,1011,83,83,2,42.16
92,34,1027,806,806,3,163.59
93,35,1005,302,302,3,8.77
94,35,1033,219,219,9,208.07
95,35,1039,375,375,13,258.78
96,36,1016,1041,1041,40,26.59
97,36,1001,660,660,29,7.79
98,36,1021,208,208,8,82.16
99,37,1008,988,988,35,7.3
100,37,1004,408,408,8,3.71
101,37,1038,380,380,11,142.84
102,38,1022,236,236,4,110.45
103,39,1008,72,72,0,6.02
104,40,1034,337,337,3,240.51
105,40,1010,145,145,1,24.06
106,41,1003,728,0,0,7.12
107,41,1037,380,0,0,170.75
108,41,1012,404,0,0,36.8
109,42,1038,232,0,0,130.82
110,42,1017,573,0,0,63.18
111,42,1024,566,0,0,68.95
112,42,1010,203,0,0,24.4
113,43,1019,174,174,1,139.41
114,44,1015,843,843,32,42.49
115,44,1028,434,434,4,98.02
116,44,1035,438,438,19,145.24
117,45,1015,442,442,9,37.37
118,45,1036,885,885,37,323.96
119,45,1028,724,724,12,89.15
120,46,1011,120,120,4,43.32
121,47,1011,646,646,4,39.19
122,47,1002,312,312,7,7.89
123,47,1002,1335,1335,10,7.2
124,47,1018,1345,1345,17,70.52
125,48,1008,627,627,14,6.51
126,48,1022,552,552,5,126.89
127,48,1021,555,555,22,96.41
128,48,1008,402,402,3,7.36
129,49,1010,1125,1125,35,28.72
130,50,1020,322,322,0,123.58
131,51,1013,172,172,1,38.2
132,51,1005,521,521,24,7.71
133,51,1021,423,423,15,90.18
134,51,1029,337,337,10,97.47
135,52,1016,694,694,29,23.22
136,53,1039,672,672,22,225.5
137,53,1031,775,775,36,123.02
138,53,1036,1045,1045,21,301.32
139,53,1039,1051,1051,37,237.43
140,54,1040,711,711,15,254.3
141,54,1022,437,437,2,118.01
142,55,1004,814,814,31,4.23
143,55,1026,237,237,2,179.83
144,55,1026,213,213,2,157.53
145,56,1024,242,242,6,71.41
146,56,1010,780,780,23,25.44
147,56,1001,955,955,29,6.84
148,57,1020,562,562,24,113.28
149,57,1039,430,430,9,262.11
150,58,1039,470,470,7,222.14
151,58,1018,650,650,29,87.89
152,59,1034,464,464,11,236.68
153,60,1033,488,488,10,208.43
154,60,1028,606,606,24,96.27
155,60,1022,592,592,0,108.84
156,61,1033,785,785,4,217.78
157,61,1005,478,478,4,7.39
158,61,1030,998,998,21,100.89
159,62,1030,852,852,11,107.23
160,62,1031,1121,1121,37,115.12
161,62,1022,1014,1014,8,111.26
162,62,1019,1176,1176,32,128.42
163,63,1005,48,0,0,7.27
164,63,1017,324,0,0,73.15
165,63,1026,97,0,0,165.1
166,64,1013,963,963,17,39.6
167,64,1007,975,975,40,5.19
168,65,1003,309,309,13,7.18
169,66,1022,316,316,0,99.56
170,67,1028,669,669,27,81.32
171,67,1023,75,75,3,113.66
172,68,1020,424,424,15,103.78
173,68,1018,360,360,9,84.51
174,69,1018,247,247,9,72.25
175,69,1004,771,771,6,3.58
176,69,1036,131,131,5,289.49
177,70,1004,921,921,40,4.34
178,71,1037,942,942,13,190.03
179,71,1029,78,78,2,105.99
180,72,1004,621,621,15,3.66
181,72,1033,323,323,12,241.6
182,72,1009,447,447,12,43.31
183,72,1015,766,766,19,38.04
184,73,1023,51,51,0,115.5
185,73,1030,784,784,6,107.36
186,74,1017,106,106,1,70.75
187,74,1018,490,490,16,74.1
188,75,1023,217,217,1,114.62
189,75,1003,221,221,3,7.01
190,75,1019,354,354,6,121.03
191,76,1020,999,999,5,99.96
192,77,1007,766,766,31,5.33
193,77,1028,186,186,0,86.36
194,77,1034,996,996,16,265.4
195,77,1005,132,132,5,7.42
196,78,1019,958,958,19,131.05
197,78,1016,411,411,2,25.01
198,79,1036,390,390,7,291.88
199,79,1038,810,810,37,161.49
200,79,1013,651,651,12,35.46
201,80,1017,382,382,6,66.69
202,80,1016,576,576,10,23.56
203,80,1009,340,340,12,43.35
204,81,1032,294,294,12,158.04
205,81,1026,222,222,7,153.9
206,81,1017,617,617,29,67.48
207,82,1001,938,938,26,6.33
208,82,1022,696,696,25,123.11
209,82,1004,277,277,6,3.42
210,83,1022,565,565,15,107.02
211,83,1024,963,963,37,68.01
212,83,1036,282,282,7,330.54
213,83,1030,170,170,7,90.56
214,84,1037,204,204,8,178.94
215,85,1036,938,938,19,269.21
216,85,1004,401,401,15,4.2
217,85,1004,115,115,1,4.24
218,85,1015,320,320,0,40.04
219,86,1035,157,157,4,142.87
220,86,1022,407,407,9,113.99
221,86,1034,934,934,6,221.05
222,87,1013,434,434,17,41.28
223,88,1025,391,391,8,133.39
224,88,1001,457,457,12,8.02
225,88,1021,504,504,1,95.61
226,89,1003,1082,1082,6,7.02
227,89,1030,1183,1183,49,89.8
228,89,1020,1030,1030,47,112.13
229,89,1004,781,781,15,3.83
230,90,1031,751,751,36,114.58
231,90,1021,449,449,19,95.66
232,90,1022,788,788,38,122.84
233,90,1023,1173,1173,55,95.77
234,91,1025,355,355,12,149.79
235,91,1005,1362,1362,31,7.84
236,91,1024,441,441,8,61.26
237,92,1011,934,934,28,38.24
238,93,1007,323,0,0,5.86
239,93,1005,526,0,0,7.55
240,94,1005,329,329,9,8.88
241,95,1032,636,636,27,158.79
242,95,1027,171,171,0,139.41
243,95,1017,380,380,8,76.83
244,95,1032,856,856,32,144.53
245,96,1034,964,964,20,223.39
246,97,1011,831,831,20,43.34
247,98,1031,511,511,12,124.74
248,99,1008,882,882,43,6.62
249,99,1018,137,137,6,79.18
250,99,1008,1023,1023,42,6.91
251,100,1018,863,863,27,76.69
252,101,1001,866,0,0,7.7
253,101,1035,634,0,0,161.15
254,101,1011,130,0,0,42.71
255,102,1005,405,405,15,8.84
256,102,1013,645,645,8,33.49
257,102,1028,144,144,1,81.96
258,103,1030,1080,1080,38,90.26
259,103,1010,1068,1068,25,24.73
260,103,1007,544,544,7,5.05
261,104,1021,631,631,24,96.55
262,104,1001,709,709,28,7.06
263,104,1010,653,653,7,26.14
264,105,1029,548,548,8,92.69
265,105,1034,458,458,2,235.66
266,106,1031,106,106,2,131.6
267,106,1027,933,933,40,167.57
268,107,1038,546,546,2,128.82
269,107,1014,681,681,16,45.08
270,107,1030,723,723,20,99.28
271,107,1011,610,610,25,39.02
272,108,1027,684,684,30,142.63
273,108,1019,879,879,17,121.13
274,108,1014,831,831,39,43.43
275,108,1025,625,625,17,142.95
276,109,1018,432,432,18,83.18
277,109,1011,687,687,6,46.41
278,109,1014,232,232,3,49.69
279,109,1031,780,780,26,136.91
280,110,1026,301,301,6,169.91
281,110,1018,714,714,27,84.93
282,110,1029,290,290,5,106.14
283,111,1011,888,888,9,43.33
284,112,1031,759,759,14,117.51
285,112,1001,214,214,4,7.12
286,113,1019,983,983,20,125.37
287,114,1017,971,971,22,64.24
288,115,1005,251,251,10,7.61
289,115,1014,912,912,12,42.44
290,116,1017,432,432,8,61.44
291,116,1022,854,854,6,117.23
292,116,1016,461,461,4,28.81
293,116,1021,793,793,33,98.78
294,117,1017,144,144,5,63.02
295,118,1023,469,469,20,106.07
296,118,1008,985,985,40,7.08
297,118,1025,757,757,10,136.4
298,118,1027,987,987,24,149.59
299,119,1002,808,808,29,7.41
300,119,1015,284,284,7,36.82
301,120,1003,198,198,3,8.13
302,120,1020,984,984,23,123.4
303,120,1038,260,260,5,159.45
304,120,1037,139,139,1,192.36
305,121,1027,287,287,4,153.27
306,121,1031,781,781,25,137.38
307,121,1010,950,950,10,28.46
308,121,1040,73,73,2,279.55
309,122,1033,1188,1188,56,199.27
310,122,1030,596,596,22,92.24
311,123,1013,570,570,22,34.71
312,123,1002,554,554,6,6.28
313,123,1019,373,373,13,132.64
314,124,1011,667,667,21,39.99
315,125,1007,172,172,8,5.82
316,125,1008,183,183,8,6.4
317,125,1016,836,836,8,23.53
318,125,1001,210,210,1,6.41
319,126,1030,748,748,28,101.16
320,127,1016,727,727,16,25.17
321,127,1023,209,209,1,112.98
322,127,1037,494,494,6,164.55
323,127,1039,767,767,32,227.11
324,128,1028,776,776,11,82.37
325,128,1016,479,479,21,24.84
326,128,1015,704,704,20,37.8
327,128,1018,372,372,11,81.8
328,129,1010,581,581,2,26.71
329,130,1002,468,468,17,6.65
330,130,1014,853,853,23,48.01
331,131,1032,558,558,13,144.12
332,131,1024,395,395,14,60.96
333,131,1024,372,372,9,67.76
334,132,1039,537,537,4,220.56
335,132,1019,478,478,2,112.75
336,133,1017,254,254,1,76.76
337,133,1011,591,591,4,44.46
338,133,1021,235,235,7,89.09
339,133,1023,359,359,13,98.44
340,134,1031,391,391,4,120.55
341,134,1021,998,998,12,85.78
342,134,1019,656,656,32,143.74
343,135,1008,936,936,9,6.72
344,135,1033,684,684,10,220.49
345,136,1007,484,0,0,5.0
346,136,1007,51,0,0,5.36
347,136,1039,212,0,0,240.43
348,137,1022,366,366,6,103.07
349,137,1015,458,458,19,39.32
350,137,1034,229,229,2,254.36
351,137,1033,985,985,1,213.76
352,138,1024,111,111,0,69.43
353,138,1036,814,814,34,271.89
354,138,1002,70,70,2,7.01
355,139,1024,169,169,1,74.78
356,140,1006,676,676,24,4.4
357,140,1019,961,961,23,122.14
358,140,1005,955,955,22,7.79
359,140,1009,753,753,1,42.95
360,141,1012,661,661,20,36.9
361,141,1033,545,545,19,202.1
362,141,1010,819,819,19,27.74
363,142,1034,204,204,1,258.15
364,143,1013,92,92,4,41.08
365,143,1007,746,746,28,5.91
366,143,1029,85,85,3,109.39
367,144,1029,941,941,19,99.84
368,145,1034,224,224,5,239.8
369,145,1020,856,856,13,122.94
370,145,1029,173,173,3,90.34
371,146,1030,747,747,8,106.63
372,146,1026,673,673,28,161.87
373,146,1030,409,409,12,108.23
374,147,1005,478,0,0,8.41
375,147,1038,133,0,0,140.36
376,147,1037,344,0,0,178.66
377,148,1033,853,853,22,242.48
378,149,1007,385,385,9,4.84
379,149,1012,890,890,6,36.14
380,149,1010,176,176,2,24.68
381,149,1005,95,95,2,7.9
382,150,1034,405,405,13,216.39
383,150,1033,442,442,5,221.41
384,151,1009,553,553,16,39.36
385,151,1032,650,650,11,140.37
386,151,1026,539,539,2,184.67
387,151,1016,842,842,0,26.79
388,152,1013,909,909,42,41.34
389,152,1037,1050,1050,23,181.8
390,152,1029,125,125,0,94.21
391,153,1017,536,536,12,77.38
392,154,1022,568,568,7,113.49
393,154,1007,55,55,1,5.86
394,154,1028,81,81,2,98.66
395,155,1036,240,240,10,288.87
396,155,1011,441,441,11,48.15
397,155,1024,371,371,5,60.28
398,156,1024,222,222,7,64.14
399,156,1008,531,531,9,7.03
400,157,1007,593,593,6,5.82
401,158,1004,1335,1335,49,3.53
402,159,1040,724,724,25,313.48
403,160,1030,1108,1108,33,86.41
404,161,1009,152,152,1,42.1
405,161,1032,833,833,11,132.4
406,161,1015,81,81,1,38.73
407,161,1033,981,981,16,201.39
408,162,1017,991,991,46,69.37
409,162,1005,808,808,12,8.61
410,162,1014,555,555,21,48.93
411,163,1007,1086,1086,50,4.77
412,163,1006,480,480,23,4.58
413,164,1020,752,752,22,119.91
414,164,1028,809,809,3,83.65
415,164,1006,979,979,2,4.24
416,165,1007,1239,1239,16,5.81
417,166,1012,691,691,17,31.63
418,166,1032,411,411,7,145.42
419,167,1021,57,57,2,98.55
420,167,1017,795,795,5,69.75
421,167,1030,580,580,23,100.04
422,167,1021,211,211,2,100.58
423,168,1035,518,518,21,143.95
424,168,1012,863,863,22,32.53
425,168,1020,162,162,0,122.07
426,169,1009,608,608,21,43.93
427,170,1038,1229,0,0,145.44
428,170,1003,1094,0,0,7.07
429,171,1017,487,487,8,68.5
430,171,1033,1050,1050,9,245.52
431,172,1028,120,120,3,85.01
432,172,1026,852,852,4,191.71
433,172,1040,940,940,35,305.53
434,173,1010,691,691,2,26.19
435,173,1015,464,464,5,38.73
436,174,1028,378,378,10,94.36
437,175,1017,166,0,0,74.26
438,175,1017,914,0,0,61.84
439,175,1011,725,0,0,45.22
440,176,1026,109,109,4,173.08
441,176,1034,237,237,8,260.78
442,177,1011,548,548,0,43.72
443,177,1010,875,875,9,29.44
444,177,1013,763,763,16,34.19
445,178,1019,138,138,6,136.67
446,178,1012,129,129,1,38.54
447,178,1006,239,239,8,4.41
448,179,1017,635,635,0,73.18
449,179,1018,91,91,4,84.64
450,180,1022,797,797,17,116.09
451,180,1036,545,545,24,332.68
452,181,1031,114,114,0,135.35
453,181,1040,193,193,4,308.46
454,182,1015,328,328,16,37.01
455,183,1037,601,601,11,194.07
456,183,1005,341,341,7,8.44
457,183,1032,181,181,7,138.57
458,183,1012,577,577,1,31.78
459,184,1010,737,737,2,29.45
460,185,1038,860,860,10,147.79
461,185,1016,779,779,30,26.08
462,185,1008,454,454,11,7.47
463,186,1033,1248,1248,41,233.89
464,187,1030,301,301,4,93.38
465,187,1019,489,489,6,124.17
466,188,1036,479,479,20,277.84
467,188,1037,709,709,5,158.2
468,188,1021,157,157,5,101.86
469,188,1033,94,94,0,237.32
470,189,1014,583,583,17,50.55
471,189,1037,60,60,0,166.13
472,189,1004,528,528,14,3.98
473,190,1023,815,815,10,106.8
474,190,1017,758,758,12,76.6
475,191,1017,553,553,2,64.85
476,191,1028,307,307,8,79.15
477,191,1012,514,514,3,32.02
478,191,1039,560,560,21,213.63
479,192,1036,853,853,32,320.6
480,192,1006,650,650,23,4.39
481,192,1040,494,494,17,311.04
482,193,1040,460,460,22,256.67
483,193,1012,33,33,0,34.41
484,193,1007,145,145,4,4.72
485,194,1020,896,896,28,118.12
486,194,1026,1027,1027,32,174.33
487,194,1002,102,102,0,6.71
488,195,1029,428,428,4,103.72
489,195,1011,612,612,25,44.12
490,195,1028,962,962,16,87.33
491,195,1025,611,611,26,158.61
492,196,1038,233,233,4,161.9
493,196,1039,412,412,4,214.14
494,197,1027,783,783,31,135.21
495,197,1012,927,927,44,33.74
496,197,1026,628,628,1,190.59
497,197,1022,935,935,24,114.82
498,198,1037,114,114,3,199.49
499,199,1037,1316,1316,35,185.98
500,199,1006,1240,1240,26,3.9
501,199,1025,684,684,3,140.61
502,200,1034,152,152,1,242.92
503,200,1029,490,490,15,107.99
504,200,1022,239,239,1,124.81
505,200,1031,58,58,2,131.23
506,201,1020,116,116,3,117.88
507,201,1034,1344,1344,25,210.77
508,201,1023,1142,1142,28,103.74
509,202,1028,94,94,0,84.6
510,203,1037,925,925,43,170.33
511,204,1014,879,879,27,47.1
512,205,1032,426,426,0,129.16
513,205,1032,485,485,24,126.22
514,206,1010,567,567,17,28.36
515,206,1018,811,811,4,87.93
516,207,1009,234,234,0,43.96
517,207,1017,873,873,7,68.47
518,207,1031,367,367,7,135.46
519,208,1032,746,746,3,139.87
520,208,1019,917,917,43,142.5
521,208,1015,464,464,15,39.42
522,209,1003,886,886,10,8.18
523,209,1008,138,138,6,7.19
524,210,1032,334,334,14,154.4
525,210,1028,237,237,10,96.64
526,210,1009,913,913,10,49.25
527,210,1018,961,961,27,78.15
528,211,1034,993,993,24,261.85
529,211,1017,128,128,4,69.65
530,212,1004,408,408,14,4.13
531,212,1004,238,238,6,4.23
532,213,1001,54,54,2,8.01
533,213,1008,681,681,14,7.18
534,213,1014,423,423,9,49.84
535,213,1021,757,757,14,92.49
536,214,1030,916,916,11,97.83
537,215,1023,834,834,19,108.3
538,215,1027,823,823,16,148.37
539,215,1027,663,663,19,149.43
540,216,1006,671,671,28,3.93
541,216,1008,810,810,23,6.32
542,216,1006,794,794,9,4.47
543,216,1026,752,752,9,173.22
544,217,1015,521,521,4,42.95
545,217,1007,881,881,1,5.16
546,218,1009,1041,1041,36,44.21
547,218,1026,1149,1149,51,161.37
548,218,1037,537,537,17,200.44
549,219,1020,867,867,9,110.4
550,220,1028,926,926,16,86.55
551,221,1030,107,107,2,107.43
552,221,1029,541,541,8,99.44
553,222,1023,222,222,5,110.67
554,222,1029,138,138,0,106.37
555,222,1025,596,596,5,160.13
556,222,1022,867,867,33,105.25
557,223,1023,264,264,9,114.03
558,223,1038,152,152,6,156.67
559,223,1040,126,126,5,293.39
560,223,1006,549,549,14,4.45
561,224,1021,118,118,5,89.83
562,225,1021,334,0,0,99.64
563,225,1027,809,0,0,132.96
564,225,1027,258,0,0,144.1
565,225,1036,766,0,0,307.6
566,226,1010,148,148,4,26.08
567,226,1026,348,348,12,180.63
568,226,1007,255,255,6,5.86
569,226,1031,481,481,20,113.98
570,227,1028,840,0,0,91.22
571,228,1002,59,59,0,7.27
572,228,1013,517,517,3,34.7
573,228,1034,657,657,24,220.78
574,229,1031,424,424,0,112.53
575,230,1010,214,214,3,28.24
576,230,1034,1297,1297,3,265.82
577,231,1028,1174,1174,43,82.49
578,231,1008,1149,1149,25,6.61
579,231,1037,338,338,11,186.02
580,232,1016,55,55,2,25.72
581,232,1029,339,339,4,91.17
582,232,1018,279,279,8,74.46
583,233,1010,313,313,12,25.88
584,233,1026,459,459,17,191.27
585,233,1001,490,490,10,7.59
586,233,1002,677,677,15,6.95
587,234,1016,167,167,3,26.51
588,234,1039,334,334,0,243.94
589,234,1021,934,934,21,80.39
590,234,1012,461,461,2,32.18
591,235,1014,50,50,0,40.67
592,235,1009,348,348,5,45.08
593,235,1023,572,572,6,93.13
594,236,1009,1244,1244,38,45.76
595,237,1023,1225,0,0,103.31
596,238,1005,997,997,18,8.36
597,238,1036,334,334,0,327.46
598,239,1038,778,778,26,144.51
599,239,1012,508,508,6,37.55
600,239,1037,275,275,0,188.9
601,240,1023,623,623,18,110.09
602,241,1001,614,614,6,7.26
603,241,1021,732,732,24,90.41
604,241,1023,887,887,14,94.72
605,242,1018,243,0,0,73.22
606,243,1025,484,484,23,164.19
607,243,1039,559,559,21,216.58
608,243,1022,117,117,5,113.87
609,244,1009,697,697,27,49.66
610,245,1016,791,791,12,24.77
611,245,1018,280,280,2,79.05
612,245,1020,833,833,27,100.31
613,245,1024,417,417,10,73.38
614,246,1002,301,301,4,6.41
615,246,1033,884,884,26,200.11
616,246,1020,1061,1061,3,111.63
617,247,1004,830,830,12,3.93
618,247,1012,873,873,20,35.87
619,247,1021,584,584,6,101.68
620,247,1036,765,765,31,303.65
621,248,1012,785,785,23,31.28
622,248,1014,365,365,13,42.86
623,249,1035,314,314,11,178.51
624,249,1002,286,286,4,6.64
625,249,1037,136,136,2,190.37
626,250,1025,420,420,18,154.18
627,250,1037,303,303,5,192.45
628,250,1022,409,409,5,105.91
629,251,1040,54,54,0,289.1
630,251,1023,903,903,41,112.16
631,251,1020,410,410,9,117.02
632,251,1033,250,250,5,231.56
633,252,1035,198,198,6,172.03
634,252,1035,877,877,21,165.53
635,253,1017,812,812,9,75.77
636,254,1019,310,310,11,126.78
637,254,1010,489,489,23,29.14
638,254,1003,91,91,3,8.57
639,255,1032,784,784,8,129.64
640,255,1037,303,303,9,192.06
641,256,1014,454,454,20,49.27
642,256,1028,341,341,15,96.05
643,257,1024,496,496,6,62.59
644,257,1030,588,588,28,90.75
645,258,1030,600,600,19,90.54
646,258,1014,364,364,17,42.96
647,258,1029,697,697,24,101.87
648,258,1005,292,292,6,8.33
649,259,1034,204,204,3,229.38
650,259,1031,801,801,7,117.64
651,259,1002,481,481,13,6.46
652,260,1021,562,562,1,95.96
653,260,1001,143,143,5,7.75
654,260,1002,584,584,22,6.89
655,260,1033,103,103,1,205.93
656,261,1017,114,114,4,75.36
657,262,1034,386,386,2,220.91
658,262,1016,508,508,1,23.32
659,263,1037,579,579,4,189.17
660,264,1014,563,563,17,50.5
661,264,1019,122,122,4,134.99
662,264,1024,581,581,19,60.44
663,265,1016,743,743,34,24.6
664,266,1026,565,565,24,157.72
665,267,1033,575,575,20,231.85
666,268,1037,590,590,22,198.28
667,268,1016,935,935,42,27.1
668,268,1033,548,548,11,196.69
669,269,1035,537,537,18,172.33
670,269,1037,1366,1366,10,190.61
671,269,1002,854,854,15,6.26
672,270,1038,49,49,1,133.21
673,270,1007,462,462,18,5.53
674,271,1029,218,218,5,88.55
675,272,1030,387,0,0,93.78
676,273,1039,175,175,4,227.99
677,273,1030,159,159,6,107.1
678,273,1036,336,336,16,300.68
679,274,1026,1138,1138,5,164.7
680,274,1035,434,434,0,144.41
681,275,1013,110,110,1,39.38
682,276,1011,615,615,19,45.34
683,276,1023,590,590,24,104.93
684,277,1001,681,681,1,6.76
685,277,1002,147,147,1,7.34
686,277,1017,139,139,4,67.97
687,278,1026,742,742,18,172.2
688,278,1015,600,600,28,42.33
689,279,1035,701,701,8,180.53
690,279,1009,494,494,17,39.64
691,280,1037,224,224,10,181.76
692,281,1006,1050,1050,5,3.86
693,282,1021,184,184,5,98.74
694,283,1010,156,156,7,25.57
695,283,1015,424,424,5,38.55
696,283,1011,44,44,0,43.39
697,284,1034,754,754,5,216.09
698,284,1006,830,830,20,4.47
699,285,1015,537,537,3,35.36
700,285,1012,48,48,0,34.52
701,285,1032,200,200,5,142.44
702,286,1005,378,378,11,8.26
703,287,1038,428,428,9,160.06
704,287,1032,178,178,0,155.52
705,288,1013,919,919,20,41.1
706,288,1007,81,81,3,5.85
707,288,1025,322,322,8,139.51
708,289,1027,185,0,0,136.21
709,289,1009,305,0,0,46.72
710,289,1027,278,0,0,132.21
711,290,1027,215,215,7,154.79
712,290,1004,1201,1201,50,3.91
713,290,1019,161,161,7,140.23
714,291,1011,87,87,2,39.28
715,291,1009,337,337,0,42.38
716,291,1039,321,321,3,243.85
717,292,1031,524,524,17,124.14
718,293,1018,884,884,40,85.9
719,293,1008,740,740,20,7.46
720,293,1040,584,584,7,250.9
721,293,1001,193,193,3,6.84
722,294,1001,228,228,0,6.92
723,294,1015,146,146,2,41.58
724,294,1030,885,885,33,93.92
725,294,1003,941,941,32,7.98
726,295,1015,475,475,22,43.75
727,295,1032,47,47,1,141.42
728,295,1029,41,41,1,86.32
729,296,1025,586,586,9,167.54
730,296,1033,470,470,10,220.89
731,296,1002,1124,1124,23,7.19
732,296,1019,803,803,17,138.62
733,297,1028,522,522,21,89.85
734,297,1039,1006,1006,35,251.35
735,297,1020,359,359,13,102.47
736,297,1038,968,968,24,149.22
737,298,1010,828,828,29,28.76
738,298,1031,1155,1155,22,138.15
739,298,1003,1267,1267,36,6.9
740,298,1040,620,620,19,294.74
741,299,1009,490,490,23,46.81
742,299,1022,314,314,15,126.41
743,300,1034,162,162,6,240.44
744,300,1035,792,792,34,145.6
745,300,1006,861,861,21,4.22
746,300,1033,575,575,3,204.87
747,301,1033,698,698,5,234.97
748,302,1010,161,161,7,27.35
749,303,1023,270,270,13,95.45
750,304,1040,526,526,13,265.68
751,304,1018,121,121,3,87.93
752,305,1024,73,73,0,75.93
753,305,1017,545,545,22,75.4
754,305,1028,39,39,1,84.32
755,306,1006,443,443,8,4.63
756,307,1003,466,466,18,7.67
757,308,1040,158,158,6,265.69
758,308,1011,510,510,20,41.32
759,308,1021,268,268,1,80.92
760,308,1024,815,815,40,74.2
761,309,1019,301,301,7,119.62
762,309,1006,173,173,8,3.78
763,309,1025,525,525,6,139.37
764,309,1008,186,186,2,6.93
765,310,1024,833,833,15,62.42
766,310,1001,992,992,15,7.96
767,310,1003,743,743,10,7.77
768,311,1029,890,890,29,101.54
769,311,1020,185,185,0,122.83
770,311,1025,230,230,6,147.33
771,311,1023,498,498,1,113.64
772,312,1029,312,312,0,105.68
773,312,1007,675,675,1,5.63
774,312,1039,217,217,3,230.52
775,313,1019,915,915,9,122.68
776,313,1036,343,343,1,272.12
777,313,1002,894,894,39,6.34
778,313,1023,446,446,4,115.85
779,314,1011,520,520,3,41.87
780,314,1034,350,350,10,231.05
781,314,1017,1192,1192,17,66.69
782,315,1028,592,592,8,78.85
783,315,1021,108,108,0,89.39
784,315,1011,750,750,18,39.81
785,315,1002,773,773,13,7.89
786,316,1005,620,620,2,8.15
787,317,1005,509,509,10,8.82
788,317,1015,73,73,0,40.56
789,318,1017,389,389,8,73.26
790,319,1021,766,766,32,98.42
791,319,1028,412,412,16,97.87
792,319,1002,743,743,17,7.34
793,320,1026,809,809,38,162.17
794,320,1038,585,585,22,161.62
795,320,1006,724,724,32,4.37
796,320,1017,677,677,5,77.33
797,321,1027,469,469,4,138.06
798,321,1021,75,75,1,81.94
799,321,1034,863,863,30,224.65
800,321,1029,868,868,13,90.95
801,322,1026,1068,1068,24,166.17
802,323,1030,270,270,4,88.19
803,323,1018,1383,1383,17,71.07
804,324,1040,459,459,21,311.33
805,324,1004,908,908,30,4.19
806,324,1035,693,693,17,168.95
807,325,1038,78,78,3,161.5
808,325,1006,268,268,7,4.74
809,325,1018,158,158,7,72.42
810,326,1007,81,81,0,5.38
811,326,1004,100,100,3,4.03
812,326,1017,723,723,15,65.47
813,327,1005,219,219,0,7.39
814,327,1017,480,480,15,76.66
815,327,1011,682,682,27,43.84
816,328,1006,344,344,7,4.06
817,328,1028,420,420,14,95.85
818,328,1019,651,651,20,129.59
819,329,1037,307,307,5,198.84
820,329,1019,653,653,15,132.18
821,330,1030,467,467,16,87.03
822,331,1011,538,538,16,47.96
823,331,1023,669,669,17,111.33
824,332,1010,531,531,9,26.34
825,333,1032,465,465,16,128.51
826,334,1001,259,259,4,7.27
827,335,1026,562,562,5,156.38
828,336,1022,118,118,0,111.12
829,336,1029,573,573,20,108.05
830,336,1001,296,296,6,7.98
831,336,1002,436,436,0,7.95
832,337,1031,680,680,17,127.88
833,337,1010,847,847,26,25.81
834,337,1016,928,928,18,23.81
835,337,1006,568,568,4,4.62
836,338,1035,685,685,27,175.89
837,338,1028,551,551,22,88.73
838,338,1021,569,569,13,99.15
839,339,1020,924,924,30,108.44
840,339,1021,567,567,6,99.19
841,340,1012,286,286,11,31.52
842,340,1032,559,559,25,144.22
843,340,1032,801,801,20,126.92
844,340,1003,606,606,15,7.41
845,341,1023,547,547,5,97.42
846,341,1017,166,166,5,63.85
847,341,1012,352,352,3,31.12
848,342,1020,1345,1345,63,116.09
849,342,1025,218,218,6,168.36
850,343,1015,349,349,2,41.73
851,343,1031,990,990,17,114.46
852,344,1037,186,186,8,164.18
853,345,1037,142,142,0,179.46
854,345,1006,1356,1356,5,4.23
855,345,1018,936,936,27,74.49
856,345,1038,81,81,0,136.1
857,346,1029,980,0,0,96.28
858,346,1039,733,0,0,226.72
859,346,1003,126,0,0,7.36
860,346,1006,280,0,0,3.87
861,347,1010,304,304,12,25.35
862,347,1033,389,389,10,206.54
863,348,1036,321,321,2,327.96
864,349,1008,288,288,6,6.0
865,349,1040,358,358,3,258.92
866,349,1019,735,735,11,140.99
867,350,1013,621,621,28,37.1
868,350,1013,506,506,8,38.27
869,350,1012,250,250,1,33.66
870,350,1020,568,568,8,119.64
871,351,1014,710,710,32,44.93
872,351,1007,178,178,2,4.97
873,351,1038,374,374,6,153.82
874,351,1023,301,301,14,109.7
875,352,1012,328,328,15,33.68
876,353,1039,848,848,5,253.63
877,353,1004,943,943,32,4.27
878,354,1007,448,448,3,4.69
879,354,1031,823,823,26,129.46
880,354,1012,436,436,3,34.15
881,355,1016,494,494,22,26.4
882,355,1038,563,563,17,130.87
883,356,1037,227,227,2,171.99
884,356,1015,253,253,7,41.66
885,357,1004,497,497,22,3.5
886,357,1030,340,340,12,103.48
887,358,1027,896,896,22,159.15
888,358,1028,782,782,10,90.42
889,358,1009,386,386,6,44.38
890,359,1040,415,415,20,256.13
891,359,1038,88,88,2,156.71
892,360,1033,184,184,4,197.6
893,360,1017,534,534,13,75.32
894,360,1040,770,770,30,272.37
895,361,1040,500,500,6,247.85
896,361,1023,143,143,3,103.19
897,361,1004,705,705,8,3.92
898,362,1025,264,264,0,148.62
899,362,1014,547,547,5,45.4
900,363,1037,80,80,0,175.54
901,363,1030,286,286,7,97.06
902,363,1026,890,890,31,193.64
903,363,1022,963,963,14,121.37
904,364,1019,695,0,0,135.46
905,364,1018,903,0,0,72.41
906,364,1020,887,0,0,109.89
907,365,1028,177,177,0,88.34
908,365,1022,274,274,9,114.82
909,365,1025,126,126,5,142.34
910,365,1023,992,992,5,115.24
911,366,1030,815,815,4,100.77
912,367,1027,560,560,5,156.65
913,367,1038,476,476,8,144.27
914,367,1015,297,297,8,36.79
915,367,1037,157,157,5,160.94
916,368,1005,759,759,5,7.51
917,368,1028,367,367,16,90.72
918,368,1015,893,893,24,37.47
919,369,1020,784,784,2,101.48
920,369,1026,512,512,22,174.31
921,370,1035,702,702,17,169.48
922,371,1033,870,870,14,204.67
923,371,1008,1134,1134,10,6.72
924,371,1029,91,91,0,86.89
925,371,1013,1194,1194,27,41.12
926,372,1031,749,749,25,127.53
927,372,1015,1156,1156,24,42.91
928,372,1010,807,807,30,30.35
929,372,1027,1124,1124,26,160.58
930,373,1038,942,942,13,153.2
931,374,1006,173,173,7,3.93
932,374,1033,908,908,9,250.76
933,374,1018,914,914,27,71.58
934,374,1007,296,296,1,5.42
935,375,1019,997,997,34,127.51
936,375,1017,556,556,19,77.71
937,376,1013,132,132,6,38.15
938,377,1031,828,828,0,130.87
939,377,1016,471,471,18,28.4
940,377,1024,938,938,18,73.45
941,377,1008,910,910,28,5.95
942,378,1019,408,408,18,115.92
943,378,1030,848,848,39,87.69
944,378,1022,881,881,37,101.49
945,379,1016,1149,1149,7,23.75
946,379,1007,977,977,11,5.6
947,379,1030,826,826,39,104.39
948,380,1030,1398,1398,45,87.32
949,380,1016,159,159,7,27.37
950,380,1031,1211,1211,19,126.73
951,381,1029,946,946,46,103.98
952,381,1021,863,863,20,93.01
953,381,1022,226,226,1,111.49
954,381,1024,117,117,0,68.27
955,382,1004,737,737,7,4.26
956,382,1020,265,265,6,105.47
957,383,1026,919,919,13,158.19
958,383,1033,832,832,24,207.46
959,383,1017,734,734,27,69.62
960,384,1031,469,469,3,135.79
961,384,1028,768,768,30,93.81
962,385,1021,573,573,10,99.37
963,385,1037,923,923,7,174.1
964,386,1024,944,944,25,60.0
965,386,1017,786,786,0,69.48
966,386,1014,323,323,2,46.39
967,387,1009,136,136,0,41.7
968,387,1023,193,193,2,115.69
969,387,1020,46,46,1,106.87
970,388,1007,344,344,5,4.71
971,388,1032,331,331,5,156.31
972,388,1036,691,691,3,293.8
973,389,1017,96,96,4,77.31
974,389,1018,873,873,28,80.2
975,389,1014,937,937,15,41.28
976,390,1023,670,670,10,117.42
977,391,1007,944,944,46,4.96
978,391,1019,193,193,2,133.02
979,392,1008,782,782,9,7.21
980,392,1011,632,632,14,44.56
981,393,1004,442,442,17,3.52
982,393,1006,1086,1086,28,4.32
983,393,1035,452,452,19,180.4
984,394,1016,72,72,3,27.87
985,394,1024,519,519,0,67.32
986,395,1020,804,804,7,117.21
987,395,1008,441,441,7,6.82
988,396,1037,335,335,7,170.91
989,397,1015,960,960,40,42.11
990,398,1019,272,272,7,136.87
991,398,1027,657,657,21,148.72
992,398,1006,351,351,8,3.87
993,398,1023,69,69,2,96.15
994,399,1023,990,990,24,101.65
995,399,1009,548,548,26,41.86
996,400,1013,699,699,0,38.59
997,400,1022,377,377,14,120.83
998,401,1017,997,997,13,74.6
999,402,1025,85,85,2,153.2
1000,403,1010,651,651,6,29.18
1001,403,1004,1198,1198,4,3.87
1002,403,1019,854,854,28,137.49
1003,403,1023,169,169,7,117.73
1004,404,1022,118,118,5,106.06
1005,404,1029,661,661,16,103.62
1006,404,1035,82,82,0,179.69
1007,404,1031,242,242,5,117.29
1008,405,1003,925,925,30,8.25
1009,405,1034,1381,1381,22,260.06
1010,406,1023,642,0,0,109.86
1011,407,1014,107,107,2,44.55
1012,407,1019,396,396,4,142.13
1013,407,1037,321,321,10,197.26
1014,408,1031,503,503,6,120.12
1015,408,1035,235,235,5,154.09
1016,408,1002,556,556,18,6.33
1017,409,1027,259,259,2,131.21
1018,409,1028,65,65,0,83.59
1019,409,1003,500,500,24,8.66
1020,409,1016,232,232,3,25.92
1021,410,1015,168,168,3,43.44
1022,410,1014,437,437,2,45.96
1023,410,1022,887,887,6,118.52
1024,411,1035,89,89,3,154.66
1025,411,1029,262,262,11,92.71
1026,412,1034,677,677,4,216.55
1027,413,1013,1318,1318,50,39.14
1028,414,1011,480,480,20,45.54
1029,414,1036,54,54,0,313.28
1030,415,1032,602,602,14,143.99
1031,415,1032,1251,1251,61,141.18
1032,416,1031,332,332,1,124.93
1033,416,1016,466,466,8,28.02
1034,416,1005,208,208,2,8.29
1035,416,1026,463,463,13,159.85
1036,417,1008,267,267,5,6.74
1037,417,1038,1061,1061,32,130.76
1038,418,1026,624,624,12,165.02
1039,419,1022,575,575,19,100.92
1040,419,1013,1061,1061,6,38.25
1041,420,1009,573,573,1,43.94
1042,421,1021,236,236,6,88.02
1043,421,1023,234,234,10,106.51
1044,421,1037,508,508,10,201.2
1045,421,1019,434,434,20,128.44
1046,422,1013,466,466,6,38.44
1047,423,1039,296,296,0,233.83
1048,424,1017,177,177,2,71.93
1049,424,1023,802,802,40,116.06
1050,425,1031,211,0,0,134.9
1051,426,1013,766,766,36,35.34
1052,426,1002,310,310,2,6.56
1053,426,1015,474,474,19,42.35
1054,427,1010,684,684,27,28.58
1055,427,1018,175,175,5,78.41
1056,428,1027,744,744,34,146.77
1057,428,1012,107,107,1,34.57
1058,428,1009,91,91,2,45.13
1059,428,1022,546,546,7,117.94
1060,429,1026,219,219,4,184.84
1061,429,1032,794,794,23,136.12
1062,429,1011,913,913,31,45.66
1063,429,1006,217,217,8,3.85
1064,430,1002,530,530,11,6.71
1065,431,1026,162,162,1,184.36
1066,431,1036,673,673,6,313.59
1067,432,1040,489,489,15,247.31
1068,432,1029,574,574,14,107.37
1069,432,1014,314,314,4,48.17
1070,433,1005,244,244,7,7.94
1071,434,1011,457,457,5,45.03
1072,434,1026,806,806,15,167.0
1073,434,1013,865,865,25,37.93
1074,435,1018,153,153,5,77.59
1075,435,1034,658,658,7,226.42
1076,435,1014,999,999,22,42.59
1077,435,1030,695,695,16,91.36
1078,436,1025,523,523,7,138.67
1079,436,1039,889,889,31,241.09
1080,436,1008,884,884,38,6.06
1081,437,1014,87,87,4,43.2
1082,438,1021,1293,1293,26,88.59
1083,438,1026,944,944,13,188.76
1084,438,1011,282,282,6,41.46
1085,439,1010,552,552,17,28.96
1086,439,1006,769,769,9,4.43
1087,440,1024,228,228,9,60.65
1088,440,1004,282,282,13,3.91
1089,440,1037,615,615,24,183.92
1090,441,1032,448,448,5,159.9
1091,441,1030,1055,1055,12,91.74
1092,441,1009,644,644,7,43.05
1093,442,1012,512,512,6,32.33
1094,443,1021,636,636,19,81.51
1095,443,1007,640,640,10,5.78
1096,444,1017,1090,1090,49,76.24
1097,444,1032,1149,1149,12,136.51
1098,445,1004,138,138,6,3.51
1099,445,1003,288,288,12,8.25
1100,445,1014,33,33,0,46.19
1101,446,1038,352,352,3,151.88
1102,447,1035,467,467,18,166.84
1103,447,1012,848,848,17,32.33
1104,447,1039,716,716,19,219.84
1105,448,1031,1113,1113,33,125.22
1106,449,1039,907,907,28,243.23
1107,449,1019,1118,1118,18,131.27
1108,450,1009,1108,1108,34,41.28
1109,451,1006,774,774,9,3.93
1110,451,1026,216,216,4,162.04
1111,451,1027,350,350,17,139.54
1112,451,1014,819,819,6,50.43
1113,452,1016,337,337,4,26.46
1114,452,1005,495,495,13,8.27
1115,453,1012,462,462,21,34.67
1116,454,1001,528,528,7,6.88
1117,455,1004,428,0,0,3.55
1118,455,1030,513,0,0,94.44
1119,455,1039,918,0,0,218.11
1120,456,1015,936,936,19,42.6
1121,456,1018,987,987,46,75.58
1122,456,1022,445,445,9,120.53
1123,456,1004,843,843,15,4.35
1124,457,1022,836,836,36,115.12
1125,457,1040,827,827,0,287.65
1126,457,1038,329,329,13,144.31
1127,458,1040,213,213,6,297.14
1128,458,1007,372,372,2,5.85
1129,459,1015,995,995,15,39.18
1130,459,1010,897,897,24,27.41
1131,459,1020,844,844,18,102.61
1132,459,1001,124,124,5,7.99
1133,460,1028,391,391,9,78.89
1134,461,1030,640,640,18,93.7
1135,461,1006,757,757,12,4.65
1136,461,1022,932,932,41,112.91
1137,462,1002,983,983,10,6.35
1138,462,1026,500,500,0,165.37
1139,463,1025,511,511,3,147.3
1140,463,1001,942,942,30,7.56
1141,464,1013,921,921,28,40.05
1142,464,1036,1021,1021,2,273.27
1143,464,1038,1254,1254,12,128.41
1144,465,1015,415,415,0,41.53
1145,465,1009,374,374,16,39.37
1146,465,1035,101,101,2,176.43
1147,466,1023,124,124,5,117.55
1148,466,1005,414,414,9,7.76
1149,466,1029,456,456,12,92.31
1150,467,1024,211,211,0,60.63
1151,467,1029,367,367,1,87.91
1152,468,1021,1281,1281,25,89.9
1153,468,1011,392,392,0,40.95
1154,468,1038,568,568,3,131.91
1155,468,1023,527,527,2,95.16
1156,469,1028,54,54,0,82.79
1157,470,1019,1016,1016,31,118.5
1158,470,1009,595,595,13,45.26
1159,470,1022,212,212,1,107.66
1160,470,1014,215,215,2,44.71
1161,471,1033,88,88,3,222.65
1162,471,1022,403,403,5,121.78
1163,471,1027,65,65,2,163.09
1164,472,1033,1386,1386,40,204.94
1165,472,1026,935,935,41,167.21
1166,473,1012,183,183,8,37.73
1167,473,1019,515,515,21,139.66
1168,474,1027,1057,1057,38,166.07
1169,474,1038,305,305,4,163.39
1170,474,1016,308,308,3,23.68
1171,474,1018,572,572,22,80.72
1172,475,1013,564,564,18,39.37
1173,475,1037,869,869,25,201.29
1174,475,1037,662,662,8,161.88
1175,476,1021,368,368,0,93.98
1176,476,1028,85,85,1,81.67
1177,476,1028,998,998,14,86.88
1178,477,1032,247,247,0,157.71
1179,477,1028,596,596,12,84.78
1180,478,1023,530,530,3,107.99
1181,478,1015,263,263,12,39.24
1182,478,1006,264,264,10,4.55
1183,479,1026,786,786,27,179.74
1184,479,1019,305,305,4,123.37
1185,480,1037,199,199,0,189.54
1186,480,1019,457,457,15,119.12
1187,480,1029,456,456,20,104.18
1188,480,1015,331,331,10,43.77
1189,481,1020,395,395,16,114.2
1190,481,1039,79,79,0,260.04
1191,481,1040,123,123,5,310.69
1192,482,1033,616,616,30,198.14
1193,482,1035,188,188,5,166.82
1194,482,1014,544,544,6,47.58
1195,482,1021,697,697,7,98.35
1196,483,1006,308,308,11,3.86
1197,483,1010,276,276,2,26.77
1198,483,1030,324,324,9,95.35
1199,484,1026,480,480,7,180.67
1200,484,1021,484,484,0,95.08
1201,485,1037,422,422,7,164.99
1202,485,1040,742,742,8,301.56
1203,486,1006,1000,1000,23,3.8
1204,486,1016,1036,1036,49,23.9
1205,486,1036,128,128,2,296.07
1206,486,1017,539,539,21,60.95
1207,487,1030,929,0,0,100.45
1208,487,1029,1303,0,0,94.71
1209,487,1021,84,0,0,94.55
1210,488,1016,1173,1173,11,28.98
1211,488,1017,1080,1080,6,74.57
1212,488,1012,275,275,11,36.58
1213,489,1012,748,748,16,30.4
1214,489,1037,560,560,16,190.59
1215,490,1040,928,928,8,250.05
1216,491,1037,330,330,13,192.73
1217,492,1039,650,650,2,262.6
1218,492,1031,797,797,27,115.63
1219,493,1021,998,998,1,79.94
1220,493,1013,425,425,7,40.47
1221,493,1028,382,382,17,96.7
1222,494,1030,552,552,6,93.81
1223,494,1002,408,408,17,6.67
1224,495,1036,1198,1198,30,268.8
1225,495,1015,296,296,9,43.48
1226,496,1038,201,201,1,147.4
1227,497,1007,982,982,8,4.9
1228,498,1031,355,355,11,120.39
1229,498,1012,639,639,29,32.93
1230,498,1014,251,251,11,48.56
1231,499,1022,379,379,15,120.35
1232,499,1027,480,480,14,144.63
1233,499,1016,332,332,0,29.09
1234,499,1015,680,680,20,40.81
1235,500,1024,640,640,21,67.32
1236,500,1005,894,894,2,7.77
1237,500,1014,323,323,2,46.93
1238,501,1037,328,328,15,173.78
1239,501,1009,191,191,0,41.02
1240,502,1022,1048,1048,46,103.64
1241,503,1011,54,54,2,44.99
1242,503,1018,171,171,7,84.55
1243,503,1001,494,494,9,6.85
1244,504,1031,590,590,8,126.84
1245,505,1007,833,833,23,5.47
1246,505,1020,81,81,3,107.99
1247,506,1007,325,325,14,5.36
1248,506,1013,902,902,25,33.01
1249,507,1031,670,670,9,131.87
1250,507,1026,1014,1014,31,161.24
1251,508,1018,650,650,10,82.4
1252,508,1024,470,470,14,59.94
1253,508,1018,884,884,32,84.87
1254,508,1037,627,627,1,171.14
1255,509,1021,864,864,28,85.77
1256,510,1038,421,421,16,156.19
1257,511,1004,832,832,18,3.58
1258,511,1011,127,127,5,42.55
1259,511,1011,746,746,13,40.91
1260,512,1020,176,176,6,108.12
1261,513,1035,993,993,12,176.31
1262,513,1040,711,711,23,302.53
1263,513,1022,971,971,42,109.55
1264,514,1015,206,206,5,42.31
1265,514,1038,415,415,18,141.55
1266,514,1030,401,401,3,100.04
1267,515,1023,965,965,43,106.53
1268,516,1025,762,762,11,136.62
1269,517,1004,91,91,0,4.13
1270,517,1038,142,142,3,143.03
1271,517,1025,817,817,34,134.19
1272,517,1026,908,908,27,184.23
1273,518,1031,603,603,24,142.57
1274,518,1018,333,333,1,71.89
1275,518,1001,1047,1047,3,6.4
1276,518,1019,1085,1085,48,137.8
1277,519,1009,345,345,4,48.76
1278,519,1006,333,333,11,4.71
1279,519,1025,762,762,36,154.55
1280,520,1002,733,733,23,7.6
1281,521,1038,562,562,27,162.73
1282,521,1029,573,573,1,95.31
1283,521,1007,196,196,7,4.76
1284,522,1009,277,277,0,39.99
1285,522,1001,284,284,10,7.91
1286,523,1013,925,925,34,39.72
1287,523,1031,536,536,23,119.18
1288,524,1014,799,799,28,40.6
1289,524,1033,578,578,28,221.87
1290,524,1038,1393,1393,60,136.94
1291,525,1016,998,998,40,27.36
1292,525,1028,489,489,3,80.16
1293,525,1002,902,902,28,7.14
1294,525,1018,783,783,35,82.75
1295,526,1019,749,749,19,135.5
1296,526,1032,586,586,20,154.65
1297,527,1026,661,661,23,173.75
1298,527,1005,695,695,27,7.67
1299,527,1030,447,447,7,95.88
1300,527,1036,241,241,8,321.86
1301,528,1024,698,698,8,68.49
1302,529,1027,367,367,10,134.69
1303,529,1033,670,670,29,224.47
1304,529,1023,890,890,8,102.2
1305,530,1002,684,684,30,7.87
1306,531,1019,1195,1195,1,120.6
1307,532,1013,538,538,14,34.77
1308,532,1006,496,496,0,4.45
1309,532,1018,621,621,22,83.01
1310,533,1038,254,254,8,138.57
1311,533,1028,235,235,1,81.04
1312,533,1005,122,122,2,8.28
1313,533,1017,207,207,1,72.89
1314,534,1012,1016,1016,25,30.7
1315,534,1013,1345,1345,17,33.92
1316,535,1019,541,0,0,139.27
1317,535,1011,552,0,0,46.05
1318,536,1034,108,108,4,211.64
1319,536,1032,717,717,28,141.89
1320,536,1025,181,181,7,155.39
1321,536,1004,179,179,2,3.54
1322,537,1014,308,308,4,46.18
1323,537,1016,663,663,25,28.5
1324,537,1030,808,808,11,97.21
1325,538,1008,503,503,20,7.19
1326,538,1037,210,210,9,159.84
1327,538,1020,158,158,1,105.18
1328,539,1019,387,387,7,133.26
1329,540,1040,1155,1155,2,263.75
1330,540,1040,292,292,9,270.86
1331,541,1007,485,485,1,5.21
1332,541,1034,250,250,6,214.44
1333,541,1006,659,659,22,4.09
1334,542,1033,970,970,11,238.67
1335,543,1011,416,416,0,43.5
1336,543,1030,501,501,24,91.36
1337,544,1013,954,954,23,37.36
1338,545,1039,90,90,1,262.92
1339,545,1036,955,955,5,310.44
1340,545,1010,509,509,24,29.75
1341,546,1034,154,154,6,236.63
1342,546,1036,1215,1215,7,301.85
1343,547,1036,861,861,33,322.7
1344,547,1039,417,417,14,208.61
1345,547,1004,772,772,24,3.53
1346,547,1019,732,732,5,138.52
1347,548,1014,746,0,0,49.31
1348,548,1036,176,0,0,321.36
1349,548,1003,150,0,0,7.19
1350,548,1024,877,0,0,61.71
1351,549,1013,296,296,0,41.46
1352,550,1032,259,259,5,141.49
1353,550,1011,807,807,31,48.36
1354,550,1039,55,55,1,230.46
1355,551,1038,438,438,11,158.51
1356,552,1019,247,247,7,138.04
1357,552,1014,214,214,6,44.07
1358,552,1009,1248,1248,9,43.49
1359,552,1033,1171,1171,50,223.05
1360,553,1023,553,553,1,92.84
1361,553,1040,45,45,1,281.45
1362,554,1012,863,863,8,30.63
1363,555,1004,544,544,6,3.74
1364,556,1010,889,889,26,30.18
1365,557,1038,413,413,11,135.3
1366,558,1012,275,275,1,33.45
1367,558,1017,980,980,29,62.28
1368,558,1039,540,540,7,263.04
1369,558,1019,413,413,8,136.62
1370,559,1013,375,375,6,38.69
1371,560,1001,971,971,25,6.49
1372,561,1025,300,300,4,141.13
1373,561,1040,309,309,2,258.22
1374,562,1006,687,687,21,4.45
1375,563,1029,746,746,30,103.41
1376,563,1023,239,239,3,103.37
1377,563,1001,390,390,1,7.07
1378,563,1029,535,535,0,108.45
1379,564,1034,314,314,10,245.2
1380,564,1015,896,896,20,38.34
1381,564,1020,58,58,2,108.29
1382,565,1022,991,991,35,109.48
1383,566,1001,585,585,19,6.63
1384,566,1035,1148,1148,41,169.54
1385,567,1005,254,254,2,8.04
1386,567,1030,179,179,0,96.01
1387,567,1040,499,499,3,277.11
1388,568,1018,580,580,5,72.8
1389,568,1021,851,851,16,86.38
1390,569,1019,762,762,14,131.48
1391,569,1011,907,907,7,43.48
1392,570,1010,472,472,5,27.49
1393,570,1002,94,94,2,6.43
1394,571,1003,462,462,20,7.84
1395,571,1011,964,964,10,41.58
1396,572,1007,507,507,14,5.48
1397,573,1037,136,136,6,200.06
1398,573,1033,386,386,7,241.97
1399,573,1039,635,635,6,232.84
1400,574,1008,500,500,12,6.26
1401,574,1012,93,93,4,31.51
1402,574,1014,405,405,14,44.63
1403,574,1012,60,60,2,30.98
1404,575,1013,260,260,7,32.72
1405,576,1010,231,231,0,28.84
1406,576,1017,762,762,10,67.43
1407,576,1019,487,487,20,130.29
1408,577,1012,896,0,0,36.41
1409,577,1035,906,0,0,176.93
1410,578,1025,1139,1139,36,142.31
1411,578,1007,646,646,6,5.3
1412,579,1028,172,172,7,85.24
1413,580,1030,954,954,7,102.62
1414,581,1008,620,620,7,6.48
1415,581,1034,749,749,4,244.92
1416,581,1014,871,871,8,48.96
1417,582,1033,126,126,3,222.11
1418,582,1038,959,959,35,141.76
1419,583,1025,550,550,24,164.39
1420,583,1010,879,879,19,25.63
1421,584,1038,1052,1052,40,161.01
1422,584,1032,985,985,37,140.79
1423,584,1025,1108,1108,27,144.12
1424,584,1012,432,432,20,34.63
1425,585,1038,460,460,19,141.05
1426,585,1019,172,172,3,119.17
1427,586,1017,484,484,17,65.65
1428,586,1016,1363,1363,13,24.85
1429,586,1036,963,963,14,294.15
1430,587,1035,883,883,38,152.12
1431,587,1014,299,299,1,50.38
1432,587,1030,592,592,4,101.04
1433,587,1003,337,337,5,7.16
1434,588,1012,98,98,3,31.71
1435,588,1019,810,810,8,112.81
1436,588,1002,179,179,1,7.49
1437,588,1033,767,767,36,207.88
1438,589,1025,770,770,36,151.68
1439,590,1013,1237,1237,42,35.57
1440,591,1014,71,71,0,43.98
1441,591,1036,173,173,1,290.41
1442,591,1009,493,493,10,40.31
1443,591,1001,613,613,18,6.96
1444,592,1003,834,834,20,8.65
1445,593,1011,705,705,16,45.06
1446,594,1021,467,467,15,96.52
1447,594,1032,309,309,7,150.93
1448,595,1019,437,437,5,130.14
1449,595,1017,262,262,3,73.29
1450,596,1011,626,626,31,43.85
1451,597,1029,509,509,8,104.28
1452,598,1032,975,975,43,134.55
1453,599,1014,671,0,0,48.99
1454,600,1020,469,469,11,106.92
1455,600,1029,272,272,12,93.98
1456,600,1031,607,607,17,138.87
1457,601,1020,974,0,0,112.34
1458,602,1026,764,764,5,171.47
1459,603,1019,111,111,2,114.13
1460,603,1019,970,970,10,123.46
1461,603,1012,186,186,2,30.57
1462,604,1012,1388,1388,48,30.78
1463,604,1001,736,736,6,6.5
1464,605,1034,1255,1255,15,263.91
1465,605,1014,1023,1023,13,48.95
1466,606,1010,315,315,13,25.35
1467,606,1027,130,130,0,137.0
1468,606,1017,847,847,16,75.28
1469,606,1033,714,714,31,209.03
1470,607,1008,947,947,20,6.98
1471,607,1020,732,732,18,113.45
1472,607,1008,596,596,26,7.0
1473,608,1014,643,643,14,47.98
1474,609,1018,880,880,7,79.25
1475,609,1027,1065,1065,13,131.3
1476,609,1005,110,110,4,8.09
1477,609,1037,1355,1355,17,188.2
1478,610,1029,1108,0,0,92.56
1479,610,1009,394,0,0,40.14
1480,610,1017,177,0,0,61.14
1481,610,1022,593,0,0,102.71
1482,611,1008,879,879,9,6.04
1483,612,1005,534,534,2,9.02
1484,612,1027,736,736,15,162.21
1485,613,1003,309,309,0,7.72
1486,613,1003,636,636,28,8.13
1487,614,1023,628,628,27,107.4
1488,615,1030,717,717,28,95.31
1489,615,1011,668,668,27,40.04
1490,615,1006,72,72,1,4.43
1491,615,1014,138,138,0,39.92
1492,616,1031,989,989,33,127.94
1493,616,1029,326,326,6,100.51
1494,616,1022,544,544,26,121.34
1495,617,1024,834,834,10,71.65
1496,617,1012,857,857,34,34.37
1497,618,1020,534,534,11,115.24
1498,618,1039,91,91,1,259.55
1499,618,1001,180,180,0,7.08
1500,619,1016,565,565,9,28.97
1501,619,1012,261,261,11,35.05
1502,619,1003,485,485,10,7.02
1503,619,1013,501,501,22,39.87
1504,620,1028,521,521,14,82.75
1505,620,1025,735,735,22,168.0
1506,621,1023,462,462,13,96.55
1507,621,1033,555,555,4,243.23
1508,622,1037,901,901,37,185.23
1509,622,1010,1052,1052,23,26.36
1510,622,1029,98,98,2,89.25
1511,623,1011,435,435,16,43.95
1512,623,1026,954,954,25,187.67
1513,624,1034,38,38,1,256.29
1514,625,1034,1083,1083,5,215.79
1515,625,1021,81,81,2,91.61
1516,625,1035,1096,1096,37,141.96
1517,626,1039,652,652,2,254.18
1518,626,1031,457,457,9,119.2
1519,627,1001,970,970,15,7.4
1520,627,1035,100,100,2,173.48
1521,627,1025,1176,1176,23,144.86
1522,627,1037,186,186,4,200.66
1523,628,1020,570,570,10,116.31
1524,629,1008,598,598,15,6.6
1525,629,1024,672,672,24,72.36
1526,630,1033,602,602,19,226.81
1527,630,1022,532,532,5,114.92
1528,630,1002,784,784,6,6.94
1529,631,1002,186,186,4,7.88
1530,631,1007,470,470,9,5.67
1531,632,1021,526,526,5,94.02
1532,632,1034,606,606,3,266.59
1533,632,1013,230,230,7,40.94
1534,633,1014,448,448,19,46.46
1535,634,1024,294,294,14,66.42
1536,635,1004,1261,1261,44,4.35
1537,635,1018,196,196,3,81.62
1538,635,1003,1030,1030,4,7.33
1539,635,1039,172,172,1,263.12
1540,636,1035,611,611,4,154.52
1541,636,1007,1127,1127,18,4.93
1542,637,1017,130,130,2,69.78
1543,637,1020,338,338,8,98.03
1544,638,1037,588,588,12,173.17
1545,638,1013,184,184,4,32.73
1546,639,1018,109,109,3,77.67
1547,639,1037,138,138,6,199.78
1548,639,1018,811,811,17,75.07
1549,639,1001,805,805,25,7.37
1550,640,1009,196,196,1,49.19
1551,641,1023,790,0,0,110.39
1552,641,1026,550,0,0,165.05
1553,641,1031,118,0,0,137.0
1554,642,1003,561,561,20,8.06
1555,642,1024,831,831,30,72.22
1556,642,1017,956,956,42,66.75
1557,643,1019,206,206,4,128.66
1558,643,1036,801,801,13,272.88
1559,644,1020,715,715,25,112.3
1560,644,1003,279,279,9,8.14
1561,644,1009,93,93,4,45.25
1562,644,1038,721,721,2,137.91
1563,645,1015,962,962,37,42.01
1564,645,1021,413,413,14,95.82
1565,646,1021,890,0,0,95.86
1566,646,1011,650,0,0,42.89
1567,646,1010,302,0,0,27.39
1568,647,1003,216,216,6,7.66
1569,647,1035,683,683,19,162.41
1570,648,1027,784,784,14,140.24
1571,648,1004,852,852,23,3.44
1572,648,1004,953,953,39,3.6
1573,649,1010,592,0,0,28.82
1574,649,1027,310,0,0,142.72
1575,649,1002,984,0,0,7.27
1576,650,1007,118,118,5,5.32
1577,651,1025,421,421,18,159.3
1578,651,1030,429,429,19,100.39
1579,651,1035,755,755,19,176.24
1580,652,1003,594,594,2,8.78
1581,652,1013,551,551,0,38.97
1582,652,1012,761,761,36,33.56
1583,652,1039,281,281,0,209.58
1584,653,1016,929,0,0,23.6
1585,653,1002,508,0,0,7.14
1586,653,1026,307,0,0,162.26
1587,653,1009,619,0,0,45.78
1588,654,1036,676,676,5,305.96
1589,655,1028,157,157,1,79.54
1590,655,1025,677,677,7,167.37
1591,655,1027,982,982,18,143.05
1592,656,1023,364,364,6,103.54
1593,656,1011,121,121,2,46.88
1594,657,1002,212,212,0,6.71
1595,657,1023,186,186,3,113.33
1596,658,1034,722,0,0,248.87
1597,659,1031,424,424,4,142.47
1598,659,1029,488,488,2,109.03
1599,660,1015,650,650,24,42.23
1600,660,1011,252,252,2,41.32
1601,660,1032,307,307,7,145.7
1602,660,1011,559,559,21,44.99
1603,661,1040,273,273,0,268.89
1604,662,1035,234,234,7,163.6
1605,662,1020,55,55,0,100.82
1606,662,1027,560,560,16,155.92
1607,663,1007,578,578,19,4.95
1608,663,1038,459,459,9,128.5
1609,663,1007,936,936,44,5.78
1610,664,1014,851,851,12,44.6
1611,664,1040,858,858,28,254.62
1612,664,1011,985,985,15,44.99
1613,664,1009,451,451,3,41.65
1614,665,1012,286,286,1,37.53
1615,666,1004,741,741,22,3.94
1616,666,1032,126,126,6,145.86
1617,667,1011,956,956,9,39.61
1618,667,1024,992,992,22,69.24
1619,667,1040,607,607,24,309.31
1620,667,1031,107,107,3,117.76
1621,668,1008,795,795,29,6.92
1622,668,1030,1181,1181,0,88.84
1623,669,1039,295,295,6,247.89
1624,669,1015,405,405,1,38.9
1625,670,1004,675,675,17,3.67
1626,670,1019,707,707,17,137.66
1627,670,1020,576,576,27,100.37
1628,671,1039,532,532,0,264.78
1629,671,1024,526,526,15,66.45
1630,671,1012,882,882,1,31.81
1631,672,1038,675,675,20,157.3
1632,672,1027,875,875,30,157.25
1633,672,1015,114,114,1,36.88
1634,672,1006,289,289,2,4.32
1635,673,1017,75,75,1,64.09
1636,673,1016,793,793,12,24.38
1637,673,1015,989,989,9,38.62
1638,674,1019,831,831,35,130.55
1639,674,1030,507,507,7,102.9
1640,674,1029,686,686,15,109.78
1641,674,1031,829,829,36,117.76
1642,675,1028,327,327,9,89.3
1643,675,1021,860,860,2,89.89
1644,675,1029,424,424,15,87.38
1645,676,1021,99,99,2,81.15
1646,677,1016,424,424,19,23.09
1647,677,1030,1213,1213,14,103.05
1648,677,1033,378,378,7,232.33
1649,678,1029,737,737,4,108.47
1650,678,1021,200,200,9,97.64
1651,678,1002,942,942,27,6.56
1652,679,1028,559,559,27,92.53
1653,679,1027,663,663,2,164.25
1654,680,1040,1302,1302,34,276.6
1655,680,1006,704,704,2,4.6
1656,681,1034,167,167,5,228.22
1657,681,1016,432,432,3,28.5
1658,682,1001,741,741,14,7.91
1659,682,1039,85,85,3,228.21
1660,683,1022,606,606,26,109.54
1661,683,1038,250,250,8,142.12
1662,684,1028,957,957,26,83.85
1663,684,1021,1268,1268,55,81.15
1664,684,1017,547,547,14,66.59
1665,685,1040,51,51,0,310.76
1666,686,1026,303,303,4,179.32
1667,686,1002,184,184,4,7.57
1668,687,1011,957,957,37,47.49
1669,687,1021,210,210,9,86.56
1670,687,1028,91,91,2,95.45
1671,687,1039,848,848,23,216.46
1672,688,1002,566,566,10,7.87
1673,688,1023,388,388,1,95.57
1674,688,1038,269,269,7,132.84
1675,688,1037,800,800,1,167.65
1676,689,1019,1250,1250,56,124.94
1677,690,1033,560,0,0,210.39
1678,690,1003,209,0,0,7.89
1679,690,1009,355,0,0,45.01
1680,690,1037,818,0,0,199.88
1681,691,1032,776,776,28,128.99
1682,691,1015,202,202,6,43.1
1683,691,1004,615,615,6,4.24
1684,691,1026,721,721,3,156.14
1685,692,1013,721,721,35,33.95
1686,692,1017,317,317,9,76.55
1687,693,1004,82,82,1,3.5
1688,693,1030,702,702,7,107.99
1689,693,1018,544,544,23,85.85
1690,693,1026,1205,1205,9,153.72
1691,694,1004,499,499,12,3.64
1692,694,1027,656,656,13,153.15
1693,694,1025,348,348,16,151.83
1694,695,1014,566,566,16,40.06
1695,695,1026,508,508,23,191.83
1696,695,1011,384,384,4,39.77
1697,695,1036,53,53,2,303.94
1698,696,1021,417,417,10,90.6
1699,696,1034,467,467,9,263.05
1700,697,1029,409,409,16,92.48
1701,697,1005,328,328,0,7.4
1702,697,1017,170,170,8,77.75
1703,697,1015,70,70,2,36.03
1704,698,1037,565,565,0,179.81
1705,698,1009,678,678,24,41.17
1706,698,1014,398,398,10,47.73
1707,699,1016,845,845,25,26.44
1708,700,1002,57,57,1,6.87
1709,700,1037,525,525,0,160.42
1710,700,1015,338,338,7,36.6
1711,701,1040,782,782,14,257.48
1712,701,1021,714,714,3,88.63
1713,701,1037,155,155,0,172.45
1714,702,1026,241,241,11,167.85
1715,702,1016,304,304,9,29.18
1716,702,1027,503,503,7,150.56
1717,703,1030,889,889,29,93.21
1718,703,1026,650,650,22,190.43
1719,704,1036,898,898,41,281.86
1720,704,1032,167,167,3,135.99
1721,705,1022,910,910,44,117.53
1722,706,1009,929,929,41,39.43
1723,707,1039,1195,1195,9,253.71
1724,707,1036,614,614,11,271.19
1725,707,1035,806,806,40,165.56
1726,708,1009,42,42,1,48.77
1727,708,1039,492,492,7,248.69
1728,709,1034,83,0,0,243.53
1729,709,1015,536,0,0,43.7
1730,709,1040,65,0,0,298.86
1731,710,1015,1090,1090,40,41.47
1732,710,1031,578,578,11,136.74
1733,711,1005,1192,1192,19,8.54
1734,711,1037,674,674,4,176.12
1735,711,1009,211,211,0,49.42
1736,711,1036,784,784,1,321.33
1737,712,1006,837,837,4,3.77
1738,712,1025,998,998,47,153.08
1739,712,1002,730,730,13,6.29
1740,713,1012,129,129,0,33.59
1741,713,1027,291,291,4,156.69
1742,714,1014,253,253,9,48.37
1743,714,1016,994,994,7,26.47
1744,715,1026,938,0,0,157.81
1745,715,1029,625,0,0,104.62
1746,715,1006,478,0,0,4.16
1747,716,1037,1132,0,0,175.43
1748,716,1031,1313,0,0,126.17
1749,716,1020,138,0,0,104.0
1750,717,1010,997,997,33,26.74
1751,717,1001,548,548,0,7.74
1752,718,1007,400,400,0,5.2
1753,718,1011,534,534,6,40.47
1754,719,1013,217,217,6,33.93
1755,720,1028,534,534,4,87.69
1756,720,1034,595,595,19,235.42
1757,720,1026,404,404,15,169.64
1758,720,1015,299,299,4,35.42
1759,721,1010,465,465,4,29.46
1760,721,1028,293,293,5,96.18
1761,722,1003,620,620,4,8.16
1762,722,1001,860,860,14,6.7
1763,722,1022,466,466,19,110.52
1764,722,1025,575,575,12,135.45
1765,723,1007,825,825,37,5.67
1766,723,1005,711,711,19,8.35
1767,723,1038,603,603,8,157.18
1768,724,1038,1296,1296,58,132.55
1769,724,1036,634,634,0,285.83
1770,725,1005,970,0,0,8.33
1771,725,1004,443,0,0,3.41
1772,726,1028,468,0,0,79.7
1773,726,1039,99,0,0,213.12
1774,727,1011,456,456,4,45.31
1775,727,1013,879,879,33,35.15
1776,727,1004,445,445,4,3.77
1777,728,1040,563,563,6,294.38
1778,728,1008,69,69,0,6.53
1779,728,1022,525,525,16,119.88
1780,729,1024,969,969,38,65.65
1781,729,1004,235,235,5,3.62
1782,729,1028,760,760,29,85.02
1783,729,1034,701,701,33,211.84
1784,730,1021,816,816,12,92.24
1785,730,1009,576,576,18,49.69
1786,730,1036,696,696,22,302.49
1787,731,1025,344,344,13,137.45
1788,731,1038,604,604,5,162.72
1789,731,1020,1139,1139,39,99.28
1790,732,1010,408,408,15,25.92
1791,732,1033,1024,1024,44,211.16
1792,732,1013,1020,1020,30,33.46
1793,733,1028,254,254,8,89.5
1794,733,1020,698,698,20,109.87
1795,734,1018,280,280,11,84.34
1796,734,1008,764,764,1,6.07
1797,735,1025,66,66,0,153.68
1798,735,1019,700,700,1,114.09
1799,736,1009,167,167,5,47.57
1800,736,1020,86,86,4,104.21
1801,736,1003,971,971,1,7.53
1802,736,1011,750,750,2,41.66
1803,737,1030,676,676,18,107.85
1804,737,1024,452,452,3,66.14
1805,738,1020,960,960,14,106.52
1806,738,1015,717,717,33,41.42
1807,738,1040,642,642,30,258.52
1808,738,1028,409,409,16,88.68
1809,739,1011,461,461,20,48.19
1810,739,1009,879,879,38,39.68
1811,739,1038,825,825,17,151.47
1812,739,1020,933,933,18,118.75
1813,740,1030,1031,1031,0,102.64
1814,740,1038,655,655,9,148.11
1815,740,1027,1110,1110,9,153.87
1816,740,1011,162,162,2,40.13
1817,741,1022,742,742,25,113.75
1818,742,1012,887,887,40,35.87
1819,742,1036,322,322,9,324.84
1820,743,1026,454,454,2,191.34
1821,743,1015,293,293,2,37.5
1822,743,1017,317,317,11,63.57
1823,743,1020,706,706,28,110.59
1824,744,1014,192,192,5,39.79
1825,745,1025,445,445,9,146.69
1826,745,1002,907,907,40,7.84
1827,745,1010,429,429,16,25.09
1828,745,1007,974,974,46,5.88
1829,746,1006,303,303,13,3.83
1830,746,1008,139,139,2,6.08
1831,746,1031,519,519,6,141.18
1832,746,1028,505,505,14,97.07
1833,747,1028,617,617,25,95.83
1834,748,1009,693,0,0,43.05
1835,749,1016,332,332,10,24.2
1836,750,1013,169,0,0,36.89
1837,750,1024,439,0,0,71.88
1838,751,1037,554,554,15,171.82
1839,751,1008,676,676,29,6.56
1840,751,1015,71,71,1,35.79
1841,752,1001,484,484,22,6.65
1842,752,1015,697,697,34,40.32
1843,752,1037,729,729,25,175.06
1844,752,1017,415,415,18,72.73
1845,753,1017,339,339,12,75.76
1846,753,1030,143,143,1,99.09
1847,754,1024,171,171,3,61.85
1848,755,1019,401,401,19,128.04
1849,755,1012,476,476,0,32.39
1850,756,1010,345,345,9,24.59
1851,756,1008,123,123,5,7.39
1852,756,1031,251,251,5,114.82
1853,756,1023,214,214,3,94.18
1854,757,1031,472,472,12,125.68
1855,757,1017,123,123,5,64.21
1856,757,1035,748,748,28,169.78
1857,757,1037,220,220,7,158.97
1858,758,1019,579,579,7,142.38
1859,758,1026,331,331,12,157.03
1860,758,1023,752,752,21,101.08
1861,758,1018,940,940,18,84.03
1862,759,1003,941,941,16,7.71
1863,759,1018,947,947,33,81.77
1864,759,1030,975,975,31,107.66
1865,760,1039,627,627,17,210.58
1866,761,1011,526,526,8,44.23
1867,761,1032,446,446,13,134.59
1868,762,1015,362,362,10,43.59
1869,762,1029,761,761,23,109.46
1870,762,1007,403,403,4,4.96
1871,762,1018,1227,1227,21,77.55
1872,763,1025,434,434,14,167.89
1873,764,1031,705,705,20,128.39
1874,764,1028,234,234,10,91.2
1875,764,1003,121,121,3,7.94
1876,765,1022,262,262,5,125.23
1877,765,1039,82,82,1,231.9
1878,766,1007,130,130,6,5.82
1879,766,1026,221,221,5,178.01
1880,766,1015,1103,1103,24,36.95
1881,766,1038,352,352,0,163.21
1882,767,1036,731,731,12,306.79
1883,767,1003,427,427,20,7.72
1884,767,1038,179,179,5,149.89
1885,768,1003,833,833,17,8.46
1886,769,1023,340,340,2,110.45
1887,769,1033,425,425,3,248.3
1888,769,1025,648,648,7,139.74
1889,769,1018,940,940,43,81.75
1890,770,1004,831,831,15,3.47
1891,771,1035,946,0,0,147.88
1892,772,1038,593,593,4,154.29
1893,772,1010,877,877,30,25.08
1894,772,1037,1177,1177,45,168.76
1895,773,1031,762,762,35,132.31
1896,773,1029,836,836,40,108.51
1897,773,1014,980,980,35,43.48
1898,774,1009,739,739,9,43.16
1899,774,1020,855,855,31,121.76
1900,774,1029,451,451,7,97.47
1901,775,1010,653,653,13,29.8
1902,775,1040,209,209,3,262.77
1903,776,1006,670,670,13,4.48
1904,776,1028,984,984,13,77.75
1905,776,1039,212,212,7,230.74
1906,776,1033,527,527,5,221.81
1907,777,1003,653,653,31,8.62
1908,778,1038,244,244,6,160.99
1909,778,1040,138,138,2,274.97
1910,778,1040,876,876,1,282.86
1911,778,1026,934,934,43,188.21
1912,779,1030,811,811,19,90.66
1913,779,1009,134,134,0,45.48
1914,779,1020,657,657,6,115.29
1915,780,1020,123,123,3,114.93
1916,780,1013,555,555,23,37.1
1917,781,1027,98,98,4,163.34
1918,782,1016,690,690,3,28.67
1919,783,1026,404,404,11,193.04
1920,783,1014,872,872,33,43.32
1921,784,1007,245,245,4,5.47
1922,784,1038,565,565,20,158.06
1923,785,1033,588,588,3,213.55
1924,786,1020,457,0,0,112.08
1925,786,1015,126,0,0,39.21
1926,786,1018,685,0,0,78.64
1927,787,1016,734,734,36,28.03
1928,788,1021,842,842,39,98.26
1929,788,1001,333,333,11,7.82
1930,788,1019,229,229,7,134.21
1931,789,1032,836,836,39,155.58
1932,789,1018,220,220,1,75.38
1933,790,1017,225,225,6,74.2
1934,791,1015,249,249,10,41.25
1935,791,1023,73,73,2,112.66
1936,791,1013,316,316,12,40.95
1937,791,1021,449,449,3,96.91
1938,792,1016,786,786,17,27.3
1939,792,1016,70,70,0,28.01
1940,793,1014,739,739,2,50.12
1941,794,1019,923,923,30,133.35
1942,795,1003,527,527,13,7.59
1943,796,1013,118,118,1,39.65
1944,796,1019,190,190,4,121.51
1945,796,1039,489,489,0,218.1
1946,796,1030,492,492,20,99.24
1947,797,1017,460,0,0,72.83
1948,797,1038,1132,0,0,135.63
1949,797,1017,786,0,0,67.68
1950,797,1007,1309,0,0,5.8
1951,798,1013,135,135,0,32.66
1952,798,1001,809,809,31,6.56
1953,798,1009,1241,1241,42,42.16
1954,799,1003,867,867,12,7.92
1955,799,1025,790,790,37,146.53
1956,799,1001,525,525,14,7.9
1957,800,1010,397,397,19,26.5
1958,801,1039,954,954,12,245.13
1959,801,1026,761,761,1,159.98
1960,801,1023,974,974,36,98.44
1961,801,1017,935,935,5,76.89
1962,802,1023,323,323,15,101.3
1963,802,1021,348,348,8,96.5
1964,803,1032,543,543,21,150.46
1965,803,1011,933,933,36,39.4
1966,803,1010,534,534,19,25.74
1967,804,1008,873,873,10,6.54
1968,804,1036,486,486,21,293.6
1969,804,1032,399,399,13,153.38
1970,804,1020,382,382,18,118.45
1971,805,1029,653,653,20,89.91
1972,805,1035,297,297,8,155.49
1973,805,1014,342,342,0,48.98
1974,805,1022,557,557,10,103.42
1975,806,1006,603,603,26,4.25
1976,806,1026,91,91,0,184.25
1977,807,1037,1219,1219,3,170.93
1978,807,1017,782,782,38,72.04
1979,807,1030,926,926,10,103.89
1980,808,1035,1038,1038,33,144.04
1981,809,1023,843,843,30,116.57
1982,809,1034,219,219,6,221.49
1983,809,1027,660,660,11,132.97
1984,810,1034,871,871,22,240.22
1985,810,1004,410,410,13,3.51
1986,810,1030,54,54,1,92.3
1987,810,1023,757,757,20,92.88
1988,811,1025,494,0,0,143.87
1989,812,1014,86,86,1,50.08
1990,812,1011,926,926,45,39.13
1991,812,1028,357,357,3,81.73
1992,813,1017,308,308,4,77.62
1993,813,1011,376,376,1,44.78
1994,814,1035,1251,1251,4,155.02
1995,815,1037,83,83,2,191.85
1996,816,1001,788,788,34,6.71
1997,816,1024,748,748,29,64.03
1998,816,1017,171,171,0,74.8
1999,817,1025,802,802,19,137.57
2000,818,1029,366,366,3,94.38
2001,819,1039,86,86,0,228.26
2002,819,1012,633,633,4,36.98
2003,819,1011,732,732,26,37.91
2004,820,1018,994,994,39,79.52
2005,821,1038,880,880,15,132.74
2006,821,1005,990,990,17,7.52
2007,821,1017,69,69,1,68.97
2008,821,1022,554,554,21,107.13
2009,822,1020,58,58,1,101.44
2010,822,1002,744,744,21,6.93
2011,823,1006,568,568,20,4.2
2012,823,1022,813,813,33,103.35
2013,823,1010,799,799,9,25.54
2014,823,1005,516,516,10,7.46
2015,824,1016,682,682,13,25.65
2016,825,1028,954,954,46,92.36
2017,825,1026,147,147,5,180.16
2018,825,1020,113,113,2,118.33
2019,825,1031,220,220,9,119.01
2020,826,1024,302,0,0,63.61
2021,827,1002,827,827,36,7.72
2022,827,1036,217,217,8,301.15
2023,827,1026,364,364,10,171.8
2024,827,1002,606,606,4,6.95
2025,828,1034,424,424,11,211.43
2026,828,1011,792,792,31,47.44
2027,829,1030,77,0,0,108.76
2028,829,1014,1349,0,0,43.08
2029,829,1003,764,0,0,8.42
2030,829,1028,1218,0,0,94.44
2031,830,1022,765,765,33,123.77
2032,830,1016,750,750,27,29.06
2033,831,1040,135,135,3,272.34
2034,831,1037,380,380,12,189.88
2035,831,1014,127,127,1,47.28
2036,832,1033,789,789,23,240.66
2037,832,1015,261,261,10,44.47
2038,833,1024,617,617,16,62.83
2039,833,1005,332,332,15,7.58
2040,833,1034,887,887,9,222.53
2041,834,1008,530,530,2,6.52
2042,834,1030,499,499,10,101.58
2043,834,1033,775,775,33,197.38
2044,834,1024,571,571,22,60.15
2045,835,1032,225,225,8,158.39
2046,835,1009,309,309,9,39.39
2047,835,1021,112,112,0,81.0
2048,835,1033,314,314,9,238.89
2049,836,1040,256,256,5,253.89
2050,836,1032,282,282,3,136.24
2051,836,1040,956,956,8,258.6
2052,836,1001,353,353,15,7.65
2053,837,1025,125,125,2,140.68
2054,837,1013,822,822,15,37.01
2055,837,1009,303,303,6,43.81
2056,837,1040,639,639,8,282.26
2057,838,1017,956,956,0,66.67
2058,838,1006,1062,1062,23,4.26
2059,838,1025,404,404,19,146.02
2060,838,1027,1065,1065,18,153.42
2061,839,1012,495,0,0,32.18
2062,840,1040,253,253,1,250.42
2063,840,1032,420,420,16,149.94
2064,840,1037,1086,1086,2,189.53
2065,841,1014,702,702,34,44.86
2066,842,1008,31,31,0,6.26
2067,842,1008,588,588,20,6.77
2068,842,1030,243,243,4,90.08
2069,843,1035,1220,1220,23,173.78
2070,843,1036,1194,1194,17,266.3
2071,844,1028,643,643,17,89.99
2072,844,1040,358,358,14,286.46
2073,845,1028,80,80,1,96.73
2074,846,1007,1310,1310,54,5.25
2075,846,1021,214,214,6,99.34
2076,846,1011,1363,1363,16,43.02
2077,846,1019,726,726,0,134.83
2078,847,1036,707,707,24,325.06
2079,847,1036,476,476,7,331.17
2080,847,1025,195,195,6,146.45
2081,848,1039,993,993,45,236.08
2082,848,1019,834,834,21,136.56
2083,849,1038,369,369,16,142.45
2084,849,1015,138,138,3,37.79
2085,850,1020,128,128,0,100.61
2086,850,1019,1010,1010,30,122.37
2087,851,1002,992,992,19,6.39
2088,851,1028,417,417,19,94.68
2089,852,1021,995,995,1,98.48
2090,853,1027,489,489,14,144.24
2091,853,1021,329,329,9,94.94
2092,853,1036,257,257,2,283.93
2093,853,1012,530,530,17,36.05
2094,854,1018,760,760,12,79.01
2095,855,1020,73,73,0,104.02
2096,855,1023,618,618,16,103.42
2097,855,1001,828,828,27,7.23
2098,855,1001,414,414,4,6.67
2099,856,1002,305,305,4,7.14
2100,856,1011,971,971,23,45.41
2101,857,1029,347,347,6,109.71
2102,857,1028,820,820,14,88.44
2103,857,1032,802,802,17,155.19
2104,858,1030,1201,1201,36,109.03
2105,858,1001,1117,1117,19,7.78
2106,858,1031,1229,1229,58,119.63
2107,858,1037,541,541,7,186.3
2108,859,1017,607,607,0,72.6
2109,860,1038,625,625,29,136.37
2110,860,1010,463,463,15,24.09
2111,860,1036,986,986,11,293.33
2112,861,1036,382,382,9,331.04
2113,861,1022,743,743,33,112.31
2114,862,1030,1227,1227,41,99.9
2115,863,1002,168,168,1,6.76
2116,863,1004,314,314,10,3.43
2117,864,1034,513,513,12,255.18
2118,865,1010,752,752,28,30.26
2119,865,1008,984,984,36,6.85
2120,866,1029,1316,1316,17,97.8
2121,866,1003,761,761,5,7.99
2122,866,1013,442,442,6,36.99
2123,867,1037,384,0,0,159.1
2124,867,1035,787,0,0,165.86
2125,868,1003,948,948,18,7.16
2126,869,1024,1352,1352,53,62.46
2127,870,1009,982,982,2,48.1
2128,871,1027,1304,1304,51,152.93
2129,871,1005,156,156,7,7.31
2130,871,1035,394,394,7,168.12
2131,871,1020,474,474,18,122.71
2132,872,1016,964,964,28,25.96
2133,872,1039,405,405,7,244.09
2134,873,1030,789,789,32,91.08
2135,873,1013,390,390,17,36.03
2136,873,1007,562,562,12,5.93
2137,873,1026,464,464,16,187.51
2138,874,1029,860,860,39,107.04
2139,874,1009,287,287,10,49.14
2140,874,1014,111,111,3,46.25
2141,875,1030,983,983,46,109.79
2142,875,1024,929,929,22,62.71
2143,875,1026,234,234,1,188.45
2144,875,1035,513,513,14,157.18
2145,876,1038,130,130,1,142.24
2146,876,1021,128,128,0,100.68
2147,877,1009,151,151,4,39.27
2148,878,1036,375,375,12,277.06
2149,878,1003,687,687,8,8.0
2150,878,1026,582,582,4,191.34
2151,879,1012,237,237,3,31.49
2152,879,1033,1054,1054,35,222.13
2153,880,1023,621,621,19,93.72
2154,880,1023,979,979,29,109.39
2155,880,1040,409,409,16,274.44
2156,880,1031,813,813,23,121.33
2157,881,1012,729,729,21,33.72
2158,882,1026,787,787,19,166.31
2159,883,1008,111,111,3,5.97
2160,883,1022,666,666,9,111.91
2161,883,1036,75,75,1,315.88
2162,884,1021,776,776,29,99.67
2163,884,1001,979,979,34,7.97
2164,884,1011,129,129,3,40.16
2165,884,1027,577,577,5,143.4
2166,885,1006,722,722,33,4.27
2167,885,1032,1064,1064,47,154.21
2168,885,1013,753,753,9,32.61
2169,885,1025,539,539,22,152.36
2170,886,1037,586,586,25,192.21
2171,886,1039,957,957,31,246.29
2172,887,1002,629,629,15,6.46
2173,887,1019,416,416,13,123.45
2174,888,1003,867,867,24,7.67
2175,888,1034,470,470,12,266.99
2176,889,1021,243,243,7,97.29
2177,889,1014,570,570,12,47.22
2178,890,1026,606,606,13,184.21
2179,890,1022,232,232,3,120.41
2180,890,1007,577,577,14,4.88
2181,890,1016,218,218,10,27.46
2182,891,1037,565,565,14,168.67
2183,892,1036,687,687,18,270.6
2184,892,1020,957,957,9,101.67
2185,892,1009,1097,1097,53,48.66
2186,892,1017,849,849,1,65.48
2187,893,1005,639,639,17,7.53
2188,893,1025,596,596,2,132.79
2189,893,1004,686,686,2,3.76
2190,893,1003,323,323,8,8.35
2191,894,1010,544,544,27,27.97
2192,894,1018,870,870,10,82.43
2193,894,1002,1065,1065,27,7.89
2194,895,1008,450,0,0,5.99
2195,895,1014,610,0,0,41.41
2196,896,1017,472,0,0,71.61
2197,897,1019,644,644,18,118.56
2198,897,1001,489,489,1,7.31
2199,897,1027,736,736,16,140.29
2200,897,1011,66,66,0,47.69
2201,898,1009,514,514,16,39.47
2202,898,1036,552,552,14,266.85
2203,899,1016,212,212,5,27.03
2204,899,1027,418,418,20,149.17
2205,899,1006,177,177,3,4.67
2206,900,1012,1380,1380,65,34.08
2207,901,1022,998,998,26,103.63
2208,901,1029,1342,1342,7,101.21
2209,901,1029,1292,1292,6,89.65
2210,901,1007,161,161,2,5.48
2211,902,1038,557,557,17,151.53
2212,902,1038,104,104,2,137.01
2213,902,1013,689,689,2,38.2
2214,903,1039,439,439,1,240.1
2215,903,1017,373,373,12,62.88
2216,904,1027,263,263,10,160.68
2217,904,1016,372,372,6,26.33
2218,904,1027,861,861,33,136.17
2219,904,1032,764,764,3,157.55
2220,905,1024,222,222,3,71.84
2221,906,1022,422,422,3,125.65
2222,906,1019,469,469,12,143.47
2223,906,1037,531,531,9,199.17
2224,906,1010,275,275,8,25.31
2225,907,1012,117,117,3,36.46
2226,907,1036,80,80,2,329.4
2227,907,1003,209,209,7,8.41
2228,908,1037,473,473,18,200.29
2229,909,1005,73,73,2,8.67
2230,909,1012,652,652,9,36.45
2231,910,1008,779,779,16,6.67
2232,910,1030,522,522,5,97.02
2233,910,1036,95,95,3,272.44
2234,910,1018,857,857,28,86.59
2235,911,1024,596,596,10,72.38
2236,911,1022,855,855,35,101.65
2237,911,1007,420,420,15,5.9
2238,912,1022,371,371,17,114.33
2239,912,1039,1355,1355,27,214.34
2240,912,1007,284,284,9,5.18
2241,912,1004,855,855,17,3.95
2242,913,1017,910,910,38,75.44
2243,913,1027,55,55,0,136.72
2244,913,1029,104,104,0,103.77
2245,913,1028,475,475,1,89.56
2246,914,1026,348,348,1,156.54
2247,914,1022,259,259,12,107.29
2248,915,1029,999,999,30,105.62
2249,916,1033,668,668,8,201.19
2250,916,1039,513,513,21,208.49
2251,916,1038,107,107,5,145.43
2252,916,1036,743,743,13,304.5
2253,917,1027,1318,1318,19,144.9
2254,917,1026,1132,1132,9,154.93
2255,917,1013,1390,1390,40,32.71
2256,918,1012,579,579,16,35.77
2257,918,1027,1061,1061,42,155.4
2258,919,1034,574,574,25,228.78
2259,920,1011,60,60,0,40.45
2260,920,1014,328,328,14,40.05
2261,920,1038,41,41,0,144.39
2262,921,1012,708,708,3,33.5
2263,921,1027,587,587,21,151.02
2264,922,1028,674,674,23,95.28
2265,923,1004,757,757,24,3.61
2266,924,1022,841,841,1,100.79
2267,925,1003,946,946,19,7.0
2268,925,1019,105,105,3,134.29
2269,925,1003,103,103,1,8.57
2270,926,1011,798,798,15,44.5
2271,927,1022,45,0,0,99.7
2272,928,1015,715,715,16,38.73
2273,928,1018,557,557,1,87.61
2274,928,1008,448,448,10,6.7
2275,928,1038,521,521,20,136.26
2276,929,1038,600,600,14,158.56
2277,929,1019,211,211,10,131.36
2278,929,1023,821,821,7,108.94
2279,930,1034,417,417,0,224.88
2280,930,1012,409,409,14,33.39
2281,930,1036,764,764,4,267.52
2282,931,1023,525,525,4,105.38
2283,932,1019,358,358,14,117.94
2284,932,1036,30,30,1,263.82
2285,932,1035,556,556,18,151.1
2286,932,1019,497,497,5,123.93
2287,933,1040,275,275,1,289.84
2288,933,1027,459,459,5,162.73
2289,933,1032,378,378,14,152.68
2290,933,1026,781,781,35,175.9
2291,934,1003,566,566,23,8.16
2292,934,1011,963,963,33,47.56
2293,935,1006,315,315,9,4.51
2294,935,1040,43,43,1,267.48
2295,935,1037,342,342,14,162.54
2296,935,1011,361,361,16,40.53
2297,936,1031,442,442,2,139.3
2298,936,1002,517,517,13,7.27
2299,937,1037,681,681,1,192.64
2300,937,1036,489,489,1,309.93
2301,937,1014,533,533,13,41.89
2302,938,1037,737,737,26,197.42
2303,938,1003,779,779,8,8.41
2304,939,1040,401,401,12,283.18
2305,939,1036,167,167,0,332.63
2306,940,1006,757,757,5,4.24
2307,941,1040,157,157,0,246.41
2308,941,1027,977,977,18,153.78
2309,942,1006,985,985,16,4.44
2310,942,1006,932,932,33,4.65
2311,942,1037,155,155,0,163.34
2312,942,1032,447,447,0,160.09
2313,943,1018,840,840,34,76.53
2314,943,1014,580,580,8,43.45
2315,943,1035,368,368,6,146.8
2316,944,1035,285,285,6,169.59
2317,944,1004,565,565,20,3.6
2318,945,1008,368,368,3,6.38
2319,945,1003,1372,1372,49,7.88
2320,946,1002,991,991,39,6.7
2321,947,1028,110,110,1,80.49
2322,948,1027,779,779,29,157.63
2323,949,1010,901,0,0,27.87
2324,949,1014,719,0,0,45.54
2325,950,1032,675,675,11,142.12
2326,950,1037,727,727,15,200.0
2327,951,1013,705,705,14,40.07
2328,951,1018,475,475,0,77.48
2329,952,1007,509,0,0,5.7
2330,953,1008,431,431,4,6.03
2331,953,1033,1346,1346,35,246.01
2332,953,1029,645,645,25,90.21
2333,954,1037,439,439,15,180.42
2334,955,1031,753,0,0,133.27
2335,956,1032,409,409,2,130.9
2336,956,1012,338,338,14,35.92
2337,956,1032,391,391,0,159.54
2338,957,1021,630,0,0,97.85
2339,958,1014,718,718,12,43.75
2340,958,1006,1213,1213,18,4.11
2341,959,1014,243,243,5,43.08
2342,960,1033,170,170,1,212.97
2343,961,1018,910,910,4,79.33
2344,961,1034,885,885,37,242.55
2345,961,1030,300,300,11,102.37
2346,961,1029,249,249,4,87.26
2347,962,1011,961,961,44,37.96
2348,962,1035,758,758,2,157.67
2349,962,1003,1031,1031,24,8.62
2350,962,1009,968,968,2,42.82
2351,963,1020,624,624,23,100.8
2352,963,1036,491,491,13,287.8
2353,964,1022,835,0,0,124.24
2354,964,1019,191,0,0,128.51
2355,965,1022,258,258,8,102.01
2356,966,1003,348,348,3,7.0
2357,966,1021,629,629,1,81.91
2358,967,1003,157,157,0,7.49
2359,967,1039,951,951,22,208.05
2360,968,1012,98,98,3,36.83
2361,969,1020,354,354,9,102.39
2362,970,1020,1220,1220,34,115.8
2363,970,1029,72,72,2,102.75
2364,971,1028,294,294,9,92.96
2365,972,1037,120,120,0,173.66
2366,972,1031,490,490,18,122.03
2367,972,1035,551,551,7,171.97
2368,973,1034,724,724,10,210.25
2369,973,1014,431,431,5,43.35
2370,973,1028,243,243,9,78.72
2371,973,1040,347,347,6,248.28
2372,974,1030,902,0,0,102.61
2373,974,1009,350,0,0,42.45
2374,974,1012,144,0,0,33.81
2375,974,1032,893,0,0,138.79
2376,975,1017,71,0,0,65.93
2377,975,1004,281,0,0,3.81
2378,975,1024,148,0,0,64.61
2379,975,1007,499,0,0,5.67
2380,976,1017,331,331,3,63.12
2381,976,1001,386,386,14,7.1
2382,976,1013,457,457,22,38.55
2383,977,1031,239,239,2,139.27
2384,977,1015,230,230,5,36.21
2385,977,1003,897,897,13,8.35
2386,978,1006,752,752,15,4.38
2387,978,1014,875,875,10,45.94
2388,979,1025,873,873,22,136.59
2389,979,1001,351,351,2,6.33
2390,980,1034,726,726,30,230.26
2391,981,1012,549,549,6,35.24
2392,981,1006,382,382,0,4.02
2393,981,1028,257,257,2,85.7
2394,981,1033,228,228,4,242.62
2395,982,1003,1307,1307,39,8.69
2396,982,1011,120,120,4,45.99
2397,982,1001,481,481,23,6.31
2398,983,1017,109,109,1,74.85
2399,983,1022,820,820,10,113.16
2400,984,1016,768,768,25,27.26
2401,984,1021,511,511,18,98.22
2402,984,1035,555,555,5,167.98
2403,985,1034,74,74,3,223.77
2404,986,1025,1254,1254,35,141.43
2405,987,1020,633,633,0,118.84
2406,987,1002,448,448,6,7.34
2407,988,1011,699,699,32,43.93
2408,988,1023,446,446,14,103.83
2409,988,1004,589,589,1,3.79
2410,989,1032,657,657,19,132.99
2411,989,1029,530,530,5,104.87
2412,989,1017,519,519,16,65.36
2413,989,1018,688,688,17,70.39
2414,990,1008,995,995,4,5.89
2415,990,1014,497,497,18,41.52
2416,990,1027,677,677,14,140.8
2417,991,1023,795,795,16,108.21
2418,991,1005,332,332,10,7.64
2419,991,1036,53,53,1,282.19
2420,992,1013,950,950,14,35.93
2421,993,1036,117,117,4,266.71
2422,993,1009,372,372,5,44.29
2423,993,1018,131,131,5,85.29
2424,994,1018,215,215,4,82.1
2425,994,1005,934,934,30,7.11
2426,995,1015,1325,1325,31,37.46
2427,995,1036,334,334,3,302.14
2428,996,1015,516,516,11,36.9
2429,996,1024,509,509,22,75.94
2430,996,1027,298,298,11,154.7
2431,996,1018,99,99,1,82.28
2432,997,1007,978,0,0,5.23
2433,998,1010,875,875,15,28.35
2434,998,1013,813,813,31,35.79
2435,998,1036,677,677,1,273.02
2436,998,1005,797,797,30,8.57
2437,999,1037,793,793,21,192.14
2438,999,1034,259,259,5,263.68
2439,999,1020,204,204,1,98.51
2440,1000,1005,644,0,0,7.12
2441,1000,1012,761,0,0,34.4
2442,1000,1005,343,0,0,7.94
2443,1001,1033,746,746,25,200.06
2444,1001,1031,1167,1167,41,116.53
2445,1001,1039,527,527,9,247.89
2446,1002,1016,286,0,0,23.98
2447,1002,1023,499,0,0,112.37
2448,1002,1006,693,0,0,4.65
2449,1003,1022,556,556,25,105.48
2450,1003,1021,254,254,0,97.02
2451,1003,1012,931,931,42,33.67
2452,1004,1017,948,948,38,64.1
2453,1004,1032,542,542,17,140.7
2454,1004,1034,847,847,35,229.0
2455,1004,1017,215,215,10,70.47
2456,1005,1001,693,693,26,7.02
2457,1005,1013,102,102,0,39.5
2458,1005,1013,298,298,6,37.09
2459,1006,1012,173,173,1,35.18
2460,1006,1030,973,973,3,105.39
2461,1007,1034,1206,1206,28,214.18
2462,1007,1013,372,372,16,39.09
2463,1008,1031,956,956,17,140.62
2464,1008,1006,226,226,10,4.58
2465,1008,1027,859,859,8,163.23
2466,1008,1022,341,341,2,115.7
2467,1009,1017,57,57,1,68.3
2468,1009,1011,788,788,35,43.95
2469,1010,1015,495,495,15,36.59
2470,1010,1039,1206,1206,17,265.23
2471,1010,1032,389,389,12,128.19
2472,1011,1027,343,343,11,161.54
2473,1011,1039,882,882,43,244.83
2474,1011,1016,796,796,12,26.13
2475,1011,1019,535,535,7,119.98
2476,1012,1013,377,377,5,38.79
2477,1012,1017,220,220,8,68.56
2478,1013,1031,255,255,2,130.98
2479,1014,1035,807,807,32,152.79
2480,1015,1018,511,0,0,84.51
2481,1016,1018,543,543,23,83.5
2482,1016,1007,823,823,21,5.72
2483,1017,1034,605,0,0,214.09
2484,1017,1034,534,0,0,223.15
2485,1018,1039,426,426,18,252.19
2486,1019,1005,310,310,8,9.01
2487,1019,1003,1082,1082,34,8.2
2488,1019,1003,800,800,33,7.74
2489,1020,1006,225,225,8,3.79
2490,1021,1009,82,82,0,49.85
2491,1021,1035,679,679,24,165.32
2492,1021,1037,998,998,38,197.13
2493,1022,1020,413,413,9,106.58
2494,1022,1005,1223,1223,44,7.83
2495,1022,1031,588,588,27,136.15
2496,1023,1009,154,154,6,43.74
2497,1023,1038,521,521,4,139.41
2498,1023,1019,278,278,9,118.34
2499,1023,1026,301,301,9,171.32
2500,1024,1023,226,226,7,98.03
2501,1024,1013,919,919,29,35.14
2502,1024,1014,832,832,10,44.37
2503,1025,1010,451,451,13,24.75
2504,1026,1032,245,245,5,147.38
2505,1026,1020,510,510,6,103.58
2506,1026,1013,934,934,40,39.15
2507,1026,1028,989,989,6,78.35
2508,1027,1016,970,970,7,26.52
2509,1027,1006,796,796,12,4.76
2510,1027,1040,224,224,9,252.67
2511,1027,1027,813,813,24,133.41
2512,1028,1004,328,328,3,4.3
2513,1028,1023,677,677,19,100.26
2514,1029,1037,1059,1059,38,169.44
2515,1029,1026,1006,1006,48,156.08
2516,1029,1022,541,541,4,111.44
2517,1030,1029,931,931,20,104.35
2518,1030,1034,630,630,1,228.31
2519,1030,1015,231,231,3,35.75
2520,1031,1028,738,738,28,91.41
2521,1031,1038,170,170,6,135.9
2522,1031,1018,282,282,12,83.67
2523,1031,1027,419,419,16,149.63
2524,1032,1025,738,738,33,142.09
2525,1033,1004,556,556,21,3.7
2526,1033,1004,421,421,4,3.93
2527,1033,1026,727,727,1,153.86
2528,1034,1023,189,0,0,113.53
2529,1034,1014,527,0,0,50.6
2530,1034,1006,298,0,0,4.36
2531,1034,1024,98,0,0,68.0
2532,1035,1016,884,884,38,28.67
2533,1035,1011,778,778,8,43.35
2534,1035,1037,770,770,14,160.47
2535,1035,1016,857,857,12,24.5
2536,1036,1004,387,387,14,3.43
2537,1036,1030,334,334,1,89.95
2538,1037,1029,258,258,8,86.72
2539,1037,1018,112,112,4,87.99
2540,1038,1017,924,924,44,68.06
2541,1038,1023,935,935,28,113.14
2542,1038,1026,147,147,3,179.19
2543,1039,1012,223,223,6,38.1
2544,1039,1014,325,325,5,42.47
2545,1039,1033,901,901,35,236.06
2546,1040,1024,636,636,11,75.02
2547,1040,1009,147,147,6,44.28
2548,1040,1021,676,676,15,100.75
2549,1041,1020,294,294,5,122.1
2550,1041,1035,249,249,4,171.0
2551,1041,1027,51,51,2,165.71
2552,1041,1005,926,926,25,8.05
2553,1042,1010,341,341,9,24.63
2554,1043,1026,69,69,3,190.15
2555,1043,1039,573,573,11,243.16
2556,1043,1007,458,458,10,4.94
2557,1043,1015,315,315,8,40.6
2558,1044,1002,399,399,4,6.44
2559,1044,1009,725,725,36,41.95
2560,1045,1025,778,778,32,162.45
2561,1045,1003,309,309,5,8.37
2562,1045,1025,70,70,3,161.53
2563,1046,1004,755,755,4,4.18
2564,1046,1029,607,607,10,107.31
2565,1046,1018,665,665,18,86.51
2566,1046,1018,780,780,11,88.88
2567,1047,1020,179,179,6,108.45
2568,1048,1040,937,937,0,302.12
2569,1048,1037,1021,1021,25,198.89
2570,1048,1028,376,376,4,99.17
2571,1048,1028,571,571,15,96.33
2572,1049,1025,432,432,20,144.12
2573,1049,1017,855,855,31,65.67
2574,1049,1008,915,915,36,7.3
2575,1050,1026,176,176,3,188.43
2576,1050,1002,409,409,6,7.52
2577,1050,1007,447,447,4,4.98
2578,1051,1037,162,162,2,167.55
2579,1052,1011,446,446,8,48.01
2580,1052,1014,433,433,18,43.24
2581,1053,1021,544,544,6,96.66
2582,1053,1021,235,235,8,84.23
2583,1053,1039,674,674,23,226.02
2584,1053,1026,888,888,32,176.56
2585,1054,1005,1330,1330,24,7.17
2586,1054,1022,971,971,39,100.98
2587,1054,1033,995,995,7,220.1
2588,1055,1038,631,631,27,134.41
2589,1055,1036,202,202,4,291.67
2590,1055,1022,809,809,14,110.21
2591,1055,1019,749,749,3,126.04
2592,1056,1008,394,394,8,6.95
2593,1056,1016,654,654,17,27.27
2594,1056,1004,905,905,3,4.32
2595,1056,1024,517,517,9,63.47
2596,1057,1013,348,348,16,39.54
2597,1057,1021,133,133,6,99.07
2598,1057,1004,324,324,7,3.57
2599,1057,1005,546,546,8,7.66
2600,1058,1017,538,538,1,62.7
2601,1059,1032,753,753,7,126.9
2602,1060,1015,775,775,27,37.41
2603,1060,1036,229,229,10,320.56
2604,1060,1012,849,849,0,37.8
2605,1060,1014,608,608,22,48.31
2606,1061,1007,899,899,22,5.2
2607,1061,1002,601,601,21,7.83
2608,1061,1008,853,853,9,5.89
2609,1062,1019,427,427,20,128.44
2610,1062,1026,558,558,9,168.88
2611,1063,1037,665,665,20,158.55
2612,1063,1031,291,291,2,114.69
2613,1064,1011,219,219,1,39.58
2614,1064,1031,53,53,1,136.84
2615,1064,1038,532,532,3,150.21
2616,1064,1015,829,829,12,35.76
2617,1065,1028,407,407,10,94.29
2618,1065,1004,547,547,17,3.48
2619,1065,1018,402,402,9,71.81
2620,1065,1016,370,370,5,27.54
2621,1066,1020,994,994,2,119.07
2622,1066,1032,566,566,16,140.99
2623,1067,1004,803,803,3,3.89
2624,1068,1031,861,861,10,128.05
2625,1068,1001,516,516,11,7.64
2626,1068,1039,362,362,3,235.43
2627,1068,1035,278,278,0,150.3
2628,1069,1002,723,723,19,6.73
2629,1069,1025,884,884,2,137.09
2630,1070,1039,355,355,5,263.41
2631,1070,1030,353,353,3,87.57
2632,1070,1014,904,904,6,41.03
2633,1071,1037,624,624,15,161.2
2634,1071,1013,710,710,10,41.17
2635,1072,1038,843,843,15,134.09
2636,1072,1028,680,680,16,96.04
2637,1073,1002,660,660,16,7.95
2638,1073,1020,576,576,24,117.72
2639,1074,1027,84,84,0,145.89
2640,1074,1001,131,131,3,6.59
2641,1074,1034,848,848,4,223.02
2642,1075,1018,662,662,11,79.88
2643,1076,1021,520,520,21,101.3
2644,1077,1026,444,0,0,156.16
2645,1077,1037,589,0,0,168.54
2646,1077,1013,83,0,0,36.81
2647,1077,1006,535,0,0,4.0
2648,1078,1021,235,235,8,91.41
2649,1078,1003,113,113,0,7.72
2650,1079,1006,88,88,0,4.26
2651,1079,1012,748,748,19,38.13
2652,1079,1021,199,199,1,82.32
2653,1079,1020,878,878,20,120.6
2654,1080,1008,127,127,5,6.89
2655,1080,1038,350,350,2,143.72
2656,1081,1022,98,98,1,116.06
2657,1081,1038,541,541,7,151.37
2658,1081,1012,312,312,7,34.85
2659,1081,1036,139,139,2,278.86
2660,1082,1005,465,465,10,8.47
2661,1082,1012,222,222,4,37.69
2662,1082,1011,328,328,13,45.41
2663,1083,1025,594,0,0,138.14
2664,1083,1034,333,0,0,245.9
2665,1083,1039,214,0,0,232.08
2666,1083,1018,433,0,0,77.17
2667,1084,1011,121,121,4,43.71
2668,1085,1001,783,783,36,7.54
2669,1085,1014,824,824,4,46.8
2670,1085,1013,931,931,3,38.74
2671,1086,1037,892,892,5,159.36
2672,1086,1037,515,515,21,180.38
2673,1086,1014,735,735,19,43.34
2674,1087,1025,147,147,1,133.93
2675,1087,1013,434,434,6,32.72
2676,1087,1028,625,625,7,92.59
2677,1087,1021,1117,1117,30,98.53
2678,1088,1036,386,386,4,264.5
2679,1088,1037,70,70,3,158.06
2680,1089,1007,697,697,25,5.21
2681,1089,1027,880,880,15,160.9
2682,1090,1026,36,36,0,152.71
2683,1090,1010,76,76,0,29.42
2684,1091,1037,412,412,14,170.1
2685,1091,1007,167,167,4,5.89
2686,1091,1034,992,992,11,253.03
2687,1091,1028,877,877,4,78.27
2688,1092,1015,981,981,48,40.17
2689,1093,1033,496,496,15,244.83
2690,1093,1007,265,265,6,4.66
2691,1093,1023,336,336,14,100.37
2692,1093,1026,835,835,41,176.31
2693,1094,1035,613,613,7,163.66
2694,1094,1019,459,459,9,114.46
2695,1095,1004,1185,1185,42,4.14
2696,1096,1007,806,806,4,4.97
2697,1096,1005,740,740,18,7.41
2698,1096,1024,666,666,26,73.75
2699,1097,1001,395,395,13,7.31
2700,1097,1019,664,664,9,133.17
2701,1097,1014,379,379,2,49.11
2702,1098,1017,1007,1007,48,73.01
2703,1099,1001,469,469,4,6.55
2704,1100,1017,762,762,31,77.64
2705,1100,1023,613,613,9,115.69
2706,1101,1010,681,681,18,27.03
2707,1102,1011,288,288,11,40.16
2708,1102,1039,1362,1362,7,220.11
2709,1103,1032,648,648,8,138.95
2710,1104,1035,1198,1198,7,151.6
2711,1105,1031,159,159,0,111.77
2712,1106,1003,1103,1103,47,7.18
2713,1106,1029,1275,1275,9,93.02
2714,1106,1040,518,518,6,299.43
2715,1106,1003,737,737,18,8.2
2716,1107,1029,979,979,15,102.22
2717,1107,1002,617,617,15,6.63
2718,1107,1016,693,693,4,26.06
2719,1107,1008,749,749,28,7.01
2720,1108,1008,122,0,0,6.52
2721,1108,1011,233,0,0,44.08
2722,1108,1024,628,0,0,62.78
2723,1109,1002,599,599,15,7.21
2724,1109,1009,450,450,12,41.44
2725,1110,1014,425,425,16,44.23
2726,1110,1023,994,994,14,102.48
2727,1111,1017,357,357,11,68.31
2728,1111,1036,483,483,15,295.02
2729,1111,1008,438,438,0,6.21
2730,1112,1008,396,0,0,6.52
2731,1112,1023,949,0,0,114.81
2732,1112,1012,479,0,0,38.46
2733,1112,1038,167,0,0,158.25
2734,1113,1040,673,673,6,296.66
2735,1113,1010,222,222,2,25.78
2736,1114,1032,337,337,6,152.95
2737,1114,1027,822,822,8,149.51
2738,1114,1028,89,89,1,88.93
2739,1115,1015,633,633,1,35.91
2740,1116,1037,492,492,14,200.94
2741,1116,1018,732,732,3,80.58
2742,1116,1039,573,573,8,210.74
2743,1116,1003,612,612,1,7.77
2744,1117,1032,1160,1160,55,129.79
2745,1117,1022,571,571,23,124.67
2746,1117,1016,78,78,3,25.26
2747,1118,1003,259,259,5,8.63
2748,1118,1026,195,195,2,158.12
2749,1118,1035,370,370,14,175.05
2750,1119,1026,411,411,13,192.11
2751,1119,1021,201,201,3,92.84
2752,1120,1008,190,190,8,5.97
2753,1120,1017,469,469,17,61.05
2754,1120,1025,610,610,6,145.91
2755,1120,1005,242,242,4,8.36
2756,1121,1040,378,378,6,310.46
2757,1121,1018,777,777,20,81.16
2758,1121,1010,92,92,3,27.98
2759,1122,1015,193,193,6,41.06
2760,1122,1031,228,228,7,117.11
2761,1122,1029,103,103,3,97.87
2762,1123,1001,775,775,15,7.51
2763,1123,1028,925,925,31,92.23
2764,1124,1032,850,850,40,141.95
2765,1124,1023,890,890,44,105.01
2766,1124,1034,936,936,33,247.61
2767,1124,1033,253,253,0,221.23
2768,1125,1040,672,672,23,265.22
2769,1125,1037,887,887,8,168.63
2770,1126,1033,841,841,18,211.06
2771,1126,1030,872,872,22,108.15
2772,1126,1039,1215,1215,38,208.94
2773,1126,1014,872,872,37,46.63
2774,1127,1009,1092,1092,28,41.04
2775,1127,1033,560,560,3,210.21
2776,1127,1036,147,147,2,325.25
2777,1127,1031,320,320,5,118.57
2778,1128,1036,954,954,47,321.27
2779,1128,1030,903,903,16,99.94
2780,1129,1008,564,564,17,6.98
2781,1129,1024,51,51,0,68.25
2782,1129,1012,319,319,12,30.68
2783,1129,1036,244,244,0,305.54
2784,1130,1026,1082,1082,21,192.88
2785,1130,1017,487,487,2,74.3
2786,1130,1015,233,233,5,36.47
2787,1130,1024,84,84,2,73.02
2788,1131,1009,1258,1258,59,40.22
2789,1132,1006,439,439,15,4.42
2790,1132,1016,1260,1260,25,26.83
2791,1132,1022,1150,1150,51,123.09
2792,1132,1018,525,525,7,89.08
2793,1133,1004,1377,1377,30,4.11
2794,1133,1010,1381,1381,50,28.72
2795,1133,1016,998,998,9,25.19
2796,1133,1039,1129,1129,42,249.41
2797,1134,1028,254,254,8,96.84
2798,1134,1040,581,581,26,313.91
2799,1134,1005,925,925,16,8.51
2800,1135,1020,225,225,7,100.68
2801,1135,1003,811,811,21,7.74
2802,1136,1007,1388,1388,58,5.51
2803,1136,1018,821,821,5,84.82
2804,1137,1013,766,766,9,34.78
2805,1138,1018,333,333,12,74.34
2806,1138,1039,510,510,23,226.59
2807,1138,1027,176,176,2,133.87
2808,1139,1006,541,541,6,4.24
2809,1139,1016,94,94,0,24.88
2810,1139,1014,236,236,1,41.71
2811,1140,1002,525,525,9,6.49
2812,1140,1020,864,864,34,98.46
2813,1140,1006,922,922,37,4.42
2814,1141,1016,1387,1387,12,24.59
2815,1141,1033,768,768,34,238.17
2816,1142,1017,898,0,0,61.87
2817,1142,1021,525,0,0,81.14
2818,1142,1004,421,0,0,4.36
2819,1142,1014,93,0,0,46.07
2820,1143,1006,498,498,0,4.46
2821,1143,1029,779,779,35,97.57
2822,1143,1010,884,884,15,27.14
2823,1144,1011,352,352,15,43.19
2824,1144,1015,329,329,11,40.6
2825,1145,1007,100,100,0,5.56
2826,1145,1037,462,462,8,181.46
2827,1146,1038,134,134,2,161.14
2828,1147,1008,512,512,2,7.06
2829,1147,1009,533,533,18,47.75
2830,1148,1002,91,91,2,7.46
2831,1148,1021,131,131,1,88.05
2832,1149,1011,185,0,0,39.2
2833,1149,1032,594,0,0,139.37
2834,1149,1020,312,0,0,120.45
2835,1150,1002,1089,1089,34,6.5
2836,1151,1014,625,625,12,45.09
2837,1151,1027,328,328,6,145.29
2838,1151,1016,673,673,29,26.84
2839,1152,1016,620,620,18,27.07
2840,1152,1024,116,116,0,64.83
2841,1153,1023,747,747,6,108.74
2842,1153,1039,983,983,18,249.59
2843,1153,1012,341,341,1,33.24
2844,1154,1037,471,471,19,170.96
2845,1154,1011,997,997,33,38.75
2846,1154,1014,658,658,16,41.58
2847,1155,1010,543,543,13,28.71
2848,1156,1017,864,864,6,67.41
2849,1156,1007,601,601,12,5.65
2850,1156,1025,103,103,1,151.96
2851,1156,1018,569,569,25,85.87
2852,1157,1001,852,852,30,6.49
2853,1157,1006,166,166,0,4.43
2854,1158,1001,177,177,4,8.02
2855,1158,1028,904,904,27,88.89
2856,1159,1011,953,953,15,42.49
2857,1160,1010,151,151,7,27.93
2858,1160,1029,819,819,25,95.49
2859,1161,1009,511,511,3,40.05
2860,1162,1019,188,188,2,129.55
2861,1162,1002,651,651,27,7.54
2862,1162,1034,770,770,24,263.01
2863,1163,1003,365,365,2,8.43
2864,1163,1032,482,482,16,155.84
2865,1164,1020,376,376,18,115.46
2866,1164,1017,419,419,10,72.84
2867,1165,1037,62,62,1,196.22
2868,1165,1007,662,662,16,5.85
2869,1166,1014,907,907,30,42.34
2870,1166,1024,945,945,36,70.96
2871,1166,1004,971,971,10,3.9
2872,1166,1004,845,845,36,3.94
2873,1167,1035,267,267,1,146.25
2874,1167,1024,527,527,0,60.64
2875,1167,1036,463,463,20,311.61
2876,1168,1018,631,631,14,73.87
2877,1168,1033,495,495,17,202.11
2878,1169,1018,875,875,7,75.35
2879,1169,1001,196,196,7,7.06
2880,1169,1016,181,181,8,27.2
2881,1170,1016,1341,1341,18,26.97
2882,1170,1027,261,261,7,159.26
2883,1170,1019,337,337,15,123.36
2884,1171,1004,205,205,7,4.36
2885,1171,1012,672,672,1,32.05
2886,1171,1026,477,477,3,170.83
2887,1172,1009,407,407,6,48.19
2888,1173,1004,485,485,11,4.05
2889,1173,1005,319,319,5,8.74
2890,1174,1010,443,443,2,26.15
2891,1174,1014,858,858,7,46.11
2892,1175,1032,453,453,15,136.18
2893,1176,1017,539,539,19,71.33
2894,1176,1031,867,867,41,114.81
2895,1176,1020,475,475,20,118.39
2896,1176,1026,558,558,4,158.25
2897,1177,1020,739,739,17,113.53
2898,1177,1008,585,585,12,7.39
2899,1177,1024,355,355,4,75.07
2900,1177,1024,471,471,1,68.59
2901,1178,1008,1262,1262,58,6.21
2902,1179,1034,196,196,0,220.67
2903,1179,1020,274,274,1,120.2
2904,1179,1032,230,230,8,134.55
2905,1180,1039,347,347,6,218.87
2906,1180,1033,586,586,17,237.47
2907,1181,1022,225,225,0,109.95
2908,1181,1019,101,101,1,124.47
2909,1182,1021,509,509,10,100.7
2910,1182,1023,933,933,33,106.07
2911,1182,1005,1353,1353,43,8.25
2912,1183,1001,90,90,4,7.87
2913,1183,1006,648,648,0,4.44
2914,1183,1007,595,595,8,5.04
2915,1183,1033,219,219,5,197.08
2916,1184,1005,464,464,10,7.59
2917,1185,1021,1020,1020,25,82.08
2918,1185,1023,1124,1124,30,103.15
2919,1185,1016,93,93,3,27.06
2920,1185,1016,681,681,7,26.02
2921,1186,1006,1233,1233,17,4.65
2922,1186,1014,667,667,23,47.42
2923,1186,1021,1016,1016,44,85.0
2924,1187,1014,817,817,14,41.02
2925,1188,1001,302,302,3,6.65
2926,1188,1012,160,160,5,32.17
2927,1188,1001,720,720,1,7.32
2928,1188,1001,255,255,8,7.42
2929,1189,1023,964,964,4,113.33
2930,1189,1015,663,663,19,41.33
2931,1189,1037,854,854,18,196.43
2932,1189,1009,221,221,2,39.12
2933,1190,1031,228,228,5,123.78
2934,1190,1017,1292,1292,14,64.53
2935,1191,1020,228,228,0,115.81
2936,1192,1022,54,54,0,106.68
2937,1192,1001,187,187,4,7.59
2938,1192,1014,717,717,18,43.24
2939,1192,1027,521,521,5,145.78
2940,1193,1026,682,682,5,181.76
2941,1193,1006,469,469,15,3.94
2942,1194,1035,497,497,7,178.72
2943,1195,1038,229,229,6,131.22
2944,1195,1007,356,356,9,5.21
2945,1195,1006,445,445,18,3.98
2946,1196,1017,407,407,12,69.4
2947,1197,1023,996,996,12,99.42
2948,1197,1026,875,875,14,183.12
2949,1198,1017,793,793,39,68.69
2950,1198,1039,384,384,13,260.83
2951,1199,1036,1013,1013,49,280.81
2952,1200,1006,872,872,32,4.44
2953,1201,1036,807,807,25,323.72
2954,1202,1030,759,759,36,96.17
2955,1202,1038,583,583,11,154.55
2956,1202,1002,665,665,30,7.83
2957,1202,1039,799,799,8,251.65
2958,1203,1020,855,855,29,102.12
2959,1204,1030,217,217,5,92.66
2960,1204,1022,810,810,39,119.52
2961,1204,1027,1106,1106,42,152.46
2962,1205,1005,310,310,4,8.53
2963,1205,1004,722,722,26,4.31
2964,1205,1033,368,368,8,201.8
2965,1205,1033,595,595,0,239.44
2966,1206,1001,540,540,8,6.77
2967,1206,1039,516,516,23,215.85
2968,1206,1017,444,444,7,64.1
2969,1207,1014,540,540,7,44.83
2970,1208,1003,243,0,0,7.53
2971,1208,1022,955,0,0,114.97
2972,1208,1018,159,0,0,73.81
2973,1209,1002,445,445,19,6.71
2974,1210,1019,105,105,0,133.27
2975,1211,1020,976,0,0,100.7
2976,1211,1001,83,0,0,6.49
2977,1211,1014,165,0,0,47.83
2978,1212,1019,470,470,13,141.98
2979,1213,1033,367,367,14,225.96
2980,1213,1022,763,763,20,119.43
2981,1213,1018,286,286,9,77.36
2982,1214,1019,377,377,4,133.5
2983,1214,1040,507,507,16,280.75
2984,1214,1014,269,269,2,42.48
2985,1214,1007,78,78,2,5.17
2986,1215,1007,73,73,3,4.78
2987,1215,1024,937,937,40,70.78
2988,1215,1027,168,168,3,154.82
2989,1216,1006,52,52,2,4.1
2990,1217,1033,888,888,7,207.71
2991,1217,1028,645,645,27,79.4
2992,1217,1040,601,601,25,269.14
2993,1217,1010,787,787,13,29.78
2994,1218,1038,189,189,2,138.87
2995,1218,1021,1131,1131,21,88.94
2996,1218,1004,659,659,18,3.82
2997,1219,1018,390,390,11,72.56
2998,1219,1018,215,215,5,75.18
2999,1220,1025,887,887,0,149.29
3000,1221,1019,362,362,9,131.51
3001,1221,1006,370,370,13,4.59
3002,1221,1030,221,221,8,92.52
3003,1222,1032,885,885,27,156.19
3004,1223,1037,935,935,30,162.34
3005,1223,1020,624,624,19,102.66
3006,1224,1021,328,328,11,94.66
3007,1224,1032,486,486,6,132.88
3008,1224,1013,83,83,1,41.09
3009,1224,1016,781,781,11,26.34
3010,1225,1012,660,660,21,37.42
3011,1225,1018,467,467,3,84.37
3012,1225,1016,877,877,5,25.34
3013,1226,1017,171,171,7,65.72
3014,1226,1012,760,760,37,35.12
3015,1226,1037,526,526,10,198.59
3016,1227,1033,465,465,0,230.2
3017,1228,1019,169,0,0,141.93
3018,1229,1007,225,225,6,5.79
3019,1230,1018,135,135,4,72.9
3020,1231,1033,73,73,2,216.27
3021,1231,1020,417,417,16,101.7
3022,1231,1009,426,426,13,42.53
3023,1232,1038,872,872,37,139.74
3024,1232,1018,1292,1292,15,87.28
3025,1232,1034,828,828,29,258.31
3026,1233,1030,662,662,19,104.97
3027,1234,1015,796,796,37,36.42
3028,1234,1004,160,160,6,4.08
3029,1235,1028,449,449,6,97.71
3030,1236,1033,319,319,10,226.87
3031,1236,1034,165,165,1,221.99
3032,1236,1038,927,927,43,131.75
3033,1236,1008,894,894,2,5.98
3034,1237,1009,499,499,18,49.91
3035,1237,1007,141,141,2,5.07
3036,1238,1010,473,473,14,29.23
3037,1239,1040,299,299,12,272.26
3038,1240,1025,1153,1153,15,146.99
3039,1241,1010,163,163,6,26.99
3040,1241,1037,481,481,17,183.41
3041,1241,1014,196,196,0,43.7
3042,1241,1028,144,144,0,86.22
3043,1242,1029,686,686,17,89.73
3044,1242,1001,162,162,1,6.42
3045,1242,1029,815,815,30,100.71
3046,1242,1005,995,995,34,8.88
3047,1243,1003,700,700,14,7.65
3048,1243,1024,278,278,11,66.07
3049,1243,1037,322,322,14,173.37
3050,1244,1034,1115,1115,26,234.87
3051,1244,1022,1185,1185,34,111.31
3052,1244,1021,837,837,31,88.81
3053,1244,1035,1163,1163,35,180.03
3054,1245,1018,985,985,22,77.49
3055,1245,1022,597,597,26,111.8
3056,1245,1010,340,340,10,24.5
3057,1245,1023,785,785,2,101.95
3058,1246,1032,55,55,0,129.83
3059,1246,1024,933,933,0,71.33
3060,1247,1012,408,408,9,31.26
3061,1247,1005,976,976,35,8.97
3062,1247,1026,224,224,6,177.42
3063,1248,1011,839,839,6,41.9
3064,1248,1010,623,623,7,23.93
3065,1249,1006,339,339,15,4.39
3066,1249,1018,563,563,9,69.98
3067,1250,1031,901,901,29,116.17
3068,1251,1037,67,67,2,189.52
3069,1252,1026,443,443,13,172.17
3070,1252,1033,327,327,5,203.63
3071,1252,1011,1038,1038,44,46.58
3072,1252,1005,803,803,27,8.05
3073,1253,1001,104,104,0,7.65
3074,1254,1029,56,56,1,103.99
3075,1255,1021,170,170,3,82.1
3076,1255,1005,998,998,3,7.29
3077,1255,1014,99,99,4,45.62
3078,1256,1014,487,487,9,49.89
3079,1256,1031,563,563,26,117.81
3080,1256,1011,862,862,27,43.79
3081,1257,1039,377,377,9,214.75
3082,1258,1005,660,660,23,7.1
3083,1259,1016,44,44,2,23.92
3084,1259,1011,429,429,5,45.63
3085,1259,1015,320,320,12,38.84
3086,1260,1018,480,480,21,70.61
3087,1260,1008,469,469,0,6.19
3088,1260,1023,416,416,3,99.84
3089,1260,1006,836,836,26,3.96
3090,1261,1033,103,103,4,222.15
3091,1261,1040,205,205,1,253.81
3092,1262,1030,490,490,22,90.0
3093,1262,1024,694,694,20,64.25
3094,1262,1018,224,224,2,71.78
3095,1263,1038,743,743,13,141.62
3096,1263,1033,223,223,5,244.01
3097,1263,1027,497,497,0,146.09
3098,1263,1025,843,843,34,132.08
3099,1264,1007,422,422,18,5.35
3100,1264,1009,722,722,26,42.94
3101,1264,1012,908,908,22,33.63
3102,1264,1024,218,218,2,75.32
3103,1265,1023,345,345,11,109.34
3104,1265,1011,160,160,4,41.6
3105,1265,1006,151,151,4,4.34
3106,1266,1035,689,689,22,170.7
3107,1266,1010,917,917,5,28.18
3108,1266,1008,246,246,2,6.05
3109,1267,1001,745,0,0,7.89
3110,1267,1019,333,0,0,142.9
3111,1268,1011,583,583,11,40.47
3112,1268,1032,62,62,2,126.23
3113,1268,1024,378,378,13,60.54
3114,1268,1039,491,491,22,228.9
3115,1269,1027,535,535,16,146.97
3116,1270,1004,671,671,7,4.0
3117,1270,1027,898,898,42,150.48
3118,1270,1008,825,825,12,6.78
3119,1270,1027,978,978,15,131.31
3120,1271,1010,320,0,0,30.14
3121,1272,1029,765,0,0,101.83
3122,1272,1036,424,0,0,261.44
3123,1272,1031,327,0,0,119.62
3124,1273,1024,487,487,21,75.81
3125,1274,1038,946,946,8,133.65
3126,1275,1011,616,616,5,40.99
3127,1275,1010,789,789,12,25.95
3128,1275,1031,456,456,0,117.75
3129,1276,1019,676,676,19,141.17
3130,1277,1002,1241,1241,28,6.79
3131,1278,1039,1222,1222,42,210.41
3132,1278,1037,1213,1213,5,160.53
3133,1278,1012,222,222,0,31.67
3134,1278,1016,1286,1286,53,27.95
3135,1279,1029,894,894,32,103.78
3136,1279,1037,177,177,4,167.16
3137,1279,1032,813,813,3,140.29
3138,1279,1011,433,433,3,38.12
3139,1280,1024,278,0,0,66.47
3140,1280,1025,347,0,0,156.8
3141,1280,1036,336,0,0,306.58
3142,1280,1016,669,0,0,26.22
3143,1281,1001,912,912,9,7.58
3144,1281,1032,230,230,9,134.73
3145,1281,1004,803,803,18,3.62
3146,1282,1023,966,966,23,118.07
3147,1282,1009,854,854,33,48.57
3148,1282,1008,551,551,2,5.96
3149,1283,1013,629,629,6,34.52
3150,1284,1020,91,91,0,113.18
3151,1284,1020,514,514,2,102.18
3152,1285,1037,382,382,5,196.44
3153,1285,1021,1327,1327,16,91.85
3154,1285,1002,597,597,11,7.61
3155,1286,1014,78,78,1,41.6
3156,1286,1012,974,974,47,38.45
3157,1286,1017,835,835,14,72.35
3158,1287,1038,470,470,7,132.46
3159,1287,1026,259,259,1,168.47
3160,1287,1034,1104,1104,46,233.63
3161,1287,1022,338,338,16,103.05
3162,1288,1002,117,117,3,6.59
3163,1289,1021,87,87,0,91.04
3164,1290,1009,170,170,1,47.14
3165,1291,1016,717,717,4,25.8
3166,1292,1018,768,768,36,76.74
3167,1292,1022,570,570,7,103.65
3168,1292,1008,204,204,4,7.28
3169,1293,1037,908,908,35,193.92
3170,1294,1024,299,299,6,61.35
3171,1294,1018,886,886,36,75.91
3172,1295,1020,680,680,4,117.9
3173,1296,1027,543,543,13,138.5
3174,1296,1027,1068,1068,45,143.57
3175,1296,1008,854,854,17,6.79
3176,1296,1009,205,205,6,48.2
3177,1297,1029,749,749,3,100.66
3178,1297,1034,869,869,34,214.41
3179,1297,1029,617,617,6,107.93
3180,1298,1029,269,269,12,88.76
3181,1298,1002,299,299,14,6.52
3182,1299,1025,988,988,16,142.31
3183,1300,1009,581,581,26,40.41
3184,1300,1036,258,258,12,322.37
3185,1301,1016,804,804,15,27.22
3186,1301,1036,956,956,20,271.02
3187,1302,1036,109,109,5,309.92
3188,1303,1005,1209,1209,16,7.81
3189,1303,1006,513,513,16,4.44
3190,1303,1038,435,435,11,162.67
3191,1303,1004,644,644,25,4.03
3192,1304,1001,923,923,5,7.67
3193,1304,1028,1162,1162,18,95.48
3194,1304,1013,690,690,11,38.1
3195,1305,1015,210,210,6,35.09
3196,1306,1019,923,923,22,131.97
3197,1306,1002,328,328,14,6.46
3198,1306,1033,711,711,2,250.72
3199,1306,1030,475,475,16,100.69
3200,1307,1022,94,94,2,119.37
3201,1307,1034,595,595,26,236.72
3202,1307,1006,340,340,2,4.67
3203,1307,1006,320,320,1,4.56
3204,1308,1024,1206,1206,8,61.94
3205,1308,1016,485,485,9,23.91
3206,1309,1008,772,772,3,6.6
3207,1309,1020,565,565,7,101.41
3208,1309,1034,807,807,15,229.5
3209,1309,1008,617,617,29,6.65
3210,1310,1015,577,577,26,38.99
3211,1311,1004,571,571,20,4.24
3212,1311,1032,900,900,41,132.94
3213,1312,1004,364,0,0,3.92
3214,1312,1022,836,0,0,104.45
3215,1312,1013,111,0,0,33.83
3216,1313,1010,987,987,15,26.35
3217,1313,1032,536,536,8,125.81
3218,1313,1004,593,593,3,3.62
3219,1314,1033,379,379,4,199.83
3220,1314,1026,100,100,1,155.7
3221,1314,1001,877,877,22,6.5
3222,1315,1021,562,562,5,93.27
3223,1316,1024,194,194,6,63.96
3224,1316,1025,256,256,1,151.33
3225,1317,1039,855,855,42,234.57
3226,1318,1040,346,346,7,297.45
3227,1319,1003,562,562,26,8.12
3228,1319,1019,1384,1384,41,132.46
3229,1320,1040,866,866,19,257.22
3230,1321,1026,795,795,11,188.17
3231,1321,1016,138,138,6,25.68
3232,1321,1039,789,789,16,234.39
3233,1322,1015,672,672,20,41.42
3234,1322,1038,150,150,2,140.78
3235,1323,1019,764,764,33,124.29
3236,1323,1024,401,401,16,62.44
3237,1323,1019,646,646,19,125.26
3238,1323,1002,410,410,14,6.26
3239,1324,1032,383,383,2,147.6
3240,1324,1011,1304,1304,56,40.63
3241,1324,1023,653,653,20,98.91
3242,1325,1016,348,348,5,27.88
3243,1326,1025,70,70,0,143.38
3244,1326,1028,117,117,5,79.66
3245,1327,1011,540,540,26,43.15
3246,1327,1040,518,518,6,300.75
3247,1327,1024,846,846,42,74.88
3248,1327,1001,694,694,29,6.45
3249,1328,1006,264,264,0,4.01
3250,1328,1015,558,558,11,43.15
3251,1329,1018,403,403,10,79.82
3252,1329,1014,875,875,26,47.57
3253,1329,1019,157,157,4,136.09
3254,1330,1029,485,485,11,97.82
3255,1330,1006,394,394,5,4.15
3256,1330,1007,765,765,21,5.83
3257,1330,1014,316,316,5,45.23
3258,1331,1027,841,841,6,135.73
3259,1331,1010,468,468,14,29.22
3260,1332,1026,490,490,21,173.8
3261,1332,1002,899,899,12,6.53
3262,1332,1008,962,962,37,6.39
3263,1332,1014,308,308,10,41.79
3264,1333,1011,824,824,37,45.19
3265,1333,1035,1387,1387,10,177.37
3266,1334,1013,324,324,6,35.6
3267,1334,1034,766,766,14,242.67
3268,1334,1021,664,664,22,94.32
3269,1334,1014,366,366,9,40.23
3270,1335,1038,771,771,26,128.75
3271,1335,1039,396,396,17,213.95
3272,1336,1013,800,800,38,39.31
3273,1336,1037,509,509,12,176.67
3274,1336,1020,961,961,32,110.69
3275,1337,1037,851,851,36,182.09
3276,1337,1032,135,135,3,152.29
3277,1338,1020,707,707,31,117.55
3278,1338,1038,476,476,16,135.63
3279,1338,1027,375,375,1,160.01
3280,1339,1009,910,0,0,47.69
3281,1340,1009,1156,0,0,43.36
3282,1340,1036,371,0,0,315.08
3283,1340,1040,1314,0,0,309.18
3284,1340,1031,278,0,0,118.02
3285,1341,1030,767,767,26,91.5
3286,1341,1038,451,451,18,157.47
3287,1342,1008,867,867,11,7.39
3288,1343,1030,182,182,7,102.85
3289,1344,1028,825,825,9,93.36
3290,1344,1003,846,846,0,7.97
3291,1345,1016,789,789,9,25.93
3292,1345,1028,481,481,13,93.04
3293,1346,1004,265,265,12,4.32
3294,1347,1023,797,797,38,112.97
3295,1347,1014,593,593,11,42.85
3296,1347,1039,444,444,8,255.44
3297,1348,1037,363,363,6,180.69
3298,1349,1033,421,421,14,209.52
3299,1350,1008,1113,1113,47,6.37
3300,1350,1030,474,474,13,105.88
3301,1350,1016,1065,1065,45,28.16
3302,1351,1040,458,0,0,248.94
3303,1351,1003,802,0,0,8.51
3304,1351,1025,338,0,0,166.96
3305,1351,1029,569,0,0,95.65
3306,1352,1025,550,550,4,139.63
3307,1352,1028,90,90,3,85.94
3308,1352,1017,351,351,10,77.08
3309,1353,1005,1026,1026,35,8.06
3310,1353,1022,114,114,2,110.47
3311,1354,1018,600,600,14,72.04
3312,1354,1022,705,705,13,119.1
3313,1355,1038,522,522,4,145.88
3314,1355,1027,332,332,15,155.06
3315,1356,1024,297,297,13,68.55
3316,1357,1019,740,740,11,136.81
3317,1358,1023,273,273,6,98.17
3318,1358,1021,467,467,9,81.34
3319,1359,1026,904,904,12,168.54
3320,1360,1004,510,510,14,4.27
3321,1360,1011,609,609,26,47.95
3322,1360,1038,454,454,19,148.56
3323,1360,1013,341,341,8,37.88
3324,1361,1033,530,530,4,231.61
3325,1361,1035,86,86,2,174.17
3326,1362,1026,487,487,6,170.48
3327,1363,1007,370,370,15,5.61
3328,1364,1025,855,855,29,135.82
3329,1364,1003,660,660,18,8.35
3330,1364,1017,398,398,10,73.99
3331,1365,1009,265,265,6,45.08
3332,1365,1009,739,739,17,40.0
3333,1365,1027,826,826,20,161.71
3334,1365,1001,438,438,6,7.89
3335,1366,1021,921,921,2,97.53
3336,1366,1018,843,843,30,87.32
3337,1367,1009,197,197,5,44.98
3338,1367,1010,939,939,42,29.53
3339,1367,1036,486,486,21,268.88
3340,1367,1022,741,741,28,126.25
3341,1368,1032,988,988,13,136.98
3342,1369,1023,748,748,0,103.5
3343,1369,1029,558,558,23,108.99
3344,1369,1031,351,351,7,141.83
3345,1369,1025,776,776,12,160.51
3346,1370,1001,618,618,6,7.06
3347,1370,1037,241,241,11,183.49
3348,1370,1036,397,397,0,264.74
3349,1370,1031,653,653,2,137.08
3350,1371,1021,201,201,0,89.92
3351,1371,1004,616,616,22,3.63
3352,1372,1002,1143,1143,26,6.95
3353,1373,1025,242,242,0,157.47
3354,1373,1013,925,925,38,40.11
3355,1374,1003,811,811,35,8.81
3356,1374,1027,243,243,8,156.25
3357,1374,1033,433,433,3,231.23
3358,1374,1004,684,684,15,3.58
3359,1375,1031,277,277,7,114.76
3360,1375,1032,679,679,12,156.51
3361,1375,1003,520,520,10,8.05
3362,1375,1034,435,435,9,261.61
3363,1376,1029,582,582,27,101.88
3364,1377,1019,806,806,39,125.98
3365,1377,1007,303,303,5,4.7
3366,1378,1024,129,129,3,71.72
3367,1378,1040,992,992,26,285.19
3368,1379,1029,486,486,15,93.68
3369,1379,1026,359,359,17,159.89
3370,1379,1016,219,219,2,26.9
3371,1379,1018,866,866,1,71.18
3372,1380,1029,374,374,7,100.52
3373,1380,1018,736,736,15,77.44
3374,1380,1021,337,337,5,88.56
3375,1380,1002,644,644,28,7.93
3376,1381,1006,594,594,2,4.75
3377,1381,1009,625,625,4,49.6
3378,1381,1015,787,787,4,39.4
3379,1382,1018,296,0,0,85.02
3380,1382,1027,60,0,0,164.61
3381,1383,1014,375,375,17,40.98
3382,1383,1020,253,253,5,104.49
3383,1383,1022,210,210,6,124.58
3384,1383,1009,127,127,3,43.72
3385,1384,1009,922,922,24,43.55
3386,1384,1017,1366,1366,3,72.35
3387,1385,1003,450,450,4,8.16
3388,1385,1034,426,426,4,251.72
3389,1385,1031,105,105,0,120.34
3390,1386,1037,478,478,15,174.43
3391,1386,1040,207,207,7,269.5
3392,1386,1004,110,110,0,4.14
3393,1387,1031,754,754,15,118.12
3394,1387,1036,225,225,6,289.99
3395,1388,1003,214,214,1,7.67
3396,1388,1024,420,420,7,71.22
3397,1388,1028,999,999,40,96.64
3398,1389,1012,1269,1269,44,32.15
3399,1389,1011,564,564,18,39.19
3400,1389,1024,1170,1170,35,65.36
3401,1389,1011,295,295,10,45.08
3402,1390,1008,462,462,13,7.08
3403,1390,1026,126,126,1,162.79
3404,1390,1017,162,162,4,67.04
3405,1391,1030,289,289,11,101.95
3406,1391,1021,512,512,5,86.62
3407,1392,1014,184,184,0,44.07
3408,1392,1021,107,107,2,98.57
3409,1392,1027,807,807,1,148.29
3410,1393,1034,271,271,9,219.88
3411,1393,1027,525,525,21,142.52
3412,1393,1029,806,806,30,103.03
3413,1394,1034,659,659,32,224.28
3414,1394,1029,525,525,23,88.62
3415,1395,1014,1181,1181,45,40.38
3416,1395,1033,961,961,30,246.92
3417,1396,1014,991,991,30,46.38
3418,1396,1038,574,574,1,131.43
3419,1396,1002,361,361,5,6.76
3420,1396,1037,638,638,6,192.94
3421,1397,1007,321,0,0,4.85
3422,1397,1022,257,0,0,105.4
3423,1397,1001,307,0,0,7.3
3424,1398,1013,391,391,19,41.09
3425,1398,1037,829,829,32,200.67
3426,1399,1038,576,576,14,129.6
3427,1399,1037,324,324,0,170.71
3428,1399,1038,132,132,0,143.34
3429,1399,1014,798,798,24,47.05
3430,1400,1019,202,202,5,141.86
3431,1400,1015,424,424,16,42.07
3432,1400,1039,598,598,15,246.49
3433,1401,1040,608,0,0,262.17
3434,1401,1014,356,0,0,42.16
3435,1402,1028,649,649,8,94.48
3436,1403,1032,799,799,12,151.18
3437,1403,1029,183,183,5,96.95
3438,1404,1030,919,0,0,89.34
3439,1405,1031,612,612,22,138.62
3440,1406,1025,856,856,9,151.57
3441,1406,1016,449,449,21,23.03
3442,1406,1033,749,749,12,215.17
3443,1407,1023,883,883,17,96.21
3444,1407,1035,1016,1016,31,161.81
3445,1407,1027,149,149,5,167.11
3446,1407,1013,1374,1374,12,39.36
3447,1408,1002,820,820,34,7.65
3448,1408,1031,93,93,0,131.66
3449,1408,1011,945,945,26,41.21
3450,1409,1039,669,669,24,216.41
3451,1409,1008,258,258,3,7.22
3452,1410,1036,214,214,4,304.92
3453,1410,1028,1213,1213,6,99.14
3454,1410,1026,177,177,2,166.42
3455,1411,1021,138,138,0,90.66
3456,1411,1015,321,321,0,43.02
3457,1411,1002,562,562,6,7.03
3458,1412,1019,954,954,4,130.79
3459,1412,1024,498,498,3,70.34
3460,1412,1017,734,734,31,74.16
3461,1413,1004,845,845,24,4.14
3462,1413,1001,264,264,11,7.88
3463,1413,1035,508,508,18,149.31
3464,1414,1032,841,841,19,144.65
3465,1414,1032,696,696,22,146.21
3466,1414,1013,972,972,0,34.29
3467,1415,1031,663,663,5,130.31
3468,1415,1020,705,705,32,101.84
3469,1416,1034,913,913,15,261.28
3470,1417,1036,205,205,7,299.16
3471,1418,1002,1085,1085,7,7.52
3472,1418,1004,358,358,12,3.67
3473,1418,1023,184,184,4,101.47
3474,1418,1036,1061,1061,41,305.3
3475,1419,1010,827,827,14,26.83
3476,1419,1012,454,454,20,31.96
3477,1419,1004,959,959,13,3.76
3478,1419,1022,672,672,31,121.74
3479,1420,1035,631,631,11,162.31
3480,1421,1039,792,792,19,219.1
3481,1422,1012,483,483,7,37.36
3482,1422,1039,999,999,38,222.37
3483,1423,1008,641,641,18,7.19
3484,1423,1020,532,532,11,120.1
3485,1423,1030,156,156,6,97.99
3486,1423,1011,451,451,17,46.07
3487,1424,1029,667,667,16,88.98
3488,1424,1039,210,210,6,211.38
3489,1424,1011,830,830,28,40.85
3490,1425,1003,299,299,8,6.92
3491,1425,1025,55,55,2,141.88
3492,1425,1005,638,638,0,7.27
3493,1426,1021,545,545,9,80.93
3494,1426,1022,509,509,9,124.69
3495,1427,1012,143,143,3,37.88
3496,1428,1015,638,638,12,40.75
3497,1428,1025,1258,1258,20,151.41
3498,1428,1033,253,253,0,219.12
3499,1429,1027,209,209,2,147.23
3500,1430,1011,1248,1248,17,46.86
3501,1431,1033,280,280,6,209.47
3502,1431,1020,344,344,5,100.95
3503,1431,1030,703,703,5,89.12
3504,1431,1037,595,595,0,181.6
3505,1432,1036,1225,1225,35,290.91
3506,1432,1010,131,131,6,26.99
3507,1433,1006,601,601,3,4.59
3508,1433,1001,130,130,4,7.26
3509,1433,1003,308,308,13,7.78
3510,1433,1027,829,829,41,144.2
3511,1434,1012,108,108,0,30.69
3512,1435,1016,537,537,9,27.06
3513,1435,1019,242,242,7,115.96
3514,1435,1001,36,36,1,6.73
3515,1435,1038,269,269,5,150.12
3516,1436,1010,196,196,8,26.84
3517,1437,1022,71,71,2,112.54
3518,1437,1002,149,149,6,7.03
3519,1437,1024,667,667,9,63.08
3520,1437,1027,444,444,18,134.64
3521,1438,1027,765,765,8,151.8
3522,1439,1035,138,138,0,160.41
3523,1439,1001,469,469,19,7.03
3524,1439,1021,221,221,7,90.08
3525,1440,1034,211,211,3,261.21
3526,1440,1040,688,688,8,254.82
3527,1440,1029,319,319,0,109.53
3528,1440,1016,368,368,13,27.89
3529,1441,1029,754,754,26,96.5
3530,1442,1004,352,352,15,3.98
3531,1442,1019,194,194,7,141.83
3532,1442,1020,44,44,1,120.03
3533,1443,1005,855,855,38,7.37
3534,1444,1020,601,601,3,105.03
3535,1445,1036,622,622,15,273.06
3536,1445,1025,816,816,12,167.06
3537,1446,1011,508,508,19,42.45
3538,1446,1036,823,823,36,288.17
3539,1447,1022,89,89,3,118.07
3540,1448,1019,688,688,22,131.14
3541,1448,1014,550,550,13,41.6
3542,1448,1012,1246,1246,13,37.48
3543,1449,1009,919,919,18,48.06
3544,1449,1040,810,810,4,280.63
3545,1449,1011,121,121,5,38.86
3546,1449,1002,603,603,10,7.38
3547,1450,1021,764,764,32,99.25
3548,1450,1034,820,820,32,257.81
3549,1450,1004,1391,1391,7,3.69
3550,1450,1040,1239,1239,60,282.9
3551,1451,1035,492,492,1,159.1
3552,1451,1017,390,390,17,63.79
3553,1451,1027,41,41,1,151.97
3554,1451,1029,301,301,8,103.28
3555,1452,1040,569,569,9,297.61
3556,1452,1037,652,652,27,164.26
3557,1452,1017,352,352,13,63.95
3558,1453,1011,805,805,23,47.94
3559,1453,1024,958,958,29,73.54
3560,1453,1008,726,726,7,6.89
3561,1454,1038,157,157,3,136.74
3562,1454,1026,669,669,15,187.49
3563,1454,1029,840,840,15,109.86
3564,1455,1037,112,112,5,177.18
3565,1456,1040,187,187,4,284.38
3566,1456,1030,485,485,20,90.5
3567,1457,1002,483,483,12,7.21
3568,1457,1037,161,161,0,168.77
3569,1458,1021,947,947,2,89.92
3570,1458,1001,498,498,2,7.94
3571,1458,1039,393,393,18,226.03
3572,1459,1026,1304,0,0,176.95
3573,1460,1040,647,647,4,253.79
3574,1461,1018,698,698,6,82.58
3575,1461,1023,329,329,1,109.67
3576,1461,1025,448,448,15,146.08
3577,1462,1030,427,427,0,99.52
3578,1462,1006,343,343,7,4.61
3579,1462,1040,368,368,14,286.7
3580,1462,1002,550,550,12,6.31
3581,1463,1038,162,162,2,139.88
3582,1464,1012,225,225,1,35.32
3583,1464,1015,194,194,0,38.59
3584,1464,1017,1185,1185,46,64.53
3585,1465,1014,348,348,13,47.92
3586,1465,1013,272,272,8,38.58
3587,1465,1015,277,277,3,39.37
3588,1466,1005,833,833,26,8.42
3589,1466,1019,315,315,7,129.71
3590,1466,1034,506,506,7,253.53
3591,1466,1006,488,488,3,4.58
3592,1467,1035,1272,1272,58,167.81
3593,1467,1011,121,121,3,45.58
3594,1467,1019,190,190,5,137.81
3595,1467,1034,448,448,2,266.0
3596,1468,1013,468,468,2,39.3
3597,1468,1016,842,842,6,28.49
3598,1468,1020,1223,1223,9,98.77
3599,1468,1028,389,389,13,81.72
3600,1469,1007,512,512,6,4.87
3601,1470,1036,263,263,4,315.0
3602,1470,1019,205,205,0,133.99
3603,1471,1037,958,958,46,193.27
3604,1471,1012,1219,1219,7,38.33
3605,1471,1009,457,457,4,40.92
3606,1471,1038,1153,1153,53,133.81
3607,1472,1001,774,774,19,7.85
3608,1472,1031,1033,1033,9,115.05
3609,1473,1028,144,0,0,95.17
3610,1473,1035,419,0,0,150.03
3611,1473,1032,170,0,0,149.14
3612,1474,1023,338,338,14,101.88
3613,1474,1026,618,618,22,169.21
3614,1474,1019,796,796,29,114.63
3615,1474,1010,565,565,12,24.39
3616,1475,1035,1366,1366,21,152.11
3617,1475,1026,1300,1300,6,176.01
3618,1475,1025,1356,1356,57,157.12
3619,1476,1010,64,64,1,25.11
3620,1476,1038,106,106,3,135.71
3621,1476,1026,904,904,44,174.71
3622,1476,1032,696,696,18,159.16
3623,1477,1003,316,316,2,8.01
3624,1477,1003,979,979,36,7.09
3625,1477,1012,899,899,18,30.39
3626,1478,1005,794,794,26,8.82
3627,1478,1029,503,503,17,107.63
3628,1478,1034,743,743,21,227.39
3629,1479,1010,406,406,14,25.94
3630,1479,1021,216,216,10,80.75
3631,1479,1013,160,160,6,34.96
3632,1479,1014,231,231,3,49.53
3633,1480,1027,254,254,7,135.69
3634,1480,1016,672,672,8,28.4
3635,1481,1031,474,474,22,119.96
3636,1482,1023,702,702,19,115.5
3637,1482,1001,590,590,5,6.91
3638,1482,1035,278,278,2,178.44
3639,1483,1023,299,299,6,113.81
3640,1483,1007,183,183,3,4.67
3641,1483,1031,987,987,9,128.49
3642,1483,1008,677,677,0,6.69
3643,1484,1032,43,43,1,148.82
3644,1484,1002,480,480,22,7.63
3645,1484,1026,373,373,7,166.43
3646,1484,1004,154,154,3,4.31
3647,1485,1012,677,0,0,37.99
3648,1485,1030,422,0,0,94.31
3649,1486,1039,512,512,16,259.26
3650,1486,1012,406,406,4,38.34
3651,1487,1031,496,496,16,129.05
3652,1487,1031,766,766,2,137.06
3653,1487,1011,787,787,2,47.14
3654,1487,1032,263,263,1,131.96
3655,1488,1038,897,897,23,147.23
3656,1488,1003,182,182,7,7.11
3657,1488,1010,353,353,5,24.4
3658,1489,1017,568,568,3,71.13
3659,1489,1024,834,834,14,74.65
3660,1489,1031,406,406,1,139.43
3661,1490,1023,732,732,11,101.55
3662,1491,1035,996,0,0,148.22
3663,1492,1038,771,771,3,149.7
3664,1492,1009,503,503,25,43.2
3665,1492,1028,993,993,13,90.02
3666,1492,1014,285,285,8,42.17
3667,1493,1007,140,140,4,5.52
3668,1494,1027,321,321,15,165.57
3669,1494,1014,157,157,7,48.17
3670,1495,1015,609,609,28,38.56
3671,1496,1039,355,355,9,228.52
3672,1496,1009,1290,1290,45,46.72
3673,1496,1038,1064,1064,20,149.61
3674,1496,1006,1191,1191,40,4.37
3675,1497,1019,964,964,2,141.01
3676,1497,1017,99,99,4,70.4
3677,1497,1017,631,631,25,73.04
3678,1498,1038,572,572,7,155.05
3679,1498,1003,318,318,4,8.8
3680,1498,1034,319,319,0,244.01
3681,1498,1003,183,183,0,7.31
3682,1499,1005,900,900,4,7.65
3683,1500,1027,737,737,17,154.61
3684,1500,1021,565,565,0,80.72
3685,1500,1029,667,667,22,102.11
3686,1500,1002,381,381,5,6.61
3687,1501,1024,563,563,14,63.37
3688,1502,1001,534,534,0,7.35
3689,1503,1011,881,881,39,42.15
3690,1503,1033,339,339,5,236.94
3691,1503,1008,301,301,8,6.59
3692,1503,1028,86,86,2,93.48
3693,1504,1035,638,638,24,177.47
3694,1504,1036,1241,1241,44,278.36
3695,1504,1019,107,107,2,113.86
3696,1505,1020,1195,1195,8,110.34
3697,1505,1037,411,411,12,165.25
3698,1506,1024,352,352,0,69.86
3699,1506,1024,557,557,21,71.06
3700,1506,1027,264,264,10,166.43
3701,1506,1032,168,168,7,148.07
3702,1507,1029,335,335,5,105.82
3703,1507,1034,281,281,0,247.0
3704,1507,1025,314,314,2,138.13
3705,1507,1040,558,558,22,246.77
3706,1508,1037,782,782,31,163.34
3707,1508,1036,106,106,1,329.19
3708,1508,1040,1164,1164,14,312.16
3709,1509,1008,478,478,21,7.09
3710,1510,1004,595,595,27,3.7
3711,1511,1001,870,870,42,6.82
3712,1511,1024,387,387,18,66.64
3713,1512,1036,336,336,1,320.54
3714,1512,1002,88,88,2,7.73
3715,1512,1002,509,509,0,7.73
3716,1513,1015,760,760,35,44.63
3717,1513,1032,949,949,19,144.49
3718,1513,1017,70,70,2,75.0
3719,1513,1014,296,296,11,43.44
3720,1514,1015,1261,1261,47,40.91
3721,1515,1010,709,709,18,26.11
3722,1516,1031,925,925,12,120.23
3723,1516,1018,693,693,2,83.69
3724,1516,1024,1104,1104,16,76.26
3725,1516,1009,431,431,8,44.67
3726,1517,1037,997,997,35,199.85
3727,1517,1032,499,499,0,149.23
3728,1518,1008,163,163,4,6.5
3729,1518,1023,594,594,0,107.59
3730,1519,1023,370,370,6,104.85
3731,1520,1036,1321,1321,12,288.9
3732,1520,1030,1153,1153,2,103.22
3733,1520,1015,982,982,0,43.87
3734,1521,1013,904,904,36,39.94
3735,1521,1036,749,749,0,264.6
3736,1521,1025,372,372,12,154.97
3737,1522,1006,787,0,0,4.27
3738,1522,1035,361,0,0,142.3
3739,1523,1040,757,757,22,270.81
3740,1523,1002,681,681,14,7.76
3741,1524,1009,370,370,17,45.68
3742,1525,1030,776,776,26,98.82
3743,1525,1027,950,950,28,146.8
3744,1525,1021,298,298,13,87.25
3745,1526,1026,945,945,16,162.64
3746,1526,1029,221,221,4,109.32
3747,1527,1026,430,430,21,167.41
3748,1528,1013,204,0,0,36.81
3749,1528,1033,141,0,0,199.2
3750,1529,1006,833,833,27,4.78
3751,1529,1016,144,144,4,28.69
3752,1529,1004,945,945,30,4.15
3753,1529,1032,991,991,1,140.58
3754,1530,1033,512,512,2,248.55
3755,1530,1029,934,934,4,94.46
3756,1530,1009,842,842,14,46.54
3757,1530,1001,648,648,25,7.73
3758,1531,1010,180,180,2,29.31
3759,1532,1006,85,85,1,4.22
3760,1532,1035,208,208,9,166.17
3761,1532,1011,870,870,27,47.89
3762,1532,1016,304,304,0,28.16
3763,1533,1002,461,461,2,7.31
3764,1534,1035,700,700,13,147.83
3765,1534,1012,260,260,6,31.01
3766,1534,1033,653,653,31,213.65
3767,1534,1035,648,648,29,163.95
3768,1535,1005,662,662,8,8.46
3769,1535,1007,754,754,7,4.67
3770,1535,1015,271,271,3,37.38
3771,1535,1039,454,454,12,218.3
3772,1536,1010,893,893,32,28.06
3773,1537,1014,664,664,32,43.47
3774,1538,1036,100,100,3,282.19
3775,1539,1024,140,140,3,74.34
3776,1539,1005,645,645,2,9.01
3777,1539,1020,543,543,5,115.92
3778,1540,1009,737,737,21,39.82
3779,1540,1007,828,828,8,5.9
3780,1540,1018,487,487,2,81.56
3781,1540,1029,648,648,18,109.05
3782,1541,1032,947,947,17,133.6
3783,1541,1011,1316,1316,6,47.97
3784,1541,1039,180,180,7,222.18
3785,1542,1028,1024,1024,11,89.06
3786,1542,1017,958,958,0,72.52
3787,1542,1023,348,348,12,118.1
3788,1543,1030,964,0,0,109.85
3789,1543,1010,320,0,0,30.36
3790,1543,1010,811,0,0,27.89
3791,1544,1023,771,771,10,114.49
3792,1544,1001,337,337,3,6.81
3793,1544,1037,749,749,2,199.96
3794,1544,1037,542,542,13,166.17
3795,1545,1004,278,278,12,4.14
3796,1545,1009,365,365,13,43.97
3797,1545,1010,669,669,23,26.56
3798,1545,1013,982,982,47,40.57
3799,1546,1004,1132,1132,33,3.76
3800,1546,1013,323,323,5,41.05
3801,1546,1027,665,665,27,141.43
3802,1546,1022,288,288,0,100.67
3803,1547,1017,977,977,3,66.73
3804,1547,1013,511,511,2,33.06
3805,1548,1026,481,481,12,164.86
3806,1548,1004,1075,1075,0,4.02
3807,1548,1004,103,103,1,4.33
3808,1549,1035,340,340,6,144.48
3809,1549,1029,551,551,26,102.77
3810,1549,1021,433,433,10,86.77
3811,1550,1013,169,169,7,40.63
3812,1550,1024,711,711,29,68.58
3813,1550,1027,947,947,43,132.03
3814,1551,1040,933,933,37,265.91
3815,1551,1019,685,685,1,118.62
3816,1551,1038,954,954,29,156.51
3817,1551,1024,874,874,13,66.26
3818,1552,1025,519,519,5,147.09
3819,1552,1016,1302,1302,56,24.33
3820,1552,1016,1014,1014,8,28.98
3821,1552,1039,1269,1269,23,219.54
3822,1553,1008,136,136,1,6.26
3823,1553,1002,651,651,7,6.44
3824,1553,1006,155,155,2,4.28
3825,1553,1004,615,615,25,3.65
3826,1554,1039,309,309,3,244.07
3827,1554,1038,1261,1261,5,130.88
3828,1554,1035,256,256,7,172.88
3829,1555,1014,593,593,2,49.71
3830,1555,1001,436,436,16,7.48
3831,1555,1014,170,170,2,49.91
3832,1555,1026,698,698,32,182.84
3833,1556,1019,764,764,30,142.44
3834,1557,1017,989,989,38,68.97
3835,1557,1034,747,747,20,224.89
3836,1557,1003,596,596,5,7.47
3837,1557,1036,491,491,13,282.95
3838,1558,1025,953,953,15,155.38
3839,1558,1014,455,455,16,45.17
3840,1558,1032,50,50,0,125.72
3841,1559,1001,870,870,24,6.7
3842,1559,1023,919,919,23,105.73
3843,1559,1031,334,334,7,125.18
3844,1560,1016,568,568,24,24.13
3845,1560,1003,108,108,2,8.79
3846,1560,1001,373,373,15,7.15
3847,1560,1039,85,85,0,263.07
3848,1561,1009,301,301,5,44.94
3849,1561,1024,963,963,18,73.29
3850,1562,1040,117,117,1,255.34
3851,1562,1039,702,702,3,255.59
3852,1563,1040,961,961,2,310.58
3853,1563,1036,998,998,33,273.3
3854,1563,1020,315,315,12,119.51
3855,1563,1029,659,659,32,87.97
3856,1564,1015,267,267,12,41.63
3857,1565,1022,821,821,29,118.24
3858,1565,1009,497,497,11,44.69
3859,1565,1036,358,358,8,285.27
3860,1565,1031,91,91,1,120.02
3861,1566,1032,1160,1160,12,139.84
3862,1566,1017,1348,1348,12,72.73
3863,1567,1039,289,289,6,263.49
3864,1567,1020,760,760,36,115.82
3865,1568,1023,723,0,0,110.58
3866,1568,1028,1395,0,0,90.49
3867,1568,1020,151,0,0,105.91
3868,1568,1025,618,0,0,161.58
3869,1569,1029,97,97,2,101.37
3870,1570,1015,876,876,40,42.55
3871,1570,1014,1264,1264,20,40.87
3872,1570,1008,1061,1061,47,6.67
3873,1570,1033,522,522,13,233.35
3874,1571,1015,88,88,1,43.0
3875,1571,1036,618,618,11,262.1
3876,1572,1018,1014,1014,20,84.74
3877,1572,1020,371,371,9,121.69
3878,1572,1016,523,523,5,24.96
3879,1573,1018,995,995,24,77.83
3880,1573,1019,448,448,6,124.29
3881,1574,1007,175,175,1,5.04
3882,1574,1039,826,826,2,228.23
3883,1574,1037,336,336,5,195.52
3884,1574,1027,998,998,4,147.93
3885,1575,1017,632,632,26,76.14
3886,1576,1014,436,0,0,44.22
3887,1577,1019,570,570,23,130.21
3888,1577,1012,187,187,4,32.87
3889,1577,1001,364,364,7,7.61
3890,1578,1039,408,408,19,238.62
3891,1578,1003,391,391,9,8.21
3892,1578,1035,402,402,8,146.71
3893,1578,1008,267,267,9,6.85
3894,1579,1025,502,502,3,136.7
3895,1579,1029,198,198,7,91.6
3896,1579,1027,98,98,4,164.13
3897,1579,1038,628,628,22,144.66
3898,1580,1029,329,329,14,91.57
3899,1580,1017,409,409,3,71.72
3900,1580,1025,836,836,18,135.91
3901,1580,1040,77,77,1,298.05
3902,1581,1019,142,142,5,137.58
3903,1581,1020,755,755,33,105.95
3904,1581,1027,898,898,11,163.84
3905,1581,1026,845,845,2,164.93
3906,1582,1035,391,391,5,156.14
3907,1582,1015,938,938,10,44.19
3908,1582,1030,793,793,20,104.8
3909,1583,1018,1148,1148,47,80.94
3910,1583,1010,1225,1225,59,30.01
3911,1583,1024,359,359,11,76.1
3912,1584,1004,571,571,19,3.51
3913,1584,1019,403,403,14,137.59
3914,1584,1015,292,292,14,37.44
3915,1585,1019,473,473,18,121.58
3916,1585,1010,858,858,23,24.52
3917,1585,1028,252,252,3,81.28
3918,1586,1002,782,782,21,7.08
3919,1586,1032,847,847,28,155.4
3920,1586,1008,683,683,27,5.96
3921,1586,1019,284,284,6,128.75
3922,1587,1030,831,831,6,105.41
3923,1587,1017,719,719,10,63.63
3924,1587,1024,1265,1265,25,74.41
3925,1587,1025,1085,1085,5,168.2
3926,1588,1017,284,284,4,69.01
3927,1588,1030,729,729,7,97.51
3928,1589,1018,275,275,1,74.05
3929,1589,1039,850,850,22,222.91
3930,1589,1025,641,641,24,145.2
3931,1590,1011,135,0,0,43.28
3932,1590,1020,200,0,0,121.12
3933,1590,1021,595,0,0,94.1
3934,1591,1016,911,911,14,23.29
3935,1592,1039,403,403,0,254.83
3936,1592,1013,1220,1220,59,32.76
3937,1593,1015,487,487,17,37.82
3938,1593,1024,534,534,5,68.28
3939,1593,1035,252,252,4,148.28
3940,1593,1031,242,242,10,133.52
3941,1594,1007,875,875,4,5.89
3942,1595,1036,399,399,6,269.23
3943,1595,1017,626,626,11,74.76
3944,1595,1039,677,677,21,258.87
3945,1596,1016,73,73,2,23.0
3946,1596,1017,422,422,14,65.28
3947,1596,1004,438,438,2,3.43
3948,1596,1038,338,338,0,133.9
3949,1597,1020,109,109,4,100.81
3950,1598,1015,728,728,24,41.21
3951,1599,1040,1393,1393,20,299.28
3952,1599,1002,1352,1352,54,7.09
3953,1599,1031,1215,1215,47,124.29
3954,1600,1024,759,759,9,68.25
3955,1600,1035,984,984,32,145.82
3956,1600,1005,491,491,15,8.05
3957,1601,1030,156,0,0,94.89
3958,1601,1006,959,0,0,4.73
3959,1601,1035,540,0,0,173.35
3960,1602,1017,107,107,1,71.37
3961,1602,1036,377,377,7,318.25
3962,1602,1017,517,517,6,69.47
3963,1602,1035,573,573,20,147.52
3964,1603,1007,834,834,7,4.91
3965,1603,1032,455,455,17,158.33
3966,1603,1009,806,806,3,40.22
3967,1604,1021,518,518,12,94.23
3968,1604,1020,809,809,6,110.08
3969,1605,1025,195,195,5,142.18
3970,1605,1003,204,204,3,7.33
3971,1605,1029,647,647,21,95.58
3972,1606,1028,233,233,10,95.31
3973,1606,1006,996,996,26,4.46
3974,1606,1038,148,148,3,142.16
3975,1606,1012,633,633,22,38.49
3976,1607,1030,928,928,41,100.74
3977,1607,1024,1055,1055,30,61.48
3978,1607,1025,169,169,8,155.8
3979,1608,1020,1090,1090,32,110.29
3980,1609,1011,858,858,38,45.86
3981,1609,1016,187,187,0,28.86
3982,1609,1032,353,353,17,130.1
3983,1609,1011,774,774,16,39.43
3984,1610,1019,186,186,4,140.79
3985,1610,1009,277,277,6,44.74
3986,1610,1016,691,691,1,26.86
3987,1611,1026,508,508,8,152.86
3988,1612,1021,581,581,12,93.05
3989,1612,1007,816,816,23,5.37
3990,1612,1014,710,710,15,44.37
3991,1613,1032,842,842,5,157.39
3992,1613,1029,738,738,23,87.33
3993,1614,1007,825,825,23,5.84
3994,1614,1029,853,853,27,107.1
3995,1615,1016,1395,1395,47,28.75
3996,1615,1024,1303,1303,35,71.6
3997,1615,1007,77,77,0,5.64
3998,1616,1033,429,429,18,222.99
3999,1616,1022,832,832,21,110.67
4000,1617,1027,778,778,25,160.84
4001,1617,1023,334,334,2,99.06
4002,1617,1035,422,422,3,157.27
4003,1617,1016,148,148,5,26.41
4004,1618,1020,51,51,1,97.5
4005,1618,1002,282,282,11,7.63
4006,1618,1001,657,657,2,6.47
4007,1619,1036,831,831,2,307.25
4008,1620,1004,500,500,1,4.05
4009,1620,1006,704,704,2,4.09
4010,1620,1015,66,66,0,35.35
4011,1621,1021,298,298,10,99.83
4012,1621,1023,992,992,39,96.52
4013,1621,1024,132,132,2,65.7
4014,1621,1013,687,687,2,39.43
4015,1622,1018,462,0,0,72.53
4016,1622,1011,535,0,0,43.46
4017,1622,1009,60,0,0,48.48
4018,1622,1007,975,0,0,4.91
4019,1623,1001,736,736,17,6.93
4020,1623,1030,499,499,19,104.11
4021,1623,1001,468,468,10,6.75
4022,1624,1040,561,561,22,296.02
4023,1625,1031,938,0,0,116.41
4024,1625,1010,187,0,0,29.67
4025,1625,1023,827,0,0,101.25
4026,1625,1005,147,0,0,8.13
4027,1626,1019,812,812,3,139.63
4028,1626,1010,858,858,25,25.23
4029,1626,1017,376,376,17,75.14
4030,1627,1040,312,312,13,302.14
4031,1628,1034,62,62,1,254.85
4032,1628,1005,123,123,1,8.88
4033,1628,1030,456,456,7,107.25
4034,1628,1029,419,419,12,103.7
4035,1629,1029,959,959,46,107.51
4036,1629,1023,772,772,3,117.71
4037,1630,1014,694,694,28,41.89
4038,1631,1040,716,716,3,277.44
4039,1631,1008,861,861,31,6.53
4040,1631,1016,823,823,13,27.2
4041,1632,1034,862,862,8,243.06
4042,1632,1037,767,767,22,163.35
4043,1633,1036,807,807,18,306.86
4044,1633,1013,513,513,1,33.98
4045,1633,1015,332,332,16,41.04
4046,1633,1040,113,113,0,297.96
4047,1634,1036,383,383,0,263.94
4048,1634,1027,255,255,1,131.68
4049,1635,1005,507,507,18,7.17
4050,1635,1032,555,555,15,137.89
4051,1635,1016,349,349,13,29.11
4052,1636,1009,999,999,7,39.56
4053,1637,1020,522,0,0,107.22
4054,1637,1029,570,0,0,98.36
4055,1637,1036,39,0,0,280.83
4056,1637,1037,470,0,0,170.44
4057,1638,1022,929,929,18,111.96
4058,1638,1005,768,768,5,8.67
4059,1639,1010,445,445,0,24.88
4060,1639,1014,502,502,24,42.38
4061,1639,1034,751,751,10,233.88
4062,1639,1014,95,95,2,40.39
4063,1640,1007,540,540,11,5.86
4064,1640,1020,550,550,24,106.95
4065,1640,1023,1292,1292,18,105.76
4066,1640,1020,718,718,24,99.35
4067,1641,1019,214,214,3,129.06
4068,1641,1028,1058,1058,45,98.59
4069,1641,1028,387,387,12,96.26
4070,1642,1020,879,879,0,108.62
4071,1642,1026,485,485,12,182.56
4072,1642,1019,604,604,1,137.33
4073,1643,1034,986,986,38,230.35
4074,1643,1028,1351,1351,18,90.41
4075,1643,1010,928,928,13,30.02
4076,1643,1034,1381,1381,22,251.13
4077,1644,1001,1212,1212,6,6.75
4078,1645,1029,856,856,7,107.08
4079,1645,1008,1297,1297,34,5.96
4080,1645,1023,135,135,4,116.56
4081,1645,1003,259,259,4,7.36
4082,1646,1021,388,388,7,102.05
4083,1646,1019,31,31,0,141.48
4084,1646,1037,319,319,15,183.41
4085,1647,1018,778,778,27,72.21
4086,1647,1010,731,731,8,28.59
4087,1647,1011,608,608,21,45.43
4088,1648,1016,549,549,20,28.45
4089,1648,1018,626,626,0,84.05
4090,1649,1031,298,298,4,141.75
4091,1649,1032,799,799,4,130.43
4092,1649,1008,539,539,13,6.29
4093,1649,1015,926,926,14,36.51
4094,1650,1038,60,60,2,130.72
4095,1650,1008,911,911,29,6.11
4096,1650,1038,335,335,14,160.15
4097,1651,1028,786,786,31,88.64
4098,1651,1018,968,968,9,79.75
4099,1652,1033,645,645,24,213.54
4100,1652,1030,607,607,7,103.14
4101,1653,1022,943,943,37,104.67
4102,1653,1018,381,381,16,84.42
4103,1654,1031,758,758,11,111.96
4104,1655,1026,937,937,14,155.14
4105,1655,1032,828,828,5,138.16
4106,1655,1003,91,91,2,8.57
4107,1656,1002,295,295,7,6.8
4108,1656,1027,544,544,18,153.8
4109,1656,1012,225,225,3,31.35
4110,1656,1028,135,135,4,89.75
4111,1657,1018,755,755,0,79.08
4112,1657,1021,505,505,16,82.71
4113,1658,1033,518,0,0,198.03
4114,1658,1035,289,0,0,177.86
4115,1658,1031,145,0,0,141.91
4116,1658,1037,1225,0,0,197.31
4117,1659,1016,391,391,10,26.96
4118,1660,1020,947,947,20,107.58
4119,1661,1010,83,83,1,29.56
4120,1662,1008,871,871,40,7.01
4121,1662,1027,810,810,7,164.28
4122,1663,1035,251,251,4,179.29
4123,1664,1022,1057,0,0,114.68
4124,1664,1009,431,0,0,48.29
4125,1664,1016,1384,0,0,23.34
4126,1665,1037,258,258,10,159.0
4127,1665,1009,361,361,16,45.97
4128,1665,1015,837,837,26,36.43
4129,1666,1018,144,144,1,82.68
4130,1666,1026,51,51,1,157.82
4131,1667,1013,265,265,8,41.51
4132,1667,1007,174,174,5,5.33
4133,1668,1002,433,0,0,6.44
4134,1668,1013,244,0,0,39.46
4135,1668,1039,155,0,0,260.18
4136,1668,1012,93,0,0,30.52
4137,1669,1020,1338,1338,33,108.19
4138,1669,1022,1065,1065,38,125.15
4139,1670,1032,269,269,12,153.7
4140,1670,1036,511,511,3,264.04
4141,1670,1038,188,188,6,149.71
4142,1671,1031,586,586,0,129.62
4143,1671,1028,595,595,0,95.94
4144,1671,1005,907,907,36,7.29
4145,1672,1040,323,323,9,262.53
4146,1673,1038,114,114,0,136.97
4147,1673,1016,958,958,31,25.75
4148,1673,1026,102,102,3,153.67
4149,1673,1017,157,157,4,70.36
4150,1674,1007,120,120,2,4.68
4151,1674,1005,932,932,27,7.7
4152,1675,1011,442,442,18,43.08
4153,1675,1033,540,540,3,244.29
4154,1675,1016,638,638,1,24.49
4155,1675,1022,939,939,32,121.7
4156,1676,1021,589,589,10,87.22
4157,1676,1035,151,151,7,143.68
4158,1677,1014,599,599,19,40.7
4159,1677,1036,996,996,12,329.87
4160,1677,1010,818,818,9,27.89
4161,1678,1013,351,351,16,35.16
4162,1678,1027,284,284,8,148.33
4163,1679,1006,581,581,17,4.19
4164,1679,1028,994,994,7,90.79
4165,1679,1015,117,117,5,35.23
4166,1679,1025,292,292,3,152.68
4167,1680,1002,789,789,2,7.12
4168,1680,1038,496,496,22,156.15
4169,1681,1011,964,964,5,43.85
4170,1681,1010,637,637,20,28.04
4171,1681,1014,374,374,4,48.29
4172,1682,1035,648,648,19,151.8
4173,1682,1037,379,379,10,158.18
4174,1682,1019,341,341,14,127.23
4175,1682,1039,405,405,10,243.94
4176,1683,1031,806,806,16,123.0
4177,1683,1007,883,883,29,5.63
4178,1683,1016,232,232,2,23.89
4179,1683,1009,226,226,8,46.89
4180,1684,1020,219,219,3,106.23
4181,1685,1007,552,552,4,5.16
4182,1686,1012,156,156,0,37.78
4183,1686,1036,393,393,0,307.06
4184,1687,1017,889,889,27,67.13
4185,1687,1004,1107,1107,27,3.54
4186,1687,1039,400,400,13,235.19
4187,1688,1036,553,553,23,261.42
4188,1689,1013,1212,1212,20,34.02
4189,1689,1016,606,606,30,28.42
4190,1690,1019,148,148,0,130.18
4191,1690,1009,305,305,13,42.83
4192,1690,1005,517,517,24,7.36
4193,1691,1008,218,218,1,5.97
4194,1691,1035,540,540,22,146.28
4195,1692,1027,559,559,7,153.23
4196,1693,1011,462,462,4,38.62
4197,1693,1024,565,565,5,73.3
4198,1693,1034,378,378,18,251.47
4199,1694,1008,802,802,22,7.2
4200,1695,1012,236,0,0,31.57
4201,1695,1001,396,0,0,7.8
4202,1695,1012,961,0,0,36.66
4203,1696,1039,678,678,17,227.24
4204,1696,1011,223,223,4,46.27
4205,1696,1025,106,106,3,135.31
4206,1697,1039,612,612,11,223.49
4207,1697,1030,254,254,4,90.87
4208,1697,1033,104,104,0,236.8
4209,1697,1033,345,345,3,215.07
4210,1698,1030,609,609,14,95.5
4211,1698,1031,965,965,34,121.5
4212,1699,1012,533,533,24,33.9
4213,1700,1011,486,486,5,46.3
4214,1700,1005,299,299,4,7.09
4215,1700,1040,378,378,18,283.93
4216,1700,1012,68,68,1,38.09
4217,1701,1011,72,72,3,39.98
4218,1701,1028,785,785,0,95.43
4219,1701,1009,959,959,26,41.54
4220,1701,1017,433,433,18,73.04
4221,1702,1039,304,0,0,246.98
4222,1702,1018,640,0,0,79.45
4223,1703,1027,222,222,7,142.24
4224,1704,1030,963,963,47,97.03
4225,1705,1002,532,532,26,6.45
4226,1706,1029,308,308,11,90.14
4227,1706,1011,812,812,18,44.55
4228,1707,1021,463,463,7,100.95
4229,1707,1022,684,684,8,110.87
4230,1707,1025,523,523,9,164.6
4231,1708,1008,532,532,24,6.55
4232,1709,1035,965,965,26,176.94
4233,1709,1024,310,310,6,70.59
4234,1710,1038,148,148,0,139.65
4235,1710,1016,201,201,2,28.65
4236,1710,1036,488,488,23,296.29
4237,1710,1029,181,181,2,95.52
4238,1711,1007,93,93,1,4.83
4239,1711,1005,814,814,20,8.93
4240,1712,1028,600,600,24,86.89
4241,1712,1010,571,571,4,30.36
4242,1713,1018,793,793,34,86.97
4243,1713,1015,616,616,13,43.09
4244,1713,1024,501,501,14,70.08
4245,1714,1031,898,898,18,137.98
4246,1714,1020,236,236,6,120.97
4247,1715,1039,624,624,4,238.04
4248,1715,1021,700,700,4,93.91
4249,1716,1033,1027,1027,3,218.65
4250,1716,1005,744,744,19,8.56
4251,1716,1022,1114,1114,20,124.99
4252,1717,1010,68,68,0,25.25
4253,1718,1031,658,658,2,133.71
4254,1719,1027,797,797,23,141.75
4255,1719,1012,917,917,8,36.12
4256,1719,1037,527,527,24,197.53
4257,1719,1017,782,782,13,71.06
4258,1720,1016,522,522,12,25.72
4259,1721,1019,286,286,11,134.68
4260,1721,1027,505,505,21,144.89
4261,1721,1003,729,729,14,8.75
4262,1722,1027,952,952,7,159.21
4263,1722,1008,220,220,5,6.67
4264,1722,1020,458,458,22,101.83
4265,1722,1005,652,652,0,8.32
4266,1723,1011,766,766,28,40.54
4267,1723,1026,108,108,2,169.28
4268,1724,1024,149,149,6,75.17
4269,1724,1029,387,387,9,109.18
4270,1725,1015,1092,1092,22,38.94
4271,1725,1034,1083,1083,4,266.46
4272,1726,1037,898,898,34,180.99
4273,1726,1003,589,589,3,6.92
4274,1727,1035,99,99,1,175.86
4275,1727,1009,559,559,26,47.31
4276,1727,1007,991,991,21,5.93
4277,1728,1003,784,784,23,7.87
4278,1728,1005,328,328,6,8.86
4279,1728,1002,932,932,20,7.55
4280,1729,1032,254,254,7,134.85
4281,1729,1028,818,818,35,97.56
4282,1729,1027,646,646,19,166.76
4283,1730,1022,799,799,36,120.57
4284,1730,1024,908,908,14,60.22
4285,1731,1004,52,52,0,4.05
4286,1731,1028,101,101,0,79.47
4287,1731,1040,319,319,10,286.32
4288,1731,1027,320,320,5,136.16
4289,1732,1009,872,0,0,47.41
4290,1732,1014,528,0,0,44.31
4291,1732,1038,916,0,0,131.87
4292,1732,1028,635,0,0,94.17
4293,1733,1005,113,113,3,8.89
4294,1733,1007,418,418,13,5.35
4295,1733,1025,429,429,19,162.61
4296,1733,1008,460,460,15,7.24
4297,1734,1013,580,580,19,34.95
4298,1734,1032,704,704,8,157.48
4299,1734,1009,974,974,20,39.13
4300,1735,1034,83,83,3,243.04
4301,1735,1019,237,237,10,116.52
4302,1735,1012,184,184,0,34.86
4303,1735,1035,151,151,3,177.76
4304,1736,1011,162,0,0,39.83
4305,1736,1001,291,0,0,7.05
4306,1736,1017,125,0,0,75.48
4307,1737,1025,426,426,15,158.74
4308,1737,1032,293,293,7,158.0
4309,1737,1006,218,218,2,4.52
4310,1737,1013,682,682,12,35.99
4311,1738,1030,715,715,7,109.71
4312,1738,1031,1066,1066,31,141.45
4313,1738,1024,1255,1255,43,75.69
4314,1738,1007,1103,1103,12,5.8
4315,1739,1028,648,648,11,86.28
4316,1739,1040,160,160,1,261.39
4317,1740,1012,579,579,18,31.67
4318,1741,1030,369,369,10,106.01
4319,1742,1039,204,204,0,224.07
4320,1742,1028,378,378,2,85.67
4321,1742,1025,1365,1365,47,143.75
4322,1742,1029,1003,1003,25,91.34
4323,1743,1026,980,980,26,175.37
4324,1743,1009,271,271,2,43.0
4325,1743,1033,57,57,2,206.05
4326,1743,1024,394,394,19,67.76
4327,1744,1014,575,575,2,48.34
4328,1745,1012,344,344,12,31.55
4329,1745,1018,873,873,2,76.56
4330,1745,1037,971,971,14,190.36
4331,1745,1030,520,520,18,109.31
4332,1746,1022,649,649,9,99.97
4333,1746,1031,784,784,37,133.86
4334,1746,1032,522,522,20,151.35
4335,1746,1008,821,821,30,7.37
4336,1747,1021,778,778,32,98.76
4337,1747,1040,474,474,9,266.3
4338,1748,1040,551,551,15,282.46
4339,1748,1034,369,369,17,215.91
4340,1748,1036,1174,1174,13,289.03
4341,1749,1023,1353,1353,6,113.69
4342,1749,1027,1184,1184,18,142.44
4343,1750,1040,1356,1356,4,247.83
4344,1751,1038,376,376,16,159.43
4345,1751,1035,429,429,3,156.26
4346,1751,1013,960,960,11,38.55
4347,1752,1010,225,225,0,26.14
4348,1753,1005,222,222,8,8.56
4349,1754,1017,1229,1229,1,68.32
4350,1754,1028,534,534,1,87.82
4351,1754,1026,1153,1153,10,184.73
4352,1755,1006,450,450,5,3.96
4353,1756,1001,516,516,13,6.82
4354,1756,1008,258,258,8,7.1
4355,1756,1029,751,751,22,97.17
4356,1757,1006,390,390,13,3.85
4357,1757,1019,205,205,10,117.24
4358,1757,1031,433,433,5,120.67
4359,1758,1040,420,420,2,268.34
4360,1758,1014,553,553,10,48.19
4361,1759,1008,105,105,4,6.65
4362,1759,1025,204,204,9,144.54
4363,1759,1033,536,536,26,247.59
4364,1759,1003,481,481,8,8.46
4365,1760,1036,245,245,6,314.64
4366,1760,1020,789,789,24,104.18
4367,1761,1020,357,357,10,102.44
4368,1762,1006,783,783,0,4.7
4369,1762,1033,382,382,11,241.1
4370,1762,1001,627,627,11,7.43
4371,1763,1033,163,163,6,215.53
4372,1763,1036,179,179,8,279.45
4373,1763,1024,914,914,13,71.29
4374,1764,1040,1059,1059,10,286.63
4375,1765,1014,921,921,14,44.11
4376,1765,1002,225,225,8,7.22
4377,1766,1017,984,984,5,62.87
4378,1766,1004,278,278,8,3.98
4379,1767,1010,400,400,10,23.99
4380,1767,1009,594,594,10,46.41
4381,1767,1020,177,177,8,108.3
4382,1768,1030,933,933,42,89.4
4383,1768,1002,931,931,3,6.78
4384,1768,1004,115,115,3,3.67
4385,1769,1007,840,840,4,4.95
4386,1769,1030,72,72,3,94.47
4387,1769,1014,254,254,10,44.9
4388,1770,1040,532,532,2,249.34
4389,1770,1027,634,634,6,157.49
4390,1770,1009,1387,1387,31,40.23
4391,1770,1006,565,565,17,4.61
4392,1771,1008,236,236,3,6.98
4393,1771,1019,525,525,20,115.94
4394,1771,1040,208,208,0,292.71
4395,1771,1007,921,921,17,5.52
4396,1772,1028,389,389,12,90.22
4397,1772,1030,534,534,14,100.16
4398,1772,1029,872,872,26,90.84
4399,1772,1009,865,865,39,41.47
4400,1773,1016,583,583,24,23.35
4401,1773,1022,235,235,0,111.4
4402,1773,1026,515,515,8,157.46
4403,1773,1026,545,545,17,187.21
4404,1774,1022,828,828,21,107.06
4405,1774,1004,1171,1171,22,3.7
4406,1774,1039,170,170,6,236.04
4407,1774,1037,688,688,9,161.66
4408,1775,1036,319,319,8,306.42
4409,1775,1002,857,857,10,7.86
4410,1776,1001,325,325,7,7.47
4411,1776,1022,400,400,15,109.21
4412,1776,1004,59,59,0,3.94
4413,1777,1020,60,60,2,105.69
4414,1777,1034,124,124,0,247.47
4415,1778,1004,803,803,28,3.52
4416,1779,1034,764,764,36,243.51
4417,1779,1013,431,431,10,41.4
4418,1779,1026,563,563,11,183.7
4419,1780,1038,347,0,0,142.43
4420,1780,1013,696,0,0,40.83
4421,1780,1011,135,0,0,39.23
4422,1781,1007,651,651,1,5.9
4423,1782,1022,765,765,11,121.92
4424,1783,1033,722,722,26,226.0
4425,1784,1012,357,357,12,36.04
4426,1784,1040,211,211,1,293.15
4427,1784,1040,369,369,15,302.93
4428,1785,1012,548,548,20,32.96
4429,1786,1037,904,904,12,193.38
4430,1786,1013,947,947,36,38.01
4431,1786,1019,718,718,14,134.02
4432,1786,1012,85,85,2,35.82
4433,1787,1017,263,263,10,64.76
4434,1788,1016,886,886,4,22.99
4435,1788,1039,124,124,2,225.97
4436,1789,1035,96,96,1,147.11
4437,1790,1012,209,209,6,34.49
4438,1791,1001,658,658,19,7.48
4439,1791,1011,941,941,19,47.22
4440,1791,1006,212,212,3,3.78
4441,1791,1002,575,575,16,7.15
4442,1792,1006,607,607,12,4.12
4443,1792,1026,496,496,5,159.41
4444,1792,1039,461,461,18,221.19
4445,1793,1039,974,974,38,254.79
4446,1793,1004,1118,1118,32,4.35
4447,1793,1037,547,547,1,188.69
4448,1794,1027,366,366,16,136.35
4449,1795,1031,269,269,11,130.56
4450,1796,1014,598,598,2,45.57
4451,1797,1004,856,856,25,3.93
4452,1797,1017,876,876,41,72.09
4453,1798,1022,125,0,0,103.89
4454,1798,1012,645,0,0,37.23
4455,1798,1010,869,0,0,29.94
4456,1799,1030,694,694,2,103.29
4457,1800,1007,360,360,12,5.26
4458,1800,1024,532,532,21,64.39
4459,1800,1007,512,512,17,5.13
4460,1801,1008,474,474,2,6.56
4461,1801,1004,305,305,8,3.63
4462,1801,1039,434,434,17,236.55
4463,1802,1038,861,861,38,146.11
4464,1802,1011,775,775,6,39.55
4465,1802,1017,278,278,13,74.26
4466,1803,1018,1006,1006,11,79.47
4467,1803,1009,267,267,11,40.32
4468,1803,1037,950,950,42,198.26
4469,1804,1035,124,124,0,171.25
4470,1805,1004,280,280,12,3.8
4471,1805,1015,354,354,1,38.46
4472,1805,1003,227,227,3,8.53
4473,1805,1018,230,230,0,71.85
4474,1806,1040,414,414,4,281.58
4475,1806,1018,799,799,29,75.77
4476,1807,1016,889,889,30,28.51
4477,1808,1003,838,838,17,7.18
4478,1808,1008,858,858,11,5.88
4479,1809,1040,718,0,0,265.94
4480,1809,1036,102,0,0,271.99
4481,1809,1031,436,0,0,111.83
4482,1810,1021,924,924,29,102.0
4483,1810,1007,361,361,17,4.89
4484,1810,1008,314,314,5,7.38
4485,1811,1016,1335,1335,28,26.42
4486,1812,1019,598,598,22,136.44
4487,1812,1015,320,320,1,40.54
4488,1812,1013,908,908,41,38.98
4489,1812,1033,206,206,6,240.15
4490,1813,1006,547,547,5,4.35
4491,1814,1037,496,496,19,193.11
4492,1814,1029,529,529,13,90.86
4493,1815,1022,803,803,27,111.14
4494,1816,1002,472,472,20,7.79
4495,1816,1026,276,276,1,164.17
4496,1817,1018,1114,1114,27,80.75
4497,1817,1033,1362,1362,16,240.36
4498,1817,1007,1346,1346,47,4.83
4499,1818,1014,295,295,10,40.82
4500,1818,1002,182,182,1,6.93
4501,1818,1026,442,442,15,174.45
4502,1818,1028,55,55,0,89.43
4503,1819,1034,136,136,4,232.65
4504,1820,1023,600,600,4,110.15
4505,1820,1027,468,468,1,153.4
4506,1820,1032,794,794,31,129.67
4507,1821,1009,899,899,26,46.78
4508,1821,1009,990,990,12,42.28
4509,1822,1032,1187,1187,10,144.07
4510,1822,1030,359,359,1,94.3
4511,1823,1002,267,267,9,6.27
4512,1823,1025,396,396,8,166.14
4513,1823,1029,803,803,36,90.81
4514,1823,1024,128,128,1,63.01
4515,1824,1012,245,245,7,35.4
4516,1824,1008,879,879,33,7.12
4517,1824,1037,332,332,1,195.82
4518,1825,1014,163,0,0,43.12
4519,1825,1040,431,0,0,272.44
4520,1825,1035,594,0,0,173.83
4521,1825,1007,958,0,0,4.93
4522,1826,1038,388,388,0,152.37
4523,1826,1033,928,928,36,219.69
4524,1826,1016,203,203,6,25.14
4525,1826,1035,60,60,0,147.47
4526,1827,1002,940,940,25,7.15
4527,1828,1034,259,259,7,221.34
4528,1828,1029,153,153,1,106.91
4529,1829,1003,476,476,0,8.47
4530,1829,1019,72,72,1,114.97
4531,1829,1036,824,824,20,270.45
4532,1830,1005,819,819,16,8.83
4533,1830,1007,66,66,1,5.5
4534,1830,1008,500,500,15,5.88
4535,1830,1020,622,622,29,104.43
4536,1831,1010,848,848,0,28.25
4537,1831,1026,1261,1261,42,176.44
4538,1831,1012,193,193,6,31.94
4539,1831,1026,1080,1080,33,164.34
4540,1832,1033,687,687,22,224.59
4541,1833,1023,62,62,2,109.56
4542,1833,1036,423,423,15,320.33
4543,1834,1032,146,146,4,152.57
4544,1834,1022,860,860,13,119.45
4545,1835,1018,597,597,8,76.32
4546,1835,1020,849,849,17,101.18
4547,1836,1026,626,626,10,165.96
4548,1836,1018,598,598,9,78.59
4549,1836,1022,67,67,1,127.03
4550,1837,1004,464,464,20,3.9
4551,1837,1001,585,585,27,7.91
4552,1837,1001,311,311,15,6.56
4553,1837,1026,201,201,4,182.59
4554,1838,1017,230,230,2,75.06
4555,1838,1012,744,744,12,35.39
4556,1839,1023,798,798,2,110.83
4557,1839,1026,212,212,5,171.43
4558,1839,1025,312,312,7,133.21
4559,1840,1007,127,127,0,4.81
4560,1841,1014,244,244,1,43.62
4561,1842,1032,387,387,5,149.04
4562,1842,1005,693,693,10,7.7
4563,1843,1011,155,155,1,40.82
4564,1843,1011,844,844,11,45.2
4565,1843,1004,769,769,32,4.12
4566,1843,1029,440,440,11,92.12
4567,1844,1021,832,832,29,100.88
4568,1844,1003,713,713,9,8.41
4569,1844,1013,985,985,43,38.75
4570,1844,1039,704,704,30,228.8
4571,1845,1032,656,656,32,156.91
4572,1845,1023,803,803,31,95.5
4573,1845,1035,687,687,17,162.18
4574,1846,1006,434,434,18,4.28
4575,1846,1003,310,310,13,7.88
4576,1847,1034,559,559,6,250.75
4577,1847,1036,542,542,3,315.31
4578,1847,1031,298,298,8,129.15
4579,1848,1025,696,696,34,160.86
4580,1848,1035,776,776,21,178.09
4581,1849,1026,943,943,22,157.47
4582,1849,1008,996,996,36,6.47
4583,1849,1033,627,627,23,225.47
4584,1850,1015,214,214,8,37.96
4585,1850,1029,52,52,2,104.33
4586,1850,1003,133,133,6,7.86
4587,1851,1009,712,712,34,42.7
4588,1851,1013,687,687,1,35.62
4589,1851,1027,270,270,8,142.3
4590,1851,1037,507,507,1,173.35
4591,1852,1027,775,775,22,163.46
4592,1853,1021,1331,1331,41,95.75
4593,1854,1009,866,866,5,39.36
4594,1855,1002,293,293,8,6.91
4595,1856,1003,663,663,7,7.89
4596,1857,1013,201,201,9,41.09
4597,1857,1019,1212,1212,35,113.64
4598,1858,1025,371,371,3,132.38
4599,1858,1018,1152,1152,23,80.46
4600,1858,1039,99,99,2,234.49
4601,1858,1008,550,550,20,6.33
4602,1859,1007,704,704,9,4.83
4603,1859,1040,359,359,15,286.22
4604,1860,1029,299,299,8,95.72
4605,1860,1008,328,328,11,7.34
4606,1860,1018,888,888,38,87.84
4607,1861,1014,275,275,9,40.6
4608,1861,1002,646,646,26,7.59
4609,1862,1031,884,884,26,121.27
4610,1862,1026,201,201,2,170.27
4611,1863,1021,103,0,0,79.95
4612,1863,1039,1283,0,0,220.55
4613,1864,1018,363,363,14,72.95
4614,1864,1011,437,437,17,47.76
4615,1864,1023,178,178,6,109.25
4616,1865,1017,665,665,14,74.11
4617,1865,1027,226,226,9,160.71
4618,1865,1033,101,101,1,198.54
4619,1866,1020,532,0,0,97.99
4620,1867,1029,964,964,29,91.7
4621,1867,1016,257,257,11,24.52
4622,1867,1030,138,138,6,107.08
4623,1868,1017,128,0,0,68.21
4624,1868,1022,419,0,0,112.93
4625,1868,1008,63,0,0,7.4
4626,1869,1018,1202,1202,25,84.26
4627,1869,1037,291,291,13,186.75
4628,1869,1020,123,123,2,105.03
4629,1869,1010,180,180,2,24.62
4630,1870,1039,430,430,9,213.17
4631,1871,1039,301,301,8,239.52
4632,1871,1031,779,779,33,137.2
4633,1872,1016,100,100,2,26.26
4634,1872,1005,258,258,8,8.02
4635,1873,1040,872,872,35,308.09
4636,1873,1040,577,577,14,252.32
4637,1874,1002,1366,1366,23,7.81
4638,1874,1019,774,774,1,139.68
4639,1874,1012,856,856,32,35.76
4640,1875,1026,908,908,15,174.47
4641,1876,1010,291,291,13,30.31
4642,1877,1025,590,590,26,146.02
4643,1877,1010,549,549,19,25.75
4644,1877,1032,932,932,4,154.13
4645,1878,1015,451,451,21,41.6
4646,1879,1021,463,463,1,85.04
4647,1879,1031,336,336,11,127.19
4648,1879,1037,867,867,10,178.63
4649,1880,1033,601,0,0,244.0
4650,1881,1032,546,546,12,153.71
4651,1881,1024,581,581,8,75.79
4652,1882,1009,159,159,6,49.08
4653,1882,1029,96,96,2,109.65
4654,1882,1028,71,71,3,89.03
4655,1883,1016,79,79,1,25.64
4656,1883,1023,219,219,9,98.64
4657,1883,1024,474,474,0,62.34
4658,1884,1031,967,967,1,126.67
4659,1884,1030,821,821,31,90.6
4660,1884,1022,814,814,28,116.76
4661,1885,1012,128,128,6,37.56
4662,1885,1011,738,738,28,40.92
4663,1886,1019,241,241,6,118.0
4664,1886,1024,749,749,32,69.66
4665,1886,1008,564,564,16,5.99
4666,1887,1022,210,210,2,106.0
4667,1887,1003,483,483,21,8.45
4668,1887,1028,63,63,0,78.93
4669,1888,1012,339,339,16,31.8
4670,1889,1034,777,777,33,244.74
4671,1889,1039,986,986,5,250.88
4672,1889,1023,873,873,27,94.05
4673,1889,1025,782,782,8,146.94
4674,1890,1034,619,619,4,224.12
4675,1890,1016,904,904,20,23.2
4676,1891,1031,346,346,14,125.82
4677,1891,1018,354,354,10,79.32
4678,1891,1038,171,171,3,163.31
4679,1891,1028,220,220,6,79.16
4680,1892,1019,355,0,0,118.69
4681,1892,1019,1265,0,0,138.41
4682,1892,1027,271,0,0,149.03
4683,1893,1026,218,218,2,181.62
4684,1893,1031,439,439,13,133.84
4685,1894,1035,721,721,33,154.3
4686,1895,1006,397,0,0,4.57
4687,1895,1003,289,0,0,8.47
4688,1895,1039,882,0,0,257.9
4689,1896,1016,474,474,5,23.94
4690,1896,1030,385,385,12,107.0
4691,1897,1033,442,442,6,227.83
4692,1898,1010,674,674,11,24.51
4693,1898,1017,194,194,4,75.85
4694,1898,1007,943,943,21,4.92
4695,1899,1025,1041,1041,2,136.78
4696,1899,1025,1339,1339,60,140.12
4697,1899,1014,482,482,17,41.48
4698,1900,1039,520,520,23,240.93
4699,1900,1035,203,203,2,157.52
4700,1900,1002,955,955,22,6.97
4701,1901,1003,133,133,3,8.38
4702,1901,1003,718,718,10,8.19
4703,1902,1027,804,804,25,133.49
4704,1903,1032,854,854,35,138.03
4705,1903,1012,363,363,0,35.49
4706,1903,1028,300,300,1,83.27
4707,1904,1040,337,337,7,300.49
4708,1904,1006,475,475,9,4.02
4709,1905,1026,43,43,1,177.67
4710,1905,1025,42,42,0,167.19
4711,1905,1034,154,154,4,244.8
4712,1905,1004,577,577,27,3.73
4713,1906,1029,164,164,1,91.62
4714,1906,1003,108,108,3,7.62
4715,1906,1016,654,654,9,27.77
4716,1907,1027,1338,1338,42,135.58
4717,1907,1008,620,620,7,7.0
4718,1907,1008,537,537,20,6.78
4719,1908,1007,454,454,7,5.66
4720,1908,1022,403,403,0,104.31
4721,1908,1026,393,393,10,178.15
4722,1908,1037,118,118,0,164.9
4723,1909,1010,425,425,14,25.71
4724,1909,1026,854,854,11,155.07
4725,1910,1028,604,604,4,91.86
4726,1910,1023,505,505,23,94.52
4727,1911,1032,620,620,7,144.58
4728,1911,1024,446,446,13,71.11
4729,1912,1008,693,693,4,6.64
4730,1912,1034,731,731,35,246.86
4731,1912,1019,417,417,1,134.68
4732,1913,1005,567,567,26,7.42
4733,1913,1021,398,398,16,86.34
4734,1913,1037,64,64,1,200.73
4735,1913,1026,216,216,4,188.24
4736,1914,1034,338,338,13,254.35
4737,1914,1028,866,866,20,88.55
4738,1914,1024,936,936,15,64.23
4739,1914,1016,777,777,37,26.34
4740,1915,1010,914,914,32,28.5
4741,1916,1012,647,647,6,36.4
4742,1916,1021,224,224,8,99.97
4743,1916,1033,911,911,2,224.19
4744,1916,1034,310,310,13,266.73
4745,1917,1019,165,165,4,124.93
4746,1917,1040,925,925,26,299.23
4747,1918,1018,464,464,3,82.44
4748,1919,1018,513,513,8,71.83
4749,1920,1028,267,267,10,95.61
4750,1920,1009,567,567,13,46.85
4751,1920,1001,445,445,14,7.2
4752,1921,1027,255,255,12,138.79
4753,1921,1036,465,465,23,305.44
4754,1922,1031,95,0,0,125.03
4755,1923,1020,126,126,5,97.99
4756,1923,1035,84,84,3,144.19
4757,1923,1001,63,63,2,7.32
4758,1923,1026,878,878,1,177.86
4759,1924,1017,890,890,23,62.4
4760,1924,1025,1393,1393,9,158.5
4761,1924,1002,1380,1380,30,6.41
4762,1925,1014,982,982,5,43.35
4763,1925,1039,226,226,7,246.9
4764,1926,1039,835,835,23,236.03
4765,1926,1012,143,143,5,38.38
4766,1926,1014,993,993,3,41.97
4767,1926,1025,115,115,4,157.54
4768,1927,1002,263,0,0,7.36
4769,1927,1031,754,0,0,111.78
4770,1927,1034,684,0,0,250.24
4771,1927,1027,844,0,0,164.02
4772,1928,1036,731,731,25,284.05
4773,1928,1031,392,392,13,122.08
4774,1928,1003,975,975,25,8.22
4775,1928,1009,218,218,5,46.1
4776,1929,1012,592,592,15,30.78
4777,1929,1013,463,463,15,34.33
4778,1929,1024,592,592,24,68.53
4779,1929,1027,867,867,36,155.62
4780,1930,1001,74,0,0,7.33
4781,1930,1039,282,0,0,232.02
4782,1930,1037,505,0,0,183.53
4783,1931,1008,867,867,15,6.68
4784,1931,1036,262,262,2,294.21
4785,1931,1035,70,70,1,169.35
4786,1932,1027,376,376,16,143.17
4787,1932,1010,66,66,1,24.81
4788,1932,1019,993,993,13,118.27
4789,1932,1023,708,708,17,111.79
4790,1933,1031,1232,1232,8,121.97
4791,1933,1011,547,547,24,38.95
4792,1933,1023,891,891,4,101.81
4793,1934,1006,1324,1324,19,4.45
4794,1934,1033,904,904,37,200.68
4795,1934,1037,446,446,0,197.23
4796,1934,1002,1192,1192,58,7.39
4797,1935,1035,881,881,19,165.77
4798,1935,1003,69,69,1,8.2
4799,1935,1015,724,724,1,37.18
4800,1935,1009,477,477,23,42.88
4801,1936,1023,786,0,0,93.59
4802,1937,1017,696,696,8,77.5
4803,1938,1002,806,806,30,7.53
4804,1938,1021,368,368,8,80.3
4805,1938,1002,50,50,0,7.7
4806,1938,1016,216,216,3,23.71
4807,1939,1005,732,0,0,8.43
4808,1940,1004,981,981,0,4.27
4809,1940,1015,1271,1271,22,38.93
4810,1940,1034,558,558,19,231.99
4811,1941,1028,996,996,16,98.43
4812,1942,1009,276,276,7,39.57
4813,1943,1010,221,221,8,25.24
4814,1943,1037,293,293,0,160.21
4815,1944,1005,841,841,34,7.22
4816,1944,1012,589,589,21,35.7
4817,1945,1020,276,276,11,119.61
4818,1946,1017,1080,1080,17,75.51
4819,1947,1027,453,453,17,132.46
4820,1948,1002,974,974,46,7.38
4821,1948,1023,182,182,4,115.97
4822,1948,1001,624,624,20,7.68
4823,1949,1037,614,614,27,162.94
4824,1949,1023,887,887,36,95.34
4825,1949,1003,862,862,29,7.83
4826,1950,1019,844,844,22,134.83
4827,1951,1010,511,511,3,29.78
4828,1952,1034,582,582,16,224.3
4829,1953,1029,700,700,26,95.77
4830,1953,1011,921,921,45,45.46
4831,1953,1001,296,296,13,6.35
4832,1953,1013,834,834,32,35.98
4833,1954,1018,513,513,7,77.84
4834,1954,1002,804,804,4,7.68
4835,1954,1031,687,687,21,119.29
4836,1954,1031,663,663,20,125.75
4837,1955,1019,729,729,3,132.48
4838,1955,1010,206,206,7,24.11
4839,1955,1018,134,134,3,71.16
4840,1955,1001,240,240,5,7.12
4841,1956,1033,416,416,15,220.77
4842,1956,1034,165,165,1,264.49
4843,1957,1028,909,909,42,79.34
4844,1958,1020,763,763,27,96.91
4845,1958,1031,289,289,11,115.57
4846,1959,1021,844,844,2,91.84
4847,1960,1030,854,854,34,105.06
4848,1961,1010,245,245,0,24.2
4849,1961,1031,72,72,1,140.42
4850,1961,1019,172,172,8,117.23
4851,1962,1024,475,475,14,63.25
4852,1962,1030,728,728,8,107.87
4853,1962,1017,622,622,1,65.35
4854,1963,1010,447,447,19,27.68
4855,1963,1012,83,83,0,32.63
4856,1963,1026,547,547,23,184.55
4857,1963,1006,786,786,35,4.63
4858,1964,1015,1269,1269,14,39.0
4859,1964,1014,190,190,2,40.84
4860,1964,1018,208,208,5,72.95
4861,1965,1038,802,802,35,137.0
4862,1965,1010,318,318,14,27.77
4863,1965,1020,866,866,42,103.48
4864,1965,1029,188,188,7,97.91
4865,1966,1007,136,136,1,5.91
4866,1966,1033,160,160,6,197.55
4867,1966,1029,317,317,5,107.84
4868,1966,1016,907,907,12,28.23
4869,1967,1023,434,434,14,95.78
4870,1967,1022,198,198,4,118.22
4871,1968,1007,573,573,13,5.45
4872,1969,1024,755,755,36,60.28
4873,1970,1021,1163,1163,8,93.76
4874,1971,1019,581,581,15,120.45
4875,1971,1011,166,166,5,38.26
4876,1971,1009,104,104,1,49.07
4877,1971,1007,276,276,8,5.57
4878,1972,1004,922,922,43,3.65
4879,1972,1032,679,679,23,154.52
4880,1973,1033,857,857,33,209.52
4881,1973,1014,532,532,21,46.79
4882,1974,1015,1034,1034,45,41.08
4883,1974,1002,464,464,20,6.9
4884,1974,1036,183,183,7,315.81
4885,1974,1016,740,740,13,23.1
4886,1975,1024,782,782,16,62.48
4887,1975,1007,244,244,2,5.75
4888,1975,1039,297,297,12,235.41
4889,1975,1007,394,394,1,5.12
4890,1976,1032,1104,1104,47,152.78
4891,1977,1018,1033,1033,37,74.29
4892,1977,1015,1007,1007,48,35.49
4893,1977,1013,799,799,38,35.28
4894,1978,1001,68,68,1,7.46
4895,1978,1010,671,671,13,25.9
4896,1978,1034,762,762,14,256.92
4897,1978,1012,128,128,6,38.57
4898,1979,1039,359,359,6,262.48
4899,1979,1033,602,602,7,242.06
4900,1979,1019,844,844,31,119.46
4901,1980,1003,81,81,3,8.33
4902,1980,1005,1370,1370,10,8.04
4903,1980,1035,562,562,9,148.87
4904,1980,1032,1187,1187,0,147.4
4905,1981,1038,844,844,40,152.66
4906,1981,1010,1346,1346,62,24.83
4907,1981,1010,847,847,8,26.92
4908,1981,1007,681,681,26,5.75
4909,1982,1040,297,0,0,272.27
4910,1982,1019,331,0,0,122.84
4911,1983,1029,910,910,1,87.46
4912,1983,1038,540,540,10,159.79
4913,1984,1019,205,205,7,143.96
4914,1985,1027,817,817,6,154.44
4915,1986,1029,91,91,3,99.07
4916,1986,1029,1384,1384,68,106.02
4917,1986,1007,1103,1103,32,5.4
4918,1987,1014,123,0,0,44.91
4919,1987,1018,784,0,0,76.91
4920,1987,1024,798,0,0,60.22
4921,1987,1032,831,0,0,149.48
4922,1988,1003,301,301,2,7.11
4923,1988,1013,327,327,2,33.89
4924,1988,1015,427,427,12,35.41
4925,1989,1008,373,373,8,6.8
4926,1989,1023,993,993,45,104.93
4927,1990,1032,913,913,41,143.04
4928,1990,1018,50,50,1,78.68
4929,1990,1024,986,986,3,75.46
4930,1991,1024,314,314,5,63.6
4931,1992,1036,805,805,24,304.97
4932,1992,1003,381,381,13,7.93
4933,1992,1029,604,604,2,109.46
4934,1992,1030,75,75,2,108.75
4935,1993,1020,682,682,23,101.57
4936,1993,1011,323,323,1,39.51
4937,1993,1005,820,820,34,9.05
4938,1994,1001,110,110,4,7.61
4939,1994,1017,519,519,0,64.27
4940,1995,1021,534,0,0,90.78
4941,1995,1033,979,0,0,214.15
4942,1995,1014,790,0,0,40.68
4943,1995,1029,936,0,0,94.03
4944,1996,1024,925,925,39,76.22
4945,1997,1016,390,390,19,23.03
4946,1997,1007,91,91,2,5.52
4947,1998,1011,1225,1225,45,43.3
4948,1998,1017,855,855,33,62.03
4949,1998,1022,1212,1212,58,108.49
4950,1999,1020,204,204,3,120.06
4951,1999,1021,347,347,9,88.71
4952,1999,1038,682,682,14,161.57
4953,1999,1035,635,635,29,179.46
4954,2000,1026,847,847,27,156.52
4955,2001,1009,39,39,1,47.56
4956,2001,1027,300,300,1,146.02
4957,2001,1010,588,588,29,23.84
4958,2002,1024,75,75,2,70.55
4959,2002,1015,138,138,2,44.56
4960,2003,1026,1173,1173,48,162.97
4961,2003,1004,558,558,19,3.83
4962,2004,1007,990,990,8,4.84
4963,2004,1021,908,908,45,83.49
4964,2004,1020,185,185,1,115.55
4965,2005,1012,386,0,0,35.46
4966,2005,1010,894,0,0,25.88
4967,2005,1033,978,0,0,226.66
4968,2006,1038,1262,1262,15,160.57
4969,2006,1030,1339,1339,65,106.0
4970,2007,1014,124,124,1,48.46
4971,2007,1022,562,562,21,124.16
4972,2008,1012,1113,1113,37,35.19
4973,2008,1006,212,212,4,4.42
4974,2008,1020,1388,1388,35,103.87
4975,2009,1030,212,212,9,104.19
4976,2009,1017,823,823,3,66.86
4977,2009,1040,1033,1033,8,280.08
4978,2009,1038,1016,1016,16,130.57
4979,2010,1025,720,720,22,167.52
4980,2010,1007,989,989,2,4.88
4981,2010,1005,336,336,15,7.43
4982,2010,1035,693,693,10,164.39
4983,2011,1014,965,965,24,41.0
4984,2011,1011,883,883,31,44.2
4985,2011,1008,510,510,7,7.14
4986,2011,1018,511,511,20,77.01
4987,2012,1034,783,783,3,251.97
4988,2012,1024,519,519,20,68.89
4989,2013,1030,935,935,30,95.78
4990,2013,1039,376,376,12,246.55
4991,2013,1002,1117,1117,8,6.73
4992,2013,1017,875,875,16,74.78
4993,2014,1009,1159,1159,11,40.65
4994,2014,1015,121,121,0,38.09
4995,2014,1013,611,611,3,33.5
4996,2015,1028,63,63,0,99.2
4997,2015,1014,632,632,6,45.09
4998,2015,1031,369,369,4,129.01
4999,2016,1037,980,980,23,171.21
5000,2016,1033,254,254,10,198.08
5001,2016,1014,128,128,2,44.93
5002,2016,1030,679,679,10,94.8
5003,2017,1036,982,982,24,305.44
5004,2017,1024,863,863,21,70.04
5005,2017,1013,873,873,0,37.3
5006,2018,1010,436,436,17,29.47
5007,2019,1004,735,735,17,4.16
5008,2019,1039,826,826,14,256.61
5009,2019,1009,423,423,0,41.16
5010,2019,1018,629,629,18,70.04
5011,2020,1011,1275,1275,28,43.71
5012,2020,1038,1194,1194,7,156.52
5013,2021,1010,691,691,22,24.87
5014,2021,1017,1314,1314,38,65.27
5015,2021,1027,1367,1367,55,152.55
5016,2022,1029,1138,1138,43,88.67
5017,2022,1034,757,757,2,267.45
5018,2022,1034,424,424,20,213.69
5019,2022,1006,1288,1288,17,4.72
5020,2023,1027,264,264,3,150.28
5021,2023,1030,542,542,3,103.56
5022,2024,1007,192,192,9,5.19
5023,2024,1015,67,67,1,38.63
5024,2024,1009,373,373,14,40.16
5025,2025,1008,175,175,7,6.68
5026,2025,1005,1059,1059,19,8.35
5027,2026,1013,460,460,20,33.8
5028,2027,1005,472,472,19,7.6
5029,2027,1004,791,791,14,4.11
5030,2028,1019,221,221,10,130.08
5031,2028,1027,324,324,12,153.01
5032,2028,1025,359,359,15,141.66
5033,2028,1029,928,928,41,93.34
5034,2029,1018,431,431,21,72.49
5035,2029,1006,685,685,24,4.32
5036,2029,1032,89,89,3,145.03
5037,2029,1029,440,440,17,103.96
5038,2030,1037,904,904,4,184.37
5039,2030,1040,667,667,25,259.18
5040,2030,1010,711,711,19,26.49
5041,2030,1014,463,463,20,41.5
5042,2031,1015,708,708,6,40.15
5043,2031,1007,195,195,2,5.7
5044,2031,1006,363,363,1,4.15
5045,2031,1017,635,635,27,65.54
5046,2032,1005,718,718,20,7.8
5047,2033,1001,320,320,10,7.84
5048,2033,1034,585,585,24,257.87
5049,2033,1019,154,154,0,117.22
5050,2033,1032,984,984,5,152.14
5051,2034,1021,386,386,12,87.63
5052,2034,1003,877,877,23,7.4
5053,2035,1029,79,79,2,99.85
5054,2035,1002,559,559,2,7.89
5055,2036,1006,999,999,9,3.95
5056,2036,1017,446,446,15,61.36
5057,2036,1034,751,751,16,238.63
5058,2036,1011,967,967,14,38.77
5059,2037,1005,234,234,5,7.69
5060,2037,1024,256,256,3,72.55
5061,2038,1022,955,955,40,120.33
5062,2038,1009,943,943,24,43.78
5063,2039,1024,515,515,19,68.45
5064,2039,1036,626,626,4,327.37
5065,2039,1004,623,623,30,3.83
5066,2039,1022,157,157,7,124.84
5067,2040,1026,789,789,24,152.08
5068,2040,1027,388,388,9,166.73
5069,2040,1024,276,276,3,68.54
5070,2040,1035,865,865,7,151.63
5071,2041,1029,484,484,10,88.29
5072,2041,1031,579,579,4,124.83
5073,2041,1013,935,935,39,39.27
5074,2041,1002,382,382,10,6.99
5075,2042,1007,927,927,6,5.7
5076,2042,1003,579,579,23,8.02
5077,2042,1009,67,67,0,47.54
5078,2043,1011,596,596,13,45.85
5079,2043,1039,860,860,39,247.85
5080,2043,1012,427,427,9,32.29
5081,2044,1038,592,592,3,128.31
5082,2045,1016,560,560,6,27.41
5083,2045,1004,521,521,1,4.07
5084,2045,1012,715,715,7,32.49
5085,2046,1023,434,434,16,103.04
5086,2046,1025,802,802,2,142.35
5087,2046,1024,482,482,23,73.35
5088,2047,1012,931,931,5,32.23
5089,2047,1024,356,356,5,66.56
5090,2047,1001,547,547,14,6.93
5091,2048,1035,159,159,4,148.9
5092,2049,1023,1191,1191,15,112.85
5093,2049,1019,725,725,8,128.64
5094,2049,1006,812,812,16,4.35
5095,2050,1024,930,0,0,68.15
5096,2051,1012,518,518,11,37.08
5097,2051,1034,705,705,33,226.55
5098,2051,1002,346,346,5,7.88
5099,2051,1023,893,893,14,102.67
5100,2052,1009,554,554,22,45.26
5101,2052,1019,240,240,11,116.38
5102,2053,1012,428,428,11,37.76
5103,2054,1016,407,407,8,24.51
5104,2055,1020,256,256,12,112.79
5105,2055,1031,562,562,5,137.46
5106,2056,1007,54,54,2,4.7
5107,2056,1022,885,885,37,119.49
5108,2056,1017,282,282,6,71.67
5109,2056,1009,367,367,17,47.6
5110,2057,1034,1153,1153,34,255.75
5111,2057,1030,1121,1121,28,95.17
5112,2057,1008,1195,1195,5,7.45
5113,2058,1029,535,535,13,105.78
5114,2058,1039,317,317,13,219.63
5115,2058,1032,319,319,14,144.55
5116,2058,1032,448,448,11,146.91
5117,2059,1003,136,136,4,8.07
5118,2059,1027,126,126,0,132.17
5119,2060,1024,120,120,0,73.17
5120,2061,1012,843,843,13,33.93
5121,2061,1004,366,366,18,3.94
5122,2061,1004,213,213,8,3.58
5123,2062,1033,196,196,4,245.91
5124,2063,1016,707,707,9,28.12
5125,2063,1036,567,567,20,321.11
5126,2063,1016,600,600,9,27.86
5127,2064,1016,227,227,0,24.95
5128,2064,1030,515,515,1,99.61
5129,2064,1029,881,881,24,98.86
5130,2065,1030,969,969,19,97.37
5131,2065,1024,979,979,38,72.55
5132,2065,1024,982,982,24,74.68
5133,2066,1021,393,393,19,92.98
5134,2066,1015,955,955,10,42.51
5135,2066,1015,739,739,21,35.83
5136,2067,1009,107,107,0,41.81
5137,2067,1021,520,520,10,98.52
5138,2067,1037,120,120,0,169.06
5139,2067,1006,310,310,7,3.81
5140,2068,1015,214,214,1,40.84
5141,2069,1025,143,143,4,150.33
5142,2069,1031,933,933,38,134.1
5143,2070,1030,172,172,7,94.7
5144,2070,1034,744,744,4,221.65
5145,2070,1035,1299,1299,50,174.56
5146,2070,1034,1290,1290,6,232.33
5147,2071,1022,331,331,12,103.08
5148,2071,1030,186,186,9,88.28
5149,2071,1035,921,921,35,151.43
5150,2071,1028,701,701,8,90.56
5151,2072,1024,479,479,3,69.15
5152,2072,1036,927,927,42,326.74
5153,2072,1008,143,143,1,6.84
5154,2073,1021,302,302,6,95.28
5155,2074,1020,1024,1024,38,120.53
5156,2074,1022,907,907,43,114.19
5157,2075,1028,984,984,38,83.86
5158,2075,1033,780,780,34,245.15
5159,2076,1030,466,0,0,96.41
5160,2076,1018,402,0,0,86.31
5161,2077,1019,192,0,0,122.79
5162,2077,1028,659,0,0,87.58
5163,2077,1038,469,0,0,140.18
5164,2078,1022,73,73,0,101.8
5165,2079,1014,353,353,6,45.5
5166,2079,1002,327,327,11,7.92
5167,2079,1020,94,94,0,100.96
5168,2080,1001,850,850,9,7.72
5169,2081,1028,120,120,4,91.65
5170,2081,1006,620,620,27,4.37
5171,2082,1006,939,939,22,4.55
5172,2082,1013,315,315,9,33.26
5173,2082,1021,940,940,38,102.07
5174,2082,1015,474,474,11,35.82
5175,2083,1026,1335,1335,27,168.42
5176,2083,1004,785,785,1,3.9
5177,2084,1035,757,757,33,155.58
5178,2084,1025,830,830,16,163.84
5179,2085,1025,682,682,16,149.65
5180,2085,1014,937,937,2,41.81
5181,2086,1039,41,41,0,245.37
5182,2086,1015,437,437,16,36.4
5183,2086,1040,222,222,1,309.53
5184,2087,1035,852,852,4,145.81
5185,2087,1031,553,553,3,135.87
5186,2088,1029,537,537,23,98.87
5187,2088,1013,452,452,17,35.05
5188,2089,1024,654,654,1,67.69
5189,2089,1036,854,854,37,317.84
5190,2090,1034,118,118,0,236.83
5191,2091,1010,972,972,28,27.75
5192,2092,1032,244,244,5,138.1
5193,2092,1013,89,89,0,33.76
5194,2092,1005,466,466,7,8.79
5195,2093,1011,438,438,18,42.99
5196,2093,1013,450,450,2,41.24
5197,2093,1012,1204,1204,46,36.52
5198,2094,1019,228,228,9,128.03
5199,2094,1025,824,824,30,141.14
5200,2095,1024,143,143,3,68.41
5201,2095,1011,773,773,7,40.41
5202,2095,1037,149,149,6,165.59
5203,2096,1027,602,602,10,159.27
5204,2096,1021,540,540,5,88.87
5205,2097,1016,616,616,8,29.1
5206,2097,1007,568,568,0,5.75
5207,2098,1037,566,566,23,196.64
5208,2098,1003,445,445,19,8.09
5209,2098,1017,147,147,0,62.68
5210,2098,1022,761,761,36,111.34
5211,2099,1039,507,507,23,238.13
5212,2100,1007,1334,1334,59,4.7
5213,2100,1022,728,728,23,124.76
5214,2100,1028,393,393,9,87.89
5215,2101,1021,403,403,1,97.08
5216,2101,1006,498,498,8,4.11
5217,2102,1005,526,526,10,7.5
5218,2102,1032,135,135,0,125.69
5219,2103,1022,758,758,16,114.12
5220,2103,1037,1040,1040,41,194.56
5221,2103,1019,1100,1100,11,127.07
5222,2104,1014,1086,1086,53,44.33
5223,2104,1019,865,865,36,134.98
5224,2104,1031,288,288,2,121.69
5225,2104,1013,82,82,2,39.54
5226,2105,1033,160,160,3,226.29
5227,2105,1015,670,670,26,35.52
5228,2105,1006,372,372,14,4.45
5229,2106,1003,319,319,15,6.97
5230,2106,1017,610,610,5,67.74
5231,2106,1031,805,805,5,117.67
5232,2107,1004,328,328,15,4.04
5233,2108,1015,591,591,25,40.72
5234,2108,1020,893,893,32,123.45
5235,2108,1004,979,979,26,4.05
5236,2109,1012,583,583,7,37.98
5237,2109,1024,266,266,9,62.15
5238,2109,1008,589,589,7,7.21
5239,2109,1039,455,455,20,217.52
5240,2110,1011,664,664,6,45.14
5241,2110,1036,389,389,2,321.45
5242,2110,1018,524,524,7,79.63
5243,2110,1031,767,767,30,140.65
5244,2111,1035,704,704,5,170.34
5245,2111,1019,701,701,25,135.98
5246,2111,1025,969,969,35,162.4
5247,2111,1033,377,377,6,207.84
5248,2112,1007,277,277,11,5.29
5249,2112,1039,179,179,0,264.23
5250,2112,1025,250,250,2,165.96
5251,2113,1035,227,227,8,177.17
5252,2113,1012,338,338,7,31.65
5253,2113,1011,254,254,6,44.63
5254,2113,1002,904,904,29,7.35
5255,2114,1006,98,98,2,4.33
5256,2114,1017,157,157,7,65.14
5257,2114,1015,303,303,4,42.86
5258,2115,1031,217,217,5,132.82
5259,2115,1039,262,262,5,239.08
5260,2115,1023,932,932,11,97.55
5261,2116,1019,61,61,1,131.53
5262,2116,1032,514,514,10,144.13
5263,2116,1001,554,554,5,7.72
5264,2117,1028,793,793,12,97.98
5265,2117,1013,233,233,2,33.5
5266,2117,1001,849,849,24,7.32
5267,2118,1018,950,950,10,70.28
5268,2118,1002,514,514,5,7.33
5269,2118,1035,589,589,6,158.1
5270,2119,1004,238,238,9,4.1
5271,2119,1035,479,479,1,142.31
5272,2120,1003,972,972,38,7.05
5273,2120,1003,293,293,0,7.17
5274,2120,1030,200,200,5,87.91
5275,2121,1008,697,697,13,6.41
5276,2122,1028,716,716,12,84.65
5277,2122,1038,537,537,18,150.25
5278,2123,1018,887,0,0,78.56
5279,2123,1008,105,0,0,6.89
5280,2123,1038,503,0,0,135.95
5281,2123,1034,969,0,0,239.8
5282,2124,1039,490,490,0,211.54
5283,2124,1035,181,181,8,166.46
5284,2125,1034,1113,1113,29,255.54
5285,2126,1004,839,839,24,4.26
5286,2126,1014,514,514,11,49.88
5287,2126,1032,877,877,14,135.97
5288,2126,1038,423,423,0,158.51
5289,2127,1013,302,302,12,35.38
5290,2127,1005,1309,1309,29,7.57
5291,2128,1007,1216,0,0,5.65
5292,2129,1013,222,222,8,36.78
5293,2129,1019,481,481,21,117.61
5294,2130,1015,985,985,36,41.99
5295,2130,1035,1332,1332,56,165.08
5296,2130,1038,694,694,34,157.31
5297,2130,1010,117,117,0,29.26
5298,2131,1012,214,214,2,37.12
5299,2131,1011,153,153,4,47.79
5300,2132,1006,321,321,15,4.74
5301,2132,1032,715,715,30,128.38
5302,2132,1008,156,156,7,6.87
5303,2133,1025,1131,1131,44,149.76
5304,2133,1023,578,578,1,100.69
5305,2133,1009,1041,1041,35,41.63
5306,2133,1011,646,646,30,46.57
5307,2134,1012,1216,1216,5,34.27
5308,2135,1023,1125,1125,51,103.38
5309,2135,1025,358,358,2,139.22
5310,2135,1031,631,631,3,141.92
5311,2135,1007,677,677,25,5.06
5312,2136,1007,313,313,3,5.69
5313,2136,1027,915,915,0,150.68
5314,2136,1033,273,273,11,242.4
5315,2136,1021,739,739,11,98.88
5316,2137,1038,764,764,25,133.42
5317,2138,1017,321,321,4,71.67
5318,2139,1003,996,996,45,6.96
5319,2139,1023,631,631,1,94.43
5320,2139,1034,465,465,3,220.35
5321,2139,1020,814,814,23,122.62
5322,2140,1009,241,241,3,44.05
5323,2140,1035,103,103,1,167.35
5324,2140,1017,413,413,4,60.99
5325,2141,1018,640,640,4,71.74
5326,2142,1027,327,327,1,160.17
5327,2142,1013,342,342,11,32.76
5328,2143,1037,316,316,12,163.7
5329,2144,1002,585,585,8,7.33
5330,2144,1005,377,377,0,7.16
5331,2144,1015,201,201,2,36.7
5332,2144,1031,323,323,11,112.39
5333,2145,1021,157,157,4,86.89
5334,2145,1026,637,637,21,157.57
5335,2145,1038,96,96,0,144.12
5336,2145,1020,548,548,16,101.04
5337,2146,1003,970,970,45,8.23
5338,2146,1034,364,364,10,259.09
5339,2146,1013,166,166,6,38.42
5340,2146,1012,677,677,29,35.61
5341,2147,1038,1323,1323,50,155.89
5342,2148,1024,413,413,10,66.48
5343,2149,1034,256,256,11,230.08
5344,2149,1013,672,672,2,41.35
5345,2149,1024,836,836,31,74.82
5346,2149,1009,552,552,17,43.04
5347,2150,1023,84,84,3,95.34
5348,2151,1039,108,108,4,258.62
5349,2152,1021,189,189,1,90.59
5350,2152,1025,893,893,15,134.62
5351,2152,1032,1120,1120,54,158.44
5352,2152,1033,417,417,14,247.45
5353,2153,1021,266,266,11,95.13
5354,2153,1036,868,868,27,319.75
5355,2154,1013,643,643,32,40.31
5356,2154,1039,111,111,3,234.68
5357,2155,1031,786,786,21,124.43
5358,2155,1034,562,562,9,223.16
5359,2155,1020,539,539,11,100.03
5360,2156,1014,218,218,7,49.78
5361,2157,1003,605,605,26,8.58
5362,2157,1008,372,372,5,6.95
5363,2157,1004,946,946,32,3.99
5364,2158,1017,807,807,27,65.6
5365,2158,1033,280,280,0,229.1
5366,2158,1030,450,450,19,88.89
5367,2158,1008,855,855,20,6.32
5368,2159,1004,665,665,20,3.79
5369,2159,1002,457,457,5,7.05
5370,2159,1029,495,495,23,87.17
5371,2160,1010,837,837,11,29.53
5372,2160,1017,296,296,2,73.34
5373,2160,1015,574,574,4,41.98
5374,2161,1028,771,771,25,91.38
5375,2161,1029,249,249,9,104.62
5376,2161,1007,602,602,20,5.0
5377,2162,1004,62,62,0,4.12
5378,2162,1038,523,523,22,134.19
5379,2163,1016,154,154,4,27.97
5380,2164,1028,623,623,26,86.7
5381,2165,1033,473,473,7,203.71
5382,2165,1019,443,443,1,125.71
5383,2165,1022,116,116,5,117.52
5384,2165,1012,125,125,5,34.09
5385,2166,1016,1068,1068,12,25.21
5386,2166,1016,998,998,0,26.01
5387,2167,1019,478,478,23,132.82
5388,2167,1008,89,89,2,6.7
5389,2167,1022,343,343,2,121.47
5390,2167,1021,1223,1223,49,80.74
5391,2168,1037,418,418,3,188.69
5392,2168,1034,259,259,6,247.38
5393,2168,1033,328,328,6,223.36
5394,2169,1013,1178,1178,36,34.53
5395,2170,1002,44,44,0,7.58
5396,2170,1011,425,425,12,48.27
5397,2170,1031,580,580,12,132.62
5398,2171,1015,244,244,1,42.11
5399,2171,1015,319,319,12,39.73
5400,2171,1039,414,414,16,250.76
5401,2171,1014,824,824,17,50.22
5402,2172,1032,273,273,8,142.04
5403,2172,1021,484,484,9,83.49
5404,2172,1010,300,300,14,28.01
5405,2172,1009,614,614,23,45.66
5406,2173,1017,243,243,9,73.6
5407,2173,1017,296,296,0,74.46
5408,2173,1024,766,766,16,71.29
5409,2174,1016,231,0,0,26.82
5410,2174,1026,794,0,0,163.19
5411,2174,1036,619,0,0,313.61
5412,2174,1003,329,0,0,7.45
5413,2175,1003,540,540,13,8.38
5414,2175,1010,623,623,1,25.82
5415,2175,1039,499,499,23,230.77
5416,2175,1024,646,646,31,72.31
5417,2176,1018,1187,1187,25,74.56
5418,2176,1014,138,138,6,43.64
5419,2177,1023,921,921,28,103.75
5420,2177,1031,790,790,32,111.78
5421,2178,1003,828,828,0,7.91
5422,2178,1022,490,490,13,109.5
5423,2178,1010,837,837,19,24.29
5424,2179,1017,680,680,0,76.44
5425,2180,1020,645,645,13,113.74
5426,2181,1038,739,739,8,151.05
5427,2181,1022,534,534,2,111.55
5428,2181,1036,860,860,33,311.57
5429,2182,1029,620,620,17,86.28
5430,2183,1017,477,477,11,68.24
5431,2184,1030,456,456,7,99.05
5432,2184,1017,1355,1355,22,68.5
5433,2185,1013,432,432,9,41.13
5434,2186,1022,267,267,2,121.84
5435,2186,1013,552,552,18,37.36
5436,2187,1017,222,222,5,74.43
5437,2187,1035,414,414,11,173.03
5438,2188,1015,550,550,22,38.79
5439,2188,1013,819,819,13,36.19
5440,2188,1020,609,609,4,116.81
5441,2189,1030,303,303,10,102.23
5442,2189,1016,597,597,12,26.03
5443,2190,1032,586,586,4,151.39
5444,2190,1023,941,941,33,110.02
5445,2190,1022,212,212,0,120.07
5446,2191,1017,228,228,10,66.18
5447,2191,1009,130,130,1,45.99
5448,2192,1031,435,435,1,119.91
5449,2192,1035,312,312,15,144.41
5450,2192,1009,891,891,17,46.37
5451,2192,1036,856,856,27,294.18
5452,2193,1029,723,723,6,98.03
5453,2193,1001,930,930,24,6.7
5454,2193,1002,961,961,44,6.66
5455,2194,1012,424,424,20,35.23
5456,2195,1005,434,434,11,8.04
5457,2195,1002,277,277,10,7.84
5458,2195,1025,1295,1295,33,148.46
5459,2196,1009,325,325,5,43.97
5460,2196,1004,696,696,7,3.94
5461,2197,1038,307,307,13,157.38
5462,2197,1031,762,762,18,122.71
5463,2197,1032,536,536,21,159.83
5464,2197,1032,679,679,15,148.99
5465,2198,1023,1264,1264,23,109.94
5466,2199,1024,865,865,41,60.22
5467,2200,1039,412,412,14,242.82
5468,2200,1001,754,754,33,6.47
5469,2200,1013,542,542,12,34.65
5470,2201,1008,696,696,7,6.97
5471,2201,1013,432,432,7,40.79
5472,2201,1005,399,399,6,8.92
5473,2201,1002,247,247,10,6.74
5474,2202,1032,925,925,42,143.72
5475,2202,1026,947,947,8,171.6
5476,2202,1020,1006,1006,24,105.29
5477,2202,1025,1038,1038,34,148.59
5478,2203,1006,70,70,1,3.8
5479,2203,1013,73,73,2,39.12
5480,2204,1001,701,0,0,6.55
5481,2204,1030,909,0,0,86.23
5482,2205,1036,702,702,23,309.8
5483,2205,1013,848,848,28,40.02
5484,2205,1030,759,759,21,94.46
5485,2206,1040,321,321,1,302.41
5486,2206,1031,415,415,15,122.12
5487,2207,1016,672,672,15,27.54
5488,2207,1032,402,402,12,149.35
5489,2207,1002,363,363,17,7.19
5490,2207,1022,778,778,35,122.08
5491,2208,1007,474,474,10,5.25
5492,2208,1035,992,992,47,155.5
5493,2208,1031,112,112,0,127.86
5494,2208,1009,275,275,2,39.83
5495,2209,1037,530,530,16,177.55
5496,2209,1001,527,527,8,6.47
5497,2210,1033,262,262,2,240.29
5498,2210,1023,148,148,4,107.49
5499,2210,1025,477,477,9,143.02
5500,2211,1035,324,324,11,143.9
5501,2211,1024,918,918,41,62.6
5502,2211,1001,934,934,8,7.91
5503,2212,1015,542,542,9,35.89
5504,2212,1022,433,433,8,114.34
5505,2212,1023,725,725,1,112.45
5506,2213,1007,468,468,1,5.54
5507,2213,1027,225,225,0,131.23
5508,2213,1029,304,304,3,99.8
5509,2214,1013,597,597,17,40.12
5510,2214,1032,796,796,32,155.13
5511,2215,1024,444,444,4,65.75
5512,2215,1012,232,232,6,30.78
5513,2215,1014,550,550,11,41.41
5514,2215,1021,444,444,12,91.15
5515,2216,1039,77,77,1,245.41
5516,2216,1023,447,447,20,108.71
5517,2217,1035,344,344,11,171.9
5518,2217,1015,920,920,28,43.79
5519,2218,1009,125,125,3,42.02
5520,2219,1032,662,662,28,141.26
5521,2220,1013,299,299,1,33.37
5522,2220,1021,86,86,3,88.04
5523,2221,1006,88,88,3,4.53
5524,2222,1011,930,930,12,46.09
5525,2223,1011,618,618,6,45.72
5526,2223,1034,328,328,10,226.44
5527,2223,1022,220,220,8,103.06
5528,2224,1026,1352,1352,43,154.47
5529,2224,1016,268,268,2,26.09
5530,2224,1037,659,659,8,194.29
5531,2225,1026,488,488,9,167.66
5532,2225,1039,815,815,40,252.57
5533,2225,1007,722,722,14,5.41
5534,2225,1036,867,867,19,293.24
5535,2226,1034,456,456,17,221.62
5536,2226,1028,864,864,26,88.4
5537,2226,1034,132,132,0,246.8
5538,2226,1017,297,297,11,76.77
5539,2227,1033,393,393,18,223.52
5540,2227,1028,1199,1199,12,90.07
5541,2228,1015,852,852,39,42.01
5542,2228,1018,409,409,15,74.49
5543,2229,1029,523,523,22,106.27
5544,2229,1004,174,174,2,3.99
5545,2230,1009,527,527,3,44.69
5546,2231,1034,104,104,1,230.92
5547,2231,1035,87,87,1,146.81
5548,2231,1036,712,712,33,324.02
5549,2231,1036,791,791,14,272.81
5550,2232,1033,740,740,26,209.64
5551,2233,1004,532,532,19,4.07
5552,2233,1020,811,811,27,110.9
5553,2234,1024,457,457,16,69.59
5554,2234,1009,101,101,2,44.3
5555,2234,1008,428,428,2,6.48
5556,2235,1040,157,157,7,273.56
5557,2235,1014,58,58,2,49.12
5558,2235,1023,529,529,0,104.78
5559,2236,1031,709,709,22,120.97
5560,2236,1023,440,440,6,101.78
5561,2237,1035,1089,1089,41,161.35
5562,2238,1005,382,382,17,8.73
5563,2238,1014,204,204,2,43.28
5564,2239,1015,175,175,6,40.58
5565,2239,1022,403,403,8,109.2
5566,2240,1026,166,166,2,160.91
5567,2240,1028,954,954,11,87.6
5568,2241,1038,512,512,14,145.45
5569,2241,1023,66,66,3,113.61
5570,2241,1017,507,507,10,71.19
5571,2241,1016,522,522,7,25.74
5572,2242,1004,991,991,15,3.53
5573,2242,1022,908,908,7,120.88
5574,2243,1017,464,464,21,63.81
5575,2243,1035,165,165,5,178.68
5576,2243,1003,299,299,5,8.39
5577,2243,1032,485,485,19,150.92
5578,2244,1020,398,0,0,116.38
5579,2244,1014,745,0,0,42.59
5580,2244,1036,791,0,0,317.05
5581,2245,1033,488,488,23,197.8
5582,2245,1009,1358,1358,7,46.93
5583,2246,1023,399,399,16,110.01
5584,2246,1016,166,166,2,24.3
5585,2246,1030,455,455,1,98.45
5586,2247,1030,857,0,0,105.22
5587,2247,1016,128,0,0,26.31
5588,2247,1018,770,0,0,73.64
5589,2248,1039,146,146,3,244.99
5590,2248,1029,576,576,21,90.31
5591,2248,1016,228,228,0,23.96
5592,2249,1002,691,691,27,6.84
5593,2249,1022,371,371,14,110.37
5594,2250,1026,404,404,19,162.35
5595,2250,1011,568,568,4,46.01
5596,2250,1020,150,150,4,112.51
5597,2251,1019,152,152,4,139.49
5598,2251,1019,247,247,5,122.58
5599,2251,1023,409,409,2,100.41
5600,2252,1002,605,605,12,6.91
5601,2253,1025,581,581,26,156.73
5602,2254,1026,834,834,2,184.07
5603,2254,1037,582,582,20,160.21
5604,2254,1026,836,836,31,182.16
5605,2254,1008,372,372,16,6.07
5606,2255,1036,705,705,4,274.03
5607,2256,1030,966,966,24,95.05
5608,2256,1001,603,603,9,7.95
5609,2256,1032,504,504,23,151.29
5610,2256,1027,796,796,32,166.31
5611,2257,1018,284,284,6,78.45
5612,2257,1024,515,515,13,68.71
5613,2257,1002,107,107,1,6.78
5614,2257,1004,877,877,30,4.03
5615,2258,1020,92,92,3,105.52
5616,2258,1022,694,694,29,111.15
5617,2258,1030,452,452,3,104.11
5618,2258,1040,786,786,10,282.44
5619,2259,1003,421,421,7,8.6
5620,2259,1038,510,510,23,141.02
5621,2259,1034,66,66,1,252.41
5622,2260,1029,790,790,28,95.55
5623,2260,1009,539,539,20,40.97
5624,2260,1001,927,927,25,6.66
5625,2261,1016,691,691,17,29.03
5626,2261,1019,54,54,0,113.46
5627,2261,1007,285,285,6,4.78
5628,2261,1003,983,983,3,8.67
5629,2262,1017,135,135,2,69.65
5630,2263,1031,72,72,0,122.8
5631,2263,1019,309,309,4,125.94
5632,2264,1007,800,800,31,4.93
5633,2264,1038,93,93,1,144.49
5634,2264,1032,956,956,7,157.17
5635,2265,1019,739,0,0,124.53
5636,2265,1036,822,0,0,294.12
5637,2265,1003,844,0,0,8.57
5638,2265,1010,337,0,0,27.63
5639,2266,1036,929,929,6,275.41
5640,2267,1014,215,215,9,50.34
5641,2268,1002,106,106,3,6.43
5642,2268,1031,744,744,33,121.03
5643,2269,1034,275,275,4,235.36
5644,2269,1010,750,750,13,27.45
5645,2270,1030,786,786,29,93.36
5646,2271,1017,1014,1014,3,62.87
5647,2271,1015,676,676,0,38.47
5648,2271,1031,709,709,15,130.19
5649,2271,1024,100,100,2,68.99
5650,2272,1039,501,0,0,230.07
5651,2272,1003,880,0,0,8.1
5652,2272,1015,714,0,0,41.67
5653,2273,1032,1243,1243,49,126.52
5654,2273,1033,944,944,41,236.29
5655,2273,1023,70,70,3,100.03
5656,2274,1007,247,247,8,5.43
5657,2274,1029,181,181,3,91.15
5658,2274,1028,542,542,3,86.81
5659,2274,1011,890,890,27,48.1
5660,2275,1019,1346,1346,55,124.53
5661,2275,1004,459,459,2,4.24
5662,2276,1001,708,708,34,7.76
5663,2277,1010,844,844,19,24.41
5664,2277,1033,171,171,4,197.24
5665,2277,1037,335,335,4,172.55
5666,2278,1027,180,180,2,145.85
5667,2279,1013,558,558,22,34.35
5668,2279,1027,962,962,21,162.14
5669,2279,1026,555,555,12,191.45
5670,2279,1011,337,337,9,40.94
5671,2280,1008,320,320,10,7.1
5672,2281,1035,681,681,25,151.81
5673,2282,1039,244,244,1,224.02
5674,2282,1014,412,412,8,49.41
5675,2283,1001,209,209,4,7.53
5676,2283,1030,665,665,6,92.44
5677,2283,1020,993,993,38,104.18
5678,2283,1039,495,495,14,257.43
5679,2284,1025,71,0,0,150.4
5680,2284,1005,623,0,0,7.58
5681,2284,1016,431,0,0,29.2
5682,2284,1035,834,0,0,151.64
5683,2285,1011,640,640,20,38.57
5684,2285,1010,73,73,1,26.89
5685,2285,1034,729,729,21,266.96
5686,2286,1036,683,683,22,311.62
5687,2286,1036,561,561,17,282.39
5688,2286,1004,641,641,2,4.08
5689,2287,1021,707,707,5,84.2
5690,2287,1015,251,251,11,35.13
5691,2287,1025,247,247,6,145.91
5692,2288,1002,779,0,0,7.26
5693,2289,1030,1342,1342,38,99.6
5694,2289,1027,1006,1006,37,154.99
5695,2289,1026,770,770,12,162.25
5696,2290,1008,793,793,8,6.13
5697,2290,1032,581,581,20,152.41
5698,2291,1013,318,318,1,34.03
5699,2291,1001,933,933,13,7.14
5700,2291,1013,902,902,24,41.15
5701,2291,1024,205,205,5,75.68
5702,2292,1003,179,179,0,7.54
5703,2292,1029,186,186,7,97.25
5704,2292,1017,147,147,2,72.55
5705,2292,1016,483,483,7,23.38
5706,2293,1030,701,701,5,98.66
5707,2293,1031,406,406,6,114.21
5708,2294,1036,230,230,10,293.7
5709,2295,1025,1040,1040,41,152.36
5710,2295,1034,422,422,6,244.09
5711,2295,1002,824,824,9,7.67
5712,2295,1040,427,427,8,264.42
5713,2296,1001,915,915,2,6.41
5714,2296,1022,386,386,0,103.59
5715,2296,1004,723,723,7,3.77
5716,2296,1023,658,658,23,93.33
5717,2297,1013,569,569,27,33.79
5718,2297,1007,540,540,1,5.71
5719,2297,1033,196,196,5,196.57
5720,2297,1025,53,53,0,155.95
5721,2298,1009,434,434,0,45.59
5722,2298,1008,508,508,8,6.4
5723,2299,1036,963,963,6,318.38
5724,2299,1022,255,255,4,113.8
5725,2299,1003,63,63,0,8.31
5726,2299,1029,676,676,18,105.12
5727,2300,1014,92,92,4,46.15
5728,2301,1028,129,129,2,82.91
5729,2301,1023,210,210,0,106.54
5730,2302,1038,803,803,30,145.45
5731,2302,1035,51,51,1,176.22
5732,2303,1016,601,601,8,22.97
5733,2303,1018,465,465,11,75.98
5734,2303,1011,422,422,0,42.1
5735,2304,1014,1387,1387,1,44.0
5736,2304,1005,197,197,6,9.02
5737,2304,1019,1208,1208,43,135.41
5738,2305,1017,698,698,34,64.34
5739,2305,1022,774,774,16,123.52
5740,2306,1002,390,390,2,6.47
5741,2306,1037,893,893,35,177.68
5742,2306,1036,463,463,14,286.56
5743,2307,1021,343,343,7,93.36
5744,2308,1033,460,0,0,203.1
5745,2308,1035,887,0,0,149.07
5746,2308,1024,155,0,0,63.46
5747,2309,1033,274,274,5,244.06
5748,2309,1023,843,843,41,117.38
5749,2309,1003,272,272,5,7.34
5750,2309,1035,754,754,37,152.14
5751,2310,1024,636,636,16,66.73
5752,2310,1018,818,818,14,81.2
5753,2311,1033,513,513,13,231.32
5754,2311,1017,1178,1178,39,67.6
5755,2311,1017,110,110,3,66.05
5756,2311,1006,715,715,26,4.14
5757,2312,1015,59,59,0,36.98
5758,2312,1023,583,583,21,93.17
5759,2312,1031,215,215,0,115.25
5760,2312,1023,629,629,12,117.3
5761,2313,1030,638,638,8,90.79
5762,2313,1040,278,278,8,301.45
5763,2313,1008,520,520,15,6.99
5764,2314,1009,702,702,12,45.69
5765,2314,1009,1311,1311,36,48.4
5766,2314,1023,880,880,38,96.03
5767,2315,1022,631,631,14,125.38
5768,2315,1006,528,528,8,4.62
5769,2316,1023,718,718,23,113.84
5770,2316,1015,969,969,44,36.39
5771,2317,1028,226,226,6,81.75
5772,2317,1001,784,784,6,6.81
5773,2317,1025,919,919,6,162.7
5774,2317,1015,337,337,4,42.78
5775,2318,1034,359,0,0,267.88
5776,2318,1011,930,0,0,46.38
5777,2319,1009,883,883,22,42.93
5778,2319,1027,396,396,7,146.05
5779,2320,1040,53,53,0,297.22
5780,2320,1019,530,530,13,128.68
5781,2320,1003,433,433,0,8.45
5782,2321,1018,390,390,13,73.58
5783,2321,1036,409,409,1,331.14
5784,2322,1008,589,589,13,6.05
5785,2322,1026,1391,1391,68,161.91
5786,2323,1030,340,340,12,92.3
5787,2324,1035,581,581,5,141.55
5788,2325,1023,1148,1148,4,109.03
5789,2325,1028,1082,1082,37,82.52
5790,2325,1011,1170,1170,30,44.09
5791,2326,1002,527,527,16,6.81
5792,2326,1021,125,125,1,83.11
5793,2326,1032,1090,1090,12,156.25
5794,2327,1005,740,740,14,8.56
5795,2327,1005,894,894,40,7.7
5796,2327,1032,500,500,13,139.92
5797,2328,1036,232,232,7,264.51
5798,2328,1013,36,36,0,39.9
5799,2329,1033,135,135,4,217.22
5800,2329,1040,237,237,2,251.48
5801,2329,1008,830,830,9,7.38
5802,2330,1018,260,260,2,87.19
5803,2330,1035,814,814,35,142.93
5804,2330,1038,68,68,2,143.43
5805,2331,1034,988,988,48,258.59
5806,2331,1036,764,764,9,290.27
5807,2331,1028,383,383,6,89.49
5808,2331,1037,711,711,8,186.89
5809,2332,1022,869,0,0,103.13
5810,2333,1019,474,474,6,121.65
5811,2334,1024,892,892,32,63.15
5812,2334,1021,955,955,25,88.63
5813,2335,1005,427,427,3,8.37
5814,2335,1022,192,192,9,117.55
5815,2335,1032,842,842,24,135.56
5816,2336,1019,1330,1330,43,141.82
5817,2337,1014,299,299,6,47.02
5818,2337,1029,1265,1265,56,107.0
5819,2337,1011,1223,1223,9,47.54
5820,2337,1034,81,81,2,238.07
5821,2338,1017,145,0,0,64.57
5822,2339,1001,324,324,5,7.24
5823,2339,1030,430,430,8,99.38
5824,2339,1016,88,88,0,27.03
5825,2340,1014,360,360,10,43.02
5826,2340,1019,689,689,14,115.46
5827,2340,1021,973,973,1,89.12
5828,2341,1011,470,470,13,47.58
5829,2341,1023,242,242,3,114.28
5830,2342,1011,474,474,15,43.46
5831,2342,1031,680,680,19,118.87
5832,2342,1040,820,820,21,295.92
5833,2343,1031,482,482,20,118.1
5834,2343,1029,1393,1393,51,106.32
5835,2343,1011,113,113,3,42.81
5836,2344,1017,779,779,21,77.19
5837,2344,1033,641,641,7,204.6
5838,2345,1025,467,467,23,141.11
5839,2345,1012,704,704,7,32.93
5840,2345,1016,523,523,4,24.21
5841,2346,1010,895,895,6,27.37
5842,2347,1003,966,966,31,8.47
5843,2348,1029,125,125,2,86.82
5844,2349,1005,131,131,3,8.53
5845,2349,1001,899,899,44,7.0
5846,2350,1031,111,111,3,119.47
5847,2350,1003,373,373,10,8.24
5848,2350,1025,292,292,2,143.61
5849,2351,1034,449,449,1,265.74
5850,2352,1040,110,110,3,303.77
5851,2353,1037,923,923,45,164.66
5852,2353,1026,658,658,20,189.32
5853,2353,1021,459,459,3,87.36
5854,2354,1034,357,357,2,265.39
5855,2354,1028,974,974,27,97.21
5856,2355,1009,298,298,6,40.38
5857,2355,1001,59,59,0,7.51
5858,2355,1035,391,391,12,145.32
5859,2356,1007,1197,1197,11,4.82
5860,2356,1028,211,211,1,86.55
5861,2356,1023,1034,1034,26,94.57
5862,2356,1011,1369,1369,32,44.9
5863,2357,1010,83,83,0,25.63
5864,2357,1039,669,669,1,265.08
5865,2358,1017,57,57,2,73.08
5866,2358,1024,750,750,0,62.04
5867,2358,1019,973,973,34,123.07
5868,2359,1028,278,278,8,86.02
5869,2359,1013,883,883,33,38.19
5870,2360,1018,178,0,0,85.64
5871,2360,1005,623,0,0,8.84
5872,2360,1029,641,0,0,95.61
5873,2361,1037,315,315,6,198.17
5874,2361,1019,439,439,10,117.33
5875,2361,1032,1148,1148,22,130.51
5876,2362,1032,155,155,0,139.5
5877,2362,1006,730,730,8,3.94
5878,2362,1030,228,228,8,97.72
5879,2362,1004,556,556,22,4.28
5880,2363,1026,459,459,4,182.32
5881,2363,1008,95,95,3,6.91
5882,2364,1002,94,94,2,6.3
5883,2365,1038,125,125,4,133.52
5884,2365,1001,477,477,20,7.12
5885,2365,1006,553,553,17,4.34
5886,2366,1037,340,340,15,173.34
5887,2366,1006,508,508,7,4.15
5888,2366,1029,308,308,4,106.35
5889,2367,1006,956,956,21,4.17
5890,2367,1026,197,197,6,183.1
5891,2367,1012,79,79,0,33.88
5892,2367,1003,386,386,4,8.2
5893,2368,1021,1282,0,0,97.2
5894,2368,1024,712,0,0,73.65
5895,2368,1001,267,0,0,7.12
5896,2369,1031,1029,1029,16,141.84
5897,2369,1017,1166,1166,38,73.93
5898,2369,1019,632,632,3,123.27
5899,2370,1030,508,508,6,98.63
5900,2370,1031,51,51,2,129.25
5901,2370,1022,427,427,8,113.33
5902,2371,1010,74,74,1,28.62
5903,2371,1025,688,688,9,150.15
5904,2371,1039,222,222,5,240.78
5905,2372,1001,862,862,1,6.41
5906,2373,1038,1170,1170,7,131.91
5907,2373,1012,403,403,5,34.89
5908,2373,1034,1369,1369,16,245.1
5909,2373,1011,1139,1139,37,38.36
5910,2374,1037,654,654,0,199.5
5911,2374,1036,645,645,14,277.46
5912,2374,1014,545,545,10,43.02
5913,2375,1025,176,176,6,158.62
5914,2375,1022,362,362,18,107.39
5915,2375,1018,538,538,1,70.5
5916,2376,1029,678,678,27,102.25
5917,2376,1032,905,905,29,151.16
5918,2377,1037,1250,1250,29,163.04
5919,2377,1037,817,817,10,192.33
5920,2378,1040,121,121,0,265.17
5921,2378,1034,1075,1075,52,237.82
5922,2379,1021,707,707,8,85.13
5923,2379,1005,602,602,18,7.3
5924,2379,1018,257,257,7,78.67
5925,2380,1011,857,857,22,46.72
5926,2380,1002,911,911,3,6.89
5927,2380,1011,429,429,9,46.98
5928,2380,1018,501,501,7,87.19
5929,2381,1015,953,953,9,42.02
5930,2381,1038,50,50,2,163.67
5931,2381,1011,572,572,22,38.96
5932,2381,1012,506,506,21,35.73
5933,2382,1038,816,816,28,145.4
5934,2382,1032,498,498,1,151.59
5935,2382,1013,954,954,19,36.66
5936,2382,1026,128,128,3,157.55
5937,2383,1007,1178,1178,9,4.74
5938,2383,1030,411,411,14,89.95
5939,2383,1021,1372,1372,41,97.79
5940,2383,1004,1317,1317,28,4.11
5941,2384,1002,824,824,29,7.53
5942,2384,1024,890,890,10,61.27
5943,2384,1013,473,473,15,33.84
5944,2385,1006,738,0,0,4.04
5945,2386,1021,1360,1360,18,89.9
5946,2387,1035,937,937,18,174.95
5947,2387,1028,347,347,10,95.37
5948,2387,1035,692,692,16,162.8
5949,2388,1011,61,61,1,40.39
5950,2388,1032,505,505,4,155.72
5951,2388,1040,845,845,15,303.45
5952,2389,1022,340,340,9,119.4
5953,2389,1022,683,683,17,107.62
5954,2389,1039,58,58,1,214.37
5955,2390,1040,85,85,2,279.97
5956,2390,1023,991,991,12,94.49
5957,2390,1029,87,87,3,103.05
5958,2390,1040,398,398,2,305.8
5959,2391,1017,851,851,0,75.2
5960,2391,1036,950,950,17,271.5
5961,2392,1017,468,468,3,61.77
5962,2392,1032,944,944,2,154.51
5963,2392,1019,995,995,8,142.3
5964,2392,1036,195,195,5,281.3
5965,2393,1039,452,452,17,228.16
5966,2394,1032,891,891,43,154.46
5967,2394,1040,796,796,38,288.5
5968,2395,1027,736,736,13,157.01
5969,2395,1028,336,336,6,77.76
5970,2395,1038,738,738,21,135.77
5971,2396,1012,319,319,4,37.09
5972,2397,1035,1293,1293,46,151.34
5973,2397,1016,1388,1388,52,23.79
5974,2398,1003,583,583,27,7.49
5975,2398,1030,275,275,1,105.51
5976,2399,1004,384,384,10,3.64
5977,2400,1008,355,355,13,6.62
5978,2400,1011,78,78,0,47.56
5979,2400,1021,478,478,4,98.51
5980,2401,1035,958,958,34,156.21
5981,2402,1037,77,77,2,174.75
5982,2403,1028,163,163,2,82.59
5983,2403,1015,288,288,10,39.43
5984,2403,1027,416,416,20,163.64
5985,2404,1010,618,618,29,28.88
5986,2404,1001,409,409,17,7.82
5987,2405,1024,127,127,1,72.08
5988,2405,1031,273,273,12,121.48
5989,2405,1011,992,992,30,38.15
5990,2405,1031,1372,1372,38,134.87
5991,2406,1033,138,138,5,210.97
5992,2407,1026,565,565,10,170.02
5993,2407,1039,233,233,3,240.61
5994,2407,1003,621,621,20,7.07
5995,2407,1024,529,529,2,59.88
5996,2408,1031,875,875,33,111.93
5997,2409,1032,91,91,0,155.35
5998,2410,1034,1107,1107,40,238.91
5999,2410,1018,820,820,21,74.98
6000,2410,1040,1177,1177,0,270.19
6001,2410,1031,1335,1335,4,126.21
6002,2411,1006,838,838,16,4.57
6003,2411,1031,126,126,3,116.65
6004,2411,1015,565,565,9,41.02
6005,2412,1018,487,487,17,84.06
6006,2413,1018,307,307,7,75.93
6007,2413,1033,696,696,13,218.1
6008,2413,1010,911,911,41,27.72
6009,2414,1036,820,820,25,297.59
6010,2414,1037,550,550,27,180.04
6011,2414,1001,794,794,31,6.52
6012,2415,1023,423,0,0,92.97
6013,2415,1009,693,0,0,39.23
6014,2415,1025,208,0,0,146.62
6015,2415,1024,275,0,0,62.44
6016,2416,1013,841,0,0,36.5
6017,2416,1005,379,0,0,8.07
6018,2417,1028,329,329,2,96.54
6019,2417,1002,259,259,2,6.36
6020,2417,1009,106,106,3,40.42
6021,2417,1031,644,644,6,136.12
6022,2418,1013,895,895,24,40.1
6023,2418,1008,718,718,27,6.32
6024,2419,1036,306,306,1,310.49
6025,2419,1039,502,502,12,257.73
6026,2419,1036,460,460,0,270.09
6027,2419,1029,248,248,3,101.77
6028,2420,1023,298,0,0,115.04
6029,2421,1018,526,526,0,70.06
6030,2421,1001,815,815,11,7.7
6031,2421,1034,943,943,2,218.62
6032,2421,1013,662,662,32,32.96
6033,2422,1038,435,435,4,161.94
6034,2422,1002,975,975,12,6.8
6035,2423,1037,627,627,11,162.93
6036,2423,1034,384,384,9,228.83
6037,2423,1023,878,878,0,107.87
6038,2423,1011,277,277,9,46.16
6039,2424,1028,303,0,0,88.75
6040,2424,1005,465,0,0,7.95
6041,2425,1036,634,634,13,283.1
6042,2425,1035,677,677,17,160.79
6043,2425,1004,836,836,4,3.62
6044,2426,1031,999,999,22,135.41
6045,2426,1016,456,456,7,26.41
6046,2426,1040,710,710,8,264.8
6047,2427,1030,247,247,1,105.43
6048,2427,1010,939,939,42,29.18
6049,2427,1002,891,891,6,6.41
6050,2427,1036,378,378,9,313.7
6051,2428,1019,837,837,36,129.13
6052,2428,1036,357,357,13,317.84
6053,2428,1005,1071,1071,43,7.86
6054,2429,1012,827,827,8,34.2
6055,2429,1005,441,441,21,7.66
6056,2429,1007,947,947,6,5.27
6057,2429,1015,308,308,4,41.66
6058,2430,1039,667,667,30,252.17
6059,2431,1028,295,295,11,90.99
6060,2431,1014,550,550,7,40.94
6061,2432,1039,518,0,0,238.36
6062,2432,1032,610,0,0,126.47
6063,2433,1034,283,283,4,258.85
6064,2433,1033,82,82,3,206.35
6065,2434,1008,666,666,5,7.18
6066,2434,1001,99,99,4,7.23
6067,2434,1017,785,785,31,64.15
6068,2434,1031,512,512,3,114.42
6069,2435,1022,697,697,13,122.06
6070,2435,1030,186,186,8,98.34
6071,2435,1035,77,77,3,156.8
6072,2436,1018,623,623,19,74.49
6073,2437,1016,257,257,11,29.23
6074,2438,1008,408,408,10,6.77
6075,2438,1031,912,912,24,119.19
6076,2438,1040,649,649,23,252.26
6077,2439,1020,644,0,0,102.2
6078,2439,1034,885,0,0,218.82
6079,2440,1019,110,110,5,143.0
6080,2441,1021,169,169,0,80.87
6081,2441,1027,274,274,9,143.44
6082,2441,1002,322,322,1,7.39
6083,2441,1011,141,141,6,42.16
6084,2442,1025,855,855,41,143.07
6085,2442,1004,889,889,34,3.8
6086,2442,1009,1313,1313,48,48.14
6087,2442,1025,275,275,11,165.9
6088,2443,1028,590,590,12,90.26
6089,2443,1029,123,123,4,105.67
6090,2443,1020,87,87,3,113.0
6091,2444,1005,942,942,7,7.18
6092,2444,1029,540,540,3,98.0
6093,2445,1006,176,176,6,4.59
6094,2445,1017,250,250,8,73.45
6095,2445,1012,312,312,14,35.78
6096,2446,1028,186,186,2,97.91
6097,2447,1013,703,703,2,40.12
6098,2447,1013,710,710,9,38.17
6099,2447,1002,670,670,4,7.46
6100,2447,1016,451,451,11,29.03
6101,2448,1032,187,187,8,157.45
6102,2449,1015,468,468,11,35.54
6103,2449,1030,148,148,1,108.8
6104,2449,1032,535,535,22,132.88
6105,2449,1017,311,311,1,74.04
6106,2450,1001,155,0,0,7.39
6107,2450,1039,499,0,0,213.17
6108,2451,1015,778,778,24,44.09
6109,2451,1036,487,487,18,288.33
6110,2452,1030,188,188,0,97.68
6111,2452,1038,257,257,4,162.92
6112,2452,1015,365,365,3,44.42
6113,2452,1032,499,499,12,128.22
6114,2453,1019,909,909,30,139.72
6115,2453,1038,857,857,31,152.29
6116,2453,1034,938,938,22,235.32
6117,2454,1029,422,422,11,95.61
6118,2454,1022,166,166,3,119.76
6119,2454,1003,906,906,27,7.64
6120,2454,1027,254,254,11,158.89
6121,2455,1008,529,529,20,7.22
6122,2455,1035,505,505,12,162.98
6123,2456,1011,752,752,18,41.59
6124,2456,1025,762,762,9,155.56
6125,2456,1011,189,189,3,38.22
6126,2456,1018,867,867,15,74.49
6127,2457,1030,576,576,3,93.53
6128,2458,1029,652,652,11,99.19
6129,2458,1009,849,849,27,48.24
6130,2458,1002,1353,1353,18,7.17
6131,2459,1001,359,359,0,7.47
6132,2459,1026,1094,1094,8,175.45
6133,2460,1014,121,121,5,39.64
6134,2460,1011,160,160,7,44.93
6135,2461,1032,307,307,2,134.69
6136,2461,1008,133,133,1,6.37
6137,2461,1015,567,567,4,36.01
6138,2462,1026,85,85,0,159.21
6139,2462,1010,372,372,0,25.77
6140,2462,1024,756,756,21,72.12
6141,2463,1022,977,977,4,126.52
6142,2463,1033,86,86,2,240.12
6143,2463,1029,714,714,30,95.91
6144,2463,1019,985,985,43,126.32
6145,2464,1006,273,273,11,4.26
6146,2464,1040,258,258,8,268.46
6147,2464,1035,94,94,1,175.65
6148,2465,1028,174,174,4,89.7
6149,2465,1015,766,766,1,35.77
6150,2466,1032,50,50,0,127.4
6151,2466,1039,278,278,10,223.27
6152,2466,1011,178,178,4,41.24
6153,2467,1036,1121,1121,14,274.18
6154,2467,1020,660,660,22,107.93
6155,2467,1006,166,166,6,3.91
6156,2468,1009,292,292,5,45.23
6157,2469,1024,121,121,2,63.77
6158,2469,1031,436,436,7,123.97
6159,2469,1037,340,340,8,158.23
6160,2470,1024,298,298,2,73.91
6161,2470,1003,403,403,7,7.26
6162,2471,1010,684,0,0,24.82
6163,2471,1030,709,0,0,97.63
6164,2471,1004,608,0,0,3.93
6165,2472,1039,562,562,4,257.48
6166,2473,1035,219,219,7,175.86
6167,2473,1039,921,921,38,256.84
6168,2473,1009,992,992,1,47.5
6169,2473,1035,1255,1255,21,157.39
6170,2474,1036,500,0,0,317.8
6171,2475,1022,293,293,4,126.63
6172,2475,1012,997,997,34,32.36
6173,2475,1012,175,175,5,32.22
6174,2475,1032,52,52,0,144.94
6175,2476,1024,638,638,5,74.09
6176,2476,1005,642,642,12,8.68
6177,2477,1029,413,413,11,98.65
6178,2477,1022,85,85,2,103.17
6179,2477,1021,77,77,1,93.17
6180,2477,1003,562,562,18,7.6
6181,2478,1035,328,328,4,167.92
6182,2479,1015,502,502,3,42.55
6183,2480,1029,327,0,0,103.15
6184,2480,1011,714,0,0,46.76
6185,2480,1035,359,0,0,145.53
6186,2480,1024,542,0,0,76.03
6187,2481,1019,188,188,6,131.07
6188,2481,1010,953,953,15,25.69
6189,2481,1023,351,351,10,103.56
6190,2481,1011,81,81,0,41.91
6191,2482,1016,479,479,8,25.43
6192,2482,1017,293,293,12,65.37
6193,2482,1020,174,174,8,116.61
6194,2482,1031,156,156,5,134.61
6195,2483,1008,614,614,30,5.9
6196,2484,1034,979,979,5,233.12
6197,2484,1020,891,891,28,103.14
6198,2485,1028,770,770,10,95.57
6199,2485,1019,918,918,29,136.76
6200,2485,1004,699,699,2,3.66
6201,2486,1021,803,803,8,81.77
6202,2487,1020,459,459,0,100.04
6203,2487,1016,1058,1058,5,23.73
6204,2487,1006,1054,1054,14,4.59
6205,2487,1032,672,672,28,157.95
6206,2488,1031,634,634,13,133.08
6207,2488,1011,418,418,1,47.75
6208,2488,1012,847,847,1,38.62
6209,2488,1005,204,204,0,7.86
6210,2489,1027,834,834,13,167.22
6211,2489,1037,498,498,17,192.9
6212,2489,1034,306,306,3,214.47
6213,2489,1032,375,375,12,154.2
6214,2490,1004,442,442,1,4.36
6215,2490,1031,57,57,2,131.09
6216,2490,1012,705,705,1,36.73
6217,2490,1018,906,906,29,86.42
6218,2491,1040,618,618,11,312.88
6219,2491,1011,775,775,12,41.77
6220,2492,1026,1092,1092,14,187.39
6221,2492,1015,782,782,19,40.47
6222,2492,1034,1176,1176,0,212.73
6223,2493,1005,230,230,4,8.59
6224,2493,1002,868,868,24,7.45
6225,2494,1025,252,252,1,134.31
6226,2494,1037,300,300,13,188.09
6227,2495,1037,292,292,9,187.45
6228,2495,1034,576,576,15,234.36
6229,2496,1003,822,822,12,8.55
6230,2497,1034,390,390,2,226.88
6231,2497,1008,935,935,35,7.17
6232,2498,1027,317,317,10,136.08
6233,2498,1014,999,999,31,44.37
6234,2498,1030,726,726,13,107.95
6235,2499,1008,845,845,5,6.29
6236,2499,1008,956,956,43,6.55
6237,2499,1021,389,389,19,82.21
6238,2499,1004,308,308,9,4.16
6239,2500,1024,144,144,1,65.42
6240,2500,1008,487,487,12,6.04
6241,2501,1011,810,810,29,48.07
6242,2502,1026,786,786,4,182.75
6243,2502,1010,574,574,13,26.77
6244,2502,1025,422,422,2,139.41
6245,2502,1019,602,602,5,142.54
6246,2503,1026,429,429,1,175.07
6247,2503,1001,179,179,2,7.81
6248,2503,1027,594,594,17,146.48
6249,2504,1037,92,0,0,186.82
6250,2505,1008,562,562,12,6.6
6251,2506,1017,722,722,29,66.75
6252,2506,1035,260,260,8,153.2
6253,2507,1038,352,352,10,133.99
6254,2507,1002,115,115,2,7.76
6255,2508,1031,987,987,32,132.92
6256,2508,1019,765,765,4,121.95
6257,2509,1036,728,728,31,324.27
6258,2510,1004,309,0,0,3.61
6259,2510,1013,290,0,0,37.3
6260,2511,1001,143,0,0,7.86
6261,2511,1033,967,0,0,239.73
6262,2511,1028,449,0,0,96.7
6263,2512,1023,527,527,23,102.61
6264,2513,1027,329,329,8,131.64
6265,2513,1032,884,884,30,127.87
6266,2513,1006,697,697,6,4.02
6267,2513,1036,507,507,24,268.86
6268,2514,1039,618,618,15,253.71
6269,2514,1037,241,241,9,171.84
6270,2514,1019,176,176,8,127.58
6271,2515,1004,496,496,4,4.06
6272,2516,1013,584,584,15,33.73
6273,2516,1017,956,956,1,70.89
6274,2516,1032,283,283,4,150.56
6275,2517,1003,489,489,8,8.73
6276,2517,1016,214,214,1,24.68
6277,2518,1001,100,100,4,7.32
6278,2518,1003,484,484,7,7.75
6279,2518,1034,505,505,18,214.76
6280,2519,1021,908,908,21,90.09
6281,2519,1027,849,849,21,143.49
6282,2520,1029,821,821,10,105.81
6283,2520,1027,314,314,10,132.29
6284,2521,1004,56,56,1,3.48
6285,2521,1009,355,355,4,46.15
6286,2521,1018,249,249,3,88.02
6287,2521,1028,498,498,7,80.49
6288,2522,1015,1206,1206,52,38.08
6289,2522,1008,529,529,15,7.23
6290,2523,1006,58,58,2,4.08
6291,2523,1015,759,759,8,43.5
6292,2523,1035,473,473,9,148.33
6293,2524,1001,1062,1062,40,6.5
6294,2525,1021,1054,1054,24,99.58
6295,2525,1039,1167,1167,54,231.57
6296,2526,1018,344,344,0,78.43
6297,2527,1025,480,480,6,143.98
6298,2527,1023,739,739,20,113.36
6299,2528,1011,487,487,0,42.11
6300,2529,1020,88,88,1,104.83
6301,2530,1032,312,312,0,131.18
6302,2530,1017,940,940,17,69.1
6303,2530,1019,745,745,33,133.96
6304,2531,1024,860,0,0,72.0
6305,2532,1014,87,0,0,42.08
6306,2532,1037,723,0,0,194.26
6307,2532,1011,405,0,0,44.44
6308,2533,1021,996,996,12,85.83
6309,2534,1021,253,253,5,99.8
6310,2534,1015,537,537,13,36.72
6311,2534,1029,100,100,1,109.29
6312,2535,1013,850,850,7,38.21
6313,2535,1022,937,937,37,106.07
6314,2535,1013,157,157,3,38.41
6315,2536,1034,943,943,19,244.93
6316,2536,1001,784,784,8,7.02
6317,2536,1034,296,296,13,264.82
6318,2536,1027,826,826,28,134.05
6319,2537,1035,794,794,7,143.37
6320,2538,1025,798,798,38,141.89
6321,2538,1040,1064,1064,12,283.8
6322,2538,1032,613,613,9,146.31
6323,2538,1008,652,652,30,6.95
6324,2539,1020,487,487,12,102.02
6325,2539,1016,1325,1325,24,23.79
6326,2539,1002,244,244,2,7.16
6327,2540,1014,903,903,23,44.88
6328,2541,1037,562,562,27,195.59
6329,2542,1039,477,477,7,261.1
6330,2542,1004,212,212,9,4.01
6331,2542,1009,840,840,15,47.35
6332,2542,1021,882,882,37,80.58
6333,2543,1001,189,189,4,6.81
6334,2543,1009,188,188,1,43.66
6335,2544,1035,866,866,30,177.18
6336,2544,1026,203,203,2,152.79
6337,2544,1037,435,435,10,159.57
6338,2545,1018,901,901,32,77.38
6339,2545,1035,594,594,20,155.66
6340,2545,1028,387,387,5,77.86
6341,2546,1038,270,270,1,134.87
6342,2546,1005,919,919,14,7.93
6343,2547,1019,186,186,4,135.07
6344,2547,1033,1103,1103,53,244.06
6345,2547,1007,698,698,17,5.87
6346,2547,1031,268,268,4,135.58
6347,2548,1006,487,487,22,4.11
6348,2548,1040,529,529,16,306.29
6349,2548,1010,395,395,8,25.02
6350,2549,1036,962,962,41,286.85
6351,2550,1006,729,729,29,4.15
6352,2550,1022,559,559,9,111.25
6353,2550,1025,503,503,14,144.9
6354,2551,1032,804,804,0,150.25
6355,2551,1036,564,564,25,315.27
6356,2552,1011,754,754,18,40.5
6357,2552,1019,1369,1369,24,141.62
6358,2553,1037,217,217,10,196.66
6359,2553,1030,526,526,22,108.53
6360,2553,1016,268,268,9,26.5
6361,2553,1005,549,549,21,8.59
6362,2554,1017,572,572,13,75.27
6363,2554,1013,654,654,25,36.73
6364,2555,1014,341,341,15,49.95
6365,2555,1033,328,328,6,246.34
6366,2555,1025,875,875,7,158.96
6367,2556,1006,757,757,10,4.27
6368,2557,1016,579,579,18,28.83
6369,2557,1007,343,343,6,5.78
6370,2557,1002,139,139,2,6.28
6371,2558,1005,331,331,11,8.68
6372,2558,1039,1380,1380,25,221.82
6373,2558,1037,184,184,8,187.74
6374,2558,1037,807,807,34,181.4
6375,2559,1025,639,639,6,162.74
6376,2559,1017,950,950,13,73.92
6377,2559,1009,778,778,20,44.59
6378,2560,1007,1079,1079,27,4.67
6379,2561,1033,310,0,0,226.59
6380,2562,1034,769,769,34,237.47
6381,2562,1027,427,427,18,141.46
6382,2563,1013,703,703,9,33.66
6383,2564,1025,405,405,15,163.32
6384,2564,1012,952,952,47,36.59
6385,2565,1021,502,502,16,99.87
6386,2565,1033,80,80,2,218.55
6387,2565,1007,387,387,15,5.64
6388,2565,1029,636,636,15,94.81
6389,2566,1029,435,435,21,96.89
6390,2566,1030,235,235,8,103.52
6391,2566,1024,987,987,38,60.42
6392,2566,1003,783,783,10,7.34
6393,2567,1002,1085,1085,18,6.93
6394,2567,1023,484,484,18,92.81
6395,2567,1012,197,197,6,35.29
6396,2568,1026,736,736,10,167.72
6397,2569,1032,79,79,1,147.62
6398,2569,1034,830,830,39,236.08
6399,2570,1037,867,867,30,200.41
6400,2570,1001,217,217,2,6.79
6401,2570,1030,305,305,10,91.64
6402,2570,1029,983,983,48,93.69
6403,2571,1035,83,83,1,154.56
6404,2571,1037,499,499,10,190.12
6405,2571,1031,820,820,30,136.12
6406,2572,1003,797,797,33,8.0
6407,2572,1012,227,227,1,31.47
6408,2573,1032,988,988,23,141.9
6409,2573,1032,734,734,24,137.48
6410,2573,1021,52,52,2,94.17
6411,2574,1011,99,0,0,46.13
6412,2574,1039,561,0,0,247.62
6413,2574,1039,347,0,0,237.11
6414,2574,1006,753,0,0,4.01
6415,2575,1028,506,506,16,99.11
6416,2576,1011,988,988,43,46.5
6417,2576,1037,117,117,0,165.62
6418,2576,1033,268,268,3,200.95
6419,2576,1028,821,821,7,82.59
6420,2577,1003,460,0,0,8.44
6421,2577,1035,838,0,0,166.8
6422,2578,1016,219,219,4,28.43
6423,2579,1036,412,412,7,283.4
6424,2580,1018,685,685,33,88.61
6425,2581,1030,494,494,16,94.25
6426,2581,1007,1117,1117,4,5.65
6427,2581,1023,648,648,3,101.17
6428,2581,1027,285,285,7,163.72
6429,2582,1034,175,175,6,219.01
6430,2583,1011,651,651,9,42.41
6431,2583,1027,1128,1128,55,142.11
6432,2584,1016,650,650,24,27.53
6433,2585,1006,919,919,2,3.96
6434,2586,1015,598,598,13,40.16
6435,2586,1039,237,237,8,219.4
6436,2586,1009,585,585,23,44.73
6437,2587,1003,140,140,6,8.47
6438,2587,1033,51,51,2,198.43
6439,2587,1009,503,503,4,43.19
6440,2588,1017,1353,1353,18,67.93
6441,2589,1036,270,270,9,319.82
6442,2589,1027,726,726,36,133.19
6443,2590,1032,981,981,9,139.66
6444,2590,1035,676,676,26,143.92
6445,2590,1006,170,170,6,4.62
6446,2590,1012,178,178,5,33.86
6447,2591,1025,466,466,1,155.39
6448,2591,1038,787,787,36,159.58
6449,2591,1003,182,182,1,8.21
6450,2591,1005,632,632,21,8.24
6451,2592,1011,1143,1143,16,42.72
6452,2592,1006,408,408,4,4.31
6453,2592,1033,330,330,4,203.02
6454,2592,1016,324,324,5,25.55
6455,2593,1021,432,432,9,81.93
6456,2593,1018,48,48,1,81.89
6457,2593,1037,69,69,1,174.46
6458,2594,1021,54,0,0,82.73
6459,2594,1016,48,0,0,28.74
6460,2594,1019,598,0,0,122.76
6461,2594,1020,521,0,0,117.5
6462,2595,1009,452,452,8,46.22
6463,2595,1019,940,940,26,113.17
6464,2595,1018,739,739,0,87.07
6465,2596,1037,511,511,6,186.72
6466,2596,1035,686,686,27,164.93
6467,2597,1018,164,164,5,82.19
6468,2597,1010,88,88,0,23.95
6469,2598,1016,878,878,15,25.46
6470,2598,1027,956,956,20,160.23
6471,2599,1015,235,235,11,38.01
6472,2599,1014,685,685,14,40.52
6473,2599,1013,375,375,6,40.89
6474,2599,1039,508,508,6,220.61
6475,2600,1019,923,0,0,139.59
6476,2600,1006,373,0,0,4.36
6477,2600,1030,643,0,0,98.25
6478,2600,1019,255,0,0,134.71
6479,2601,1035,198,198,5,161.68
6480,2601,1017,123,123,3,73.53
6481,2602,1020,65,65,0,103.92
6482,2602,1002,365,365,14,6.67
6483,2603,1014,493,493,17,43.56
6484,2604,1022,169,169,6,99.94
6485,2604,1040,646,646,24,302.75
6486,2605,1015,233,233,8,42.76
6487,2605,1013,144,144,0,40.81
6488,2606,1002,261,0,0,7.89
6489,2607,1018,410,410,9,81.07
6490,2608,1008,649,649,0,7.39
6491,2608,1026,848,848,41,171.38
6492,2608,1026,162,162,6,156.6
6493,2608,1023,1034,1034,4,110.22
6494,2609,1025,385,385,4,140.77
6495,2609,1021,197,197,4,96.8
6496,2609,1002,739,739,14,7.28
6497,2610,1020,183,183,7,97.99
6498,2610,1040,459,459,15,298.68
6499,2610,1036,226,226,6,323.57
6500,2610,1006,138,138,4,4.14
6501,2611,1033,254,254,5,206.14
6502,2612,1003,434,434,14,7.35
6503,2612,1011,1391,1391,47,46.59
6504,2613,1016,80,80,0,25.6
6505,2613,1024,301,301,13,62.89
6506,2614,1011,1040,1040,22,44.8
6507,2614,1040,569,569,23,258.65
6508,2614,1025,1106,1106,36,159.16
6509,2614,1009,1269,1269,5,49.1
6510,2615,1026,204,204,0,162.83
6511,2615,1027,717,717,23,157.9
6512,2615,1001,521,521,15,6.48
6513,2615,1024,570,570,19,72.11
6514,2616,1032,1202,1202,40,140.11
6515,2616,1007,919,919,41,5.72
6516,2616,1034,1311,1311,58,263.53
6517,2616,1039,638,638,6,239.15
6518,2617,1027,537,537,26,147.65
6519,2618,1032,908,908,43,136.59
6520,2618,1019,647,647,12,127.31
6521,2618,1025,84,84,1,147.67
6522,2619,1029,606,0,0,105.17
6523,2620,1032,567,567,0,153.51
6524,2620,1009,73,73,2,47.75
6525,2620,1020,455,455,8,121.96
6526,2620,1022,765,765,33,109.18
6527,2621,1016,50,50,2,27.52
6528,2621,1012,367,367,14,38.04
6529,2621,1022,923,923,44,113.88
6530,2621,1009,242,242,9,42.58
6531,2622,1031,375,375,12,139.63
6532,2622,1004,344,344,0,3.43
6533,2623,1024,936,936,22,74.98
6534,2623,1016,373,373,11,26.64
6535,2623,1012,525,525,8,31.67
6536,2624,1001,380,380,8,7.3
6537,2624,1009,680,680,28,43.68
6538,2624,1021,254,254,10,96.82
6539,2625,1007,229,229,9,5.53
6540,2625,1033,291,291,10,213.57
6541,2625,1027,170,170,6,143.32
6542,2626,1001,233,233,10,6.73
6543,2626,1010,862,862,6,28.64
6544,2626,1028,847,847,23,91.97
6545,2626,1004,539,539,1,3.55
6546,2627,1014,142,142,5,44.4
6547,2628,1036,529,0,0,306.39
6548,2628,1030,990,0,0,94.36
6549,2629,1039,878,878,32,218.07
6550,2629,1030,225,225,4,88.06
6551,2629,1003,846,846,6,7.03
6552,2630,1027,379,379,11,148.89
6553,2630,1023,873,873,32,94.46
6554,2631,1003,397,397,3,8.32
6555,2632,1023,721,721,32,96.48
6556,2632,1040,653,653,23,284.19
6557,2632,1038,864,864,11,144.57
6558,2633,1032,173,173,7,142.13
6559,2633,1038,547,547,26,135.63
6560,2633,1022,343,343,10,120.95
6561,2634,1022,995,995,20,121.63
6562,2634,1005,199,199,4,7.62
6563,2635,1014,877,877,31,47.36
6564,2635,1013,355,355,13,37.68
6565,2636,1032,281,281,1,132.28
6566,2636,1012,317,317,3,31.81
6567,2636,1015,452,452,1,37.6
6568,2637,1010,734,734,17,23.95
6569,2638,1028,508,508,4,84.15
6570,2639,1023,700,700,18,113.42
6571,2640,1035,755,0,0,158.27
6572,2640,1020,627,0,0,116.54
6573,2641,1028,747,747,8,91.08
6574,2641,1004,838,838,9,3.43
6575,2641,1010,604,604,27,24.28
6576,2641,1003,259,259,2,7.85
6577,2642,1021,262,262,3,94.19
6578,2642,1027,153,153,1,156.57
6579,2642,1018,167,167,1,74.6
6580,2643,1034,1149,1149,2,233.02
6581,2643,1033,1313,1313,16,220.61
6582,2643,1039,621,621,17,241.83
6583,2643,1026,887,887,3,171.07
6584,2644,1016,205,205,0,27.0
6585,2644,1014,491,491,13,39.7
6586,2645,1003,546,546,25,8.77
6587,2646,1025,702,702,10,162.67
6588,2646,1021,552,552,20,101.46
6589,2647,1025,638,638,20,153.07
6590,2647,1015,410,410,11,40.17
6591,2647,1039,450,450,21,256.43
6592,2648,1001,1160,1160,41,7.56
6593,2648,1009,147,147,3,48.92
6594,2648,1009,971,971,39,49.21
6595,2649,1020,414,414,3,109.57
6596,2649,1024,270,270,9,68.09
6597,2649,1033,1258,1258,48,207.6
6598,2649,1029,1132,1132,7,103.05
6599,2650,1030,309,309,13,106.91
6600,2650,1002,841,841,23,7.92
6601,2650,1022,567,567,1,115.11
6602,2650,1003,761,761,29,8.79
6603,2651,1002,133,133,1,7.73
6604,2651,1030,1021,1021,33,107.48
6605,2652,1040,983,0,0,258.48
6606,2652,1001,140,0,0,6.81
6607,2653,1029,75,0,0,106.75
6608,2653,1029,459,0,0,99.95
6609,2653,1022,276,0,0,126.78
6610,2653,1019,317,0,0,114.84
6611,2654,1022,795,795,14,100.93
6612,2655,1032,530,530,10,158.5
6613,2655,1032,1320,1320,58,142.09
6614,2655,1001,498,498,3,6.61
6615,2655,1035,581,581,6,159.76
6616,2656,1025,116,116,1,160.8
6617,2656,1034,166,166,5,233.52
6618,2656,1004,504,504,11,4.26
6619,2656,1038,598,598,11,153.99
6620,2657,1013,518,518,14,33.92
6621,2657,1032,608,608,30,128.9
6622,2658,1008,567,567,21,6.96
6623,2658,1035,714,714,14,148.07
6624,2659,1016,408,408,10,26.85
6625,2659,1031,653,653,3,115.54
6626,2659,1009,256,256,12,44.64
6627,2659,1030,740,740,1,87.7
6628,2660,1018,335,335,2,78.45
6629,2660,1024,742,742,27,61.85
6630,2660,1025,309,309,1,144.82
6631,2661,1004,247,247,3,4.26
6632,2661,1019,385,385,11,117.51
6633,2662,1023,434,434,9,107.61
6634,2662,1018,402,402,4,82.9
6635,2663,1016,98,98,2,28.06
6636,2663,1011,194,194,8,45.41
6637,2663,1001,611,611,23,7.08
6638,2664,1017,890,890,20,63.13
6639,2665,1013,1297,1297,29,32.79
6640,2665,1017,751,751,13,77.44
6641,2665,1040,1220,1220,32,304.57
6642,2666,1003,62,0,0,8.26
6643,2667,1003,201,201,4,7.03
6644,2667,1011,904,904,37,40.67
6645,2667,1019,503,503,15,114.49
6646,2668,1027,464,464,13,131.29
6647,2668,1002,639,639,17,7.44
6648,2669,1024,196,196,6,65.37
6649,2669,1019,571,571,8,131.92
6650,2670,1011,660,660,0,41.44
6651,2670,1032,928,928,38,135.28
6652,2670,1016,282,282,4,26.39
6653,2670,1013,833,833,33,35.99
6654,2671,1038,992,992,30,145.74
6655,2672,1031,797,797,22,118.38
6656,2672,1026,486,486,17,179.09
6657,2672,1010,739,739,36,30.02
6658,2672,1035,272,272,3,158.64
6659,2673,1036,543,0,0,304.04
6660,2673,1006,1031,0,0,4.13
6661,2674,1006,979,979,1,4.14
6662,2675,1010,498,498,18,24.12
6663,2676,1033,568,568,19,213.4
6664,2676,1023,509,509,20,96.76
6665,2677,1018,348,348,6,81.42
6666,2677,1019,765,765,12,142.23
6667,2678,1023,1157,1157,46,104.65
6668,2679,1033,887,887,22,248.71
6669,2680,1004,361,361,12,3.74
6670,2680,1005,580,580,12,7.47
6671,2681,1025,203,203,3,145.05
6672,2681,1015,1393,1393,66,41.35
6673,2681,1012,323,323,10,32.43
6674,2682,1023,1012,1012,8,102.78
6675,2683,1011,72,72,0,46.66
6676,2683,1032,756,756,11,152.74
6677,2684,1006,1096,1096,49,3.93
6678,2684,1006,417,417,20,4.41
6679,2685,1012,815,815,35,32.71
6680,2686,1003,544,544,19,7.9
6681,2686,1018,638,638,25,88.93
6682,2686,1036,268,268,4,322.13
6683,2686,1029,53,53,0,103.04
6684,2687,1016,624,624,24,26.9
6685,2687,1018,590,590,3,85.51
6686,2687,1024,77,77,1,75.67
6687,2687,1013,341,341,14,32.81
6688,2688,1026,1104,1104,42,176.88
6689,2688,1023,1279,1279,27,115.95
6690,2688,1012,386,386,8,34.54
6691,2688,1021,1062,1062,5,97.94
6692,2689,1018,214,214,10,84.69
6693,2689,1026,458,458,2,157.56
6694,2690,1030,1297,1297,52,88.56
6695,2691,1028,737,737,21,83.5
6696,2691,1010,296,296,0,25.1
6697,2691,1035,606,606,15,141.38
6698,2692,1002,555,555,4,6.64
6699,2693,1010,183,183,5,25.51
6700,2693,1012,120,120,3,31.86
6701,2693,1020,1066,1066,21,110.7
6702,2694,1023,338,338,14,113.94
6703,2694,1036,259,259,1,303.24
6704,2695,1022,638,638,17,115.31
6705,2695,1006,507,507,17,4.24
6706,2696,1035,914,914,21,153.16
6707,2696,1016,564,564,1,26.21
6708,2697,1009,856,856,36,49.72
6709,2697,1015,988,988,46,35.7
6710,2698,1039,105,105,3,259.51
6711,2698,1014,1260,1260,45,44.49
6712,2699,1024,74,74,2,73.08
6713,2699,1002,240,240,6,7.97
6714,2699,1006,1229,1229,57,4.43
6715,2699,1015,583,583,21,43.89
6716,2700,1008,55,55,1,6.67
6717,2700,1002,315,315,6,6.35
6718,2700,1009,335,335,3,47.34
6719,2701,1023,471,471,9,115.13
6720,2701,1007,316,316,14,5.15
6721,2701,1034,201,201,6,234.42
6722,2702,1003,339,339,15,7.71
6723,2702,1010,306,306,14,26.12
6724,2702,1018,374,374,1,72.96
6725,2702,1039,581,581,16,238.92
6726,2703,1027,475,475,8,149.49
6727,2703,1002,785,785,24,7.3
6728,2704,1039,813,813,18,241.63
6729,2705,1039,896,896,16,231.52
6730,2706,1009,649,649,16,47.42
6731,2706,1027,734,734,31,133.29
6732,2707,1003,409,409,18,7.86
6733,2708,1015,403,403,10,41.26
6734,2708,1011,692,692,6,39.69
6735,2709,1004,459,459,5,3.76
6736,2709,1038,761,761,12,134.49
6737,2709,1021,832,832,9,80.7
6738,2709,1025,276,276,9,149.07
6739,2710,1005,494,494,20,8.55
6740,2710,1029,1286,1286,49,88.41
6741,2711,1027,264,264,11,143.1
6742,2711,1029,663,663,3,87.74
6743,2711,1014,387,387,4,41.12
6744,2712,1009,909,909,0,46.79
6745,2713,1004,746,746,34,3.56
6746,2714,1040,887,887,29,293.44
6747,2714,1028,1369,1369,56,93.54
6748,2714,1037,271,271,10,159.39
6749,2715,1002,115,115,1,6.68
6750,2715,1039,374,374,12,258.65
6751,2715,1008,294,294,10,6.49
6752,2715,1025,441,441,19,157.22
6753,2716,1025,275,275,8,157.69
6754,2716,1001,1387,1387,64,7.77
6755,2716,1005,533,533,15,7.2
6756,2716,1010,442,442,14,29.13
6757,2717,1028,250,250,7,88.19
6758,2718,1010,929,929,26,29.89
6759,2718,1033,192,192,1,205.02
6760,2718,1018,741,741,12,87.34
6761,2719,1020,660,660,16,103.76
6762,2719,1038,859,859,38,129.63
6763,2719,1008,667,667,12,7.38
6764,2719,1010,266,266,0,24.43
6765,2720,1011,361,361,10,45.09
6766,2721,1006,366,366,16,4.69
6767,2722,1026,922,922,28,171.4
6768,2722,1005,1353,1353,9,8.13
6769,2722,1003,278,278,8,7.07
6770,2722,1022,599,599,25,126.29
6771,2723,1010,593,593,15,25.55
6772,2723,1039,938,938,22,236.22
6773,2723,1030,721,721,28,100.85
6774,2724,1027,475,475,12,143.23
6775,2724,1019,104,104,4,129.11
6776,2725,1026,138,138,0,170.31
6777,2725,1017,180,180,5,68.47
6778,2726,1032,336,336,4,129.59
6779,2726,1008,533,533,19,6.26
6780,2727,1025,176,176,5,134.7
6781,2727,1006,114,114,4,4.19
6782,2727,1037,826,826,11,188.93
6783,2727,1036,382,382,2,315.61
6784,2728,1008,312,312,3,6.51
6785,2728,1003,360,360,2,7.51
6786,2729,1038,464,464,12,148.12
6787,2729,1022,436,436,11,114.62
6788,2730,1005,444,0,0,8.77
6789,2730,1012,214,0,0,38.23
6790,2731,1015,360,360,16,44.11
6791,2732,1027,457,457,1,145.08
6792,2733,1035,62,62,0,168.28
6793,2733,1039,492,492,3,258.08
6794,2734,1021,974,974,19,85.2
6795,2734,1032,686,686,7,153.3
6796,2735,1015,947,947,41,36.38
6797,2735,1004,355,355,4,4.35
6798,2735,1007,847,847,21,5.3
6799,2735,1013,962,962,5,38.44
6800,2736,1010,865,865,42,29.03
6801,2736,1010,970,970,14,24.06
6802,2737,1027,382,382,7,144.95
6803,2737,1018,537,537,20,81.4
6804,2738,1012,237,237,10,32.13
6805,2738,1024,493,493,10,64.35
6806,2738,1032,801,801,39,136.48
6807,2739,1019,763,763,36,131.7
6808,2739,1032,988,988,7,129.83
6809,2739,1002,862,862,25,6.91
6810,2739,1031,303,303,10,136.09
6811,2740,1027,494,494,4,139.2
6812,2740,1013,416,416,18,39.83
6813,2740,1008,585,585,5,6.27
6814,2741,1001,376,0,0,6.37
6815,2742,1032,268,268,12,147.97
6816,2742,1036,366,366,5,313.03
6817,2743,1005,873,873,41,9.04
6818,2743,1024,814,814,1,63.57
6819,2743,1033,513,513,5,212.89
6820,2744,1026,78,78,0,152.29
6821,2744,1002,973,973,32,7.18
6822,2744,1022,515,515,21,103.94
6823,2745,1031,840,840,2,122.48
6824,2745,1017,201,201,5,70.83
6825,2745,1024,124,124,5,70.37
6826,2745,1022,1257,1257,52,108.66
6827,2746,1016,482,482,13,26.41
6828,2746,1020,125,125,1,106.05
6829,2747,1017,494,494,6,77.1
6830,2747,1038,900,900,40,162.62
6831,2748,1013,896,896,33,37.1
6832,2748,1030,580,580,20,86.3
6833,2748,1031,415,415,10,132.7
6834,2748,1027,544,544,12,158.33
6835,2749,1019,372,372,6,124.44
6836,2749,1002,803,803,17,7.09
6837,2749,1020,492,492,18,100.68
6838,2750,1034,561,561,8,233.5
6839,2751,1008,830,830,29,7.29
6840,2751,1030,125,125,1,103.13
6841,2752,1030,510,510,8,102.15
6842,2752,1018,502,502,8,77.82
6843,2752,1005,285,285,8,8.76
6844,2752,1030,252,252,9,93.07
6845,2753,1030,705,705,6,107.65
6846,2753,1008,614,614,20,6.62
6847,2754,1002,294,294,6,7.41
6848,2754,1013,947,947,12,39.43
6849,2754,1015,1290,1290,51,37.65
6850,2755,1015,1101,1101,38,40.04
6851,2755,1020,1143,1143,31,112.01
6852,2756,1014,616,616,14,49.27
6853,2757,1018,835,835,25,87.54
6854,2758,1025,579,579,19,167.99
6855,2759,1003,776,0,0,7.79
6856,2759,1019,973,0,0,135.2
6857,2759,1026,185,0,0,187.12
6858,2760,1027,96,96,1,151.3
6859,2760,1025,217,217,3,142.0
6860,2761,1025,298,298,12,142.62
6861,2761,1003,656,656,8,7.85
6862,2761,1038,912,912,7,128.87
6863,2762,1002,468,468,9,6.39
6864,2762,1010,788,788,10,27.56
6865,2763,1027,1337,1337,7,160.1
6866,2764,1035,834,834,7,152.52
6867,2764,1020,275,275,4,116.94
6868,2764,1030,505,505,16,105.68
6869,2765,1025,121,121,1,156.61
6870,2765,1027,212,212,0,153.32
6871,2766,1006,760,760,2,4.36
6872,2766,1029,813,813,20,109.84
6873,2766,1031,278,278,1,130.08
6874,2767,1003,657,657,32,8.45
6875,2767,1018,658,658,6,89.23
6876,2767,1018,960,960,14,70.6
6877,2768,1020,1370,1370,19,102.42
6878,2769,1020,758,758,32,108.75
6879,2769,1027,838,838,41,144.26
6880,2769,1036,223,223,2,268.12
6881,2770,1011,85,0,0,46.63
6882,2770,1011,707,0,0,43.74
6883,2770,1004,897,0,0,4.33
6884,2770,1013,683,0,0,34.05
6885,2771,1012,120,120,4,34.52
6886,2771,1022,471,471,21,122.7
6887,2771,1035,137,137,4,166.56
6888,2771,1032,716,716,3,140.52
6889,2772,1020,417,417,12,97.29
6890,2772,1032,852,852,16,156.67
6891,2772,1022,149,149,5,115.19
6892,2772,1025,390,390,11,149.71
6893,2773,1003,558,558,20,7.81
6894,2773,1034,627,627,22,224.04
6895,2773,1011,1300,1300,56,43.44
6896,2773,1004,844,844,26,4.05
6897,2774,1017,830,830,19,67.74
6898,2774,1027,421,421,0,158.21
6899,2775,1010,155,155,5,26.99
6900,2776,1007,402,402,6,5.87
6901,2777,1026,107,107,4,163.37
6902,2778,1034,229,229,4,263.7
6903,2778,1013,797,797,25,34.31
6904,2778,1037,289,289,8,170.5
6905,2778,1036,494,494,19,324.4
6906,2779,1011,96,96,3,39.84
6907,2779,1040,437,437,21,255.82
6908,2780,1019,272,272,2,140.58
6909,2781,1016,958,958,42,26.34
6910,2782,1002,756,756,21,6.54
6911,2782,1016,874,874,25,25.86
6912,2783,1028,167,167,3,87.77
6913,2783,1036,821,821,21,326.44
6914,2783,1040,864,864,41,249.06
6915,2783,1006,68,68,1,4.66
6916,2784,1030,690,690,2,95.14
6917,2784,1028,90,90,0,92.72
6918,2784,1039,878,878,29,226.56
6919,2785,1026,674,0,0,186.81
6920,2786,1002,1085,1085,22,7.35
6921,2787,1002,755,755,23,6.68
6922,2787,1012,248,248,1,35.54
6923,2787,1025,165,165,6,142.8
6924,2787,1020,537,537,6,114.09
6925,2788,1029,1345,1345,64,88.88
6926,2788,1027,693,693,19,131.85
6927,2789,1001,771,771,3,6.93
6928,2789,1020,479,479,18,103.81
6929,2789,1033,690,690,17,243.06
6930,2789,1036,480,480,2,300.49
6931,2790,1011,533,533,25,42.37
6932,2791,1005,740,740,14,8.08
6933,2791,1023,573,573,18,113.99
6934,2791,1025,818,818,3,154.38
6935,2792,1019,156,156,1,116.01
6936,2792,1017,851,851,3,63.53
6937,2792,1030,289,289,6,94.43
6938,2793,1014,485,485,6,44.7
6939,2793,1015,113,113,0,42.35
6940,2794,1014,665,665,10,42.18
6941,2794,1003,781,781,19,7.62
6942,2795,1002,515,515,21,7.07
6943,2795,1038,115,115,2,139.39
6944,2796,1035,255,0,0,146.35
6945,2796,1022,490,0,0,99.96
6946,2796,1018,889,0,0,87.57
6947,2797,1014,900,900,6,40.37
6948,2797,1023,220,220,1,107.63
6949,2797,1019,713,713,10,134.02
6950,2797,1015,591,591,22,44.51
6951,2798,1007,376,0,0,5.44
6952,2798,1012,1302,0,0,35.56
6953,2799,1019,424,424,1,116.26
6954,2799,1012,1188,1188,52,32.89
6955,2800,1001,980,980,24,6.36
6956,2801,1020,627,627,29,119.99
6957,2801,1008,1388,1388,1,7.44
6958,2802,1040,289,289,5,292.75
6959,2802,1027,611,611,17,140.54
6960,2802,1039,442,442,8,261.23
6961,2802,1034,771,771,34,246.07
6962,2803,1002,734,734,14,7.73
6963,2803,1016,841,841,19,23.03
6964,2804,1023,661,661,12,110.99
6965,2805,1022,371,371,1,116.96
6966,2805,1011,621,621,11,44.54
6967,2805,1016,1019,1019,2,24.27
6968,2805,1004,786,786,27,3.85
6969,2806,1017,235,235,6,69.99
6970,2807,1027,362,362,12,140.06
6971,2808,1039,1075,1075,4,216.55
6972,2809,1026,576,576,1,167.48
6973,2809,1018,854,854,7,77.19
6974,2810,1007,705,705,2,4.72
6975,2810,1001,875,875,30,7.43
6976,2810,1001,1250,1250,57,7.23
6977,2811,1021,947,947,1,81.17
6978,2811,1012,602,602,11,35.36
6979,2811,1015,1006,1006,5,38.64
6980,2812,1016,454,454,10,24.4
6981,2812,1008,454,454,0,7.26
6982,2812,1008,180,180,4,5.86
6983,2813,1015,819,819,28,43.69
6984,2813,1023,430,430,14,115.38
6985,2814,1030,65,0,0,92.31
6986,2814,1033,206,0,0,233.6
6987,2814,1023,256,0,0,93.12
6988,2814,1026,872,0,0,165.44
6989,2815,1016,266,266,8,26.25
6990,2815,1024,542,542,18,61.55
6991,2816,1021,167,167,5,82.64
6992,2816,1011,481,481,12,39.04
6993,2816,1019,344,344,9,138.13
6994,2816,1031,866,866,31,136.94
6995,2817,1025,864,864,42,153.95
6996,2818,1020,1110,1110,45,112.39
6997,2818,1018,1330,1330,43,87.72
6998,2818,1021,585,585,4,86.85
6999,2819,1028,338,338,7,96.91
7000,2819,1015,131,131,2,38.69
7001,2819,1029,737,737,13,95.84
7002,2819,1005,389,389,15,7.98
7003,2820,1025,81,81,1,167.82
7004,2820,1030,166,166,5,100.81
7005,2821,1010,103,0,0,29.11
7006,2821,1014,1014,0,0,46.88
7007,2822,1033,969,969,19,245.2
7008,2822,1012,842,842,6,30.7
7009,2823,1034,831,831,17,239.02
7010,2823,1033,226,226,2,240.46
7011,2823,1001,162,162,2,7.91
7012,2823,1032,961,961,39,156.6
7013,2824,1011,891,891,10,46.26
7014,2824,1028,765,765,23,88.32
7015,2824,1001,100,100,4,6.54
7016,2824,1031,72,72,2,133.0
7017,2825,1015,163,0,0,36.67
7018,2825,1021,112,0,0,83.35
7019,2825,1035,276,0,0,147.61
7020,2826,1023,495,0,0,96.21
7021,2826,1040,738,0,0,288.11
7022,2827,1003,402,402,0,7.37
7023,2827,1010,260,260,12,26.77
7024,2827,1011,30,30,0,47.13
7025,2827,1009,524,524,23,46.22
7026,2828,1001,865,865,38,6.64
7027,2828,1032,943,943,18,137.42
7028,2828,1004,216,216,9,4.24
7029,2828,1029,523,523,4,99.35
7030,2829,1004,435,435,7,4.25
7031,2829,1028,495,495,10,98.69
7032,2829,1039,502,502,21,248.42
7033,2830,1022,850,850,15,113.6
7034,2830,1034,84,84,3,252.5
7035,2830,1019,283,283,4,129.07
7036,2831,1005,908,908,41,7.93
7037,2831,1024,567,567,20,68.27
7038,2831,1016,841,841,3,24.03
7039,2831,1026,661,661,29,179.72
7040,2832,1021,503,503,2,99.95
7041,2832,1026,139,139,1,173.24
7042,2833,1025,755,755,1,154.25
7043,2833,1007,468,468,4,5.23
7044,2833,1002,636,636,0,6.73
7045,2834,1037,1136,1136,49,196.21
7046,2834,1011,1057,1057,26,42.16
7047,2835,1032,573,573,8,153.37
7048,2835,1013,655,655,4,40.94
7049,2835,1009,597,597,20,45.92
7050,2835,1008,373,373,1,7.03
7051,2836,1034,696,696,4,257.46
7052,2836,1034,867,867,38,215.73
7053,2837,1016,454,454,7,25.26
7054,2838,1028,926,926,31,78.73
7055,2838,1009,701,701,6,41.04
7056,2839,1017,134,134,5,61.02
7057,2839,1009,747,747,30,40.54
7058,2839,1014,129,129,5,43.49
7059,2839,1018,566,566,1,76.57
7060,2840,1022,282,282,9,103.75
7061,2840,1012,96,96,4,30.75
7062,2841,1038,399,399,9,155.66
7063,2841,1014,503,503,24,48.97
7064,2841,1004,200,200,8,4.22
7065,2842,1032,590,590,10,133.78
7066,2843,1010,391,391,6,28.21
7067,2844,1006,841,841,21,4.26
7068,2844,1035,390,390,1,176.41
7069,2844,1013,648,648,31,32.78
7070,2845,1019,832,832,1,113.42
7071,2845,1006,591,591,4,3.79
7072,2845,1039,623,623,30,244.6
7073,2845,1026,405,405,9,158.32
7074,2846,1021,67,67,0,95.92
7075,2847,1016,1206,1206,57,24.32
7076,2848,1007,433,433,6,4.88
7077,2848,1012,850,850,15,35.34
7078,2848,1022,469,469,17,114.72
7079,2848,1023,522,522,21,95.18
7080,2849,1018,828,828,15,75.25
7081,2850,1017,453,453,6,63.99
7082,2850,1004,1257,1257,10,4.02
7083,2851,1023,903,903,25,111.26
7084,2851,1001,493,493,16,7.58
7085,2851,1039,894,894,17,262.24
7086,2852,1026,693,693,3,178.11
7087,2853,1031,287,287,4,126.61
7088,2853,1010,59,59,2,26.08
7089,2854,1012,361,361,7,37.76
7090,2854,1019,359,359,4,129.11
7091,2854,1029,465,465,4,100.09
7092,2854,1002,810,810,39,7.3
7093,2855,1024,1230,1230,55,63.58
7094,2855,1020,267,267,0,114.6
7095,2856,1002,839,0,0,7.14
7096,2856,1005,918,0,0,8.34
7097,2856,1033,479,0,0,197.73
7098,2856,1025,710,0,0,156.2
7099,2857,1039,478,478,20,222.67
7100,2858,1022,1139,1139,51,100.03
7101,2858,1030,1201,1201,52,108.89
7102,2858,1014,1050,1050,14,41.54
7103,2858,1035,975,975,43,153.69
7104,2859,1029,904,0,0,109.98
7105,2859,1036,625,0,0,280.4
7106,2859,1009,557,0,0,42.2
7107,2860,1030,330,330,13,98.73
7108,2861,1007,660,0,0,4.66
7109,2861,1002,758,0,0,6.7
7110,2862,1034,282,0,0,258.24
7111,2863,1019,504,504,15,133.67
7112,2863,1025,434,434,17,140.88
7113,2863,1015,221,221,2,36.19
7114,2863,1038,966,966,40,144.76
7115,2864,1036,848,848,9,332.51
7116,2864,1003,773,773,30,8.53
7117,2865,1038,159,159,0,149.51
7118,2865,1024,455,455,2,70.65
7119,2865,1006,990,990,33,3.99
7120,2866,1028,77,77,2,91.02
7121,2866,1025,1110,1110,24,138.41
7122,2867,1005,335,335,2,8.03
7123,2867,1022,409,409,5,119.83
7124,2868,1009,618,618,29,44.96
7125,2868,1019,176,176,6,140.38
7126,2868,1023,378,378,10,109.22
7127,2868,1028,354,354,14,86.76
7128,2869,1012,620,620,5,38.04
7129,2869,1026,490,490,5,181.73
7130,2869,1036,199,199,1,283.8
7131,2870,1025,575,575,19,155.46
7132,2870,1004,992,992,29,3.51
7133,2871,1018,868,868,36,75.91
7134,2871,1002,851,851,14,7.04
7135,2872,1029,938,938,12,88.36
7136,2872,1040,174,174,4,311.64
7137,2872,1023,960,960,41,107.79
7138,2872,1030,403,403,9,90.05
7139,2873,1029,1346,1346,64,86.61
7140,2873,1025,1167,1167,11,154.65
7141,2874,1017,397,397,9,65.61
7142,2874,1028,923,923,14,95.15
7143,2874,1024,576,576,13,71.4
7144,2874,1011,993,993,14,44.42
7145,2875,1026,697,0,0,170.02
7146,2876,1040,565,565,7,245.76
7147,2877,1010,273,273,4,26.96
7148,2878,1013,1195,1195,14,34.46
7149,2879,1031,318,318,12,114.74
7150,2879,1003,33,33,0,8.51
7151,2879,1030,66,66,1,101.88
7152,2879,1004,169,169,5,3.85
7153,2880,1008,163,163,2,6.64
7154,2880,1007,293,293,5,5.41
7155,2881,1038,812,812,30,146.39
7156,2881,1030,200,200,8,109.29
7157,2881,1017,866,866,40,72.2
7158,2881,1028,375,375,13,87.89
7159,2882,1025,458,458,5,158.68
7160,2882,1003,120,120,4,8.61
7161,2882,1031,360,360,12,140.97
7162,2882,1006,729,729,19,4.46
7163,2883,1032,944,944,30,150.12
7164,2883,1001,551,551,15,6.61
7165,2883,1014,756,756,18,41.88
7166,2883,1039,285,285,6,216.53
7167,2884,1007,1279,1279,18,4.68
7168,2884,1031,84,84,0,112.65
7169,2884,1005,422,422,1,8.65
7170,2884,1018,763,763,19,74.71
7171,2885,1037,688,688,19,198.72
7172,2885,1040,772,772,15,304.34
7173,2885,1020,386,386,12,122.86
7174,2885,1032,281,281,7,147.82
7175,2886,1035,190,190,6,167.57
7176,2887,1022,604,604,3,113.14
7177,2888,1013,302,302,5,40.68
7178,2888,1021,385,385,5,100.72
7179,2888,1026,73,73,0,168.43
7180,2888,1004,215,215,7,3.99
7181,2889,1040,721,0,0,311.51
7182,2889,1010,824,0,0,30.02
7183,2890,1002,598,0,0,7.69
7184,2891,1009,876,876,42,39.88
7185,2891,1015,859,859,5,40.7
7186,2891,1024,186,186,5,71.71
7187,2892,1030,336,336,13,88.19
7188,2893,1031,826,826,11,125.17
7189,2893,1038,845,845,0,153.5
7190,2893,1034,360,360,15,215.22
7191,2894,1028,747,747,8,86.69
7192,2894,1008,58,58,0,6.66
7193,2894,1024,416,416,14,67.72
7194,2895,1024,1187,1187,25,63.45
7195,2895,1028,845,845,22,92.22
7196,2895,1026,1268,1268,17,160.85
7197,2896,1018,804,804,39,82.48
7198,2897,1022,525,525,6,121.97
7199,2897,1030,389,389,8,105.62
7200,2897,1024,168,168,6,70.23
7201,2897,1005,322,322,5,8.76
7202,2898,1030,650,650,10,106.17
7203,2898,1001,267,267,5,7.4
7204,2898,1001,264,264,11,6.55
7205,2898,1026,574,574,2,178.33
7206,2899,1008,252,252,4,5.9
7207,2899,1037,528,528,4,169.6
7208,2900,1019,667,667,15,135.42
7209,2900,1014,866,866,13,39.83
7210,2900,1020,292,292,8,109.27
7211,2900,1030,724,724,32,103.46
7212,2901,1009,547,547,21,44.62
7213,2902,1002,571,571,19,7.12
7214,2902,1036,933,933,30,261.02
7215,2903,1018,865,865,15,84.7
7216,2904,1031,711,711,26,124.74
7217,2904,1010,161,161,3,28.83
7218,2904,1040,336,336,10,298.4
7219,2905,1025,239,239,0,165.54
7220,2905,1033,583,583,6,201.32
7221,2905,1022,851,851,8,115.09
7222,2906,1008,418,418,12,6.21
7223,2906,1008,731,731,15,5.94
7224,2906,1031,574,574,20,128.79
7225,2907,1007,471,471,12,5.73
7226,2907,1017,764,764,22,60.88
7227,2907,1011,350,350,13,38.92
7228,2907,1002,824,824,28,7.15
7229,2908,1022,1338,1338,61,105.4
7230,2908,1012,347,347,11,37.01
7231,2908,1018,400,400,0,70.12
7232,2908,1002,1150,1150,56,7.15
7233,2909,1008,614,614,11,7.0
7234,2910,1020,231,231,3,98.57
7235,2911,1006,965,965,19,4.32
7236,2911,1007,354,354,10,4.89
7237,2911,1014,660,660,2,40.72
7238,2912,1005,34,34,0,7.77
7239,2912,1030,206,206,6,101.41
7240,2912,1004,118,118,0,3.63
7241,2912,1003,40,40,1,8.38
7242,2913,1034,411,0,0,265.15
7243,2913,1012,96,0,0,34.97
7244,2913,1020,749,0,0,113.02
7245,2914,1017,294,294,1,62.74
7246,2915,1018,548,548,23,84.48
7247,2915,1018,781,781,32,71.9
7248,2915,1020,695,695,20,113.14
7249,2916,1028,706,706,7,81.57
7250,2917,1001,733,733,23,6.87
7251,2917,1023,296,296,13,111.06
7252,2917,1020,874,874,31,110.13
7253,2917,1037,251,251,12,158.51
7254,2918,1018,748,748,23,71.39
7255,2918,1007,167,167,0,5.92
7256,2918,1036,275,275,1,330.66
7257,2919,1005,203,203,7,8.52
7258,2919,1020,652,652,8,122.02
7259,2919,1011,850,850,8,41.09
7260,2919,1006,661,661,17,4.69
7261,2920,1025,316,316,13,137.62
7262,2920,1036,366,366,6,260.72
7263,2921,1002,636,636,2,7.74
7264,2922,1006,799,799,28,4.09
7265,2923,1013,135,135,3,38.02
7266,2923,1004,121,121,0,3.85
7267,2923,1007,703,703,16,5.73
7268,2923,1015,762,762,15,36.18
7269,2924,1001,942,942,41,7.81
7270,2924,1026,463,463,4,190.72
7271,2924,1025,478,478,17,167.7
7272,2924,1033,768,768,36,203.19
7273,2925,1040,326,326,2,249.87
7274,2925,1007,522,522,25,5.81
7275,2925,1038,1330,1330,65,157.85
7276,2925,1022,118,118,1,106.65
7277,2926,1012,816,816,12,32.75
7278,2926,1009,575,575,15,43.03
7279,2927,1012,694,694,15,38.36
7280,2927,1024,369,369,17,73.84
7281,2927,1005,510,510,22,8.58
7282,2927,1014,557,557,14,45.71
7283,2928,1038,758,758,4,149.0
7284,2928,1005,272,272,0,8.13
7285,2929,1010,462,462,3,25.84
7286,2929,1023,492,492,0,93.42
7287,2930,1005,676,676,11,7.89
7288,2930,1015,703,703,10,43.05
7289,2930,1008,376,376,2,6.19
7290,2931,1022,1351,1351,17,108.63
7291,2931,1031,1141,1141,21,132.59
7292,2931,1037,100,100,4,190.27
7293,2932,1027,1069,1069,38,159.7
7294,2932,1032,1311,1311,30,132.67
7295,2932,1032,743,743,17,159.44
7296,2932,1020,1132,1132,8,106.42
7297,2933,1026,329,329,9,165.13
7298,2933,1023,746,746,23,106.52
7299,2933,1006,637,637,20,4.29
7300,2934,1025,372,372,14,167.29
7301,2934,1028,517,517,18,91.11
7302,2935,1020,480,480,21,112.03
7303,2935,1032,301,301,7,158.94
7304,2935,1011,145,145,0,48.09
7305,2935,1005,211,211,5,7.74
7306,2936,1026,1110,1110,52,158.21
7307,2936,1033,961,961,24,217.24
7308,2937,1003,251,251,8,6.96
7309,2938,1005,704,704,16,8.02
7310,2938,1039,1129,1129,54,221.35
7311,2938,1018,1222,1222,7,75.81
7312,2938,1014,768,768,32,47.52
7313,2939,1031,705,705,8,127.8
7314,2940,1003,435,435,15,7.95
7315,2940,1033,265,265,0,197.94
7316,2940,1022,884,884,8,102.83
7317,2941,1020,533,533,19,108.65
7318,2942,1028,556,556,5,98.45
7319,2943,1005,236,236,0,8.88
7320,2943,1023,168,168,1,95.65
7321,2943,1028,483,483,7,94.17
7322,2943,1021,111,111,3,80.08
7323,2944,1035,949,949,34,161.36
7324,2944,1003,646,646,1,7.05
7325,2944,1025,869,869,6,141.78
7326,2944,1013,752,752,20,36.34
7327,2945,1012,426,426,16,34.34
7328,2945,1031,457,457,19,136.19
7329,2946,1035,854,854,15,148.99
7330,2947,1029,599,599,10,90.23
7331,2947,1023,1383,1383,45,100.55
7332,2948,1012,100,100,1,37.12
7333,2948,1020,70,70,0,108.29
7334,2948,1016,439,439,14,27.76
7335,2949,1020,899,899,31,99.51
7336,2949,1025,657,657,13,164.69
7337,2949,1031,139,139,2,132.68
7338,2950,1019,259,259,11,140.58
7339,2950,1002,487,487,22,7.9
7340,2950,1008,786,786,36,6.69
7341,2951,1020,693,693,32,102.97
7342,2952,1022,207,207,6,107.55
7343,2952,1029,354,354,7,103.24
7344,2953,1030,509,509,17,90.26
7345,2953,1040,156,156,2,249.59
7346,2954,1020,567,567,3,99.35
7347,2954,1013,352,352,8,40.13
7348,2954,1004,277,277,10,3.56
7349,2955,1023,791,791,14,107.68
7350,2956,1035,423,423,20,151.98
7351,2956,1033,274,274,9,248.05
7352,2956,1015,144,144,3,36.16
7353,2957,1040,241,241,11,270.99
7354,2958,1013,205,205,9,34.88
7355,2959,1009,387,387,14,48.11
7356,2959,1014,1007,1007,20,45.08
7357,2959,1038,121,121,3,151.44
7358,2960,1034,1316,1316,35,222.83
7359,2961,1009,162,162,5,41.97
7360,2961,1019,1110,1110,14,121.24
7361,2961,1002,915,915,13,6.77
7362,2962,1010,383,383,13,29.59
7363,2962,1019,496,496,24,127.96
7364,2962,1036,441,441,7,317.05
7365,2962,1019,487,487,15,124.11
7366,2963,1013,382,382,1,34.47
7367,2963,1037,386,386,14,188.27
7368,2963,1037,235,235,6,174.79
7369,2963,1025,298,298,13,154.19
7370,2964,1007,1234,1234,9,5.7
7371,2964,1020,739,739,24,123.2
7372,2964,1021,1176,1176,29,96.01
7373,2964,1010,250,250,10,29.39
7374,2965,1036,96,0,0,320.87
7375,2965,1010,632,0,0,24.26
7376,2965,1008,224,0,0,6.01
7377,2965,1001,292,0,0,7.16
7378,2966,1019,978,978,22,132.44
7379,2966,1032,572,572,14,148.06
7380,2966,1009,714,714,16,43.63
7381,2967,1033,513,513,15,197.16
7382,2967,1039,67,67,0,216.71
7383,2967,1017,301,301,3,72.89
7384,2968,1036,377,377,17,315.99
7385,2968,1009,892,892,12,49.05
7386,2968,1034,333,333,2,229.99
7387,2969,1006,469,469,10,4.47
7388,2969,1006,161,161,4,4.04
7389,2969,1035,490,490,24,148.23
7390,2970,1020,881,881,42,106.28
7391,2971,1015,1352,1352,10,41.52
7392,2972,1033,1174,1174,10,246.85
7393,2972,1026,971,971,25,179.98
7394,2972,1001,894,894,12,6.33
7395,2973,1014,140,140,0,49.94
7396,2973,1007,300,300,3,5.83
7397,2973,1008,747,747,0,6.22
7398,2974,1005,567,567,3,8.31
7399,2974,1016,293,293,9,27.97
7400,2974,1040,419,419,20,285.08
7401,2974,1019,67,67,1,125.34
7402,2975,1014,262,262,0,50.42
7403,2976,1009,1346,1346,42,47.69
7404,2976,1002,1206,1206,34,7.5
7405,2976,1012,510,510,14,32.92
7406,2977,1014,348,348,0,46.6
7407,2977,1020,283,283,3,121.89
7408,2977,1015,397,397,7,42.09
7409,2977,1020,382,382,3,99.32
7410,2978,1033,364,364,0,215.77
7411,2978,1007,1080,1080,35,5.72
7412,2978,1018,1131,1131,35,78.93
7413,2979,1034,844,844,14,224.57
7414,2979,1009,1239,1239,46,43.6
7415,2980,1009,173,173,1,42.09
7416,2980,1011,165,165,8,46.37
7417,2980,1038,231,231,4,146.78
7418,2981,1024,131,131,6,66.47
7419,2981,1007,682,682,31,5.05
7420,2982,1026,524,524,1,154.64
7421,2982,1028,706,706,26,80.06
7422,2983,1031,367,367,13,131.99
7423,2983,1021,432,432,6,89.22
7424,2984,1036,674,674,3,281.65
7425,2985,1013,1293,1293,22,34.12
7426,2985,1024,186,186,0,72.61
7427,2985,1014,686,686,5,43.67
7428,2986,1031,451,451,4,127.1
7429,2987,1006,58,58,1,4.38
7430,2987,1029,183,183,8,91.5
7431,2988,1032,516,516,23,158.25
7432,2989,1027,915,915,3,158.55
7433,2989,1028,832,832,24,81.52
7434,2990,1035,275,275,6,162.15
7435,2990,1029,134,134,2,108.34
7436,2991,1032,387,387,18,140.0
7437,2991,1014,366,366,0,42.66
7438,2991,1019,428,428,12,140.16
7439,2992,1032,932,932,5,142.38
7440,2992,1010,784,784,19,28.96
7441,2992,1035,667,667,27,178.84
7442,2993,1030,644,644,15,109.02
7443,2993,1008,903,903,33,6.4
7444,2993,1022,826,826,20,123.41
7445,2993,1001,898,898,44,7.56
7446,2994,1004,530,530,22,3.42
7447,2995,1024,653,653,25,71.42
7448,2995,1007,707,707,19,4.76
7449,2996,1014,624,624,8,50.23
7450,2996,1003,767,767,2,7.08
7451,2996,1009,512,512,19,46.2
7452,2996,1033,222,222,8,215.8
7453,2997,1002,159,159,4,6.9
7454,2997,1033,553,553,19,198.43
7455,2998,1029,936,936,14,97.66
7456,2998,1032,380,380,3,149.55
7457,2999,1035,852,852,27,171.01
7458,2999,1037,716,716,18,173.93
7459,3000,1039,801,801,26,241.25
7460,3000,1021,254,254,11,80.58
