po_id,order_date,supplier_id,promised_date,actual_delivery_date,status,expedited
1,2025-12-10,9,2025-12-17,2025-12-15,Delivered,0
2,2024-03-10,12,2024-03-28,2024-03-28,Delivered,0
3,2025-04-01,17,2025-04-08,2025-04-18,Delivered,0
4,2025-02-16,7,2025-02-23,2025-02-23,Delivered,0
5,2024-01-11,9,2024-01-18,2024-01-18,Delivered,0
6,2025-07-03,8,2025-07-21,2025-07-24,Delivered,0
7,2025-02-09,14,2025-02-16,2025-02-14,Delivered,0
8,2024-12-08,5,2024-12-26,2024-12-29,Delivered,0
9,2025-06-11,10,2025-06-29,2025-06-27,Delivered,0
10,2025-04-10,16,2025-05-15,2025-05-17,Delivered,0
11,2024-08-10,12,2024-08-28,2024-08-26,Delivered,0
12,2025-05-19,9,2025-05-26,2025-05-26,Delivered,1
13,2025-10-03,10,2025-10-21,2025-10-24,Delivered,0
14,2024-04-22,6,2024-04-29,2024-05-01,Delivered,0
15,2024-12-05,2,2024-12-23,2024-12-25,Delivered,0
16,2025-07-10,15,2025-07-28,2025-07-29,Delivered,0
17,2025-05-25,18,2025-06-12,2025-06-13,Delivered,0
18,2024-07-19,14,2024-07-26,2024-07-24,Delivered,0
19,2024-10-24,4,2024-11-11,2024-11-24,Delivered,0
20,2024-05-27,20,2024-06-03,2024-06-04,Delivered,0
21,2025-01-21,13,2025-02-08,2025-02-09,Delivered,0
22,2024-07-25,12,2024-08-12,2024-08-14,Delivered,0
23,2025-04-21,19,2025-05-09,2025-05-09,Delivered,0
24,2025-09-13,3,2025-10-18,2025-10-19,Delivered,0
25,2024-07-30,3,2024-09-03,2024-09-03,Delivered,0
26,2024-08-31,5,2024-09-18,2024-09-20,Delivered,1
27,2024-01-16,19,2024-02-03,2024-02-01,Delivered,1
28,2024-03-21,2,2024-04-08,2024-04-09,Delivered,0
29,2024-04-28,6,2024-05-05,2024-05-04,Delivered,0
30,2024-10-29,18,2024-11-16,2024-11-14,Delivered,1
31,2025-07-20,3,2025-08-24,2025-08-26,Delivered,0
32,2024-04-02,9,2024-04-09,2024-04-10,Delivered,0
33,2025-09-10,18,2025-09-28,2025-10-01,Delivered,0
34,2025-06-07,20,2025-06-14,2025-06-12,Delivered,1
35,2025-04-24,8,2025-05-12,2025-05-10,Delivered,0
36,2024-12-08,13,2024-12-26,2024-12-26,Delivered,0
37,2024-01-03,5,2024-01-21,2024-01-21,Delivered,0
38,2025-03-20,1,2025-04-07,2025-04-08,Delivered,0
39,2025-07-15,3,2025-08-19,2025-08-18,Delivered,0
40,2025-11-28,10,2025-12-16,2025-12-18,Delivered,0
41,2024-12-07,1,2024-12-25,,Cancelled,0
42,2024-08-08,18,2024-08-26,,Cancelled,0
43,2025-08-19,17,2025-08-26,2025-09-05,Delivered,0
44,2024-09-30,12,2024-10-18,2024-10-19,Delivered,0
45,2024-03-29,8,2024-04-16,2024-04-15,Delivered,0
46,2025-06-09,5,2025-06-27,2025-06-26,Delivered,0
47,2025-10-10,6,2025-10-17,2025-10-17,Delivered,0
48,2024-05-31,8,2024-06-18,2024-06-16,Delivered,0
49,2024-12-08,14,2024-12-15,2024-12-15,Delivered,0
50,2025-04-10,16,2025-05-15,2025-05-17,Delivered,0
51,2025-04-11,6,2025-04-18,2025-04-17,Delivered,0
52,2025-04-26,13,2025-05-14,2025-05-17,Delivered,0
53,2025-12-22,9,2025-12-29,2025-12-28,Delivered,0
54,2025-06-13,19,2025-07-01,2025-06-30,Delivered,0
55,2024-04-05,14,2024-04-12,2024-04-14,Delivered,0
56,2024-04-04,6,2024-04-11,2024-04-10,Delivered,0
57,2025-06-08,20,2025-06-15,2025-06-16,Delivered,1
58,2025-09-10,18,2025-09-28,2025-09-27,Delivered,0
59,2024-08-18,17,2024-08-25,2024-09-08,Delivered,0
60,2025-05-25,5,2025-06-12,2025-06-13,Delivered,0
61,2024-05-02,10,2024-05-20,2024-05-22,Delivered,0
62,2025-10-02,19,2025-10-20,2025-10-19,Delivered,0
63,2024-08-03,14,2024-08-10,,Cancelled,0
64,2025-12-13,6,2025-12-20,2025-12-20,Delivered,1
65,2025-08-30,8,2025-09-17,2025-09-16,Delivered,0
66,2025-02-20,18,2025-03-10,2025-03-13,Delivered,0
67,2024-02-19,2,2024-03-08,2024-03-08,Delivered,1
68,2024-04-17,12,2024-05-05,2024-05-06,Delivered,1
69,2025-07-03,15,2025-07-21,2025-07-21,Delivered,0
70,2025-05-25,20,2025-06-01,2025-06-04,Delivered,0
71,2024-10-13,20,2024-10-20,2024-10-23,Delivered,0
72,2025-02-17,8,2025-03-07,2025-03-09,Delivered,1
73,2024-07-16,10,2024-08-03,2024-08-04,Delivered,1
74,2025-04-16,2,2025-05-04,2025-05-04,Delivered,0
75,2024-05-22,18,2024-06-09,2024-06-07,Delivered,0
76,2025-11-09,13,2025-11-27,2025-11-27,Delivered,0
77,2024-03-13,10,2024-03-31,2024-04-01,Delivered,0
78,2025-02-25,17,2025-03-04,2025-03-12,Delivered,0
79,2024-06-07,4,2024-06-25,2024-07-01,Delivered,0
80,2024-07-16,10,2024-08-03,2024-08-06,Delivered,0
81,2024-05-01,18,2024-05-19,2024-05-18,Delivered,0
82,2024-03-16,19,2024-04-03,2024-04-06,Delivered,1
83,2024-12-28,12,2025-01-15,2025-01-17,Delivered,0
84,2025-12-04,19,2025-12-22,2025-12-23,Delivered,0
85,2024-06-27,12,2024-07-15,2024-07-16,Delivered,0
86,2025-01-04,10,2025-01-22,2025-01-22,Delivered,0
87,2024-06-05,10,2024-06-23,2024-06-23,Delivered,0
88,2024-06-27,2,2024-07-15,2024-07-16,Delivered,0
89,2025-11-30,11,2026-01-04,2026-01-10,Delivered,0
90,2025-12-23,2,2026-01-10,2026-01-09,Delivered,0
91,2025-11-04,16,2025-12-09,2025-12-08,Delivered,0
92,2024-09-20,15,2024-10-08,2024-10-06,Delivered,0
93,2024-08-18,4,2024-09-05,,Cancelled,0
94,2025-12-14,12,2026-01-01,2025-12-30,Delivered,1
95,2024-07-09,11,2024-08-13,2024-08-22,Delivered,0
96,2024-10-03,9,2024-10-10,2024-10-09,Delivered,0
97,2025-07-14,15,2025-08-01,2025-08-04,Delivered,0
98,2024-03-19,1,2024-04-06,2024-04-07,Delivered,0
99,2025-12-11,2,2025-12-29,2025-12-31,Delivered,0
100,2024-02-14,15,2024-03-03,2024-03-05,Delivered,0
101,2024-11-13,14,2024-11-20,,Cancelled,0
102,2025-06-21,11,2025-07-26,2025-08-02,Delivered,0
103,2025-11-28,8,2025-12-16,2025-12-15,Delivered,0
104,2024-10-06,3,2024-11-10,2024-11-12,Delivered,1
105,2025-08-22,4,2025-09-09,2025-09-13,Delivered,0
106,2025-05-26,7,2025-06-02,2025-06-05,Delivered,0
107,2024-12-10,13,2024-12-28,2024-12-28,Delivered,0
108,2025-06-04,5,2025-06-22,2025-06-21,Delivered,0
109,2024-06-06,4,2024-06-24,2024-06-27,Delivered,0
110,2024-04-12,9,2024-04-19,2024-04-18,Delivered,0
111,2025-09-05,5,2025-09-23,2025-09-25,Delivered,0
112,2024-01-29,15,2024-02-16,2024-02-18,Delivered,0
113,2024-05-22,15,2024-06-09,2024-06-12,Delivered,0
114,2024-06-26,19,2024-07-14,2024-07-12,Delivered,0
115,2024-03-12,4,2024-03-30,2024-04-04,Delivered,0
116,2024-07-20,3,2024-08-24,2024-08-22,Delivered,0
117,2024-02-22,5,2024-03-11,2024-03-12,Delivered,0
118,2025-03-27,3,2025-05-01,2025-05-03,Delivered,0
119,2024-06-22,11,2024-07-27,2024-08-07,Delivered,0
120,2024-09-02,16,2024-10-07,2024-10-07,Delivered,0
121,2025-03-14,8,2025-04-01,2025-04-02,Delivered,0
122,2024-12-12,2,2024-12-30,2024-12-30,Delivered,1
123,2025-01-18,18,2025-02-05,2025-02-04,Delivered,0
124,2025-11-30,8,2025-12-18,2025-12-20,Delivered,0
125,2024-01-13,18,2024-01-31,2024-02-03,Delivered,0
126,2024-02-14,20,2024-02-21,2024-02-19,Delivered,0
127,2025-02-27,9,2025-03-06,2025-03-09,Delivered,0
128,2024-06-28,20,2024-07-05,2024-07-07,Delivered,1
129,2025-02-08,4,2025-02-26,2025-03-10,Delivered,0
130,2025-05-13,2,2025-05-31,2025-05-31,Delivered,0
131,2025-08-28,20,2025-09-04,2025-09-04,Delivered,0
132,2025-01-10,19,2025-01-28,2025-01-28,Delivered,0
133,2025-04-16,9,2025-04-23,2025-04-23,Delivered,1
134,2024-07-01,19,2024-07-19,2024-07-22,Delivered,0
135,2025-03-01,3,2025-04-05,2025-04-06,Delivered,0
136,2025-08-30,5,2025-09-17,,Cancelled,0
137,2024-05-07,11,2024-06-11,2024-06-20,Delivered,0
138,2025-02-08,3,2025-03-15,2025-03-14,Delivered,0
139,2025-05-07,9,2025-05-14,2025-05-14,Delivered,0
140,2024-01-09,7,2024-01-16,2024-01-17,Delivered,0
141,2024-06-12,10,2024-06-30,2024-07-02,Delivered,0
142,2025-05-22,5,2025-06-09,2025-06-08,Delivered,0
143,2024-10-29,12,2024-11-16,2024-11-19,Delivered,0
144,2024-05-19,12,2024-06-06,2024-06-08,Delivered,0
145,2025-03-24,11,2025-04-28,2025-05-04,Delivered,0
146,2025-06-19,8,2025-07-07,2025-07-06,Delivered,0
147,2024-03-31,6,2024-04-07,,Cancelled,0
148,2024-02-22,16,2024-03-28,2024-03-30,Delivered,0
149,2024-01-26,9,2024-02-02,2024-02-04,Delivered,0
150,2025-01-30,11,2025-03-06,2025-03-10,Delivered,0
151,2024-01-11,7,2024-01-18,2024-01-18,Delivered,0
152,2025-11-18,5,2025-12-06,2025-12-08,Delivered,0
153,2024-03-08,20,2024-03-15,2024-03-14,Delivered,0
154,2024-08-24,6,2024-08-31,2024-08-31,Delivered,1
155,2025-12-11,6,2025-12-18,2025-12-21,Delivered,0
156,2024-05-16,9,2024-05-23,2024-05-23,Delivered,0
157,2024-09-16,10,2024-10-04,2024-10-04,Delivered,0
158,2024-11-09,7,2024-11-16,2024-11-18,Delivered,0
159,2024-06-23,6,2024-06-30,2024-07-02,Delivered,0
160,2024-12-22,7,2024-12-29,2024-12-30,Delivered,0
161,2024-05-09,2,2024-05-27,2024-05-30,Delivered,1
162,2024-09-04,13,2024-09-22,2024-09-20,Delivered,0
163,2024-12-15,18,2025-01-02,2025-01-01,Delivered,0
164,2024-01-27,2,2024-02-14,2024-02-13,Delivered,0
165,2024-10-29,10,2024-11-16,2024-11-15,Delivered,0
166,2025-10-31,9,2025-11-07,2025-11-09,Delivered,0
167,2025-02-06,9,2025-02-13,2025-02-13,Delivered,0
168,2025-11-17,3,2025-12-22,2025-12-22,Delivered,1
169,2025-04-28,6,2025-05-05,2025-05-08,Delivered,0
170,2024-12-09,4,2024-12-27,,Cancelled,0
171,2025-11-04,18,2025-11-22,2025-11-20,Delivered,0
172,2024-10-30,18,2024-11-17,2024-11-16,Delivered,1
173,2024-12-22,3,2025-01-26,2025-01-29,Delivered,0
174,2024-05-17,4,2024-06-04,2024-06-11,Delivered,0
175,2024-01-13,8,2024-01-31,,Cancelled,0
176,2024-11-09,11,2024-12-14,2024-12-27,Delivered,0
177,2025-03-12,13,2025-03-30,2025-04-02,Delivered,0
178,2025-04-18,18,2025-05-06,2025-05-06,Delivered,0
179,2024-06-05,7,2024-06-12,2024-06-13,Delivered,0
180,2024-06-02,10,2024-06-20,2024-06-19,Delivered,0
181,2025-08-26,2,2025-09-13,2025-09-13,Delivered,0
182,2025-09-07,1,2025-09-25,2025-09-28,Delivered,1
183,2024-07-10,3,2024-08-14,2024-08-13,Delivered,0
184,2025-02-18,14,2025-02-25,2025-02-23,Delivered,0
185,2025-05-31,17,2025-06-07,2025-06-08,Delivered,1
186,2024-10-19,4,2024-11-06,2024-11-17,Delivered,0
187,2025-07-11,6,2025-07-18,2025-07-20,Delivered,0
188,2024-01-30,3,2024-03-05,2024-03-07,Delivered,0
189,2024-03-18,2,2024-04-05,2024-04-08,Delivered,0
190,2024-03-31,5,2024-04-18,2024-04-20,Delivered,0
191,2024-08-05,11,2024-09-09,2024-09-22,Delivered,0
192,2024-04-21,19,2024-05-09,2024-05-12,Delivered,0
193,2024-08-23,2,2024-09-10,2024-09-11,Delivered,0
194,2024-12-17,9,2024-12-24,2024-12-27,Delivered,0
195,2025-03-18,17,2025-03-25,2025-04-06,Delivered,1
196,2024-09-27,11,2024-11-01,2024-11-06,Delivered,0
197,2025-01-03,5,2025-01-21,2025-01-21,Delivered,0
198,2025-10-07,13,2025-10-25,2025-10-24,Delivered,0
199,2024-12-29,17,2025-01-05,2025-01-12,Delivered,0
200,2024-08-19,17,2024-08-26,2024-08-30,Delivered,0
201,2025-10-20,11,2025-11-24,2025-12-03,Delivered,1
202,2025-01-07,11,2025-02-11,2025-02-21,Delivered,0
203,2025-12-09,19,2025-12-27,2025-12-26,Delivered,0
204,2025-02-04,14,2025-02-11,2025-02-14,Delivered,0
205,2024-01-23,3,2024-02-27,2024-02-29,Delivered,0
206,2025-04-23,14,2025-04-30,2025-05-01,Delivered,0
207,2025-09-19,8,2025-10-07,2025-10-05,Delivered,1
208,2025-04-10,18,2025-04-28,2025-04-30,Delivered,0
209,2024-10-27,15,2024-11-14,2024-11-16,Delivered,0
210,2024-09-13,11,2024-10-18,2024-10-23,Delivered,0
211,2025-06-05,12,2025-06-23,2025-06-23,Delivered,0
212,2024-05-14,9,2024-05-21,2024-05-20,Delivered,0
213,2024-07-12,6,2024-07-19,2024-07-21,Delivered,0
214,2025-01-27,3,2025-03-03,2025-03-05,Delivered,0
215,2024-10-14,12,2024-11-01,2024-11-03,Delivered,1
216,2024-03-29,10,2024-04-16,2024-04-18,Delivered,0
217,2024-05-01,19,2024-05-19,2024-05-19,Delivered,0
218,2025-11-14,18,2025-12-02,2025-12-05,Delivered,0
219,2024-05-04,2,2024-05-22,2024-05-21,Delivered,0
220,2025-01-18,20,2025-01-25,2025-01-25,Delivered,0
221,2025-08-12,9,2025-08-19,2025-08-18,Delivered,0
222,2024-01-02,1,2024-01-20,2024-01-20,Delivered,0
223,2024-09-20,16,2024-10-25,2024-10-24,Delivered,1
224,2025-05-07,16,2025-06-11,2025-06-14,Delivered,0
225,2024-03-05,14,2024-03-12,,Cancelled,0
226,2025-02-08,11,2025-03-15,2025-03-18,Delivered,0
227,2024-10-08,10,2024-10-26,,Cancelled,0
228,2025-09-12,8,2025-09-30,2025-10-01,Delivered,0
229,2024-08-28,19,2024-09-15,2024-09-13,Delivered,0
230,2024-12-13,12,2024-12-31,2025-01-01,Delivered,0
231,2025-12-12,20,2025-12-19,2025-12-22,Delivered,0
232,2025-08-26,20,2025-09-02,2025-09-03,Delivered,0
233,2025-03-04,2,2025-03-22,2025-03-20,Delivered,0
234,2025-05-14,11,2025-06-18,2025-06-22,Delivered,0
235,2024-07-01,3,2024-08-05,2024-08-04,Delivered,0
236,2024-12-25,19,2025-01-12,2025-01-12,Delivered,0
237,2025-12-17,11,2026-01-21,,Cancelled,0
238,2025-03-30,3,2025-05-04,2025-05-04,Delivered,0
239,2025-12-07,8,2025-12-25,2025-12-26,Delivered,0
240,2025-07-22,20,2025-07-29,2025-07-30,Delivered,0
241,2024-02-13,9,2024-02-20,2024-02-21,Delivered,0
242,2025-10-29,5,2025-11-16,,Cancelled,0
243,2025-08-17,14,2025-08-24,2025-08-23,Delivered,0
244,2024-05-23,7,2024-05-30,2024-06-01,Delivered,0
245,2025-10-29,19,2025-11-16,2025-11-14,Delivered,0
246,2025-11-10,4,2025-11-28,2025-12-08,Delivered,0
247,2024-06-25,19,2024-07-13,2024-07-11,Delivered,0
248,2024-03-12,10,2024-03-30,2024-03-29,Delivered,1
249,2024-02-28,7,2024-03-06,2024-03-09,Delivered,0
250,2025-03-08,10,2025-03-26,2025-03-24,Delivered,0
251,2024-02-17,3,2024-03-23,2024-03-26,Delivered,0
252,2025-12-13,14,2025-12-20,2025-12-23,Delivered,0
253,2025-03-24,4,2025-04-11,2025-04-19,Delivered,0
254,2024-11-18,7,2024-11-25,2024-11-25,Delivered,0
255,2024-01-09,19,2024-01-27,2024-01-28,Delivered,0
256,2025-08-21,16,2025-09-25,2025-09-26,Delivered,0
257,2024-10-11,20,2024-10-18,2024-10-16,Delivered,1
258,2024-02-09,20,2024-02-16,2024-02-18,Delivered,0
259,2024-04-20,4,2024-05-08,2024-05-19,Delivered,0
260,2025-03-31,14,2025-04-07,2025-04-09,Delivered,0
261,2024-12-06,20,2024-12-13,2024-12-11,Delivered,0
262,2025-06-20,6,2025-06-27,2025-06-26,Delivered,0
263,2024-08-30,16,2024-10-04,2024-10-07,Delivered,0
264,2024-02-26,13,2024-03-15,2024-03-13,Delivered,0
265,2025-12-19,3,2026-01-23,2026-01-26,Delivered,1
266,2025-08-18,10,2025-09-05,2025-09-07,Delivered,1
267,2025-06-14,12,2025-07-02,2025-07-01,Delivered,1
268,2025-07-08,8,2025-07-26,2025-07-25,Delivered,0
269,2025-11-08,5,2025-11-26,2025-11-24,Delivered,1
270,2025-08-20,6,2025-08-27,2025-08-25,Delivered,0
271,2024-12-06,4,2024-12-24,2024-12-31,Delivered,0
272,2025-01-10,4,2025-01-28,,Cancelled,0
273,2025-04-25,18,2025-05-13,2025-05-16,Delivered,0
274,2024-12-10,9,2024-12-17,2024-12-16,Delivered,1
275,2025-02-16,4,2025-03-06,2025-03-13,Delivered,0
276,2024-06-15,7,2024-06-22,2024-06-25,Delivered,0
277,2025-05-29,9,2025-06-05,2025-06-06,Delivered,0
278,2024-01-28,2,2024-02-15,2024-02-13,Delivered,0
279,2025-11-29,10,2025-12-17,2025-12-20,Delivered,0
280,2025-11-04,2,2025-11-22,2025-11-21,Delivered,1
281,2025-11-12,16,2025-12-17,2025-12-18,Delivered,1
282,2025-07-31,7,2025-08-07,2025-08-06,Delivered,0
283,2025-08-07,19,2025-08-25,2025-08-25,Delivered,0
284,2025-02-14,18,2025-03-04,2025-03-06,Delivered,0
285,2025-08-27,16,2025-10-01,2025-09-29,Delivered,0
286,2024-09-17,12,2024-10-05,2024-10-07,Delivered,0
287,2024-04-01,7,2024-04-08,2024-04-10,Delivered,0
288,2024-01-09,4,2024-01-27,2024-02-03,Delivered,1
289,2025-02-14,14,2025-02-21,,Cancelled,0
290,2025-12-12,5,2025-12-30,2026-01-01,Delivered,1
291,2025-08-18,17,2025-08-25,2025-09-01,Delivered,0
292,2024-02-16,16,2024-03-22,2024-03-24,Delivered,0
293,2024-09-06,7,2024-09-13,2024-09-11,Delivered,1
294,2025-02-14,9,2025-02-21,2025-02-19,Delivered,0
295,2025-08-22,13,2025-09-09,2025-09-07,Delivered,0
296,2024-10-09,6,2024-10-16,2024-10-18,Delivered,0
297,2024-11-09,19,2024-11-27,2024-11-26,Delivered,0
298,2025-12-25,1,2026-01-12,2026-01-15,Delivered,0
299,2024-01-22,12,2024-02-09,2024-02-11,Delivered,0
300,2024-11-21,19,2024-12-09,2024-12-12,Delivered,0
301,2024-10-03,17,2024-10-10,2024-10-20,Delivered,1
302,2024-08-05,16,2024-09-09,2024-09-10,Delivered,0
303,2024-08-09,11,2024-09-13,2024-09-23,Delivered,0
304,2024-12-16,5,2025-01-03,2025-01-06,Delivered,0
305,2025-08-06,11,2025-09-10,2025-09-17,Delivered,0
306,2024-12-18,4,2025-01-05,2025-01-18,Delivered,0
307,2024-08-23,9,2024-08-30,2024-08-29,Delivered,1
308,2025-03-06,15,2025-03-24,2025-03-24,Delivered,0
309,2025-06-26,18,2025-07-14,2025-07-13,Delivered,0
310,2024-10-18,7,2024-10-25,2024-10-26,Delivered,0
311,2025-03-29,3,2025-05-03,2025-05-06,Delivered,0
312,2025-03-05,2,2025-03-23,2025-03-22,Delivered,0
313,2024-07-17,5,2024-08-04,2024-08-04,Delivered,0
314,2024-12-14,18,2025-01-01,2024-12-31,Delivered,0
315,2025-03-21,19,2025-04-08,2025-04-10,Delivered,0
316,2024-03-10,13,2024-03-28,2024-03-29,Delivered,1
317,2024-06-22,16,2024-07-27,2024-07-30,Delivered,1
318,2025-12-21,14,2025-12-28,2025-12-29,Delivered,0
319,2025-05-04,15,2025-05-22,2025-05-25,Delivered,0
320,2025-02-17,11,2025-03-24,2025-04-05,Delivered,0
321,2025-02-26,5,2025-03-16,2025-03-15,Delivered,0
322,2025-10-01,18,2025-10-19,2025-10-17,Delivered,0
323,2024-12-17,6,2024-12-24,2024-12-23,Delivered,0
324,2024-11-06,16,2024-12-11,2024-12-14,Delivered,0
325,2025-08-01,13,2025-08-19,2025-08-17,Delivered,0
326,2025-11-07,7,2025-11-14,2025-11-15,Delivered,0
327,2025-07-22,3,2025-08-26,2025-08-24,Delivered,0
328,2025-09-05,3,2025-10-10,2025-10-13,Delivered,0
329,2025-07-15,12,2025-08-02,2025-07-31,Delivered,0
330,2025-03-31,16,2025-05-05,2025-05-05,Delivered,0
331,2025-07-09,16,2025-08-13,2025-08-13,Delivered,0
332,2025-04-10,15,2025-04-28,2025-04-29,Delivered,0
333,2024-07-21,9,2024-07-28,2024-07-29,Delivered,0
334,2024-01-12,10,2024-01-30,2024-02-01,Delivered,0
335,2025-11-23,1,2025-12-11,2025-12-10,Delivered,0
336,2025-08-19,3,2025-09-23,2025-09-24,Delivered,1
337,2024-03-04,17,2024-03-11,2024-03-24,Delivered,0
338,2024-05-20,16,2024-06-24,2024-06-26,Delivered,0
339,2024-07-25,8,2024-08-12,2024-08-13,Delivered,0
340,2024-05-07,7,2024-05-14,2024-05-13,Delivered,0
341,2024-11-23,7,2024-11-30,2024-11-29,Delivered,1
342,2025-10-05,18,2025-10-23,2025-10-26,Delivered,0
343,2024-02-20,3,2024-03-26,2024-03-29,Delivered,0
344,2024-07-18,9,2024-07-25,2024-07-25,Delivered,0
345,2025-12-24,11,2026-01-28,2026-02-03,Delivered,0
346,2024-09-28,3,2024-11-02,,Cancelled,0
347,2024-01-11,17,2024-01-18,2024-01-27,Delivered,0
348,2024-02-18,10,2024-03-07,2024-03-09,Delivered,0
349,2024-07-11,12,2024-07-29,2024-07-27,Delivered,0
350,2025-06-18,16,2025-07-23,2025-07-22,Delivered,0
351,2025-01-23,8,2025-02-10,2025-02-08,Delivered,0
352,2024-05-10,11,2024-06-14,2024-06-21,Delivered,0
353,2024-11-05,17,2024-11-12,2024-11-23,Delivered,0
354,2024-07-24,18,2024-08-11,2024-08-10,Delivered,0
355,2024-05-02,8,2024-05-20,2024-05-20,Delivered,0
356,2025-05-05,4,2025-05-23,2025-05-26,Delivered,0
357,2025-03-07,11,2025-04-11,2025-04-20,Delivered,0
358,2025-03-06,19,2025-03-24,2025-03-24,Delivered,0
359,2025-09-23,15,2025-10-11,2025-10-14,Delivered,0
360,2025-01-13,11,2025-02-17,2025-02-28,Delivered,0
361,2025-06-01,1,2025-06-19,2025-06-20,Delivered,0
362,2024-08-28,9,2024-09-04,2024-09-04,Delivered,1
363,2025-04-10,6,2025-04-17,2025-04-18,Delivered,0
364,2024-04-03,12,2024-04-21,,Cancelled,0
365,2025-05-25,10,2025-06-12,2025-06-15,Delivered,0
366,2025-01-13,14,2025-01-20,2025-01-19,Delivered,0
367,2024-01-21,15,2024-02-08,2024-02-11,Delivered,1
368,2024-05-19,20,2024-05-26,2024-05-25,Delivered,1
369,2024-05-08,15,2024-05-26,2024-05-29,Delivered,0
370,2024-10-07,13,2024-10-25,2024-10-26,Delivered,0
371,2024-11-03,6,2024-11-10,2024-11-10,Delivered,0
372,2025-11-07,6,2025-11-14,2025-11-15,Delivered,0
373,2025-05-27,18,2025-06-14,2025-06-12,Delivered,0
374,2025-09-17,20,2025-09-24,2025-09-22,Delivered,0
375,2024-02-17,11,2024-03-23,2024-03-31,Delivered,0
376,2024-08-20,8,2024-09-07,2024-09-09,Delivered,0
377,2024-09-08,1,2024-09-26,2024-09-27,Delivered,0
378,2025-02-06,17,2025-02-13,2025-02-23,Delivered,0
379,2024-12-12,6,2024-12-19,2024-12-17,Delivered,0
380,2024-11-27,18,2024-12-15,2024-12-17,Delivered,0
381,2025-11-26,13,2025-12-14,2025-12-16,Delivered,0
382,2024-07-26,2,2024-08-13,2024-08-11,Delivered,0
383,2024-01-20,6,2024-01-27,2024-01-26,Delivered,0
384,2024-06-29,14,2024-07-06,2024-07-04,Delivered,0
385,2025-01-06,1,2025-01-24,2025-01-25,Delivered,0
386,2025-04-17,2,2025-05-05,2025-05-07,Delivered,0
387,2024-08-10,5,2024-08-28,2024-08-27,Delivered,0
388,2025-06-28,12,2025-07-16,2025-07-14,Delivered,0
389,2025-10-27,14,2025-11-03,2025-11-03,Delivered,0
390,2025-05-05,12,2025-05-23,2025-05-22,Delivered,0
391,2024-10-29,14,2024-11-05,2024-11-04,Delivered,0
392,2025-10-23,2,2025-11-10,2025-11-08,Delivered,0
393,2025-12-09,18,2025-12-27,2025-12-29,Delivered,0
394,2025-06-28,3,2025-08-02,2025-07-31,Delivered,0
395,2025-07-17,13,2025-08-04,2025-08-06,Delivered,0
396,2025-07-21,11,2025-08-25,2025-09-07,Delivered,0
397,2025-03-26,16,2025-04-30,2025-05-03,Delivered,0
398,2025-07-18,1,2025-08-05,2025-08-06,Delivered,0
399,2025-05-01,3,2025-06-05,2025-06-05,Delivered,1
400,2024-07-19,3,2024-08-23,2024-08-25,Delivered,1
401,2024-07-01,11,2024-08-05,2024-08-13,Delivered,0
402,2024-06-26,2,2024-07-14,2024-07-12,Delivered,0
403,2024-12-31,7,2025-01-07,2025-01-05,Delivered,0
404,2025-05-07,14,2025-05-14,2025-05-15,Delivered,0
405,2025-10-30,7,2025-11-06,2025-11-04,Delivered,0
406,2025-10-14,5,2025-11-01,,Cancelled,0
407,2024-08-09,15,2024-08-27,2024-08-27,Delivered,0
408,2025-01-04,3,2025-02-08,2025-02-09,Delivered,0
409,2024-07-17,18,2024-08-04,2024-08-04,Delivered,0
410,2024-06-06,5,2024-06-24,2024-06-27,Delivered,0
411,2025-08-22,19,2025-09-09,2025-09-09,Delivered,0
412,2025-05-15,4,2025-06-02,2025-06-07,Delivered,0
413,2024-10-25,3,2024-11-29,2024-12-01,Delivered,0
414,2024-02-03,16,2024-03-09,2024-03-12,Delivered,0
415,2024-12-10,16,2025-01-14,2025-01-17,Delivered,0
416,2025-07-20,16,2025-08-24,2025-08-24,Delivered,0
417,2025-10-19,18,2025-11-06,2025-11-06,Delivered,0
418,2024-07-14,16,2024-08-18,2024-08-18,Delivered,0
419,2024-10-21,19,2024-11-08,2024-11-06,Delivered,0
420,2025-03-05,5,2025-03-23,2025-03-21,Delivered,0
421,2024-02-22,12,2024-03-11,2024-03-12,Delivered,0
422,2024-02-17,18,2024-03-06,2024-03-07,Delivered,0
423,2024-03-03,12,2024-03-21,2024-03-23,Delivered,0
424,2024-10-17,19,2024-11-04,2024-11-02,Delivered,0
425,2024-08-13,5,2024-08-31,,Cancelled,0
426,2024-09-12,3,2024-10-17,2024-10-15,Delivered,1
427,2024-12-15,12,2025-01-02,2025-01-02,Delivered,1
428,2024-10-25,9,2024-11-01,2024-11-02,Delivered,0
429,2025-06-05,8,2025-06-23,2025-06-25,Delivered,0
430,2024-08-30,9,2024-09-06,2024-09-04,Delivered,0
431,2025-05-19,9,2025-05-26,2025-05-25,Delivered,0
432,2024-02-24,17,2024-03-02,2024-03-05,Delivered,0
433,2025-09-19,14,2025-09-26,2025-09-29,Delivered,0
434,2024-11-19,11,2024-12-24,2024-12-30,Delivered,0
435,2024-04-19,8,2024-05-07,2024-05-07,Delivered,0
436,2025-05-20,20,2025-05-27,2025-05-28,Delivered,0
437,2024-06-30,14,2024-07-07,2024-07-07,Delivered,0
438,2024-10-09,2,2024-10-27,2024-10-29,Delivered,0
439,2025-09-11,5,2025-09-29,2025-09-30,Delivered,0
440,2025-04-16,4,2025-05-04,2025-05-12,Delivered,0
441,2024-12-12,16,2025-01-16,2025-01-18,Delivered,0
442,2025-09-18,14,2025-09-25,2025-09-27,Delivered,0
443,2024-09-07,1,2024-09-25,2024-09-23,Delivered,1
444,2025-11-01,12,2025-11-19,2025-11-19,Delivered,0
445,2025-08-06,4,2025-08-24,2025-08-28,Delivered,0
446,2024-08-20,5,2024-09-07,2024-09-10,Delivered,0
447,2025-03-25,6,2025-04-01,2025-04-03,Delivered,1
448,2025-12-07,15,2025-12-25,2025-12-27,Delivered,0
449,2024-12-21,12,2025-01-08,2025-01-11,Delivered,0
450,2024-11-13,11,2024-12-18,2024-12-19,Delivered,1
451,2025-01-18,8,2025-02-05,2025-02-08,Delivered,0
452,2025-08-29,17,2025-09-05,2025-09-15,Delivered,0
453,2025-01-06,2,2025-01-24,2025-01-25,Delivered,0
454,2024-04-15,20,2024-04-22,2024-04-23,Delivered,0
455,2024-06-15,10,2024-07-03,,Cancelled,0
456,2025-06-07,9,2025-06-14,2025-06-15,Delivered,1
457,2024-09-07,1,2024-09-25,2024-09-26,Delivered,0
458,2025-09-18,4,2025-10-06,2025-10-13,Delivered,0
459,2025-11-14,4,2025-12-02,2025-12-13,Delivered,0
460,2024-05-11,6,2024-05-18,2024-05-21,Delivered,0
461,2025-09-30,5,2025-10-18,2025-10-16,Delivered,0
462,2025-03-01,18,2025-03-19,2025-03-21,Delivered,1
463,2025-01-19,12,2025-02-06,2025-02-05,Delivered,0
464,2024-12-31,8,2025-01-18,2025-01-17,Delivered,0
465,2024-02-05,1,2024-02-23,2024-02-24,Delivered,0
466,2024-08-17,12,2024-09-04,2024-09-06,Delivered,0
467,2025-07-03,14,2025-07-10,2025-07-09,Delivered,0
468,2025-11-09,18,2025-11-27,2025-11-27,Delivered,0
469,2025-02-13,9,2025-02-20,2025-02-20,Delivered,0
470,2025-12-12,17,2025-12-19,2025-12-28,Delivered,0
471,2024-08-11,18,2024-08-29,2024-08-30,Delivered,0
472,2025-12-28,13,2026-01-15,2026-01-15,Delivered,0
473,2024-07-06,1,2024-07-24,2024-07-26,Delivered,0
474,2024-10-27,8,2024-11-14,2024-11-17,Delivered,0
475,2025-09-17,7,2025-09-24,2025-09-25,Delivered,0
476,2024-06-25,15,2024-07-13,2024-07-14,Delivered,0
477,2025-12-27,6,2026-01-03,2026-01-06,Delivered,0
478,2024-12-27,2,2025-01-14,2025-01-16,Delivered,1
479,2024-09-07,6,2024-09-14,2024-09-13,Delivered,0
480,2025-08-28,14,2025-09-04,2025-09-02,Delivered,0
481,2025-04-25,6,2025-05-02,2025-05-05,Delivered,0
482,2024-06-22,9,2024-06-29,2024-06-29,Delivered,0
483,2024-05-27,5,2024-06-14,2024-06-16,Delivered,0
484,2025-11-10,17,2025-11-17,2025-11-23,Delivered,0
485,2024-07-07,5,2024-07-25,2024-07-26,Delivered,0
486,2025-10-17,6,2025-10-24,2025-10-22,Delivered,0
487,2025-11-04,19,2025-11-22,,Cancelled,0
488,2024-11-19,7,2024-11-26,2024-11-26,Delivered,1
489,2024-07-25,20,2024-08-01,2024-08-01,Delivered,0
490,2025-10-15,4,2025-11-02,2025-11-16,Delivered,0
491,2025-04-12,14,2025-04-19,2025-04-20,Delivered,0
492,2024-02-10,10,2024-02-28,2024-02-26,Delivered,1
493,2024-05-31,19,2024-06-18,2024-06-17,Delivered,0
494,2025-08-21,3,2025-09-25,2025-09-26,Delivered,0
495,2025-10-30,20,2025-11-06,2025-11-05,Delivered,0
496,2025-01-21,8,2025-02-08,2025-02-06,Delivered,0
497,2025-03-07,2,2025-03-25,2025-03-25,Delivered,0
498,2024-11-19,3,2024-12-24,2024-12-25,Delivered,0
499,2024-05-24,15,2024-06-11,2024-06-11,Delivered,0
500,2025-02-05,1,2025-02-23,2025-02-24,Delivered,0
501,2024-07-26,18,2024-08-13,2024-08-16,Delivered,0
502,2025-11-05,19,2025-11-23,2025-11-25,Delivered,0
503,2024-05-21,17,2024-05-28,2024-06-04,Delivered,0
504,2025-05-24,20,2025-05-31,2025-06-02,Delivered,0
505,2025-11-18,13,2025-12-06,2025-12-06,Delivered,0
506,2024-05-11,12,2024-05-29,2024-05-30,Delivered,1
507,2024-12-13,12,2024-12-31,2025-01-01,Delivered,1
508,2024-04-19,9,2024-04-26,2024-04-24,Delivered,1
509,2024-06-22,9,2024-06-29,2024-07-01,Delivered,1
510,2024-03-23,3,2024-04-27,2024-04-29,Delivered,0
511,2024-02-08,8,2024-02-26,2024-02-25,Delivered,0
512,2025-03-07,20,2025-03-14,2025-03-13,Delivered,0
513,2025-01-17,1,2025-02-04,2025-02-03,Delivered,0
514,2025-03-25,13,2025-04-12,2025-04-13,Delivered,0
515,2025-09-15,9,2025-09-22,2025-09-24,Delivered,0
516,2025-07-15,2,2025-08-02,2025-07-31,Delivered,0
517,2025-03-02,19,2025-03-20,2025-03-22,Delivered,0
518,2025-10-11,12,2025-10-29,2025-10-28,Delivered,0
519,2025-07-19,18,2025-08-06,2025-08-08,Delivered,0
520,2024-04-23,20,2024-04-30,2024-05-02,Delivered,0
521,2024-08-12,18,2024-08-30,2024-08-30,Delivered,0
522,2025-07-08,7,2025-07-15,2025-07-16,Delivered,0
523,2025-10-26,17,2025-11-02,2025-11-11,Delivered,0
524,2025-12-17,11,2026-01-21,2026-01-25,Delivered,0
525,2024-03-06,15,2024-03-24,2024-03-26,Delivered,0
526,2025-02-20,8,2025-03-10,2025-03-13,Delivered,0
527,2024-09-25,2,2024-10-13,2024-10-13,Delivered,1
528,2024-12-15,15,2025-01-02,2024-12-31,Delivered,0
529,2025-05-16,11,2025-06-20,2025-06-28,Delivered,0
530,2024-12-11,19,2024-12-29,2024-12-28,Delivered,0
531,2025-10-01,5,2025-10-19,2025-10-21,Delivered,0
532,2025-09-22,9,2025-09-29,2025-09-27,Delivered,0
533,2025-02-27,7,2025-03-06,2025-03-06,Delivered,0
534,2025-12-18,6,2025-12-25,2025-12-24,Delivered,0
535,2025-06-25,17,2025-07-02,,Cancelled,0
536,2024-01-21,6,2024-01-28,2024-01-26,Delivered,0
537,2025-03-31,15,2025-04-18,2025-04-21,Delivered,0
538,2025-05-27,1,2025-06-14,2025-06-12,Delivered,0
539,2025-12-25,12,2026-01-12,2026-01-11,Delivered,0
540,2025-12-05,17,2025-12-12,2025-12-20,Delivered,0
541,2024-02-11,16,2024-03-17,2024-03-18,Delivered,0
542,2025-09-19,1,2025-10-07,2025-10-05,Delivered,0
543,2025-05-21,3,2025-06-25,2025-06-24,Delivered,0
544,2025-12-27,14,2026-01-03,2026-01-05,Delivered,0
545,2024-07-02,17,2024-07-09,2024-07-16,Delivered,0
546,2025-12-15,12,2026-01-02,2025-12-31,Delivered,0
547,2025-02-09,4,2025-02-27,2025-03-03,Delivered,0
548,2024-02-12,11,2024-03-18,,Cancelled,0
549,2025-02-18,19,2025-03-08,2025-03-07,Delivered,0
550,2024-03-31,8,2024-04-18,2024-04-21,Delivered,0
551,2025-08-26,8,2025-09-13,2025-09-14,Delivered,0
552,2024-11-11,16,2024-12-16,2024-12-15,Delivered,1
553,2024-08-30,16,2024-10-04,2024-10-03,Delivered,0
554,2024-05-13,15,2024-05-31,2024-06-01,Delivered,1
555,2024-03-26,12,2024-04-13,2024-04-14,Delivered,0
556,2024-12-24,1,2025-01-11,2025-01-13,Delivered,0
557,2025-06-13,8,2025-07-01,2025-07-01,Delivered,0
558,2024-04-11,11,2024-05-16,2024-05-24,Delivered,0
559,2024-12-10,8,2024-12-28,2024-12-30,Delivered,1
560,2024-02-10,4,2024-02-28,2024-03-10,Delivered,0
561,2024-01-04,3,2024-02-08,2024-02-07,Delivered,0
562,2025-11-29,4,2025-12-17,2025-12-26,Delivered,1
563,2025-04-12,8,2025-04-30,2025-05-02,Delivered,0
564,2024-02-01,4,2024-02-19,2024-02-24,Delivered,0
565,2025-05-24,12,2025-06-11,2025-06-11,Delivered,0
566,2025-12-10,8,2025-12-28,2025-12-31,Delivered,0
567,2024-04-04,6,2024-04-11,2024-04-13,Delivered,0
568,2025-07-29,20,2025-08-05,2025-08-08,Delivered,0
569,2025-05-09,19,2025-05-27,2025-05-25,Delivered,1
570,2024-06-29,7,2024-07-06,2024-07-08,Delivered,0
571,2024-04-16,18,2024-05-04,2024-05-04,Delivered,0
572,2025-08-20,2,2025-09-07,2025-09-05,Delivered,0
573,2024-01-17,4,2024-02-04,2024-02-07,Delivered,0
574,2024-08-17,8,2024-09-04,2024-09-03,Delivered,0
575,2024-04-24,17,2024-05-01,2024-05-04,Delivered,0
576,2024-02-20,1,2024-03-09,2024-03-09,Delivered,0
577,2024-03-04,16,2024-04-08,,Cancelled,0
578,2025-11-08,19,2025-11-26,2025-11-29,Delivered,0
579,2025-12-05,17,2025-12-12,2025-12-21,Delivered,1
580,2025-05-20,1,2025-06-07,2025-06-09,Delivered,0
581,2024-01-08,11,2024-02-12,2024-02-17,Delivered,0
582,2025-06-29,12,2025-07-17,2025-07-16,Delivered,0
583,2024-07-12,9,2024-07-19,2024-07-20,Delivered,0
584,2025-10-02,13,2025-10-20,2025-10-23,Delivered,0
585,2025-09-01,10,2025-09-19,2025-09-20,Delivered,0
586,2024-10-07,12,2024-10-25,2024-10-23,Delivered,1
587,2025-10-01,11,2025-11-05,2025-11-11,Delivered,0
588,2024-10-02,13,2024-10-20,2024-10-18,Delivered,0
589,2024-11-28,13,2024-12-16,2024-12-14,Delivered,0
590,2024-11-12,19,2024-11-30,2024-11-28,Delivered,0
591,2025-03-29,11,2025-05-03,2025-05-14,Delivered,1
592,2025-10-31,3,2025-12-05,2025-12-06,Delivered,0
593,2025-04-02,17,2025-04-09,2025-04-21,Delivered,0
594,2024-09-22,16,2024-10-27,2024-10-25,Delivered,0
595,2025-08-13,11,2025-09-17,2025-09-24,Delivered,0
596,2025-09-16,13,2025-10-04,2025-10-07,Delivered,0
597,2025-02-24,3,2025-03-31,2025-03-29,Delivered,0
598,2024-06-29,2,2024-07-17,2024-07-17,Delivered,0
599,2024-01-11,14,2024-01-18,,Cancelled,0
600,2025-04-30,12,2025-05-18,2025-05-16,Delivered,1
601,2025-11-01,16,2025-12-06,,Cancelled,1
602,2025-03-05,16,2025-04-09,2025-04-11,Delivered,0
603,2025-04-09,15,2025-04-27,2025-04-30,Delivered,0
604,2025-12-30,1,2026-01-17,2026-01-18,Delivered,0
605,2024-11-23,19,2024-12-11,2024-12-12,Delivered,0
606,2025-01-13,20,2025-01-20,2025-01-18,Delivered,0
607,2024-04-15,3,2024-05-20,2024-05-20,Delivered,0
608,2024-01-24,11,2024-02-28,2024-03-10,Delivered,0
609,2024-10-29,20,2024-11-05,2024-11-03,Delivered,0
610,2024-10-24,9,2024-10-31,,Cancelled,0
611,2025-12-29,6,2026-01-05,2026-01-05,Delivered,0
612,2025-09-24,7,2025-10-01,2025-09-29,Delivered,0
613,2024-04-01,19,2024-04-19,2024-04-18,Delivered,0
614,2024-01-10,11,2024-02-14,2024-02-21,Delivered,0
615,2024-02-14,5,2024-03-03,2024-03-05,Delivered,0
616,2024-03-13,19,2024-03-31,2024-04-03,Delivered,0
617,2024-07-01,9,2024-07-08,2024-07-08,Delivered,0
618,2024-02-25,4,2024-03-14,2024-03-27,Delivered,0
619,2025-03-04,14,2025-03-11,2025-03-09,Delivered,0
620,2024-09-26,10,2024-10-14,2024-10-12,Delivered,0
621,2024-02-13,3,2024-03-19,2024-03-19,Delivered,0
622,2025-10-06,7,2025-10-13,2025-10-11,Delivered,0
623,2024-10-03,7,2024-10-10,2024-10-10,Delivered,1
624,2025-08-11,5,2025-08-29,2025-08-31,Delivered,0
625,2024-10-14,7,2024-10-21,2024-10-20,Delivered,1
626,2024-11-28,9,2024-12-05,2024-12-04,Delivered,0
627,2025-10-08,20,2025-10-15,2025-10-13,Delivered,0
628,2025-03-01,2,2025-03-19,2025-03-20,Delivered,0
629,2024-07-22,8,2024-08-09,2024-08-07,Delivered,1
630,2024-06-25,17,2024-07-02,2024-07-08,Delivered,0
631,2024-08-20,14,2024-08-27,2024-08-26,Delivered,0
632,2025-07-09,4,2025-07-27,2025-08-02,Delivered,0
633,2024-08-22,10,2024-09-09,2024-09-09,Delivered,0
634,2024-01-11,2,2024-01-29,2024-01-31,Delivered,0
635,2025-10-30,4,2025-11-17,2025-11-19,Delivered,0
636,2024-10-31,7,2024-11-07,2024-11-10,Delivered,0
637,2024-06-19,5,2024-07-07,2024-07-05,Delivered,0
638,2024-09-15,10,2024-10-03,2024-10-04,Delivered,0
639,2024-06-14,18,2024-07-02,2024-07-01,Delivered,0
640,2025-03-20,10,2025-04-07,2025-04-06,Delivered,0
641,2025-03-02,1,2025-03-20,,Cancelled,0
642,2024-12-14,6,2024-12-21,2024-12-23,Delivered,0
643,2024-02-03,14,2024-02-10,2024-02-08,Delivered,0
644,2024-09-05,6,2024-09-12,2024-09-13,Delivered,0
645,2024-07-10,15,2024-07-28,2024-07-31,Delivered,0
646,2025-09-02,18,2025-09-20,,Cancelled,0
647,2024-07-29,3,2024-09-02,2024-09-02,Delivered,0
648,2024-03-11,18,2024-03-29,2024-03-28,Delivered,0
649,2025-07-06,16,2025-08-10,,Cancelled,0
650,2025-04-04,17,2025-04-11,2025-04-12,Delivered,0
651,2024-07-07,16,2024-08-11,2024-08-13,Delivered,0
652,2025-06-30,10,2025-07-18,2025-07-21,Delivered,1
653,2024-01-26,12,2024-02-13,,Cancelled,0
654,2025-12-19,18,2026-01-06,2026-01-08,Delivered,0
655,2024-03-31,4,2024-04-18,2024-04-26,Delivered,0
656,2025-12-03,9,2025-12-10,2025-12-11,Delivered,0
657,2024-04-01,18,2024-04-19,2024-04-17,Delivered,0
658,2024-02-15,18,2024-03-04,,Cancelled,0
659,2025-07-25,5,2025-08-12,2025-08-13,Delivered,0
660,2025-07-08,17,2025-07-15,2025-07-24,Delivered,0
661,2025-09-02,1,2025-09-20,2025-09-19,Delivered,0
662,2025-08-12,6,2025-08-19,2025-08-21,Delivered,0
663,2025-11-30,2,2025-12-18,2025-12-19,Delivered,0
664,2024-06-07,6,2024-06-14,2024-06-17,Delivered,0
665,2024-07-15,15,2024-08-02,2024-08-04,Delivered,0
666,2025-07-12,12,2025-07-30,2025-08-01,Delivered,0
667,2025-06-20,19,2025-07-08,2025-07-10,Delivered,0
668,2024-10-31,10,2024-11-18,2024-11-19,Delivered,0
669,2024-09-18,18,2024-10-06,2024-10-09,Delivered,0
670,2024-09-17,20,2024-09-24,2024-09-23,Delivered,0
671,2024-10-21,18,2024-11-08,2024-11-07,Delivered,0
672,2025-01-31,8,2025-02-18,2025-02-19,Delivered,0
673,2024-06-05,16,2024-07-10,2024-07-08,Delivered,0
674,2025-07-13,13,2025-07-31,2025-08-01,Delivered,0
675,2025-09-10,16,2025-10-15,2025-10-18,Delivered,0
676,2025-10-24,16,2025-11-28,2025-12-01,Delivered,0
677,2025-12-08,7,2025-12-15,2025-12-14,Delivered,0
678,2025-07-06,11,2025-08-10,2025-08-18,Delivered,1
679,2024-03-26,4,2024-04-13,2024-04-17,Delivered,0
680,2024-10-18,13,2024-11-05,2024-11-04,Delivered,0
681,2025-07-17,3,2025-08-21,2025-08-20,Delivered,0
682,2024-01-19,20,2024-01-26,2024-01-24,Delivered,1
683,2024-05-01,20,2024-05-08,2024-05-08,Delivered,0
684,2025-11-10,19,2025-11-28,2025-11-27,Delivered,0
685,2024-08-17,15,2024-09-04,2024-09-04,Delivered,0
686,2025-05-23,12,2025-06-10,2025-06-08,Delivered,0
687,2025-06-04,18,2025-06-22,2025-06-22,Delivered,1
688,2024-02-15,2,2024-03-04,2024-03-07,Delivered,0
689,2025-10-27,6,2025-11-03,2025-11-02,Delivered,0
690,2025-09-16,13,2025-10-04,,Cancelled,0
691,2024-01-10,15,2024-01-28,2024-01-29,Delivered,0
692,2024-12-02,11,2025-01-06,2025-01-09,Delivered,0
693,2025-11-12,17,2025-11-19,2025-11-28,Delivered,0
694,2025-06-05,15,2025-06-23,2025-06-24,Delivered,0
695,2025-01-02,15,2025-01-20,2025-01-21,Delivered,0
696,2024-09-04,4,2024-09-22,2024-10-05,Delivered,0
697,2024-07-19,11,2024-08-23,2024-08-29,Delivered,0
698,2024-01-12,18,2024-01-30,2024-02-01,Delivered,0
699,2024-11-19,8,2024-12-07,2024-12-10,Delivered,0
700,2024-08-13,2,2024-08-31,2024-09-02,Delivered,0
701,2024-09-13,6,2024-09-20,2024-09-19,Delivered,0
702,2025-06-17,20,2025-06-24,2025-06-25,Delivered,0
703,2025-02-06,6,2025-02-13,2025-02-11,Delivered,1
704,2024-06-10,1,2024-06-28,2024-06-27,Delivered,0
705,2024-03-28,20,2024-04-04,2024-04-07,Delivered,0
706,2024-04-05,19,2024-04-23,2024-04-24,Delivered,1
707,2025-12-17,15,2026-01-04,2026-01-02,Delivered,0
708,2024-08-23,9,2024-08-30,2024-08-28,Delivered,0
709,2025-01-10,9,2025-01-17,,Cancelled,0
710,2025-12-20,3,2026-01-24,2026-01-22,Delivered,0
711,2024-10-30,7,2024-11-06,2024-11-05,Delivered,0
712,2025-10-20,10,2025-11-07,2025-11-08,Delivered,0
713,2025-06-11,19,2025-06-29,2025-06-27,Delivered,0
714,2025-05-20,17,2025-05-27,2025-06-04,Delivered,1
715,2025-07-20,16,2025-08-24,,Cancelled,0
716,2024-11-04,13,2024-11-22,,Cancelled,0
717,2025-01-20,12,2025-02-07,2025-02-10,Delivered,0
718,2025-09-13,15,2025-10-01,2025-10-01,Delivered,0
719,2024-10-25,6,2024-11-01,2024-11-02,Delivered,0
720,2024-02-01,11,2024-03-07,2024-03-17,Delivered,0
721,2024-06-21,1,2024-07-09,2024-07-10,Delivered,0
722,2024-02-11,20,2024-02-18,2024-02-18,Delivered,0
723,2025-06-23,1,2025-07-11,2025-07-11,Delivered,0
724,2024-11-20,18,2024-12-08,2024-12-10,Delivered,0
725,2024-11-27,12,2024-12-15,,Cancelled,0
726,2025-09-03,15,2025-09-21,,Cancelled,0
727,2025-05-09,20,2025-05-16,2025-05-15,Delivered,0
728,2025-01-03,18,2025-01-21,2025-01-24,Delivered,0
729,2024-02-10,5,2024-02-28,2024-03-02,Delivered,0
730,2025-07-31,3,2025-09-04,2025-09-07,Delivered,0
731,2024-11-28,19,2024-12-16,2024-12-15,Delivered,0
732,2024-10-27,14,2024-11-03,2024-11-03,Delivered,0
733,2024-02-21,1,2024-03-10,2024-03-09,Delivered,0
734,2025-09-05,1,2025-09-23,2025-09-22,Delivered,0
735,2025-03-23,18,2025-04-10,2025-04-10,Delivered,0
736,2025-05-21,20,2025-05-28,2025-05-27,Delivered,0
737,2025-06-01,16,2025-07-06,2025-07-05,Delivered,0
738,2024-03-16,16,2024-04-20,2024-04-21,Delivered,1
739,2025-03-27,4,2025-04-14,2025-04-25,Delivered,0
740,2025-11-18,12,2025-12-06,2025-12-04,Delivered,0
741,2025-07-18,5,2025-08-05,2025-08-03,Delivered,0
742,2024-09-21,11,2024-10-26,2024-10-31,Delivered,0
743,2024-01-25,2,2024-02-12,2024-02-13,Delivered,0
744,2025-02-25,17,2025-03-04,2025-03-09,Delivered,0
745,2024-06-30,16,2024-08-04,2024-08-06,Delivered,0
746,2025-09-09,14,2025-09-16,2025-09-16,Delivered,0
747,2025-11-24,6,2025-12-01,2025-12-01,Delivered,0
748,2025-02-02,3,2025-03-09,,Cancelled,0
749,2024-06-11,1,2024-06-29,2024-06-30,Delivered,0
750,2024-08-29,12,2024-09-16,,Cancelled,0
751,2024-10-09,7,2024-10-16,2024-10-19,Delivered,0
752,2024-06-05,17,2024-06-12,2024-06-17,Delivered,0
753,2025-07-02,16,2025-08-06,2025-08-09,Delivered,0
754,2025-04-16,13,2025-05-04,2025-05-06,Delivered,0
755,2024-07-10,20,2024-07-17,2024-07-15,Delivered,0
756,2025-01-13,20,2025-01-20,2025-01-21,Delivered,0
757,2024-03-17,6,2024-03-24,2024-03-27,Delivered,0
758,2025-07-10,6,2025-07-17,2025-07-20,Delivered,0
759,2024-09-27,8,2024-10-15,2024-10-18,Delivered,0
760,2024-11-17,1,2024-12-05,2024-12-07,Delivered,0
761,2024-11-15,16,2024-12-20,2024-12-19,Delivered,0
762,2025-12-18,5,2026-01-05,2026-01-03,Delivered,0
763,2025-02-19,12,2025-03-09,2025-03-08,Delivered,0
764,2025-05-05,18,2025-05-23,2025-05-22,Delivered,0
765,2024-07-24,8,2024-08-11,2024-08-14,Delivered,0
766,2024-12-28,13,2025-01-15,2025-01-15,Delivered,0
767,2025-09-10,6,2025-09-17,2025-09-19,Delivered,0
768,2025-12-11,5,2025-12-29,2025-12-28,Delivered,0
769,2025-11-23,7,2025-11-30,2025-12-03,Delivered,0
770,2025-10-30,18,2025-11-17,2025-11-15,Delivered,0
771,2025-05-02,1,2025-05-20,,Cancelled,0
772,2024-12-18,4,2025-01-05,2025-01-10,Delivered,1
773,2025-04-30,16,2025-06-04,2025-06-02,Delivered,1
774,2024-05-22,18,2024-06-09,2024-06-09,Delivered,0
775,2024-02-17,12,2024-03-06,2024-03-06,Delivered,0
776,2025-12-17,15,2026-01-04,2026-01-07,Delivered,1
777,2025-07-09,16,2025-08-13,2025-08-15,Delivered,0
778,2024-09-27,6,2024-10-04,2024-10-03,Delivered,0
779,2024-02-16,16,2024-03-22,2024-03-21,Delivered,0
780,2024-08-06,17,2024-08-13,2024-08-16,Delivered,0
781,2024-09-15,7,2024-09-22,2024-09-23,Delivered,1
782,2025-06-16,17,2025-06-23,2025-06-29,Delivered,0
783,2024-01-18,4,2024-02-05,2024-02-11,Delivered,0
784,2024-03-28,7,2024-04-04,2024-04-02,Delivered,0
785,2025-02-24,9,2025-03-03,2025-03-03,Delivered,0
786,2025-03-10,4,2025-03-28,,Cancelled,0
787,2024-02-22,15,2024-03-11,2024-03-11,Delivered,0
788,2025-07-06,9,2025-07-13,2025-07-14,Delivered,0
789,2024-04-12,11,2024-05-17,2024-05-25,Delivered,1
790,2024-08-31,1,2024-09-18,2024-09-21,Delivered,0
791,2025-02-13,5,2025-03-03,2025-03-04,Delivered,1
792,2025-05-10,7,2025-05-17,2025-05-15,Delivered,0
793,2025-12-21,19,2026-01-08,2026-01-09,Delivered,0
794,2024-05-24,6,2024-05-31,2024-06-03,Delivered,0
795,2024-09-15,17,2024-09-22,2024-09-29,Delivered,0
796,2024-08-11,9,2024-08-18,2024-08-17,Delivered,1
797,2024-10-01,16,2024-11-05,,Cancelled,1
798,2025-10-16,13,2025-11-03,2025-11-04,Delivered,0
799,2025-03-13,6,2025-03-20,2025-03-21,Delivered,0
800,2024-06-17,4,2024-07-05,2024-07-15,Delivered,0
801,2024-09-20,3,2024-10-25,2024-10-23,Delivered,0
802,2025-06-26,3,2025-07-31,2025-07-29,Delivered,1
803,2025-10-23,12,2025-11-10,2025-11-13,Delivered,0
804,2025-05-09,19,2025-05-27,2025-05-30,Delivered,0
805,2025-04-03,11,2025-05-08,2025-05-14,Delivered,1
806,2024-06-21,9,2024-06-28,2024-06-29,Delivered,0
807,2025-12-18,14,2025-12-25,2025-12-27,Delivered,0
808,2024-11-01,14,2024-11-08,2024-11-07,Delivered,0
809,2025-03-28,3,2025-05-02,2025-05-05,Delivered,0
810,2025-05-11,18,2025-05-29,2025-05-28,Delivered,0
811,2024-10-13,3,2024-11-17,,Cancelled,1
812,2025-12-08,8,2025-12-26,2025-12-27,Delivered,0
813,2024-09-07,14,2024-09-14,2024-09-14,Delivered,0
814,2025-11-05,9,2025-11-12,2025-11-12,Delivered,0
815,2025-03-18,20,2025-03-25,2025-03-25,Delivered,0
816,2025-07-21,14,2025-07-28,2025-07-30,Delivered,0
817,2025-07-26,11,2025-08-30,2025-09-05,Delivered,1
818,2024-12-06,8,2024-12-24,2024-12-25,Delivered,0
819,2025-02-05,7,2025-02-12,2025-02-12,Delivered,0
820,2025-05-22,1,2025-06-09,2025-06-09,Delivered,0
821,2024-01-29,17,2024-02-05,2024-02-12,Delivered,0
822,2025-07-04,11,2025-08-08,2025-08-16,Delivered,0
823,2025-06-12,14,2025-06-19,2025-06-21,Delivered,0
824,2024-05-01,19,2024-05-19,2024-05-20,Delivered,0
825,2024-03-20,16,2024-04-24,2024-04-27,Delivered,1
826,2024-08-04,12,2024-08-22,,Cancelled,0
827,2025-06-14,5,2025-07-02,2025-07-03,Delivered,0
828,2025-03-14,4,2025-04-01,2025-04-11,Delivered,0
829,2025-11-07,18,2025-11-25,,Cancelled,0
830,2025-06-18,18,2025-07-06,2025-07-04,Delivered,0
831,2025-01-02,4,2025-01-20,2025-02-02,Delivered,0
832,2024-01-14,4,2024-02-01,2024-02-05,Delivered,0
833,2025-03-07,6,2025-03-14,2025-03-14,Delivered,0
834,2025-07-31,8,2025-08-18,2025-08-21,Delivered,1
835,2025-08-15,7,2025-08-22,2025-08-25,Delivered,0
836,2025-01-23,1,2025-02-10,2025-02-09,Delivered,0
837,2025-05-23,7,2025-05-30,2025-05-30,Delivered,0
838,2025-11-19,5,2025-12-07,2025-12-06,Delivered,0
839,2025-09-01,6,2025-09-08,,Cancelled,0
840,2025-11-30,18,2025-12-18,2025-12-16,Delivered,0
841,2024-10-09,9,2024-10-16,2024-10-16,Delivered,0
842,2024-08-28,15,2024-09-15,2024-09-15,Delivered,0
843,2025-11-16,11,2025-12-21,2025-12-26,Delivered,0
844,2024-02-11,2,2024-02-29,2024-02-27,Delivered,0
845,2025-04-11,20,2025-04-18,2025-04-20,Delivered,0
846,2025-10-29,4,2025-11-16,2025-11-22,Delivered,0
847,2024-01-22,17,2024-01-29,2024-02-06,Delivered,1
848,2025-09-08,13,2025-09-26,2025-09-28,Delivered,0
849,2025-06-11,1,2025-06-29,2025-07-01,Delivered,1
850,2025-10-09,12,2025-10-27,2025-10-30,Delivered,0
851,2024-09-23,1,2024-10-11,2024-10-09,Delivered,0
852,2025-02-28,6,2025-03-07,2025-03-10,Delivered,0
853,2025-11-03,18,2025-11-21,2025-11-22,Delivered,0
854,2024-05-21,15,2024-06-08,2024-06-09,Delivered,0
855,2024-01-23,12,2024-02-10,2024-02-10,Delivered,0
856,2024-04-06,17,2024-04-13,2024-04-24,Delivered,0
857,2025-02-22,15,2025-03-12,2025-03-15,Delivered,0
858,2024-12-12,3,2025-01-16,2025-01-14,Delivered,0
859,2025-03-21,1,2025-04-08,2025-04-06,Delivered,0
860,2024-03-21,10,2024-04-08,2024-04-10,Delivered,0
861,2025-06-08,2,2025-06-26,2025-06-26,Delivered,0
862,2024-12-09,4,2024-12-27,2024-12-30,Delivered,0
863,2025-09-24,8,2025-10-12,2025-10-12,Delivered,0
864,2024-05-04,6,2024-05-11,2024-05-09,Delivered,0
865,2024-09-02,1,2024-09-20,2024-09-20,Delivered,0
866,2024-10-07,16,2024-11-11,2024-11-11,Delivered,0
867,2024-06-28,10,2024-07-16,,Cancelled,0
868,2025-09-07,19,2025-09-25,2025-09-25,Delivered,0
869,2024-11-10,3,2024-12-15,2024-12-13,Delivered,0
870,2025-12-25,3,2026-01-29,2026-02-01,Delivered,0
871,2025-10-22,20,2025-10-29,2025-10-27,Delivered,0
872,2024-01-05,6,2024-01-12,2024-01-15,Delivered,0
873,2024-05-04,17,2024-05-11,2024-05-15,Delivered,0
874,2024-03-23,8,2024-04-10,2024-04-08,Delivered,0
875,2024-01-14,1,2024-02-01,2024-02-03,Delivered,0
876,2024-05-13,2,2024-05-31,2024-06-03,Delivered,0
877,2024-04-05,14,2024-04-12,2024-04-13,Delivered,0
878,2024-06-27,16,2024-08-01,2024-08-01,Delivered,0
879,2024-11-02,18,2024-11-20,2024-11-22,Delivered,1
880,2025-06-29,11,2025-08-03,2025-08-10,Delivered,1
881,2025-02-04,4,2025-02-22,2025-03-02,Delivered,0
882,2025-04-05,7,2025-04-12,2025-04-15,Delivered,1
883,2025-05-12,15,2025-05-30,2025-05-29,Delivered,0
884,2025-04-05,1,2025-04-23,2025-04-22,Delivered,0
885,2025-12-30,3,2026-02-03,2026-02-02,Delivered,0
886,2025-04-04,3,2025-05-09,2025-05-08,Delivered,0
887,2025-05-02,9,2025-05-09,2025-05-10,Delivered,0
888,2025-05-27,15,2025-06-14,2025-06-14,Delivered,0
889,2025-06-21,2,2025-07-09,2025-07-07,Delivered,0
890,2024-04-10,8,2024-04-28,2024-05-01,Delivered,0
891,2025-02-15,8,2025-03-05,2025-03-04,Delivered,0
892,2024-10-02,7,2024-10-09,2024-10-08,Delivered,0
893,2024-05-16,4,2024-06-03,2024-06-14,Delivered,0
894,2025-12-12,13,2025-12-30,2025-12-29,Delivered,0
895,2025-07-11,19,2025-07-29,,Cancelled,0
896,2025-07-22,2,2025-08-09,,Cancelled,0
897,2025-05-19,12,2025-06-06,2025-06-07,Delivered,0
898,2025-08-12,17,2025-08-19,2025-08-28,Delivered,0
899,2025-11-09,12,2025-11-27,2025-11-25,Delivered,0
900,2025-10-31,6,2025-11-07,2025-11-06,Delivered,1
901,2024-12-24,11,2025-01-28,2025-02-03,Delivered,0
902,2024-01-15,4,2024-02-02,2024-02-10,Delivered,0
903,2025-08-14,14,2025-08-21,2025-08-19,Delivered,0
904,2024-04-15,13,2024-05-03,2024-05-01,Delivered,1
905,2025-06-12,6,2025-06-19,2025-06-20,Delivered,0
906,2025-02-05,11,2025-03-12,2025-03-18,Delivered,0
907,2025-05-22,6,2025-05-29,2025-05-27,Delivered,1
908,2024-04-18,15,2024-05-06,2024-05-09,Delivered,0
909,2025-04-27,14,2025-05-04,2025-05-03,Delivered,0
910,2025-03-21,4,2025-04-08,2025-04-16,Delivered,0
911,2024-11-16,17,2024-11-23,2024-11-27,Delivered,0
912,2025-11-25,20,2025-12-02,2025-12-02,Delivered,0
913,2024-07-16,1,2024-08-03,2024-08-06,Delivered,0
914,2024-09-11,8,2024-09-29,2024-10-02,Delivered,0
915,2024-12-31,7,2025-01-07,2025-01-06,Delivered,0
916,2025-07-30,11,2025-09-03,2025-09-06,Delivered,1
917,2025-10-25,17,2025-11-01,2025-11-04,Delivered,0
918,2024-11-14,4,2024-12-02,2024-12-10,Delivered,0
919,2025-08-09,20,2025-08-16,2025-08-19,Delivered,0
920,2025-08-11,1,2025-08-29,2025-09-01,Delivered,0
921,2025-06-21,2,2025-07-09,2025-07-10,Delivered,0
922,2025-06-27,10,2025-07-15,2025-07-17,Delivered,0
923,2024-10-23,4,2024-11-10,2024-11-19,Delivered,0
924,2025-03-12,8,2025-03-30,2025-03-30,Delivered,0
925,2024-03-29,11,2024-05-03,2024-05-06,Delivered,0
926,2025-06-17,11,2025-07-22,2025-07-28,Delivered,0
927,2024-08-14,14,2024-08-21,,Cancelled,0
928,2025-03-11,8,2025-03-29,2025-03-27,Delivered,0
929,2025-05-19,15,2025-06-06,2025-06-09,Delivered,1
930,2024-06-03,11,2024-07-08,2024-07-15,Delivered,0
931,2024-04-25,19,2024-05-13,2024-05-14,Delivered,0
932,2024-08-02,2,2024-08-20,2024-08-20,Delivered,0
933,2024-04-19,17,2024-04-26,2024-05-08,Delivered,0
934,2024-01-29,16,2024-03-04,2024-03-05,Delivered,0
935,2025-08-04,2,2025-08-22,2025-08-21,Delivered,0
936,2025-04-07,20,2025-04-14,2025-04-13,Delivered,0
937,2024-05-29,15,2024-06-16,2024-06-14,Delivered,0
938,2024-06-28,18,2024-07-16,2024-07-14,Delivered,0
939,2024-08-11,12,2024-08-29,2024-08-29,Delivered,0
940,2024-09-01,17,2024-09-08,2024-09-17,Delivered,0
941,2024-03-28,7,2024-04-04,2024-04-03,Delivered,0
942,2025-07-31,4,2025-08-18,2025-08-24,Delivered,1
943,2024-07-24,8,2024-08-11,2024-08-12,Delivered,0
944,2024-10-09,8,2024-10-27,2024-10-30,Delivered,0
945,2024-12-08,1,2024-12-26,2024-12-28,Delivered,0
946,2024-01-16,1,2024-02-03,2024-02-01,Delivered,0
947,2025-04-08,11,2025-05-13,2025-05-24,Delivered,0
948,2025-12-28,4,2026-01-15,2026-01-22,Delivered,0
949,2025-02-25,19,2025-03-15,,Cancelled,0
950,2025-01-16,20,2025-01-23,2025-01-21,Delivered,0
951,2025-04-09,1,2025-04-27,2025-04-29,Delivered,1
952,2024-05-06,16,2024-06-10,,Cancelled,0
953,2024-11-27,2,2024-12-15,2024-12-14,Delivered,0
954,2024-08-15,14,2024-08-22,2024-08-24,Delivered,0
955,2025-12-17,5,2026-01-04,,Cancelled,0
956,2025-08-13,18,2025-08-31,2025-09-02,Delivered,0
957,2025-11-30,3,2026-01-04,,Cancelled,0
958,2025-11-14,17,2025-11-21,2025-11-25,Delivered,0
959,2024-11-18,18,2024-12-06,2024-12-06,Delivered,0
960,2025-01-31,1,2025-02-18,2025-02-16,Delivered,1
961,2024-07-31,1,2024-08-18,2024-08-16,Delivered,0
962,2025-10-16,1,2025-11-03,2025-11-03,Delivered,0
963,2024-11-19,8,2024-12-07,2024-12-05,Delivered,0
964,2025-01-06,11,2025-02-10,,Cancelled,0
965,2024-04-17,20,2024-04-24,2024-04-23,Delivered,0
966,2025-01-15,15,2025-02-02,2025-02-02,Delivered,0
967,2025-05-20,12,2025-06-07,2025-06-10,Delivered,0
968,2024-09-16,19,2024-10-04,2024-10-04,Delivered,0
969,2025-08-13,5,2025-08-31,2025-08-31,Delivered,0
970,2025-12-24,6,2025-12-31,2025-12-29,Delivered,0
971,2025-01-13,1,2025-01-31,2025-01-30,Delivered,0
972,2025-06-07,15,2025-06-25,2025-06-27,Delivered,0
973,2025-05-13,5,2025-05-31,2025-06-01,Delivered,0
974,2025-04-02,19,2025-04-20,,Cancelled,0
975,2025-07-21,19,2025-08-08,,Cancelled,1
976,2025-03-04,5,2025-03-22,2025-03-24,Delivered,0
977,2024-02-03,5,2024-02-21,2024-02-24,Delivered,0
978,2025-02-02,17,2025-02-09,2025-02-18,Delivered,0
979,2025-12-21,9,2025-12-28,2025-12-29,Delivered,0
980,2025-05-28,9,2025-06-04,2025-06-04,Delivered,0
981,2024-04-08,11,2024-05-13,2024-05-24,Delivered,0
982,2025-10-10,14,2025-10-17,2025-10-18,Delivered,0
983,2025-12-22,20,2025-12-29,2025-12-27,Delivered,0
984,2024-07-08,12,2024-07-26,2024-07-29,Delivered,0
985,2025-01-29,11,2025-03-05,2025-03-12,Delivered,0
986,2024-12-29,17,2025-01-05,2025-01-10,Delivered,0
987,2025-07-20,19,2025-08-07,2025-08-08,Delivered,0
988,2025-07-11,18,2025-07-29,2025-07-30,Delivered,0
989,2025-03-19,19,2025-04-06,2025-04-08,Delivered,0
990,2024-04-29,3,2024-06-03,2024-06-05,Delivered,0
991,2024-05-17,20,2024-05-24,2024-05-25,Delivered,0
992,2025-01-19,20,2025-01-26,2025-01-25,Delivered,0
993,2024-11-03,1,2024-11-21,2024-11-24,Delivered,0
994,2024-07-31,4,2024-08-18,2024-08-22,Delivered,0
995,2025-12-11,11,2026-01-15,2026-01-26,Delivered,0
996,2024-01-09,16,2024-02-13,2024-02-15,Delivered,1
997,2024-04-07,3,2024-05-12,,Cancelled,0
998,2024-07-03,6,2024-07-10,2024-07-13,Delivered,0
999,2025-03-26,7,2025-04-02,2025-04-03,Delivered,1
1000,2024-09-09,14,2024-09-16,,Cancelled,0
1001,2025-10-16,15,2025-11-03,2025-11-06,Delivered,0
1002,2024-06-07,16,2024-07-12,,Cancelled,0
1003,2024-06-26,6,2024-07-03,2024-07-04,Delivered,0
1004,2025-02-09,2,2025-02-27,2025-03-02,Delivered,0
1005,2025-01-09,11,2025-02-13,2025-02-20,Delivered,0
1006,2025-07-16,10,2025-08-03,2025-08-02,Delivered,0
1007,2024-12-07,13,2024-12-25,2024-12-28,Delivered,0
1008,2024-11-07,16,2024-12-12,2024-12-11,Delivered,0
1009,2024-02-03,8,2024-02-21,2024-02-20,Delivered,0
1010,2025-12-21,10,2026-01-08,2026-01-07,Delivered,1
1011,2025-04-08,14,2025-04-15,2025-04-18,Delivered,0
1012,2025-08-18,11,2025-09-22,2025-09-29,Delivered,0
1013,2024-04-27,10,2024-05-15,2024-05-16,Delivered,0
1014,2025-07-21,11,2025-08-25,2025-09-03,Delivered,0
1015,2024-05-23,2,2024-06-10,,Cancelled,0
1016,2025-03-17,2,2025-04-04,2025-04-04,Delivered,0
1017,2025-05-21,18,2025-06-08,,Cancelled,0
1018,2024-02-29,16,2024-04-04,2024-04-05,Delivered,0
1019,2025-10-03,16,2025-11-07,2025-11-07,Delivered,0
1020,2024-11-29,10,2024-12-17,2024-12-19,Delivered,0
1021,2025-01-05,8,2025-01-23,2025-01-24,Delivered,0
1022,2024-12-16,11,2025-01-20,2025-01-24,Delivered,0
1023,2025-03-01,1,2025-03-19,2025-03-20,Delivered,0
1024,2025-02-07,17,2025-02-14,2025-02-23,Delivered,0
1025,2025-02-28,17,2025-03-07,2025-03-15,Delivered,0
1026,2024-02-25,7,2024-03-03,2024-03-05,Delivered,0
1027,2025-09-02,4,2025-09-20,2025-09-29,Delivered,0
1028,2024-07-01,9,2024-07-08,2024-07-09,Delivered,0
1029,2024-10-10,1,2024-10-28,2024-10-30,Delivered,1
1030,2025-06-28,6,2025-07-05,2025-07-04,Delivered,0
1031,2025-05-14,19,2025-06-01,2025-06-01,Delivered,0
1032,2024-02-09,5,2024-02-27,2024-02-27,Delivered,0
1033,2024-06-26,13,2024-07-14,2024-07-12,Delivered,0
1034,2024-07-14,5,2024-08-01,,Cancelled,0
1035,2024-06-18,4,2024-07-06,2024-07-10,Delivered,0
1036,2025-06-25,18,2025-07-13,2025-07-11,Delivered,0
1037,2025-01-27,7,2025-02-03,2025-02-05,Delivered,0
1038,2024-07-11,15,2024-07-29,2024-07-29,Delivered,0
1039,2024-01-01,3,2024-02-05,2024-02-07,Delivered,0
1040,2024-03-15,11,2024-04-19,2024-04-28,Delivered,0
1041,2024-07-28,20,2024-08-04,2024-08-05,Delivered,0
1042,2024-09-22,20,2024-09-29,2024-09-29,Delivered,0
1043,2025-05-18,11,2025-06-22,2025-07-01,Delivered,0
1044,2024-02-20,7,2024-02-27,2024-03-01,Delivered,0
1045,2024-10-18,18,2024-11-05,2024-11-06,Delivered,0
1046,2025-01-31,12,2025-02-18,2025-02-16,Delivered,0
1047,2025-05-04,5,2025-05-22,2025-05-23,Delivered,0
1048,2024-10-26,19,2024-11-13,2024-11-15,Delivered,0
1049,2024-07-06,19,2024-07-24,2024-07-24,Delivered,0
1050,2025-03-21,14,2025-03-28,2025-03-28,Delivered,0
1051,2025-04-24,19,2025-05-12,2025-05-12,Delivered,0
1052,2024-06-17,2,2024-07-05,2024-07-05,Delivered,0
1053,2024-03-26,13,2024-04-13,2024-04-16,Delivered,1
1054,2025-12-30,11,2026-02-03,2026-02-13,Delivered,0
1055,2025-05-05,15,2025-05-23,2025-05-26,Delivered,0
1056,2025-01-14,6,2025-01-21,2025-01-22,Delivered,0
1057,2024-08-18,4,2024-09-05,2024-09-14,Delivered,0
1058,2024-09-14,15,2024-10-02,2024-09-30,Delivered,0
1059,2024-03-31,11,2024-05-05,2024-05-15,Delivered,0
1060,2025-07-02,17,2025-07-09,2025-07-16,Delivered,0
1061,2025-04-30,2,2025-05-18,2025-05-18,Delivered,0
1062,2025-03-13,10,2025-03-31,2025-04-01,Delivered,1
1063,2024-06-10,12,2024-06-28,2024-06-26,Delivered,0
1064,2024-05-07,18,2024-05-25,2024-05-27,Delivered,0
1065,2025-07-18,7,2025-07-25,2025-07-23,Delivered,0
1066,2024-06-30,5,2024-07-18,2024-07-20,Delivered,1
1067,2025-06-24,1,2025-07-12,2025-07-14,Delivered,0
1068,2024-09-12,13,2024-09-30,2024-10-03,Delivered,0
1069,2025-09-27,8,2025-10-15,2025-10-13,Delivered,0
1070,2025-09-17,12,2025-10-05,2025-10-06,Delivered,0
1071,2024-09-14,5,2024-10-02,2024-10-02,Delivered,1
1072,2025-09-21,16,2025-10-26,2025-10-29,Delivered,0
1073,2025-02-06,20,2025-02-13,2025-02-15,Delivered,0
1074,2025-12-01,6,2025-12-08,2025-12-09,Delivered,0
1075,2024-04-10,7,2024-04-17,2024-04-15,Delivered,0
1076,2024-09-13,11,2024-10-18,2024-10-29,Delivered,0
1077,2024-02-02,19,2024-02-20,,Cancelled,0
1078,2025-01-05,10,2025-01-23,2025-01-24,Delivered,0
1079,2025-06-21,7,2025-06-28,2025-07-01,Delivered,0
1080,2025-08-25,3,2025-09-29,2025-09-28,Delivered,0
1081,2025-08-16,17,2025-08-23,2025-08-26,Delivered,1
1082,2024-08-28,3,2024-10-02,2024-10-04,Delivered,0
1083,2025-05-11,9,2025-05-18,,Cancelled,0
1084,2025-05-08,7,2025-05-15,2025-05-16,Delivered,0
1085,2024-03-12,19,2024-03-30,2024-03-29,Delivered,0
1086,2024-03-28,6,2024-04-04,2024-04-07,Delivered,1
1087,2024-11-09,5,2024-11-27,2024-11-26,Delivered,0
1088,2025-04-05,20,2025-04-12,2025-04-14,Delivered,0
1089,2024-03-14,10,2024-04-01,2024-04-03,Delivered,0
1090,2024-08-15,16,2024-09-19,2024-09-18,Delivered,1
1091,2025-05-21,16,2025-06-25,2025-06-27,Delivered,0
1092,2025-07-20,1,2025-08-07,2025-08-10,Delivered,0
1093,2024-01-12,9,2024-01-19,2024-01-19,Delivered,0
1094,2024-07-17,4,2024-08-04,2024-08-13,Delivered,0
1095,2025-12-13,18,2025-12-31,2026-01-01,Delivered,0
1096,2024-02-25,11,2024-03-31,2024-04-08,Delivered,1
1097,2025-07-30,14,2025-08-06,2025-08-04,Delivered,0
1098,2024-11-13,12,2024-12-01,2024-12-04,Delivered,0
1099,2024-05-28,19,2024-06-15,2024-06-16,Delivered,0
1100,2025-05-20,9,2025-05-27,2025-05-29,Delivered,0
1101,2025-01-17,17,2025-01-24,2025-01-29,Delivered,0
1102,2025-12-04,16,2026-01-08,2026-01-11,Delivered,0
1103,2025-07-27,9,2025-08-03,2025-08-02,Delivered,0
1104,2024-10-31,7,2024-11-07,2024-11-07,Delivered,1
1105,2025-12-15,20,2025-12-22,2025-12-23,Delivered,0
1106,2024-10-13,14,2024-10-20,2024-10-18,Delivered,0
1107,2024-09-09,1,2024-09-27,2024-09-29,Delivered,0
1108,2025-01-07,5,2025-01-25,,Cancelled,0
1109,2024-09-24,12,2024-10-12,2024-10-12,Delivered,0
1110,2024-05-27,12,2024-06-14,2024-06-17,Delivered,0
1111,2024-05-02,15,2024-05-20,2024-05-22,Delivered,0
1112,2025-07-20,8,2025-08-07,,Cancelled,0
1113,2025-09-08,20,2025-09-15,2025-09-14,Delivered,0
1114,2024-05-25,11,2024-06-29,2024-07-13,Delivered,0
1115,2024-03-27,12,2024-04-14,2024-04-12,Delivered,0
1116,2025-03-30,8,2025-04-17,2025-04-19,Delivered,0
1117,2025-12-30,14,2026-01-06,2026-01-06,Delivered,0
1118,2025-08-23,4,2025-09-10,2025-09-15,Delivered,0
1119,2024-08-14,1,2024-09-01,2024-08-30,Delivered,0
1120,2024-09-09,15,2024-09-27,2024-09-27,Delivered,1
1121,2025-01-04,10,2025-01-22,2025-01-21,Delivered,1
1122,2024-09-12,1,2024-09-30,2024-09-28,Delivered,0
1123,2025-05-03,3,2025-06-07,2025-06-07,Delivered,0
1124,2025-06-24,15,2025-07-12,2025-07-13,Delivered,0
1125,2024-06-22,2,2024-07-10,2024-07-12,Delivered,0
1126,2024-12-09,13,2024-12-27,2024-12-25,Delivered,0
1127,2025-10-28,13,2025-11-15,2025-11-16,Delivered,0
1128,2024-06-23,9,2024-06-30,2024-07-01,Delivered,0
1129,2025-08-10,17,2025-08-17,2025-08-26,Delivered,0
1130,2024-12-03,12,2024-12-21,2024-12-23,Delivered,0
1131,2025-12-16,1,2026-01-03,2026-01-05,Delivered,0
1132,2024-10-06,15,2024-10-24,2024-10-24,Delivered,0
1133,2025-11-02,15,2025-11-20,2025-11-22,Delivered,0
1134,2024-10-13,2,2024-10-31,2024-11-03,Delivered,0
1135,2024-06-03,11,2024-07-08,2024-07-16,Delivered,0
1136,2024-11-10,16,2024-12-15,2024-12-18,Delivered,1
1137,2025-07-06,9,2025-07-13,2025-07-12,Delivered,0
1138,2024-10-25,3,2024-11-29,2024-12-02,Delivered,0
1139,2024-03-16,20,2024-03-23,2024-03-23,Delivered,0
1140,2025-04-05,19,2025-04-23,2025-04-26,Delivered,0
1141,2024-10-22,19,2024-11-09,2024-11-10,Delivered,1
1142,2024-06-21,2,2024-07-09,,Cancelled,1
1143,2025-10-29,19,2025-11-16,2025-11-15,Delivered,0
1144,2025-03-08,4,2025-03-26,2025-04-03,Delivered,0
1145,2025-01-23,7,2025-01-30,2025-01-28,Delivered,0
1146,2025-03-17,12,2025-04-04,2025-04-06,Delivered,0
1147,2025-07-10,12,2025-07-28,2025-07-27,Delivered,0
1148,2024-03-25,7,2024-04-01,2024-03-31,Delivered,0
1149,2025-08-31,1,2025-09-18,,Cancelled,0
1150,2025-10-20,5,2025-11-07,2025-11-06,Delivered,0
1151,2024-03-21,2,2024-04-08,2024-04-10,Delivered,0
1152,2024-03-25,15,2024-04-12,2024-04-10,Delivered,0
1153,2025-05-24,1,2025-06-11,2025-06-09,Delivered,0
1154,2025-03-24,8,2025-04-11,2025-04-12,Delivered,0
1155,2025-09-28,10,2025-10-16,2025-10-15,Delivered,0
1156,2024-01-09,17,2024-01-16,2024-01-27,Delivered,0
1157,2024-01-27,9,2024-02-03,2024-02-04,Delivered,0
1158,2025-12-16,19,2026-01-03,2026-01-02,Delivered,1
1159,2024-07-20,16,2024-08-24,2024-08-27,Delivered,0
1160,2024-02-01,18,2024-02-19,2024-02-21,Delivered,0
1161,2024-04-12,1,2024-04-30,2024-04-30,Delivered,0
1162,2025-04-22,15,2025-05-10,2025-05-10,Delivered,0
1163,2024-07-16,11,2024-08-20,2024-08-26,Delivered,0
1164,2024-02-10,9,2024-02-17,2024-02-17,Delivered,0
1165,2025-06-10,2,2025-06-28,2025-06-30,Delivered,0
1166,2025-03-20,13,2025-04-07,2025-04-06,Delivered,0
1167,2025-08-23,7,2025-08-30,2025-08-31,Delivered,0
1168,2025-09-11,1,2025-09-29,2025-10-01,Delivered,0
1169,2024-05-13,11,2024-06-17,2024-06-23,Delivered,0
1170,2024-11-15,11,2024-12-20,2024-12-31,Delivered,0
1171,2024-09-28,14,2024-10-05,2024-10-03,Delivered,0
1172,2024-04-15,20,2024-04-22,2024-04-25,Delivered,0
1173,2025-11-11,14,2025-11-18,2025-11-19,Delivered,0
1174,2025-07-10,11,2025-08-14,2025-08-19,Delivered,0
1175,2024-10-16,17,2024-10-23,2024-10-28,Delivered,0
1176,2025-04-11,3,2025-05-16,2025-05-14,Delivered,1
1177,2024-11-02,14,2024-11-09,2024-11-12,Delivered,0
1178,2025-12-26,1,2026-01-13,2026-01-12,Delivered,0
1179,2024-06-01,11,2024-07-06,2024-07-12,Delivered,0
1180,2024-02-15,16,2024-03-21,2024-03-19,Delivered,0
1181,2025-01-12,16,2025-02-16,2025-02-17,Delivered,0
1182,2025-10-16,2,2025-11-03,2025-11-05,Delivered,0
1183,2024-05-31,17,2024-06-07,2024-06-12,Delivered,0
1184,2025-12-16,5,2026-01-03,2026-01-05,Delivered,0
1185,2025-12-29,2,2026-01-16,2026-01-19,Delivered,0
1186,2024-11-11,17,2024-11-18,2024-11-22,Delivered,0
1187,2025-01-20,20,2025-01-27,2025-01-27,Delivered,0
1188,2025-09-26,2,2025-10-14,2025-10-15,Delivered,0
1189,2024-06-12,12,2024-06-30,2024-07-02,Delivered,0
1190,2025-12-16,6,2025-12-23,2025-12-24,Delivered,0
1191,2025-10-27,15,2025-11-14,2025-11-14,Delivered,0
1192,2025-02-25,20,2025-03-04,2025-03-05,Delivered,0
1193,2024-03-16,18,2024-04-03,2024-04-04,Delivered,0
1194,2024-01-09,18,2024-01-27,2024-01-26,Delivered,0
1195,2024-06-20,6,2024-06-27,2024-06-25,Delivered,0
1196,2025-07-07,9,2025-07-14,2025-07-12,Delivered,0
1197,2024-12-08,19,2024-12-26,2024-12-29,Delivered,0
1198,2024-05-07,19,2024-05-25,2024-05-26,Delivered,0
1199,2025-11-23,13,2025-12-11,2025-12-09,Delivered,0
1200,2024-11-04,2,2024-11-22,2024-11-22,Delivered,0
1201,2024-03-06,7,2024-03-13,2024-03-13,Delivered,0
1202,2025-07-16,7,2025-07-23,2025-07-25,Delivered,0
1203,2024-04-24,12,2024-05-12,2024-05-13,Delivered,0
1204,2025-12-05,3,2026-01-09,2026-01-11,Delivered,0
1205,2025-07-21,7,2025-07-28,2025-07-31,Delivered,0
1206,2025-05-01,15,2025-05-19,2025-05-20,Delivered,0
1207,2025-12-30,9,2026-01-06,2026-01-05,Delivered,0
1208,2025-04-30,4,2025-05-18,,Cancelled,0
1209,2025-05-27,15,2025-06-14,2025-06-14,Delivered,0
1210,2025-01-09,19,2025-01-27,2025-01-27,Delivered,0
1211,2024-05-12,17,2024-05-19,,Cancelled,0
1212,2024-12-04,1,2024-12-22,2024-12-21,Delivered,0
1213,2024-05-24,6,2024-05-31,2024-06-02,Delivered,0
1214,2025-05-24,5,2025-06-11,2025-06-13,Delivered,0
1215,2025-01-15,12,2025-02-02,2025-02-01,Delivered,1
1216,2024-08-21,19,2024-09-08,2024-09-09,Delivered,0
1217,2025-07-23,3,2025-08-27,2025-08-30,Delivered,0
1218,2024-10-23,4,2024-11-10,2024-11-16,Delivered,0
1219,2025-08-19,17,2025-08-26,2025-09-07,Delivered,0
1220,2024-06-22,14,2024-06-29,2024-06-28,Delivered,1
1221,2024-08-29,13,2024-09-16,2024-09-18,Delivered,0
1222,2024-06-26,14,2024-07-03,2024-07-05,Delivered,1
1223,2024-05-21,1,2024-06-08,2024-06-06,Delivered,0
1224,2024-04-17,6,2024-04-24,2024-04-27,Delivered,0
1225,2025-09-09,7,2025-09-16,2025-09-15,Delivered,1
1226,2025-06-23,11,2025-07-28,2025-07-29,Delivered,0
1227,2025-06-19,5,2025-07-07,2025-07-08,Delivered,0
1228,2025-08-04,14,2025-08-11,,Cancelled,0
1229,2024-07-12,13,2024-07-30,2024-07-29,Delivered,0
1230,2025-02-18,17,2025-02-25,2025-02-28,Delivered,0
1231,2024-07-12,10,2024-07-30,2024-07-29,Delivered,0
1232,2024-12-18,3,2025-01-22,2025-01-22,Delivered,0
1233,2024-11-26,4,2024-12-14,2024-12-16,Delivered,0
1234,2024-07-16,9,2024-07-23,2024-07-23,Delivered,0
1235,2025-10-11,6,2025-10-18,2025-10-17,Delivered,0
1236,2025-05-06,4,2025-05-24,2025-06-03,Delivered,0
1237,2025-04-08,13,2025-04-26,2025-04-27,Delivered,0
1238,2024-07-20,9,2024-07-27,2024-07-29,Delivered,0
1239,2024-07-16,11,2024-08-20,2024-08-28,Delivered,0
1240,2024-10-15,3,2024-11-19,2024-11-20,Delivered,0
1241,2024-08-07,17,2024-08-14,2024-08-26,Delivered,0
1242,2024-03-04,17,2024-03-11,2024-03-22,Delivered,1
1243,2024-10-14,16,2024-11-18,2024-11-16,Delivered,0
1244,2024-10-27,17,2024-11-03,2024-11-12,Delivered,0
1245,2024-11-26,7,2024-12-03,2024-12-02,Delivered,0
1246,2024-03-19,3,2024-04-23,2024-04-23,Delivered,0
1247,2024-04-03,17,2024-04-10,2024-04-23,Delivered,0
1248,2025-07-22,14,2025-07-29,2025-08-01,Delivered,0
1249,2024-07-24,5,2024-08-11,2024-08-12,Delivered,0
1250,2025-12-02,1,2025-12-20,2025-12-22,Delivered,1
1251,2025-06-23,12,2025-07-11,2025-07-14,Delivered,0
1252,2024-12-24,19,2025-01-11,2025-01-14,Delivered,0
1253,2024-09-13,7,2024-09-20,2024-09-22,Delivered,0
1254,2024-06-05,8,2024-06-23,2024-06-26,Delivered,0
1255,2025-06-08,9,2025-06-15,2025-06-18,Delivered,0
1256,2024-03-27,19,2024-04-14,2024-04-14,Delivered,0
1257,2025-03-28,16,2025-05-02,2025-04-30,Delivered,0
1258,2025-03-09,19,2025-03-27,2025-03-25,Delivered,0
1259,2025-08-25,18,2025-09-12,2025-09-11,Delivered,0
1260,2024-06-16,14,2024-06-23,2024-06-22,Delivered,0
1261,2025-01-17,7,2025-01-24,2025-01-22,Delivered,0
1262,2024-02-11,11,2024-03-17,2024-03-26,Delivered,0
1263,2025-03-23,2,2025-04-10,2025-04-12,Delivered,0
1264,2025-01-21,11,2025-02-25,2025-03-04,Delivered,0
1265,2025-08-27,13,2025-09-14,2025-09-15,Delivered,0
1266,2024-02-01,4,2024-02-19,2024-02-26,Delivered,0
1267,2025-04-01,3,2025-05-06,,Cancelled,0
1268,2024-02-08,5,2024-02-26,2024-02-27,Delivered,0
1269,2025-04-02,4,2025-04-20,2025-04-28,Delivered,0
1270,2024-04-12,9,2024-04-19,2024-04-22,Delivered,0
1271,2024-11-24,20,2024-12-01,,Cancelled,0
1272,2025-10-21,20,2025-10-28,,Cancelled,0
1273,2025-08-06,9,2025-08-13,2025-08-13,Delivered,0
1274,2025-04-23,2,2025-05-11,2025-05-14,Delivered,0
1275,2025-02-17,7,2025-02-24,2025-02-26,Delivered,1
1276,2025-07-09,18,2025-07-27,2025-07-25,Delivered,0
1277,2024-10-30,6,2024-11-06,2024-11-09,Delivered,0
1278,2024-11-25,3,2024-12-30,2024-12-30,Delivered,0
1279,2025-09-10,5,2025-09-28,2025-09-29,Delivered,0
1280,2024-03-07,2,2024-03-25,,Cancelled,0
1281,2024-01-20,14,2024-01-27,2024-01-25,Delivered,0
1282,2025-05-30,1,2025-06-17,2025-06-16,Delivered,0
1283,2025-07-18,13,2025-08-05,2025-08-08,Delivered,0
1284,2024-05-14,10,2024-06-01,2024-05-30,Delivered,1
1285,2025-11-07,17,2025-11-14,2025-11-18,Delivered,0
1286,2024-03-29,20,2024-04-05,2024-04-03,Delivered,0
1287,2024-11-14,12,2024-12-02,2024-12-04,Delivered,0
1288,2024-08-03,4,2024-08-21,2024-08-30,Delivered,0
1289,2024-09-27,17,2024-10-04,2024-10-12,Delivered,0
1290,2024-12-17,9,2024-12-24,2024-12-25,Delivered,0
1291,2025-01-23,3,2025-02-27,2025-03-02,Delivered,0
1292,2024-02-07,6,2024-02-14,2024-02-15,Delivered,0
1293,2024-04-04,7,2024-04-11,2024-04-14,Delivered,0
1294,2024-05-17,20,2024-05-24,2024-05-24,Delivered,0
1295,2025-05-31,14,2025-06-07,2025-06-08,Delivered,0
1296,2024-11-05,6,2024-11-12,2024-11-11,Delivered,0
1297,2024-01-18,11,2024-02-22,2024-02-28,Delivered,0
1298,2024-03-18,12,2024-04-05,2024-04-03,Delivered,0
1299,2024-04-21,6,2024-04-28,2024-04-30,Delivered,0
1300,2024-08-04,19,2024-08-22,2024-08-20,Delivered,1
1301,2025-01-21,6,2025-01-28,2025-01-30,Delivered,1
1302,2025-06-23,6,2025-06-30,2025-06-30,Delivered,0
1303,2024-10-13,11,2024-11-17,2024-11-30,Delivered,0
1304,2024-12-10,5,2024-12-28,2024-12-29,Delivered,0
1305,2025-12-09,13,2025-12-27,2025-12-26,Delivered,0
1306,2024-05-25,14,2024-06-01,2024-06-04,Delivered,0
1307,2024-01-07,13,2024-01-25,2024-01-26,Delivered,0
1308,2025-11-19,10,2025-12-07,2025-12-06,Delivered,0
1309,2025-06-23,2,2025-07-11,2025-07-10,Delivered,0
1310,2024-05-15,20,2024-05-22,2024-05-23,Delivered,0
1311,2025-12-21,16,2026-01-25,2026-01-26,Delivered,0
1312,2024-04-27,4,2024-05-15,,Cancelled,0
1313,2024-04-05,1,2024-04-23,2024-04-23,Delivered,0
1314,2025-05-17,20,2025-05-24,2025-05-23,Delivered,0
1315,2024-01-13,16,2024-02-17,2024-02-17,Delivered,0
1316,2024-04-26,8,2024-05-14,2024-05-17,Delivered,0
1317,2025-03-23,1,2025-04-10,2025-04-09,Delivered,0
1318,2025-07-27,14,2025-08-03,2025-08-05,Delivered,0
1319,2024-11-03,8,2024-11-21,2024-11-24,Delivered,0
1320,2025-01-31,19,2025-02-18,2025-02-20,Delivered,0
1321,2025-05-24,12,2025-06-11,2025-06-14,Delivered,0
1322,2024-05-20,5,2024-06-07,2024-06-08,Delivered,0
1323,2024-10-02,19,2024-10-20,2024-10-23,Delivered,0
1324,2025-12-20,6,2025-12-27,2025-12-30,Delivered,0
1325,2025-03-08,13,2025-03-26,2025-03-25,Delivered,0
1326,2025-03-18,8,2025-04-05,2025-04-03,Delivered,0
1327,2025-03-20,15,2025-04-07,2025-04-09,Delivered,0
1328,2024-08-09,16,2024-09-13,2024-09-15,Delivered,0
1329,2024-01-31,8,2024-02-18,2024-02-20,Delivered,0
1330,2024-10-01,3,2024-11-05,2024-11-05,Delivered,0
1331,2024-05-29,18,2024-06-16,2024-06-14,Delivered,0
1332,2025-05-17,3,2025-06-21,2025-06-23,Delivered,0
1333,2024-10-30,10,2024-11-17,2024-11-19,Delivered,0
1334,2025-02-09,18,2025-02-27,2025-02-27,Delivered,0
1335,2024-03-08,19,2024-03-26,2024-03-29,Delivered,0
1336,2025-11-16,20,2025-11-23,2025-11-23,Delivered,0
1337,2025-12-27,20,2026-01-03,2026-01-03,Delivered,0
1338,2025-03-01,9,2025-03-08,2025-03-08,Delivered,0
1339,2025-07-30,17,2025-08-06,,Cancelled,0
1340,2025-12-05,19,2025-12-23,,Cancelled,0
1341,2025-03-16,18,2025-04-03,2025-04-03,Delivered,0
1342,2024-03-17,6,2024-03-24,2024-03-23,Delivered,0
1343,2025-08-20,16,2025-09-24,2025-09-27,Delivered,0
1344,2024-07-14,20,2024-07-21,2024-07-23,Delivered,0
1345,2025-09-05,8,2025-09-23,2025-09-26,Delivered,0
1346,2024-08-15,14,2024-08-22,2024-08-25,Delivered,0
1347,2025-09-28,8,2025-10-16,2025-10-17,Delivered,0
1348,2025-07-14,15,2025-08-01,2025-07-30,Delivered,0
1349,2025-02-11,19,2025-03-01,2025-03-03,Delivered,0
1350,2025-10-07,10,2025-10-25,2025-10-27,Delivered,0
1351,2025-06-11,7,2025-06-18,,Cancelled,0
1352,2025-08-30,4,2025-09-17,2025-09-26,Delivered,0
1353,2024-11-14,10,2024-12-02,2024-12-04,Delivered,0
1354,2025-02-17,20,2025-02-24,2025-02-23,Delivered,0
1355,2024-09-05,9,2024-09-12,2024-09-11,Delivered,1
1356,2025-02-23,12,2025-03-13,2025-03-11,Delivered,0
1357,2025-12-06,2,2025-12-24,2025-12-24,Delivered,0
1358,2025-09-22,11,2025-10-27,2025-10-30,Delivered,0
1359,2025-01-17,18,2025-02-04,2025-02-05,Delivered,0
1360,2024-12-13,7,2024-12-20,2024-12-21,Delivered,0
1361,2025-06-11,10,2025-06-29,2025-07-02,Delivered,0
1362,2025-08-01,3,2025-09-05,2025-09-05,Delivered,0
1363,2024-08-04,19,2024-08-22,2024-08-25,Delivered,0
1364,2025-06-26,20,2025-07-03,2025-07-06,Delivered,0
1365,2024-06-15,17,2024-06-22,2024-06-25,Delivered,0
1366,2025-02-21,11,2025-03-28,2025-03-31,Delivered,0
1367,2025-01-05,19,2025-01-23,2025-01-22,Delivered,0
1368,2024-03-22,1,2024-04-09,2024-04-12,Delivered,0
1369,2024-03-04,6,2024-03-11,2024-03-10,Delivered,0
1370,2024-01-11,4,2024-01-29,2024-02-08,Delivered,0
1371,2025-11-17,5,2025-12-05,2025-12-07,Delivered,0
1372,2025-12-20,15,2026-01-07,2026-01-08,Delivered,0
1373,2024-01-02,15,2024-01-20,2024-01-23,Delivered,0
1374,2025-03-29,7,2025-04-05,2025-04-06,Delivered,0
1375,2024-11-08,14,2024-11-15,2024-11-17,Delivered,0
1376,2025-09-30,10,2025-10-18,2025-10-16,Delivered,1
1377,2024-09-02,13,2024-09-20,2024-09-21,Delivered,0
1378,2025-05-24,4,2025-06-11,2025-06-20,Delivered,0
1379,2025-03-29,19,2025-04-16,2025-04-18,Delivered,0
1380,2024-02-26,9,2024-03-04,2024-03-02,Delivered,0
1381,2024-01-09,2,2024-01-27,2024-01-30,Delivered,0
1382,2025-04-04,4,2025-04-22,,Cancelled,0
1383,2025-09-30,20,2025-10-07,2025-10-10,Delivered,0
1384,2024-12-24,16,2025-01-28,2025-01-30,Delivered,1
1385,2024-08-31,14,2024-09-07,2024-09-07,Delivered,0
1386,2025-08-26,18,2025-09-13,2025-09-13,Delivered,0
1387,2024-01-01,20,2024-01-08,2024-01-06,Delivered,0
1388,2025-11-04,5,2025-11-22,2025-11-25,Delivered,0
1389,2024-10-22,1,2024-11-09,2024-11-12,Delivered,0
1390,2024-06-15,13,2024-07-03,2024-07-01,Delivered,0
1391,2024-07-13,18,2024-07-31,2024-08-01,Delivered,0
1392,2024-04-05,18,2024-04-23,2024-04-26,Delivered,1
1393,2025-07-25,16,2025-08-29,2025-08-31,Delivered,0
1394,2024-03-09,10,2024-03-27,2024-03-30,Delivered,0
1395,2024-12-11,11,2025-01-15,2025-01-21,Delivered,0
1396,2024-09-03,20,2024-09-10,2024-09-08,Delivered,0
1397,2024-02-28,20,2024-03-06,,Cancelled,0
1398,2024-03-11,5,2024-03-29,2024-03-28,Delivered,0
1399,2025-07-22,19,2025-08-09,2025-08-10,Delivered,1
1400,2025-08-16,15,2025-09-03,2025-09-01,Delivered,0
1401,2024-06-07,3,2024-07-12,,Cancelled,0
1402,2024-04-16,10,2024-05-04,2024-05-02,Delivered,1
1403,2024-03-16,7,2024-03-23,2024-03-22,Delivered,0
1404,2024-07-27,14,2024-08-03,,Cancelled,0
1405,2024-02-27,14,2024-03-05,2024-03-06,Delivered,0
1406,2025-06-25,8,2025-07-13,2025-07-14,Delivered,0
1407,2025-12-15,6,2025-12-22,2025-12-22,Delivered,0
1408,2025-09-01,12,2025-09-19,2025-09-17,Delivered,0
1409,2025-06-22,9,2025-06-29,2025-07-02,Delivered,0
1410,2025-11-04,8,2025-11-22,2025-11-25,Delivered,0
1411,2025-08-19,6,2025-08-26,2025-08-27,Delivered,0
1412,2024-03-23,13,2024-04-10,2024-04-09,Delivered,0
1413,2025-02-20,19,2025-03-10,2025-03-10,Delivered,0
1414,2024-03-03,18,2024-03-21,2024-03-23,Delivered,0
1415,2025-03-24,1,2025-04-11,2025-04-13,Delivered,0
1416,2024-05-07,14,2024-05-14,2024-05-16,Delivered,0
1417,2024-01-25,18,2024-02-12,2024-02-11,Delivered,0
1418,2024-11-08,3,2024-12-13,2024-12-15,Delivered,0
1419,2024-04-15,11,2024-05-20,2024-06-01,Delivered,0
1420,2025-10-04,2,2025-10-22,2025-10-21,Delivered,1
1421,2024-04-08,12,2024-04-26,2024-04-26,Delivered,0
1422,2024-02-25,16,2024-03-31,2024-03-30,Delivered,0
1423,2024-03-03,6,2024-03-10,2024-03-13,Delivered,0
1424,2025-02-11,12,2025-03-01,2025-03-04,Delivered,0
1425,2024-05-17,2,2024-06-04,2024-06-06,Delivered,0
1426,2025-09-27,9,2025-10-04,2025-10-04,Delivered,0
1427,2025-03-02,5,2025-03-20,2025-03-20,Delivered,0
1428,2025-10-16,9,2025-10-23,2025-10-25,Delivered,0
1429,2024-02-05,18,2024-02-23,2024-02-23,Delivered,1
1430,2025-11-12,5,2025-11-30,2025-11-30,Delivered,0
1431,2025-05-15,13,2025-06-02,2025-06-03,Delivered,0
1432,2024-11-17,5,2024-12-05,2024-12-04,Delivered,0
1433,2025-05-24,4,2025-06-11,2025-06-18,Delivered,0
1434,2025-04-16,4,2025-05-04,2025-05-14,Delivered,0
1435,2024-08-30,13,2024-09-17,2024-09-18,Delivered,1
1436,2024-09-22,9,2024-09-29,2024-09-30,Delivered,0
1437,2024-06-30,17,2024-07-07,2024-07-17,Delivered,0
1438,2025-03-21,19,2025-04-08,2025-04-09,Delivered,1
1439,2025-07-23,4,2025-08-10,2025-08-16,Delivered,0
1440,2025-07-07,2,2025-07-25,2025-07-24,Delivered,0
1441,2025-01-26,3,2025-03-02,2025-03-02,Delivered,0
1442,2025-08-18,17,2025-08-25,2025-08-30,Delivered,0
1443,2025-06-10,17,2025-06-17,2025-06-29,Delivered,0
1444,2025-01-07,4,2025-01-25,2025-02-01,Delivered,0
1445,2025-06-24,18,2025-07-12,2025-07-11,Delivered,0
1446,2025-04-16,9,2025-04-23,2025-04-22,Delivered,0
1447,2024-08-07,18,2024-08-25,2024-08-25,Delivered,0
1448,2025-10-19,18,2025-11-06,2025-11-08,Delivered,0
1449,2024-05-10,1,2024-05-28,2024-05-30,Delivered,0
1450,2025-11-28,20,2025-12-05,2025-12-05,Delivered,0
1451,2025-08-10,4,2025-08-28,2025-09-05,Delivered,0
1452,2025-04-01,16,2025-05-06,2025-05-07,Delivered,0
1453,2024-04-25,11,2024-05-30,2024-06-04,Delivered,0
1454,2024-06-25,8,2024-07-13,2024-07-13,Delivered,0
1455,2024-05-30,13,2024-06-17,2024-06-20,Delivered,0
1456,2024-08-12,9,2024-08-19,2024-08-18,Delivered,0
1457,2025-08-19,4,2025-09-06,2025-09-10,Delivered,1
1458,2025-02-16,1,2025-03-06,2025-03-08,Delivered,0
1459,2024-12-23,19,2025-01-10,,Cancelled,0
1460,2024-06-05,16,2024-07-10,2024-07-12,Delivered,0
1461,2025-10-12,5,2025-10-30,2025-10-28,Delivered,0
1462,2024-10-19,10,2024-11-06,2024-11-09,Delivered,0
1463,2025-12-14,20,2025-12-21,2025-12-23,Delivered,0
1464,2025-11-28,7,2025-12-05,2025-12-06,Delivered,0
1465,2025-03-31,20,2025-04-07,2025-04-09,Delivered,0
1466,2025-10-13,9,2025-10-20,2025-10-19,Delivered,0
1467,2024-11-09,14,2024-11-16,2024-11-18,Delivered,0
1468,2024-12-14,18,2025-01-01,2024-12-30,Delivered,0
1469,2024-07-21,4,2024-08-08,2024-08-14,Delivered,0
1470,2024-12-18,1,2025-01-05,2025-01-05,Delivered,1
1471,2025-12-15,13,2026-01-02,2026-01-05,Delivered,0
1472,2025-11-19,16,2025-12-24,2025-12-24,Delivered,1
1473,2025-08-09,4,2025-08-27,,Cancelled,0
1474,2025-01-15,8,2025-02-02,2025-01-31,Delivered,0
1475,2025-11-07,15,2025-11-25,2025-11-24,Delivered,1
1476,2024-07-12,9,2024-07-19,2024-07-17,Delivered,0
1477,2024-04-30,2,2024-05-18,2024-05-18,Delivered,0
1478,2025-01-01,7,2025-01-08,2025-01-11,Delivered,0
1479,2025-08-12,11,2025-09-16,2025-09-19,Delivered,0
1480,2024-01-11,17,2024-01-18,2024-01-22,Delivered,0
1481,2024-12-08,17,2024-12-15,2024-12-22,Delivered,0
1482,2024-07-12,12,2024-07-30,2024-07-29,Delivered,0
1483,2025-05-09,15,2025-05-27,2025-05-25,Delivered,0
1484,2025-08-05,8,2025-08-23,2025-08-21,Delivered,1
1485,2025-11-27,13,2025-12-15,,Cancelled,0
1486,2024-12-03,11,2025-01-07,2025-01-16,Delivered,0
1487,2024-03-24,14,2024-03-31,2024-04-02,Delivered,0
1488,2024-02-01,13,2024-02-19,2024-02-18,Delivered,0
1489,2024-07-30,5,2024-08-17,2024-08-15,Delivered,0
1490,2025-05-31,18,2025-06-18,2025-06-18,Delivered,0
1491,2025-05-24,4,2025-06-11,,Cancelled,0
1492,2025-11-22,16,2025-12-27,2025-12-27,Delivered,0
1493,2025-02-14,16,2025-03-21,2025-03-22,Delivered,0
1494,2024-04-02,7,2024-04-09,2024-04-09,Delivered,0
1495,2024-03-10,10,2024-03-28,2024-03-26,Delivered,1
1496,2024-12-10,11,2025-01-14,2025-01-20,Delivered,0
1497,2025-04-20,13,2025-05-08,2025-05-11,Delivered,1
1498,2025-08-10,11,2025-09-14,2025-09-22,Delivered,0
1499,2024-12-02,10,2024-12-20,2024-12-22,Delivered,0
1500,2025-01-10,3,2025-02-14,2025-02-16,Delivered,1
1501,2025-08-15,14,2025-08-22,2025-08-25,Delivered,0
1502,2024-06-23,6,2024-06-30,2024-07-01,Delivered,0
1503,2024-07-09,16,2024-08-13,2024-08-16,Delivered,0
1504,2024-12-28,7,2025-01-04,2025-01-05,Delivered,0
1505,2024-11-10,10,2024-11-28,2024-11-28,Delivered,1
1506,2025-07-26,16,2025-08-30,2025-08-31,Delivered,0
1507,2025-03-02,4,2025-03-20,2025-03-25,Delivered,0
1508,2024-11-08,15,2024-11-26,2024-11-29,Delivered,0
1509,2024-08-08,14,2024-08-15,2024-08-13,Delivered,0
1510,2025-10-23,20,2025-10-30,2025-10-31,Delivered,0
1511,2025-10-26,5,2025-11-13,2025-11-15,Delivered,0
1512,2024-01-01,14,2024-01-08,2024-01-08,Delivered,0
1513,2025-11-19,16,2025-12-24,2025-12-24,Delivered,0
1514,2025-10-22,20,2025-10-29,2025-10-30,Delivered,0
1515,2025-01-26,12,2025-02-13,2025-02-11,Delivered,0
1516,2024-10-14,2,2024-11-01,2024-10-31,Delivered,0
1517,2025-02-07,8,2025-02-25,2025-02-28,Delivered,0
1518,2025-08-07,3,2025-09-11,2025-09-11,Delivered,1
1519,2024-01-11,10,2024-01-29,2024-01-30,Delivered,1
1520,2025-12-30,8,2026-01-17,2026-01-19,Delivered,0
1521,2025-04-02,15,2025-04-20,2025-04-21,Delivered,0
1522,2024-05-24,15,2024-06-11,,Cancelled,1
1523,2024-11-01,16,2024-12-06,2024-12-08,Delivered,0
1524,2025-03-25,8,2025-04-12,2025-04-14,Delivered,0
1525,2024-02-01,1,2024-02-19,2024-02-21,Delivered,0
1526,2024-03-02,14,2024-03-09,2024-03-08,Delivered,0
1527,2025-08-10,6,2025-08-17,2025-08-20,Delivered,1
1528,2024-07-11,18,2024-07-29,,Cancelled,0
1529,2025-05-08,8,2025-05-26,2025-05-24,Delivered,0
1530,2025-09-29,6,2025-10-06,2025-10-06,Delivered,0
1531,2024-04-02,4,2024-04-20,2024-04-24,Delivered,0
1532,2024-01-23,19,2024-02-10,2024-02-12,Delivered,0
1533,2024-09-30,5,2024-10-18,2024-10-21,Delivered,1
1534,2025-06-24,14,2025-07-01,2025-07-02,Delivered,0
1535,2024-01-02,18,2024-01-20,2024-01-22,Delivered,0
1536,2025-07-11,14,2025-07-18,2025-07-19,Delivered,0
1537,2024-05-28,6,2024-06-04,2024-06-04,Delivered,0
1538,2025-03-30,6,2025-04-06,2025-04-08,Delivered,0
1539,2024-06-03,14,2024-06-10,2024-06-08,Delivered,0
1540,2024-01-25,7,2024-02-01,2024-01-30,Delivered,0
1541,2024-12-17,19,2025-01-04,2025-01-04,Delivered,0
1542,2025-12-20,11,2026-01-24,2026-02-04,Delivered,0
1543,2025-06-28,4,2025-07-16,,Cancelled,0
1544,2024-02-18,10,2024-03-07,2024-03-05,Delivered,0
1545,2024-01-24,6,2024-01-31,2024-01-30,Delivered,0
1546,2024-11-25,15,2024-12-13,2024-12-14,Delivered,0
1547,2025-09-01,9,2025-09-08,2025-09-07,Delivered,0
1548,2025-10-22,5,2025-11-09,2025-11-07,Delivered,0
1549,2024-07-30,1,2024-08-17,2024-08-16,Delivered,0
1550,2024-01-08,8,2024-01-26,2024-01-26,Delivered,0
1551,2025-07-29,16,2025-09-02,2025-09-02,Delivered,0
1552,2025-10-07,15,2025-10-25,2025-10-25,Delivered,0
1553,2025-02-06,16,2025-03-13,2025-03-16,Delivered,0
1554,2024-11-28,2,2024-12-16,2024-12-19,Delivered,0
1555,2025-01-17,6,2025-01-24,2025-01-27,Delivered,1
1556,2024-12-16,10,2025-01-03,2025-01-06,Delivered,0
1557,2025-03-10,9,2025-03-17,2025-03-16,Delivered,1
1558,2024-06-29,12,2024-07-17,2024-07-19,Delivered,0
1559,2024-12-31,15,2025-01-18,2025-01-20,Delivered,0
1560,2025-08-24,4,2025-09-11,2025-09-20,Delivered,0
1561,2024-03-10,11,2024-04-14,2024-04-26,Delivered,1
1562,2024-02-22,19,2024-03-11,2024-03-10,Delivered,0
1563,2025-03-28,8,2025-04-15,2025-04-17,Delivered,0
1564,2025-12-15,9,2025-12-22,2025-12-23,Delivered,0
1565,2024-04-10,2,2024-04-28,2024-04-28,Delivered,0
1566,2025-12-21,13,2026-01-08,2026-01-09,Delivered,0
1567,2025-10-15,9,2025-10-22,2025-10-20,Delivered,0
1568,2024-10-05,16,2024-11-09,,Cancelled,1
1569,2024-06-12,14,2024-06-19,2024-06-18,Delivered,0
1570,2024-12-28,5,2025-01-15,2025-01-13,Delivered,0
1571,2024-03-14,3,2024-04-18,2024-04-17,Delivered,0
1572,2025-12-30,19,2026-01-17,2026-01-17,Delivered,0
1573,2024-09-17,18,2024-10-05,2024-10-04,Delivered,1
1574,2024-07-18,13,2024-08-05,2024-08-07,Delivered,0
1575,2025-02-21,8,2025-03-11,2025-03-09,Delivered,0
1576,2024-12-23,1,2025-01-10,,Cancelled,1
1577,2024-08-20,12,2024-09-07,2024-09-10,Delivered,0
1578,2024-08-09,3,2024-09-13,2024-09-13,Delivered,0
1579,2025-12-21,14,2025-12-28,2025-12-28,Delivered,0
1580,2024-05-03,8,2024-05-21,2024-05-24,Delivered,0
1581,2024-04-01,10,2024-04-19,2024-04-21,Delivered,0
1582,2024-04-16,16,2024-05-21,2024-05-23,Delivered,0
1583,2024-10-10,17,2024-10-17,2024-10-26,Delivered,0
1584,2025-02-05,11,2025-03-12,2025-03-18,Delivered,1
1585,2024-09-21,17,2024-09-28,2024-10-04,Delivered,0
1586,2025-11-06,7,2025-11-13,2025-11-15,Delivered,0
1587,2025-11-14,4,2025-12-02,2025-12-08,Delivered,1
1588,2024-10-18,11,2024-11-22,2024-12-02,Delivered,0
1589,2025-02-15,5,2025-03-05,2025-03-04,Delivered,0
1590,2024-01-11,11,2024-02-15,,Cancelled,0
1591,2024-02-09,12,2024-02-27,2024-02-29,Delivered,0
1592,2025-11-20,2,2025-12-08,2025-12-07,Delivered,0
1593,2024-08-16,15,2024-09-03,2024-09-01,Delivered,0
1594,2025-04-17,7,2025-04-24,2025-04-26,Delivered,0
1595,2025-04-01,12,2025-04-19,2025-04-18,Delivered,0
1596,2024-08-20,13,2024-09-07,2024-09-05,Delivered,0
1597,2024-08-26,1,2024-09-13,2024-09-14,Delivered,0
1598,2025-12-16,5,2026-01-03,2026-01-03,Delivered,0
1599,2024-10-06,8,2024-10-24,2024-10-25,Delivered,0
1600,2024-03-05,11,2024-04-09,2024-04-18,Delivered,1
1601,2025-06-23,15,2025-07-11,,Cancelled,0
1602,2025-08-29,8,2025-09-16,2025-09-14,Delivered,0
1603,2025-05-09,16,2025-06-13,2025-06-15,Delivered,0
1604,2024-10-03,19,2024-10-21,2024-10-22,Delivered,0
1605,2025-01-30,20,2025-02-06,2025-02-06,Delivered,0
1606,2024-07-24,4,2024-08-11,2024-08-23,Delivered,0
1607,2025-11-20,20,2025-11-27,2025-11-30,Delivered,0
1608,2024-10-22,12,2024-11-09,2024-11-10,Delivered,0
1609,2025-05-08,12,2025-05-26,2025-05-25,Delivered,0
1610,2025-05-15,14,2025-05-22,2025-05-25,Delivered,0
1611,2024-03-07,18,2024-03-25,2024-03-26,Delivered,0
1612,2025-02-13,14,2025-02-20,2025-02-22,Delivered,0
1613,2024-04-19,10,2024-05-07,2024-05-10,Delivered,0
1614,2025-01-18,14,2025-01-25,2025-01-24,Delivered,0
1615,2024-12-23,4,2025-01-10,2025-01-24,Delivered,0
1616,2025-05-21,14,2025-05-28,2025-05-28,Delivered,0
1617,2025-04-17,7,2025-04-24,2025-04-24,Delivered,0
1618,2024-05-09,2,2024-05-27,2024-05-25,Delivered,0
1619,2025-10-10,6,2025-10-17,2025-10-20,Delivered,0
1620,2025-05-01,19,2025-05-19,2025-05-21,Delivered,0
1621,2025-03-25,16,2025-04-29,2025-04-30,Delivered,0
1622,2024-05-30,8,2024-06-17,,Cancelled,0
1623,2024-07-14,5,2024-08-01,2024-08-01,Delivered,0
1624,2025-09-15,3,2025-10-20,2025-10-21,Delivered,0
1625,2025-05-18,11,2025-06-22,,Cancelled,0
1626,2024-01-25,13,2024-02-12,2024-02-13,Delivered,0
1627,2025-12-14,13,2026-01-01,2026-01-04,Delivered,0
1628,2025-08-17,20,2025-08-24,2025-08-25,Delivered,0
1629,2024-09-23,8,2024-10-11,2024-10-13,Delivered,0
1630,2025-04-13,3,2025-05-18,2025-05-21,Delivered,0
1631,2025-11-24,5,2025-12-12,2025-12-10,Delivered,0
1632,2024-01-23,14,2024-01-30,2024-02-01,Delivered,0
1633,2024-05-04,4,2024-05-22,2024-05-31,Delivered,0
1634,2025-08-29,19,2025-09-16,2025-09-16,Delivered,0
1635,2025-08-06,1,2025-08-24,2025-08-27,Delivered,0
1636,2024-02-15,3,2024-03-21,2024-03-23,Delivered,0
1637,2025-08-03,6,2025-08-10,,Cancelled,1
1638,2025-05-21,13,2025-06-08,2025-06-08,Delivered,0
1639,2025-12-18,17,2025-12-25,2025-12-31,Delivered,0
1640,2025-11-20,16,2025-12-25,2025-12-27,Delivered,0
1641,2024-11-17,19,2024-12-05,2024-12-03,Delivered,0
1642,2024-07-24,16,2024-08-28,2024-08-31,Delivered,0
1643,2025-10-07,6,2025-10-14,2025-10-15,Delivered,1
1644,2024-12-13,8,2024-12-31,2025-01-01,Delivered,0
1645,2025-11-20,1,2025-12-08,2025-12-11,Delivered,0
1646,2025-08-29,15,2025-09-16,2025-09-14,Delivered,1
1647,2025-05-11,16,2025-06-15,2025-06-13,Delivered,1
1648,2024-04-19,11,2024-05-24,2024-05-29,Delivered,0
1649,2024-10-28,7,2024-11-04,2024-11-02,Delivered,0
1650,2024-07-14,18,2024-08-01,2024-08-02,Delivered,0
1651,2024-06-02,9,2024-06-09,2024-06-07,Delivered,0
1652,2025-11-22,14,2025-11-29,2025-11-28,Delivered,1
1653,2024-06-24,16,2024-07-29,2024-07-28,Delivered,0
1654,2025-10-06,16,2025-11-10,2025-11-11,Delivered,0
1655,2024-06-01,5,2024-06-19,2024-06-18,Delivered,0
1656,2025-08-16,1,2025-09-03,2025-09-06,Delivered,0
1657,2025-02-26,3,2025-04-02,2025-03-31,Delivered,0
1658,2024-11-15,10,2024-12-03,,Cancelled,0
1659,2024-01-05,12,2024-01-23,2024-01-22,Delivered,0
1660,2025-05-20,4,2025-06-07,2025-06-19,Delivered,1
1661,2024-07-07,6,2024-07-14,2024-07-16,Delivered,0
1662,2025-01-14,18,2025-02-01,2025-02-04,Delivered,0
1663,2024-05-24,1,2024-06-11,2024-06-12,Delivered,0
1664,2025-12-05,1,2025-12-23,,Cancelled,0
1665,2025-01-04,6,2025-01-11,2025-01-09,Delivered,0
1666,2024-09-14,12,2024-10-02,2024-10-01,Delivered,0
1667,2025-09-18,1,2025-10-06,2025-10-06,Delivered,0
1668,2024-06-22,13,2024-07-10,,Cancelled,1
1669,2025-11-06,13,2025-11-24,2025-11-26,Delivered,0
1670,2024-03-18,16,2024-04-22,2024-04-24,Delivered,0
1671,2025-06-24,15,2025-07-12,2025-07-15,Delivered,0
1672,2024-06-04,17,2024-06-11,2024-06-20,Delivered,0
1673,2025-03-05,7,2025-03-12,2025-03-13,Delivered,0
1674,2024-06-30,13,2024-07-18,2024-07-21,Delivered,0
1675,2024-12-25,4,2025-01-12,2025-01-18,Delivered,0
1676,2025-03-29,13,2025-04-16,2025-04-16,Delivered,0
1677,2024-01-13,12,2024-01-31,2024-01-30,Delivered,0
1678,2025-10-19,11,2025-11-23,2025-11-28,Delivered,0
1679,2025-04-02,14,2025-04-09,2025-04-10,Delivered,0
1680,2025-02-01,14,2025-02-08,2025-02-10,Delivered,0
1681,2024-07-10,6,2024-07-17,2024-07-15,Delivered,0
1682,2025-06-20,2,2025-07-08,2025-07-11,Delivered,0
1683,2025-03-14,9,2025-03-21,2025-03-23,Delivered,0
1684,2025-05-12,4,2025-05-30,2025-06-07,Delivered,0
1685,2024-06-07,13,2024-06-25,2024-06-24,Delivered,0
1686,2025-01-30,10,2025-02-17,2025-02-15,Delivered,0
1687,2025-10-09,15,2025-10-27,2025-10-25,Delivered,0
1688,2024-03-30,4,2024-04-17,2024-04-26,Delivered,0
1689,2024-11-13,13,2024-12-01,2024-11-30,Delivered,0
1690,2025-08-29,2,2025-09-16,2025-09-17,Delivered,0
1691,2024-02-07,14,2024-02-14,2024-02-14,Delivered,0
1692,2025-01-05,3,2025-02-09,2025-02-11,Delivered,1
1693,2024-08-02,7,2024-08-09,2024-08-08,Delivered,0
1694,2025-05-09,13,2025-05-27,2025-05-27,Delivered,0
1695,2025-01-16,4,2025-02-03,,Cancelled,0
1696,2024-07-24,19,2024-08-11,2024-08-10,Delivered,0
1697,2024-02-08,6,2024-02-15,2024-02-18,Delivered,0
1698,2024-06-04,20,2024-06-11,2024-06-11,Delivered,0
1699,2024-07-13,10,2024-07-31,2024-08-03,Delivered,0
1700,2025-09-17,9,2025-09-24,2025-09-23,Delivered,0
1701,2024-02-27,8,2024-03-16,2024-03-14,Delivered,0
1702,2024-05-21,20,2024-05-28,,Cancelled,0
1703,2024-02-05,12,2024-02-23,2024-02-26,Delivered,0
1704,2024-01-29,3,2024-03-04,2024-03-03,Delivered,0
1705,2024-11-29,9,2024-12-06,2024-12-06,Delivered,0
1706,2025-11-12,12,2025-11-30,2025-12-02,Delivered,0
1707,2025-10-08,11,2025-11-12,2025-11-22,Delivered,0
1708,2025-07-22,20,2025-07-29,2025-07-28,Delivered,0
1709,2025-03-04,3,2025-04-08,2025-04-08,Delivered,0
1710,2025-08-11,5,2025-08-29,2025-09-01,Delivered,0
1711,2025-06-10,4,2025-06-28,2025-07-08,Delivered,0
1712,2025-05-15,6,2025-05-22,2025-05-22,Delivered,0
1713,2025-06-22,3,2025-07-27,2025-07-26,Delivered,0
1714,2024-07-02,5,2024-07-20,2024-07-23,Delivered,0
1715,2024-06-06,5,2024-06-24,2024-06-22,Delivered,0
1716,2025-12-15,17,2025-12-22,2025-12-26,Delivered,0
1717,2025-02-08,2,2025-02-26,2025-02-26,Delivered,0
1718,2025-04-11,14,2025-04-18,2025-04-20,Delivered,0
1719,2024-07-09,18,2024-07-27,2024-07-29,Delivered,0
1720,2024-05-12,3,2024-06-16,2024-06-17,Delivered,0
1721,2024-04-21,11,2024-05-26,2024-06-05,Delivered,0
1722,2024-04-12,3,2024-05-17,2024-05-16,Delivered,0
1723,2025-07-18,15,2025-08-05,2025-08-06,Delivered,0
1724,2025-12-25,17,2026-01-01,2026-01-07,Delivered,0
1725,2025-10-31,9,2025-11-07,2025-11-06,Delivered,0
1726,2024-10-31,5,2024-11-18,2024-11-20,Delivered,0
1727,2025-02-11,5,2025-03-01,2025-02-28,Delivered,0
1728,2024-03-05,2,2024-03-23,2024-03-22,Delivered,0
1729,2025-09-09,19,2025-09-27,2025-09-26,Delivered,1
1730,2025-10-09,8,2025-10-27,2025-10-30,Delivered,0
1731,2025-04-17,18,2025-05-05,2025-05-04,Delivered,0
1732,2025-09-18,8,2025-10-06,,Cancelled,0
1733,2024-03-27,5,2024-04-14,2024-04-17,Delivered,1
1734,2024-05-25,1,2024-06-12,2024-06-15,Delivered,0
1735,2024-08-15,11,2024-09-19,2024-09-28,Delivered,0
1736,2025-04-01,18,2025-04-19,,Cancelled,1
1737,2025-09-03,17,2025-09-10,2025-09-18,Delivered,0
1738,2025-11-30,9,2025-12-07,2025-12-07,Delivered,0
1739,2024-04-27,10,2024-05-15,2024-05-15,Delivered,0
1740,2024-10-25,2,2024-11-12,2024-11-13,Delivered,0
1741,2024-08-16,8,2024-09-03,2024-09-04,Delivered,0
1742,2024-11-22,11,2024-12-27,2025-01-04,Delivered,0
1743,2025-07-03,11,2025-08-07,2025-08-16,Delivered,0
1744,2024-08-09,9,2024-08-16,2024-08-15,Delivered,0
1745,2024-07-07,6,2024-07-14,2024-07-13,Delivered,0
1746,2024-09-14,9,2024-09-21,2024-09-23,Delivered,0
1747,2025-07-28,19,2025-08-15,2025-08-13,Delivered,1
1748,2025-11-17,11,2025-12-22,2025-12-30,Delivered,0
1749,2024-11-09,6,2024-11-16,2024-11-14,Delivered,1
1750,2025-12-11,3,2026-01-15,2026-01-17,Delivered,0
1751,2025-11-02,1,2025-11-20,2025-11-18,Delivered,0
1752,2025-09-05,16,2025-10-10,2025-10-12,Delivered,0
1753,2025-08-03,20,2025-08-10,2025-08-08,Delivered,1
1754,2024-12-08,13,2024-12-26,2024-12-27,Delivered,0
1755,2024-12-04,1,2024-12-22,2024-12-24,Delivered,0
1756,2024-04-29,11,2024-06-03,2024-06-09,Delivered,0
1757,2024-07-12,9,2024-07-19,2024-07-20,Delivered,0
1758,2024-10-06,5,2024-10-24,2024-10-23,Delivered,0
1759,2025-11-18,3,2025-12-23,2025-12-23,Delivered,0
1760,2024-07-14,2,2024-08-01,2024-07-31,Delivered,0
1761,2025-06-23,20,2025-06-30,2025-06-30,Delivered,0
1762,2025-05-27,1,2025-06-14,2025-06-14,Delivered,0
1763,2024-11-13,17,2024-11-20,2024-11-25,Delivered,0
1764,2024-12-12,20,2024-12-19,2024-12-21,Delivered,0
1765,2024-11-01,15,2024-11-19,2024-11-21,Delivered,0
1766,2025-04-30,9,2025-05-07,2025-05-10,Delivered,1
1767,2025-08-11,1,2025-08-29,2025-08-29,Delivered,0
1768,2024-06-12,17,2024-06-19,2024-06-23,Delivered,0
1769,2025-03-19,13,2025-04-06,2025-04-09,Delivered,0
1770,2025-11-03,10,2025-11-21,2025-11-21,Delivered,0
1771,2024-09-18,13,2024-10-06,2024-10-07,Delivered,1
1772,2024-06-09,2,2024-06-27,2024-06-29,Delivered,0
1773,2025-05-10,4,2025-05-28,2025-06-06,Delivered,0
1774,2025-11-10,17,2025-11-17,2025-11-30,Delivered,0
1775,2025-02-23,18,2025-03-13,2025-03-13,Delivered,0
1776,2024-01-21,12,2024-02-08,2024-02-10,Delivered,0
1777,2025-09-29,2,2025-10-17,2025-10-15,Delivered,0
1778,2025-05-22,12,2025-06-09,2025-06-12,Delivered,0
1779,2025-07-24,14,2025-07-31,2025-07-29,Delivered,0
1780,2024-06-16,8,2024-07-04,,Cancelled,0
1781,2024-06-05,11,2024-07-10,2024-07-14,Delivered,0
1782,2024-03-27,19,2024-04-14,2024-04-12,Delivered,0
1783,2024-02-19,15,2024-03-08,2024-03-09,Delivered,0
1784,2024-02-13,17,2024-02-20,2024-02-26,Delivered,0
1785,2025-03-15,13,2025-04-02,2025-04-02,Delivered,0
1786,2024-10-26,5,2024-11-13,2024-11-11,Delivered,0
1787,2025-02-23,19,2025-03-13,2025-03-11,Delivered,0
1788,2025-12-30,20,2026-01-06,2026-01-05,Delivered,1
1789,2025-11-15,9,2025-11-22,2025-11-24,Delivered,1
1790,2024-05-12,13,2024-05-30,2024-05-30,Delivered,0
1791,2025-01-03,1,2025-01-21,2025-01-24,Delivered,0
1792,2024-07-31,17,2024-08-07,2024-08-10,Delivered,1
1793,2024-11-09,15,2024-11-27,2024-11-25,Delivered,0
1794,2024-05-10,14,2024-05-17,2024-05-16,Delivered,0
1795,2024-01-25,4,2024-02-12,2024-02-19,Delivered,0
1796,2025-05-26,17,2025-06-02,2025-06-04,Delivered,0
1797,2024-02-18,14,2024-02-25,2024-02-27,Delivered,0
1798,2024-02-18,6,2024-02-25,,Cancelled,1
1799,2025-04-12,17,2025-04-19,2025-05-02,Delivered,0
1800,2024-06-18,20,2024-06-25,2024-06-26,Delivered,0
1801,2025-09-04,9,2025-09-11,2025-09-11,Delivered,0
1802,2025-10-12,10,2025-10-30,2025-10-30,Delivered,0
1803,2024-10-14,17,2024-10-21,2024-11-02,Delivered,0
1804,2025-08-31,19,2025-09-18,2025-09-18,Delivered,0
1805,2024-08-22,12,2024-09-09,2024-09-07,Delivered,0
1806,2025-11-02,1,2025-11-20,2025-11-21,Delivered,0
1807,2024-01-13,20,2024-01-20,2024-01-20,Delivered,0
1808,2024-12-11,10,2024-12-29,2025-01-01,Delivered,0
1809,2025-04-29,7,2025-05-06,,Cancelled,0
1810,2025-05-22,1,2025-06-09,2025-06-12,Delivered,0
1811,2025-11-24,8,2025-12-12,2025-12-10,Delivered,0
1812,2024-09-16,19,2024-10-04,2024-10-06,Delivered,0
1813,2024-03-11,3,2024-04-15,2024-04-14,Delivered,0
1814,2025-08-21,12,2025-09-08,2025-09-11,Delivered,0
1815,2025-02-26,15,2025-03-16,2025-03-14,Delivered,1
1816,2025-01-20,19,2025-02-07,2025-02-07,Delivered,0
1817,2025-11-27,19,2025-12-15,2025-12-15,Delivered,0
1818,2024-06-24,19,2024-07-12,2024-07-15,Delivered,0
1819,2024-03-26,2,2024-04-13,2024-04-12,Delivered,0
1820,2024-09-04,19,2024-09-22,2024-09-23,Delivered,0
1821,2024-03-29,19,2024-04-16,2024-04-16,Delivered,0
1822,2025-12-18,18,2026-01-05,2026-01-03,Delivered,1
1823,2025-04-18,20,2025-04-25,2025-04-23,Delivered,0
1824,2025-05-21,19,2025-06-08,2025-06-06,Delivered,0
1825,2025-05-12,3,2025-06-16,,Cancelled,0
1826,2025-05-13,4,2025-05-31,2025-06-07,Delivered,0
1827,2024-02-09,16,2024-03-15,2024-03-16,Delivered,0
1828,2025-07-07,4,2025-07-25,2025-08-03,Delivered,1
1829,2025-07-23,3,2025-08-27,2025-08-25,Delivered,0
1830,2024-09-07,18,2024-09-25,2024-09-26,Delivered,0
1831,2025-12-18,3,2026-01-22,2026-01-23,Delivered,0
1832,2024-12-26,1,2025-01-13,2025-01-12,Delivered,0
1833,2025-01-01,17,2025-01-08,2025-01-16,Delivered,0
1834,2025-07-08,1,2025-07-26,2025-07-29,Delivered,0
1835,2025-02-13,3,2025-03-20,2025-03-20,Delivered,0
1836,2025-02-21,17,2025-02-28,2025-03-04,Delivered,0
1837,2025-08-15,5,2025-09-02,2025-09-02,Delivered,0
1838,2024-01-03,17,2024-01-10,2024-01-19,Delivered,0
1839,2024-12-17,11,2025-01-21,2025-01-25,Delivered,0
1840,2025-07-20,6,2025-07-27,2025-07-25,Delivered,0
1841,2025-04-22,9,2025-04-29,2025-04-30,Delivered,0
1842,2024-04-21,13,2024-05-09,2024-05-10,Delivered,1
1843,2025-04-11,5,2025-04-29,2025-04-28,Delivered,0
1844,2025-05-20,16,2025-06-24,2025-06-24,Delivered,1
1845,2024-03-10,4,2024-03-28,2024-04-05,Delivered,0
1846,2024-08-15,16,2024-09-19,2024-09-22,Delivered,0
1847,2024-08-19,16,2024-09-23,2024-09-22,Delivered,0
1848,2024-06-12,1,2024-06-30,2024-06-29,Delivered,0
1849,2025-04-14,20,2025-04-21,2025-04-22,Delivered,0
1850,2025-02-12,7,2025-02-19,2025-02-18,Delivered,0
1851,2024-06-24,12,2024-07-12,2024-07-13,Delivered,0
1852,2025-02-27,12,2025-03-17,2025-03-19,Delivered,0
1853,2025-12-04,20,2025-12-11,2025-12-10,Delivered,0
1854,2024-10-24,13,2024-11-11,2024-11-14,Delivered,0
1855,2024-03-08,11,2024-04-12,2024-04-24,Delivered,0
1856,2025-02-21,5,2025-03-11,2025-03-14,Delivered,0
1857,2025-11-09,18,2025-11-27,2025-11-28,Delivered,0
1858,2024-11-15,9,2024-11-22,2024-11-20,Delivered,0
1859,2024-12-01,1,2024-12-19,2024-12-18,Delivered,0
1860,2024-01-28,5,2024-02-15,2024-02-13,Delivered,0
1861,2025-05-22,20,2025-05-29,2025-05-31,Delivered,0
1862,2025-01-05,13,2025-01-23,2025-01-21,Delivered,0
1863,2024-12-16,12,2025-01-03,,Cancelled,1
1864,2024-02-28,20,2024-03-06,2024-03-04,Delivered,0
1865,2025-09-18,6,2025-09-25,2025-09-26,Delivered,0
1866,2025-10-15,15,2025-11-02,,Cancelled,1
1867,2024-06-16,16,2024-07-21,2024-07-23,Delivered,0
1868,2025-08-27,13,2025-09-14,,Cancelled,0
1869,2024-10-10,13,2024-10-28,2024-10-29,Delivered,1
1870,2024-08-15,9,2024-08-22,2024-08-22,Delivered,0
1871,2024-02-27,18,2024-03-16,2024-03-15,Delivered,0
1872,2025-08-27,4,2025-09-14,2025-09-20,Delivered,0
1873,2024-07-07,19,2024-07-25,2024-07-24,Delivered,0
1874,2025-11-26,18,2025-12-14,2025-12-16,Delivered,0
1875,2024-05-06,13,2024-05-24,2024-05-22,Delivered,1
1876,2024-04-22,10,2024-05-10,2024-05-08,Delivered,0
1877,2024-03-23,17,2024-03-30,2024-04-02,Delivered,0
1878,2024-03-15,10,2024-04-02,2024-04-01,Delivered,0
1879,2024-06-26,2,2024-07-14,2024-07-13,Delivered,0
1880,2025-04-08,16,2025-05-13,,Cancelled,0
1881,2024-08-20,3,2024-09-24,2024-09-26,Delivered,0
1882,2024-08-06,14,2024-08-13,2024-08-13,Delivered,0
1883,2025-08-30,14,2025-09-06,2025-09-05,Delivered,0
1884,2024-07-02,14,2024-07-09,2024-07-12,Delivered,0
1885,2024-04-03,14,2024-04-10,2024-04-10,Delivered,0
1886,2024-04-06,2,2024-04-24,2024-04-24,Delivered,0
1887,2025-01-10,18,2025-01-28,2025-01-30,Delivered,0
1888,2025-05-31,16,2025-07-05,2025-07-06,Delivered,0
1889,2025-03-07,1,2025-03-25,2025-03-28,Delivered,0
1890,2024-07-31,18,2024-08-18,2024-08-17,Delivered,0
1891,2024-08-19,9,2024-08-26,2024-08-29,Delivered,0
1892,2025-12-28,15,2026-01-15,,Cancelled,0
1893,2025-01-04,7,2025-01-11,2025-01-13,Delivered,0
1894,2025-04-21,17,2025-04-28,2025-04-30,Delivered,1
1895,2024-12-23,16,2025-01-27,,Cancelled,0
1896,2025-05-31,5,2025-06-18,2025-06-18,Delivered,0
1897,2024-01-27,12,2024-02-14,2024-02-13,Delivered,1
1898,2024-05-25,19,2024-06-12,2024-06-10,Delivered,0
1899,2024-12-17,13,2025-01-04,2025-01-03,Delivered,0
1900,2025-05-19,13,2025-06-06,2025-06-06,Delivered,0
1901,2024-02-18,17,2024-02-25,2024-03-04,Delivered,0
1902,2025-09-09,1,2025-09-27,2025-09-28,Delivered,0
1903,2025-05-17,17,2025-05-24,2025-05-27,Delivered,0
1904,2024-06-25,14,2024-07-02,2024-07-04,Delivered,0
1905,2024-08-20,19,2024-09-07,2024-09-08,Delivered,0
1906,2025-04-11,6,2025-04-18,2025-04-17,Delivered,0
1907,2024-12-04,1,2024-12-22,2024-12-25,Delivered,0
1908,2025-02-05,17,2025-02-12,2025-02-16,Delivered,0
1909,2025-09-16,7,2025-09-23,2025-09-23,Delivered,0
1910,2025-01-03,7,2025-01-10,2025-01-13,Delivered,0
1911,2024-03-11,17,2024-03-18,2024-03-21,Delivered,0
1912,2025-03-14,15,2025-04-01,2025-03-30,Delivered,0
1913,2025-08-07,4,2025-08-25,2025-08-31,Delivered,0
1914,2024-05-16,15,2024-06-03,2024-06-04,Delivered,0
1915,2025-12-28,3,2026-02-01,2026-02-04,Delivered,0
1916,2025-04-09,13,2025-04-27,2025-04-25,Delivered,0
1917,2025-02-07,18,2025-02-25,2025-02-27,Delivered,0
1918,2024-10-12,5,2024-10-30,2024-10-28,Delivered,0
1919,2025-04-09,16,2025-05-14,2025-05-12,Delivered,1
1920,2025-09-30,7,2025-10-07,2025-10-09,Delivered,0
1921,2025-08-31,13,2025-09-18,2025-09-16,Delivered,0
1922,2025-01-30,20,2025-02-06,,Cancelled,0
1923,2025-05-02,5,2025-05-20,2025-05-19,Delivered,0
1924,2024-10-20,13,2024-11-07,2024-11-07,Delivered,0
1925,2025-12-17,1,2026-01-04,2026-01-04,Delivered,0
1926,2024-02-05,15,2024-02-23,2024-02-21,Delivered,0
1927,2024-01-23,1,2024-02-10,,Cancelled,0
1928,2024-06-10,17,2024-06-17,2024-06-26,Delivered,0
1929,2025-06-22,9,2025-06-29,2025-06-29,Delivered,0
1930,2024-01-29,3,2024-03-04,,Cancelled,1
1931,2025-04-10,5,2025-04-28,2025-04-30,Delivered,0
1932,2024-01-10,13,2024-01-28,2024-01-31,Delivered,0
1933,2024-10-31,6,2024-11-07,2024-11-09,Delivered,0
1934,2025-11-30,17,2025-12-07,2025-12-17,Delivered,0
1935,2025-04-19,20,2025-04-26,2025-04-27,Delivered,1
1936,2024-12-12,7,2024-12-19,,Cancelled,0
1937,2025-04-17,15,2025-05-05,2025-05-03,Delivered,0
1938,2024-09-25,12,2024-10-13,2024-10-15,Delivered,0
1939,2024-01-23,8,2024-02-10,,Cancelled,0
1940,2025-11-12,1,2025-11-30,2025-12-01,Delivered,0
1941,2024-05-30,8,2024-06-17,2024-06-17,Delivered,0
1942,2025-09-16,5,2025-10-04,2025-10-06,Delivered,0
1943,2025-02-11,3,2025-03-18,2025-03-18,Delivered,0
1944,2025-09-06,12,2025-09-24,2025-09-26,Delivered,1
1945,2025-07-27,10,2025-08-14,2025-08-15,Delivered,0
1946,2024-10-18,16,2024-11-22,2024-11-24,Delivered,0
1947,2024-09-22,8,2024-10-10,2024-10-10,Delivered,0
1948,2024-12-31,10,2025-01-18,2025-01-17,Delivered,0
1949,2024-06-19,7,2024-06-26,2024-06-26,Delivered,0
1950,2024-12-15,2,2025-01-02,2025-01-02,Delivered,0
1951,2025-03-19,9,2025-03-26,2025-03-24,Delivered,0
1952,2024-08-06,1,2024-08-24,2024-08-27,Delivered,0
1953,2025-04-05,13,2025-04-23,2025-04-26,Delivered,1
1954,2024-05-04,18,2024-05-22,2024-05-24,Delivered,0
1955,2024-09-18,20,2024-09-25,2024-09-26,Delivered,0
1956,2025-05-03,19,2025-05-21,2025-05-19,Delivered,1
1957,2024-01-31,16,2024-03-06,2024-03-04,Delivered,0
1958,2025-05-20,8,2025-06-07,2025-06-09,Delivered,0
1959,2024-05-27,5,2024-06-14,2024-06-13,Delivered,0
1960,2025-05-22,14,2025-05-29,2025-05-31,Delivered,0
1961,2025-08-31,12,2025-09-18,2025-09-18,Delivered,0
1962,2024-09-10,19,2024-09-28,2024-09-29,Delivered,0
1963,2024-06-05,13,2024-06-23,2024-06-23,Delivered,0
1964,2024-11-22,4,2024-12-10,2024-12-15,Delivered,0
1965,2025-04-04,20,2025-04-11,2025-04-12,Delivered,0
1966,2024-02-20,7,2024-02-27,2024-02-27,Delivered,1
1967,2024-05-15,7,2024-05-22,2024-05-20,Delivered,0
1968,2024-06-09,19,2024-06-27,2024-06-26,Delivered,0
1969,2025-02-25,15,2025-03-15,2025-03-18,Delivered,0
1970,2025-11-13,18,2025-12-01,2025-12-01,Delivered,0
1971,2024-03-16,19,2024-04-03,2024-04-04,Delivered,0
1972,2025-11-21,14,2025-11-28,2025-11-27,Delivered,0
1973,2024-02-13,19,2024-03-02,2024-03-02,Delivered,0
1974,2025-11-03,16,2025-12-08,2025-12-07,Delivered,1
1975,2024-04-10,18,2024-04-28,2024-04-29,Delivered,0
1976,2024-10-03,4,2024-10-21,2024-10-28,Delivered,0
1977,2024-12-06,12,2024-12-24,2024-12-25,Delivered,1
1978,2025-06-21,11,2025-07-26,2025-08-08,Delivered,0
1979,2025-02-06,5,2025-02-24,2025-02-25,Delivered,0
1980,2025-10-16,11,2025-11-20,2025-11-28,Delivered,0
1981,2025-10-10,6,2025-10-17,2025-10-20,Delivered,0
1982,2024-05-16,1,2024-06-03,,Cancelled,0
1983,2025-06-10,9,2025-06-17,2025-06-19,Delivered,0
1984,2025-06-17,16,2025-07-22,2025-07-23,Delivered,0
1985,2024-12-17,20,2024-12-24,2024-12-22,Delivered,0
1986,2024-10-14,1,2024-11-01,2024-11-03,Delivered,0
1987,2024-04-10,13,2024-04-28,,Cancelled,0
1988,2024-08-09,16,2024-09-13,2024-09-11,Delivered,0
1989,2025-05-30,1,2025-06-17,2025-06-15,Delivered,0
1990,2025-02-17,16,2025-03-24,2025-03-26,Delivered,0
1991,2024-07-09,15,2024-07-27,2024-07-28,Delivered,0
1992,2024-09-14,10,2024-10-02,2024-10-01,Delivered,0
1993,2025-01-20,7,2025-01-27,2025-01-29,Delivered,0
1994,2025-01-21,1,2025-02-08,2025-02-09,Delivered,0
1995,2025-01-21,8,2025-02-08,,Cancelled,0
1996,2025-05-09,13,2025-05-27,2025-05-26,Delivered,0
1997,2025-11-01,20,2025-11-08,2025-11-10,Delivered,0
1998,2024-11-07,19,2024-11-25,2024-11-28,Delivered,0
1999,2024-09-01,3,2024-10-06,2024-10-07,Delivered,0
2000,2025-05-04,18,2025-05-22,2025-05-23,Delivered,0
2001,2024-08-07,19,2024-08-25,2024-08-25,Delivered,0
2002,2025-07-15,12,2025-08-02,2025-08-01,Delivered,0
2003,2024-10-30,3,2024-12-04,2024-12-04,Delivered,0
2004,2025-04-23,8,2025-05-11,2025-05-13,Delivered,0
2005,2025-12-01,16,2026-01-05,,Cancelled,1
2006,2025-10-18,9,2025-10-25,2025-10-24,Delivered,0
2007,2024-03-28,1,2024-04-15,2024-04-13,Delivered,0
2008,2025-10-24,19,2025-11-11,2025-11-12,Delivered,0
2009,2024-12-15,7,2024-12-22,2024-12-20,Delivered,0
2010,2025-03-14,20,2025-03-21,2025-03-24,Delivered,0
2011,2025-04-24,20,2025-05-01,2025-05-01,Delivered,0
2012,2025-07-24,19,2025-08-11,2025-08-10,Delivered,0
2013,2024-12-18,18,2025-01-05,2025-01-07,Delivered,1
2014,2024-12-18,14,2024-12-25,2024-12-26,Delivered,0
2015,2025-07-29,10,2025-08-16,2025-08-14,Delivered,0
2016,2024-06-26,9,2024-07-03,2024-07-05,Delivered,0
2017,2024-07-08,14,2024-07-15,2024-07-13,Delivered,1
2018,2025-04-02,11,2025-05-07,2025-05-18,Delivered,0
2019,2024-02-09,14,2024-02-16,2024-02-15,Delivered,1
2020,2024-10-27,20,2024-11-03,2024-11-04,Delivered,0
2021,2024-12-03,9,2024-12-10,2024-12-13,Delivered,0
2022,2024-10-08,19,2024-10-26,2024-10-28,Delivered,0
2023,2024-09-07,2,2024-09-25,2024-09-27,Delivered,0
2024,2024-08-02,13,2024-08-20,2024-08-18,Delivered,0
2025,2025-12-22,4,2026-01-09,2026-01-16,Delivered,0
2026,2024-01-13,15,2024-01-31,2024-02-03,Delivered,0
2027,2024-06-06,4,2024-06-24,2024-07-07,Delivered,0
2028,2025-09-18,16,2025-10-23,2025-10-23,Delivered,0
2029,2024-02-21,9,2024-02-28,2024-02-27,Delivered,0
2030,2025-05-02,20,2025-05-09,2025-05-12,Delivered,0
2031,2024-07-22,16,2024-08-26,2024-08-25,Delivered,0
2032,2025-01-17,15,2025-02-04,2025-02-02,Delivered,0
2033,2024-12-24,19,2025-01-11,2025-01-13,Delivered,0
2034,2024-09-12,11,2024-10-17,2024-10-29,Delivered,0
2035,2025-07-09,20,2025-07-16,2025-07-19,Delivered,0
2036,2024-07-17,10,2024-08-04,2024-08-03,Delivered,0
2037,2025-05-07,12,2025-05-25,2025-05-24,Delivered,0
2038,2024-06-26,1,2024-07-14,2024-07-13,Delivered,0
2039,2024-02-24,1,2024-03-13,2024-03-13,Delivered,0
2040,2025-06-06,9,2025-06-13,2025-06-15,Delivered,1
2041,2024-11-17,19,2024-12-05,2024-12-05,Delivered,0
2042,2024-05-10,17,2024-05-17,2024-05-24,Delivered,1
2043,2025-05-03,3,2025-06-07,2025-06-06,Delivered,0
2044,2024-08-23,17,2024-08-30,2024-09-10,Delivered,0
2045,2025-04-07,7,2025-04-14,2025-04-16,Delivered,0
2046,2024-01-24,1,2024-02-11,2024-02-10,Delivered,0
2047,2024-04-30,11,2024-06-04,2024-06-08,Delivered,1
2048,2024-12-07,3,2025-01-11,2025-01-11,Delivered,0
2049,2024-10-25,8,2024-11-12,2024-11-15,Delivered,0
2050,2025-09-10,4,2025-09-28,,Cancelled,0
2051,2024-09-01,10,2024-09-19,2024-09-19,Delivered,0
2052,2025-09-05,5,2025-09-23,2025-09-26,Delivered,0
2053,2024-12-23,11,2025-01-27,2025-02-05,Delivered,0
2054,2024-07-12,4,2024-07-30,2024-08-04,Delivered,0
2055,2025-05-09,11,2025-06-13,2025-06-21,Delivered,0
2056,2024-05-08,6,2024-05-15,2024-05-14,Delivered,0
2057,2024-12-08,9,2024-12-15,2024-12-14,Delivered,0
2058,2025-06-26,15,2025-07-14,2025-07-17,Delivered,0
2059,2025-09-07,10,2025-09-25,2025-09-28,Delivered,0
2060,2025-03-29,9,2025-04-05,2025-04-08,Delivered,0
2061,2024-09-14,15,2024-10-02,2024-10-01,Delivered,0
2062,2025-02-03,19,2025-02-21,2025-02-21,Delivered,0
2063,2025-12-23,15,2026-01-10,2026-01-12,Delivered,0
2064,2024-05-04,9,2024-05-11,2024-05-09,Delivered,0
2065,2024-05-20,11,2024-06-24,2024-06-30,Delivered,0
2066,2025-09-29,12,2025-10-17,2025-10-15,Delivered,0
2067,2024-08-23,4,2024-09-10,2024-09-18,Delivered,0
2068,2024-03-10,13,2024-03-28,2024-03-31,Delivered,0
2069,2025-09-23,16,2025-10-28,2025-10-30,Delivered,0
2070,2025-11-09,5,2025-11-27,2025-11-30,Delivered,1
2071,2025-09-25,4,2025-10-13,2025-10-20,Delivered,0
2072,2024-01-14,13,2024-02-01,2024-02-02,Delivered,0
2073,2024-05-02,19,2024-05-20,2024-05-20,Delivered,0
2074,2024-12-02,16,2025-01-06,2025-01-07,Delivered,0
2075,2024-01-22,18,2024-02-09,2024-02-11,Delivered,0
2076,2025-08-30,19,2025-09-17,,Cancelled,0
2077,2024-07-10,16,2024-08-14,,Cancelled,0
2078,2024-09-04,4,2024-09-22,2024-09-27,Delivered,0
2079,2024-08-14,2,2024-09-01,2024-08-31,Delivered,0
2080,2024-02-14,13,2024-03-03,2024-03-02,Delivered,0
2081,2025-03-27,11,2025-05-01,2025-05-08,Delivered,0
2082,2024-04-08,9,2024-04-15,2024-04-13,Delivered,0
2083,2024-10-25,8,2024-11-12,2024-11-12,Delivered,0
2084,2024-11-25,10,2024-12-13,2024-12-11,Delivered,0
2085,2024-07-14,8,2024-08-01,2024-08-02,Delivered,0
2086,2024-08-10,11,2024-09-14,2024-09-19,Delivered,0
2087,2025-02-02,19,2025-02-20,2025-02-22,Delivered,0
2088,2024-08-13,13,2024-08-31,2024-08-30,Delivered,0
2089,2024-09-02,12,2024-09-20,2024-09-23,Delivered,0
2090,2025-10-04,10,2025-10-22,2025-10-25,Delivered,0
2091,2024-07-21,8,2024-08-08,2024-08-09,Delivered,0
2092,2025-04-01,4,2025-04-19,2025-04-25,Delivered,0
2093,2025-12-21,17,2025-12-28,2026-01-02,Delivered,0
2094,2025-04-27,19,2025-05-15,2025-05-15,Delivered,0
2095,2024-05-20,5,2024-06-07,2024-06-07,Delivered,0
2096,2025-05-20,12,2025-06-07,2025-06-09,Delivered,0
2097,2024-12-16,3,2025-01-20,2025-01-20,Delivered,0
2098,2024-06-25,6,2024-07-02,2024-07-05,Delivered,0
2099,2024-02-03,1,2024-02-21,2024-02-23,Delivered,0
2100,2025-12-28,16,2026-02-01,2026-01-31,Delivered,0
2101,2025-10-18,14,2025-10-25,2025-10-27,Delivered,0
2102,2024-10-22,9,2024-10-29,2024-11-01,Delivered,0
2103,2024-11-10,12,2024-11-28,2024-11-28,Delivered,0
2104,2025-12-19,17,2025-12-26,2026-01-04,Delivered,0
2105,2025-02-07,8,2025-02-25,2025-02-23,Delivered,0
2106,2024-12-11,11,2025-01-15,2025-01-26,Delivered,0
2107,2025-05-06,2,2025-05-24,2025-05-23,Delivered,0
2108,2024-02-03,6,2024-02-10,2024-02-09,Delivered,0
2109,2025-07-25,15,2025-08-12,2025-08-11,Delivered,0
2110,2024-02-15,9,2024-02-22,2024-02-20,Delivered,0
2111,2025-07-22,8,2025-08-09,2025-08-07,Delivered,0
2112,2025-03-04,18,2025-03-22,2025-03-25,Delivered,0
2113,2025-07-21,18,2025-08-08,2025-08-11,Delivered,0
2114,2024-01-14,10,2024-02-01,2024-02-01,Delivered,0
2115,2025-04-26,19,2025-05-14,2025-05-13,Delivered,0
2116,2025-07-08,3,2025-08-12,2025-08-14,Delivered,0
2117,2025-06-08,20,2025-06-15,2025-06-15,Delivered,0
2118,2025-02-02,13,2025-02-20,2025-02-18,Delivered,0
2119,2025-02-02,4,2025-02-20,2025-02-28,Delivered,0
2120,2024-05-01,7,2024-05-08,2024-05-07,Delivered,0
2121,2025-07-20,2,2025-08-07,2025-08-08,Delivered,1
2122,2025-12-08,13,2025-12-26,2025-12-26,Delivered,0
2123,2024-01-20,15,2024-02-07,,Cancelled,0
2124,2024-06-07,6,2024-06-14,2024-06-12,Delivered,0
2125,2025-11-02,15,2025-11-20,2025-11-19,Delivered,0
2126,2025-06-20,8,2025-07-08,2025-07-06,Delivered,0
2127,2024-11-10,2,2024-11-28,2024-11-28,Delivered,0
2128,2025-10-02,19,2025-10-20,,Cancelled,0
2129,2025-06-03,13,2025-06-21,2025-06-21,Delivered,0
2130,2025-10-08,15,2025-10-26,2025-10-25,Delivered,0
2131,2025-06-11,17,2025-06-18,2025-06-21,Delivered,0
2132,2025-06-04,17,2025-06-11,2025-06-18,Delivered,0
2133,2025-12-27,4,2026-01-14,2026-01-22,Delivered,1
2134,2024-11-24,10,2024-12-12,2024-12-13,Delivered,0
2135,2024-10-27,4,2024-11-14,2024-11-15,Delivered,0
2136,2024-04-03,17,2024-04-10,2024-04-21,Delivered,0
2137,2025-04-18,7,2025-04-25,2025-04-27,Delivered,0
2138,2024-03-27,7,2024-04-03,2024-04-04,Delivered,0
2139,2024-02-19,19,2024-03-08,2024-03-07,Delivered,0
2140,2024-04-29,12,2024-05-17,2024-05-20,Delivered,0
2141,2025-05-10,13,2025-05-28,2025-05-26,Delivered,0
2142,2024-08-16,17,2024-08-23,2024-09-03,Delivered,0
2143,2024-10-28,2,2024-11-15,2024-11-17,Delivered,0
2144,2024-05-07,14,2024-05-14,2024-05-17,Delivered,0
2145,2024-09-18,19,2024-10-06,2024-10-08,Delivered,0
2146,2025-05-06,5,2025-05-24,2025-05-25,Delivered,1
2147,2024-11-08,6,2024-11-15,2024-11-17,Delivered,0
2148,2025-12-10,6,2025-12-17,2025-12-18,Delivered,0
2149,2025-09-02,4,2025-09-20,2025-09-25,Delivered,0
2150,2025-01-18,19,2025-02-05,2025-02-05,Delivered,1
2151,2025-09-13,15,2025-10-01,2025-10-02,Delivered,0
2152,2024-12-23,20,2024-12-30,2024-12-29,Delivered,0
2153,2025-04-20,8,2025-05-08,2025-05-09,Delivered,0
2154,2024-07-30,16,2024-09-03,2024-09-02,Delivered,1
2155,2025-10-01,3,2025-11-05,2025-11-07,Delivered,0
2156,2024-05-31,19,2024-06-18,2024-06-20,Delivered,0
2157,2025-09-14,17,2025-09-21,2025-09-30,Delivered,0
2158,2024-09-03,15,2024-09-21,2024-09-22,Delivered,0
2159,2024-04-06,17,2024-04-13,2024-04-23,Delivered,0
2160,2025-06-09,9,2025-06-16,2025-06-17,Delivered,1
2161,2025-12-03,17,2025-12-10,2025-12-17,Delivered,0
2162,2024-08-09,10,2024-08-27,2024-08-26,Delivered,0
2163,2024-07-25,1,2024-08-12,2024-08-10,Delivered,0
2164,2024-05-22,19,2024-06-09,2024-06-12,Delivered,0
2165,2024-10-03,18,2024-10-21,2024-10-20,Delivered,0
2166,2025-11-08,5,2025-11-26,2025-11-29,Delivered,0
2167,2025-12-06,3,2026-01-10,2026-01-09,Delivered,0
2168,2025-08-06,3,2025-09-10,2025-09-09,Delivered,0
2169,2024-12-12,20,2024-12-19,2024-12-22,Delivered,0
2170,2025-08-06,3,2025-09-10,2025-09-12,Delivered,0
2171,2025-07-12,19,2025-07-30,2025-07-31,Delivered,0
2172,2025-07-11,1,2025-07-29,2025-07-29,Delivered,0
2173,2024-05-06,15,2024-05-24,2024-05-26,Delivered,1
2174,2024-03-09,6,2024-03-16,,Cancelled,0
2175,2024-01-22,1,2024-02-09,2024-02-12,Delivered,0
2176,2024-12-04,10,2024-12-22,2024-12-21,Delivered,0
2177,2024-07-07,10,2024-07-25,2024-07-28,Delivered,0
2178,2024-05-20,17,2024-05-27,2024-05-29,Delivered,0
2179,2024-05-05,10,2024-05-23,2024-05-21,Delivered,0
2180,2024-05-19,10,2024-06-06,2024-06-07,Delivered,0
2181,2025-02-22,6,2025-03-01,2025-03-04,Delivered,0
2182,2025-09-24,1,2025-10-12,2025-10-12,Delivered,1
2183,2025-05-26,3,2025-06-30,2025-07-02,Delivered,1
2184,2024-10-31,8,2024-11-18,2024-11-17,Delivered,0
2185,2024-06-19,3,2024-07-24,2024-07-24,Delivered,0
2186,2025-06-15,11,2025-07-20,2025-08-01,Delivered,0
2187,2024-08-12,12,2024-08-30,2024-09-01,Delivered,1
2188,2025-06-05,20,2025-06-12,2025-06-12,Delivered,0
2189,2025-09-08,6,2025-09-15,2025-09-16,Delivered,0
2190,2025-02-26,3,2025-04-02,2025-04-05,Delivered,0
2191,2025-04-28,12,2025-05-16,2025-05-16,Delivered,1
2192,2024-10-14,15,2024-11-01,2024-11-03,Delivered,0
2193,2025-02-23,14,2025-03-02,2025-03-01,Delivered,0
2194,2024-03-04,16,2024-04-08,2024-04-11,Delivered,0
2195,2024-10-14,2,2024-11-01,2024-10-31,Delivered,1
2196,2025-07-23,12,2025-08-10,2025-08-08,Delivered,0
2197,2024-06-13,8,2024-07-01,2024-07-03,Delivered,0
2198,2025-10-09,6,2025-10-16,2025-10-19,Delivered,1
2199,2025-01-06,4,2025-01-24,2025-01-28,Delivered,0
2200,2024-01-05,18,2024-01-23,2024-01-23,Delivered,0
2201,2024-03-25,1,2024-04-12,2024-04-13,Delivered,0
2202,2024-10-10,10,2024-10-28,2024-10-27,Delivered,0
2203,2024-08-11,20,2024-08-18,2024-08-20,Delivered,0
2204,2024-01-10,2,2024-01-28,,Cancelled,0
2205,2024-09-30,11,2024-11-04,2024-11-09,Delivered,0
2206,2025-03-23,10,2025-04-10,2025-04-08,Delivered,0
2207,2024-05-08,19,2024-05-26,2024-05-25,Delivered,1
2208,2024-01-21,7,2024-01-28,2024-01-27,Delivered,0
2209,2025-06-10,17,2025-06-17,2025-06-21,Delivered,0
2210,2024-09-03,5,2024-09-21,2024-09-19,Delivered,0
2211,2025-05-14,8,2025-06-01,2025-05-30,Delivered,0
2212,2024-03-12,5,2024-03-30,2024-03-29,Delivered,0
2213,2025-08-26,14,2025-09-02,2025-09-03,Delivered,0
2214,2024-01-23,8,2024-02-10,2024-02-12,Delivered,0
2215,2025-08-20,16,2025-09-24,2025-09-27,Delivered,0
2216,2024-09-17,7,2024-09-24,2024-09-24,Delivered,0
2217,2024-04-01,11,2024-05-06,2024-05-15,Delivered,1
2218,2024-01-04,18,2024-01-22,2024-01-20,Delivered,0
2219,2024-09-05,11,2024-10-10,2024-10-21,Delivered,0
2220,2024-01-04,2,2024-01-22,2024-01-24,Delivered,1
2221,2025-11-21,13,2025-12-09,2025-12-11,Delivered,0
2222,2025-10-06,4,2025-10-24,2025-11-03,Delivered,0
2223,2024-04-07,10,2024-04-25,2024-04-24,Delivered,0
2224,2025-12-06,19,2025-12-24,2025-12-22,Delivered,0
2225,2025-03-01,15,2025-03-19,2025-03-18,Delivered,0
2226,2025-01-01,3,2025-02-05,2025-02-06,Delivered,0
2227,2024-11-17,8,2024-12-05,2024-12-08,Delivered,0
2228,2025-01-03,8,2025-01-21,2025-01-23,Delivered,1
2229,2025-02-01,15,2025-02-19,2025-02-20,Delivered,0
2230,2025-11-22,8,2025-12-10,2025-12-13,Delivered,0
2231,2025-07-19,12,2025-08-06,2025-08-04,Delivered,1
2232,2024-03-31,1,2024-04-18,2024-04-21,Delivered,1
2233,2025-03-23,7,2025-03-30,2025-04-02,Delivered,0
2234,2024-08-16,8,2024-09-03,2024-09-01,Delivered,0
2235,2025-08-27,3,2025-10-01,2025-10-03,Delivered,0
2236,2025-04-25,6,2025-05-02,2025-04-30,Delivered,0
2237,2024-10-10,14,2024-10-17,2024-10-19,Delivered,0
2238,2025-02-24,1,2025-03-14,2025-03-15,Delivered,1
2239,2025-03-26,10,2025-04-13,2025-04-16,Delivered,0
2240,2025-12-04,3,2026-01-08,2026-01-07,Delivered,0
2241,2025-08-18,15,2025-09-05,2025-09-07,Delivered,0
2242,2025-01-19,8,2025-02-06,2025-02-08,Delivered,0
2243,2025-11-29,13,2025-12-17,2025-12-15,Delivered,0
2244,2024-01-23,17,2024-01-30,,Cancelled,0
2245,2025-11-03,2,2025-11-21,2025-11-24,Delivered,0
2246,2025-03-28,5,2025-04-15,2025-04-15,Delivered,0
2247,2024-07-04,11,2024-08-08,,Cancelled,1
2248,2024-07-19,18,2024-08-06,2024-08-04,Delivered,0
2249,2024-05-07,13,2024-05-25,2024-05-24,Delivered,0
2250,2024-03-02,2,2024-03-20,2024-03-19,Delivered,0
2251,2025-02-01,20,2025-02-08,2025-02-07,Delivered,0
2252,2025-02-24,2,2025-03-14,2025-03-15,Delivered,1
2253,2025-03-25,20,2025-04-01,2025-03-31,Delivered,0
2254,2024-04-05,13,2024-04-23,2024-04-24,Delivered,0
2255,2024-01-10,9,2024-01-17,2024-01-20,Delivered,0
2256,2024-04-19,1,2024-05-07,2024-05-07,Delivered,0
2257,2025-04-28,10,2025-05-16,2025-05-15,Delivered,0
2258,2024-02-17,17,2024-02-24,2024-03-01,Delivered,0
2259,2024-01-15,13,2024-02-02,2024-02-02,Delivered,0
2260,2025-04-01,8,2025-04-19,2025-04-18,Delivered,0
2261,2024-02-03,7,2024-02-10,2024-02-12,Delivered,1
2262,2025-07-20,5,2025-08-07,2025-08-08,Delivered,0
2263,2025-06-27,12,2025-07-15,2025-07-18,Delivered,0
2264,2025-07-28,13,2025-08-15,2025-08-18,Delivered,0
2265,2025-06-06,3,2025-07-11,,Cancelled,0
2266,2025-07-04,5,2025-07-22,2025-07-21,Delivered,0
2267,2025-04-17,3,2025-05-22,2025-05-20,Delivered,0
2268,2024-03-10,17,2024-03-17,2024-03-26,Delivered,0
2269,2025-03-29,4,2025-04-16,2025-04-27,Delivered,1
2270,2025-05-15,1,2025-06-02,2025-05-31,Delivered,0
2271,2024-12-09,10,2024-12-27,2024-12-25,Delivered,0
2272,2025-01-29,5,2025-02-16,,Cancelled,0
2273,2024-12-17,6,2024-12-24,2024-12-27,Delivered,0
2274,2025-05-24,16,2025-06-28,2025-06-27,Delivered,0
2275,2025-12-27,14,2026-01-03,2026-01-04,Delivered,0
2276,2024-10-09,1,2024-10-27,2024-10-27,Delivered,1
2277,2024-05-09,1,2024-05-27,2024-05-29,Delivered,1
2278,2024-12-08,10,2024-12-26,2024-12-24,Delivered,0
2279,2025-03-11,12,2025-03-29,2025-03-30,Delivered,1
2280,2025-04-21,9,2025-04-28,2025-04-29,Delivered,0
2281,2024-11-05,19,2024-11-23,2024-11-26,Delivered,0
2282,2025-09-21,15,2025-10-09,2025-10-12,Delivered,0
2283,2025-01-08,6,2025-01-15,2025-01-13,Delivered,0
2284,2025-05-28,19,2025-06-15,,Cancelled,0
2285,2024-05-07,15,2024-05-25,2024-05-23,Delivered,0
2286,2025-06-10,15,2025-06-28,2025-06-30,Delivered,1
2287,2024-06-10,2,2024-06-28,2024-07-01,Delivered,0
2288,2024-11-08,14,2024-11-15,,Cancelled,0
2289,2025-11-06,11,2025-12-11,2025-12-18,Delivered,0
2290,2024-09-24,5,2024-10-12,2024-10-13,Delivered,0
2291,2025-09-11,8,2025-09-29,2025-09-29,Delivered,0
2292,2024-08-08,8,2024-08-26,2024-08-25,Delivered,1
2293,2025-11-22,3,2025-12-27,2025-12-25,Delivered,0
2294,2025-05-02,9,2025-05-09,2025-05-08,Delivered,0
2295,2025-11-06,14,2025-11-13,2025-11-16,Delivered,1
2296,2024-01-21,9,2024-01-28,2024-01-28,Delivered,0
2297,2024-09-10,5,2024-09-28,2024-09-28,Delivered,0
2298,2025-08-17,11,2025-09-21,2025-09-29,Delivered,0
2299,2025-01-12,14,2025-01-19,2025-01-21,Delivered,1
2300,2024-07-09,7,2024-07-16,2024-07-17,Delivered,0
2301,2024-04-29,13,2024-05-17,2024-05-16,Delivered,1
2302,2024-02-02,10,2024-02-20,2024-02-19,Delivered,0
2303,2024-09-18,3,2024-10-23,2024-10-23,Delivered,1
2304,2024-11-12,15,2024-11-30,2024-11-30,Delivered,0
2305,2025-05-28,2,2025-06-15,2025-06-15,Delivered,0
2306,2024-07-27,17,2024-08-03,2024-08-14,Delivered,0
2307,2024-03-15,15,2024-04-02,2024-04-03,Delivered,0
2308,2024-12-08,8,2024-12-26,,Cancelled,0
2309,2024-03-06,18,2024-03-24,2024-03-27,Delivered,0
2310,2025-05-04,9,2025-05-11,2025-05-14,Delivered,0
2311,2024-12-09,16,2025-01-13,2025-01-11,Delivered,0
2312,2024-07-17,12,2024-08-04,2024-08-06,Delivered,0
2313,2025-07-10,11,2025-08-14,2025-08-21,Delivered,0
2314,2024-11-09,10,2024-11-27,2024-11-26,Delivered,0
2315,2024-03-23,6,2024-03-30,2024-03-28,Delivered,0
2316,2025-07-24,5,2025-08-11,2025-08-10,Delivered,0
2317,2025-02-10,11,2025-03-17,2025-03-25,Delivered,0
2318,2024-10-20,20,2024-10-27,,Cancelled,0
2319,2025-12-07,5,2025-12-25,2025-12-28,Delivered,0
2320,2024-01-16,7,2024-01-23,2024-01-23,Delivered,0
2321,2024-06-02,2,2024-06-20,2024-06-23,Delivered,0
2322,2025-12-15,4,2026-01-02,2026-01-04,Delivered,0
2323,2024-09-11,2,2024-09-29,2024-09-27,Delivered,0
2324,2024-01-13,5,2024-01-31,2024-01-30,Delivered,0
2325,2025-10-26,15,2025-11-13,2025-11-14,Delivered,0
2326,2024-12-18,18,2025-01-05,2025-01-08,Delivered,1
2327,2025-06-26,14,2025-07-03,2025-07-04,Delivered,0
2328,2024-08-27,5,2024-09-14,2024-09-16,Delivered,0
2329,2024-09-06,6,2024-09-13,2024-09-11,Delivered,0
2330,2024-05-02,17,2024-05-09,2024-05-12,Delivered,0
2331,2024-04-20,2,2024-05-08,2024-05-07,Delivered,0
2332,2024-10-30,7,2024-11-06,,Cancelled,0
2333,2024-08-09,7,2024-08-16,2024-08-18,Delivered,0
2334,2025-07-06,2,2025-07-24,2025-07-23,Delivered,0
2335,2024-06-08,8,2024-06-26,2024-06-28,Delivered,0
2336,2025-12-19,18,2026-01-06,2026-01-09,Delivered,0
2337,2025-11-29,3,2026-01-03,2026-01-02,Delivered,0
2338,2024-02-27,2,2024-03-16,,Cancelled,0
2339,2025-07-28,16,2025-09-01,2025-08-31,Delivered,0
2340,2025-02-03,2,2025-02-21,2025-02-23,Delivered,0
2341,2025-05-31,12,2025-06-18,2025-06-19,Delivered,0
2342,2025-05-05,12,2025-05-23,2025-05-21,Delivered,0
2343,2025-10-22,11,2025-11-26,2025-11-30,Delivered,0
2344,2024-12-29,20,2025-01-05,2025-01-07,Delivered,0
2345,2025-03-21,9,2025-03-28,2025-03-27,Delivered,0
2346,2025-07-28,9,2025-08-04,2025-08-04,Delivered,0
2347,2025-01-15,2,2025-02-02,2025-02-02,Delivered,0
2348,2025-02-09,8,2025-02-27,2025-02-26,Delivered,0
2349,2024-05-17,2,2024-06-04,2024-06-03,Delivered,0
2350,2025-01-28,11,2025-03-04,2025-03-15,Delivered,0
2351,2024-06-18,15,2024-07-06,2024-07-08,Delivered,0
2352,2025-03-03,4,2025-03-21,2025-03-30,Delivered,0
2353,2024-03-30,19,2024-04-17,2024-04-18,Delivered,1
2354,2025-07-08,16,2025-08-12,2025-08-10,Delivered,0
2355,2025-03-04,3,2025-04-08,2025-04-11,Delivered,0
2356,2025-11-29,8,2025-12-17,2025-12-16,Delivered,0
2357,2025-02-09,6,2025-02-16,2025-02-15,Delivered,0
2358,2024-03-18,6,2024-03-25,2024-03-25,Delivered,0
2359,2024-05-26,2,2024-06-13,2024-06-13,Delivered,0
2360,2025-04-27,16,2025-06-01,,Cancelled,0
2361,2025-11-22,10,2025-12-10,2025-12-12,Delivered,0
2362,2025-06-21,2,2025-07-09,2025-07-09,Delivered,1
2363,2025-11-02,17,2025-11-09,2025-11-22,Delivered,0
2364,2025-09-09,13,2025-09-27,2025-09-29,Delivered,0
2365,2024-02-24,2,2024-03-13,2024-03-12,Delivered,0
2366,2025-02-11,13,2025-03-01,2025-03-02,Delivered,0
2367,2025-10-09,12,2025-10-27,2025-10-28,Delivered,0
2368,2025-11-22,11,2025-12-27,,Cancelled,0
2369,2024-10-24,15,2024-11-11,2024-11-11,Delivered,0
2370,2025-09-18,2,2025-10-06,2025-10-09,Delivered,0
2371,2025-10-17,19,2025-11-04,2025-11-03,Delivered,0
2372,2024-11-17,4,2024-12-05,2024-12-16,Delivered,0
2373,2025-10-24,7,2025-10-31,2025-11-03,Delivered,0
2374,2025-09-05,17,2025-09-12,2025-09-22,Delivered,0
2375,2024-03-03,10,2024-03-21,2024-03-20,Delivered,0
2376,2025-01-20,7,2025-01-27,2025-01-26,Delivered,0
2377,2025-12-05,10,2025-12-23,2025-12-22,Delivered,1
2378,2025-11-03,6,2025-11-10,2025-11-11,Delivered,0
2379,2024-11-20,13,2024-12-08,2024-12-11,Delivered,0
2380,2024-04-04,2,2024-04-22,2024-04-23,Delivered,0
2381,2024-09-01,9,2024-09-08,2024-09-07,Delivered,0
2382,2024-12-08,4,2024-12-26,2025-01-05,Delivered,0
2383,2025-12-23,15,2026-01-10,2026-01-10,Delivered,0
2384,2024-04-20,9,2024-04-27,2024-04-29,Delivered,0
2385,2024-02-23,18,2024-03-12,,Cancelled,1
2386,2024-10-22,7,2024-10-29,2024-11-01,Delivered,0
2387,2024-01-30,20,2024-02-06,2024-02-07,Delivered,0
2388,2024-09-12,6,2024-09-19,2024-09-21,Delivered,0
2389,2025-03-07,8,2025-03-25,2025-03-27,Delivered,0
2390,2025-04-03,17,2025-04-10,2025-04-16,Delivered,0
2391,2024-03-06,4,2024-03-24,2024-04-03,Delivered,1
2392,2024-04-11,8,2024-04-29,2024-04-28,Delivered,1
2393,2024-09-20,12,2024-10-08,2024-10-11,Delivered,0
2394,2025-03-30,4,2025-04-17,2025-04-18,Delivered,0
2395,2024-09-15,5,2024-10-03,2024-10-02,Delivered,1
2396,2025-10-31,17,2025-11-07,2025-11-11,Delivered,0
2397,2025-11-17,17,2025-11-24,2025-11-29,Delivered,0
2398,2025-12-08,19,2025-12-26,2025-12-26,Delivered,0
2399,2024-05-08,5,2024-05-26,2024-05-25,Delivered,1
2400,2025-08-30,18,2025-09-17,2025-09-17,Delivered,0
2401,2025-04-27,10,2025-05-15,2025-05-18,Delivered,0
2402,2025-09-01,4,2025-09-19,2025-09-30,Delivered,0
2403,2025-08-28,6,2025-09-04,2025-09-05,Delivered,0
2404,2025-06-23,2,2025-07-11,2025-07-10,Delivered,0
2405,2025-10-07,4,2025-10-25,2025-11-02,Delivered,0
2406,2025-11-13,11,2025-12-18,2025-12-22,Delivered,0
2407,2024-04-20,13,2024-05-08,2024-05-09,Delivered,1
2408,2024-09-12,9,2024-09-19,2024-09-17,Delivered,1
2409,2024-12-29,12,2025-01-16,2025-01-14,Delivered,0
2410,2024-11-29,13,2024-12-17,2024-12-20,Delivered,0
2411,2024-03-01,9,2024-03-08,2024-03-11,Delivered,0
2412,2025-09-02,1,2025-09-20,2025-09-22,Delivered,0
2413,2025-01-06,16,2025-02-10,2025-02-08,Delivered,0
2414,2025-09-24,3,2025-10-29,2025-10-28,Delivered,0
2415,2025-04-14,6,2025-04-21,,Cancelled,0
2416,2025-02-09,7,2025-02-16,,Cancelled,0
2417,2025-02-03,17,2025-02-10,2025-02-18,Delivered,0
2418,2025-05-29,19,2025-06-16,2025-06-17,Delivered,0
2419,2024-05-20,3,2024-06-24,2024-06-25,Delivered,0
2420,2024-08-04,8,2024-08-22,,Cancelled,0
2421,2024-09-16,9,2024-09-23,2024-09-24,Delivered,0
2422,2025-09-17,5,2025-10-05,2025-10-04,Delivered,0
2423,2024-05-05,8,2024-05-23,2024-05-21,Delivered,0
2424,2025-07-25,5,2025-08-12,,Cancelled,0
2425,2024-01-04,1,2024-01-22,2024-01-21,Delivered,0
2426,2024-09-10,8,2024-09-28,2024-09-28,Delivered,0
2427,2025-05-09,18,2025-05-27,2025-05-27,Delivered,0
2428,2024-12-30,18,2025-01-17,2025-01-16,Delivered,0
2429,2024-09-02,8,2024-09-20,2024-09-21,Delivered,0
2430,2024-04-21,3,2024-05-26,2024-05-24,Delivered,1
2431,2025-08-17,7,2025-08-24,2025-08-27,Delivered,0
2432,2024-09-12,11,2024-10-17,,Cancelled,1
2433,2025-07-10,7,2025-07-17,2025-07-17,Delivered,0
2434,2025-10-18,13,2025-11-05,2025-11-07,Delivered,0
2435,2025-02-05,18,2025-02-23,2025-02-25,Delivered,0
2436,2024-03-30,18,2024-04-17,2024-04-16,Delivered,1
2437,2024-01-28,4,2024-02-15,2024-02-20,Delivered,0
2438,2025-04-11,8,2025-04-29,2025-04-30,Delivered,1
2439,2025-07-25,19,2025-08-12,,Cancelled,0
2440,2024-09-10,20,2024-09-17,2024-09-19,Delivered,0
2441,2024-10-19,14,2024-10-26,2024-10-27,Delivered,0
2442,2025-10-01,16,2025-11-05,2025-11-05,Delivered,0
2443,2024-09-06,15,2024-09-24,2024-09-22,Delivered,0
2444,2024-01-20,4,2024-02-07,2024-02-13,Delivered,0
2445,2024-11-20,13,2024-12-08,2024-12-08,Delivered,1
2446,2025-12-04,4,2025-12-22,2025-12-31,Delivered,0
2447,2024-04-17,8,2024-05-05,2024-05-03,Delivered,0
2448,2025-10-21,7,2025-10-28,2025-10-28,Delivered,0
2449,2024-08-19,8,2024-09-06,2024-09-05,Delivered,1
2450,2025-02-20,7,2025-02-27,,Cancelled,0
2451,2024-07-03,15,2024-07-21,2024-07-23,Delivered,0
2452,2024-06-19,20,2024-06-26,2024-06-28,Delivered,0
2453,2024-09-13,2,2024-10-01,2024-09-30,Delivered,0
2454,2024-04-08,2,2024-04-26,2024-04-27,Delivered,0
2455,2025-08-12,10,2025-08-30,2025-09-02,Delivered,0
2456,2025-06-16,1,2025-07-04,2025-07-04,Delivered,0
2457,2024-08-28,16,2024-10-02,2024-10-01,Delivered,0
2458,2024-11-05,2,2024-11-23,2024-11-24,Delivered,0
2459,2024-10-13,13,2024-10-31,2024-10-29,Delivered,0
2460,2025-08-18,3,2025-09-22,2025-09-25,Delivered,0
2461,2024-08-03,5,2024-08-21,2024-08-20,Delivered,0
2462,2024-09-02,11,2024-10-07,2024-10-11,Delivered,0
2463,2024-07-03,14,2024-07-10,2024-07-08,Delivered,1
2464,2025-08-08,3,2025-09-12,2025-09-12,Delivered,0
2465,2024-05-22,4,2024-06-09,2024-06-20,Delivered,1
2466,2025-05-17,19,2025-06-04,2025-06-06,Delivered,0
2467,2024-10-07,14,2024-10-14,2024-10-14,Delivered,0
2468,2024-07-20,13,2024-08-07,2024-08-07,Delivered,0
2469,2024-02-10,5,2024-02-28,2024-03-01,Delivered,0
2470,2024-11-16,6,2024-11-23,2024-11-26,Delivered,0
2471,2025-02-09,16,2025-03-16,,Cancelled,0
2472,2024-03-27,12,2024-04-14,2024-04-17,Delivered,0
2473,2024-10-12,11,2024-11-16,2024-11-25,Delivered,0
2474,2025-07-17,1,2025-08-04,,Cancelled,0
2475,2025-07-18,10,2025-08-05,2025-08-03,Delivered,0
2476,2024-07-17,1,2024-08-04,2024-08-02,Delivered,1
2477,2024-04-14,15,2024-05-02,2024-05-01,Delivered,0
2478,2024-03-27,11,2024-05-01,2024-05-08,Delivered,0
2479,2024-10-27,16,2024-12-01,2024-12-04,Delivered,0
2480,2025-07-13,4,2025-07-31,,Cancelled,0
2481,2024-04-09,2,2024-04-27,2024-04-28,Delivered,0
2482,2024-08-11,19,2024-08-29,2024-08-30,Delivered,0
2483,2025-07-09,14,2025-07-16,2025-07-17,Delivered,0
2484,2024-04-06,6,2024-04-13,2024-04-11,Delivered,0
2485,2025-06-20,6,2025-06-27,2025-06-26,Delivered,1
2486,2025-03-24,11,2025-04-28,2025-05-10,Delivered,0
2487,2024-10-18,5,2024-11-05,2024-11-03,Delivered,0
2488,2025-01-30,4,2025-02-17,2025-02-23,Delivered,0
2489,2025-04-10,6,2025-04-17,2025-04-16,Delivered,0
2490,2025-02-06,11,2025-03-13,2025-03-18,Delivered,0
2491,2025-09-27,16,2025-11-01,2025-10-30,Delivered,0
2492,2025-10-21,20,2025-10-28,2025-10-26,Delivered,0
2493,2025-01-30,13,2025-02-17,2025-02-18,Delivered,0
2494,2024-03-20,7,2024-03-27,2024-03-27,Delivered,0
2495,2025-06-14,1,2025-07-02,2025-07-05,Delivered,0
2496,2025-01-17,1,2025-02-04,2025-02-04,Delivered,0
2497,2024-05-02,7,2024-05-09,2024-05-08,Delivered,0
2498,2025-06-13,11,2025-07-18,2025-07-19,Delivered,1
2499,2024-01-06,12,2024-01-24,2024-01-27,Delivered,0
2500,2025-08-08,16,2025-09-12,2025-09-13,Delivered,0
2501,2024-04-19,17,2024-04-26,2024-05-08,Delivered,0
2502,2024-02-21,7,2024-02-28,2024-03-01,Delivered,0
2503,2024-08-01,16,2024-09-05,2024-09-04,Delivered,0
2504,2024-06-21,19,2024-07-09,,Cancelled,0
2505,2025-10-08,3,2025-11-12,2025-11-10,Delivered,0
2506,2024-04-04,18,2024-04-22,2024-04-25,Delivered,0
2507,2025-04-05,14,2025-04-12,2025-04-10,Delivered,0
2508,2024-06-25,12,2024-07-13,2024-07-15,Delivered,0
2509,2024-02-10,7,2024-02-17,2024-02-20,Delivered,0
2510,2024-06-13,10,2024-07-01,,Cancelled,0
2511,2025-07-06,3,2025-08-10,,Cancelled,0
2512,2025-03-19,5,2025-04-06,2025-04-07,Delivered,0
2513,2024-02-28,7,2024-03-06,2024-03-09,Delivered,0
2514,2025-05-11,16,2025-06-15,2025-06-13,Delivered,0
2515,2025-09-04,13,2025-09-22,2025-09-23,Delivered,0
2516,2024-06-25,4,2024-07-13,2024-07-17,Delivered,1
2517,2024-08-12,13,2024-08-30,2024-09-01,Delivered,0
2518,2024-06-09,17,2024-06-16,2024-06-30,Delivered,0
2519,2025-01-16,11,2025-02-20,2025-02-22,Delivered,0
2520,2024-09-20,6,2024-09-27,2024-09-27,Delivered,0
2521,2025-09-20,17,2025-09-27,2025-10-02,Delivered,0
2522,2024-10-03,4,2024-10-21,2024-10-29,Delivered,1
2523,2025-07-19,8,2025-08-06,2025-08-05,Delivered,1
2524,2024-10-16,13,2024-11-03,2024-11-01,Delivered,0
2525,2025-12-01,18,2025-12-19,2025-12-18,Delivered,0
2526,2024-09-19,19,2024-10-07,2024-10-09,Delivered,0
2527,2025-09-27,4,2025-10-15,2025-10-26,Delivered,0
2528,2024-05-29,16,2024-07-03,2024-07-02,Delivered,0
2529,2024-05-26,3,2024-06-30,2024-07-02,Delivered,0
2530,2024-05-21,17,2024-05-28,2024-06-09,Delivered,0
2531,2024-03-24,19,2024-04-11,,Cancelled,0
2532,2025-04-15,8,2025-05-03,,Cancelled,0
2533,2024-10-11,19,2024-10-29,2024-10-31,Delivered,0
2534,2024-08-12,3,2024-09-16,2024-09-14,Delivered,0
2535,2025-07-08,13,2025-07-26,2025-07-25,Delivered,0
2536,2025-07-03,10,2025-07-21,2025-07-23,Delivered,0
2537,2024-06-17,9,2024-06-24,2024-06-24,Delivered,0
2538,2025-12-14,1,2026-01-01,2026-01-04,Delivered,1
2539,2024-12-14,6,2024-12-21,2024-12-23,Delivered,0
2540,2024-04-29,16,2024-06-03,2024-06-02,Delivered,1
2541,2025-12-28,14,2026-01-04,2026-01-05,Delivered,0
2542,2025-07-25,11,2025-08-29,2025-09-10,Delivered,0
2543,2024-03-20,3,2024-04-24,2024-04-26,Delivered,1
2544,2025-09-25,1,2025-10-13,2025-10-12,Delivered,0
2545,2024-05-29,1,2024-06-16,2024-06-15,Delivered,0
2546,2024-03-12,7,2024-03-19,2024-03-19,Delivered,0
2547,2025-12-19,10,2026-01-06,2026-01-04,Delivered,0
2548,2025-08-15,3,2025-09-19,2025-09-20,Delivered,0
2549,2025-07-16,5,2025-08-03,2025-08-01,Delivered,0
2550,2024-03-15,2,2024-04-02,2024-04-02,Delivered,0
2551,2025-09-20,10,2025-10-08,2025-10-06,Delivered,0
2552,2024-12-27,7,2025-01-03,2025-01-02,Delivered,0
2553,2025-09-15,13,2025-10-03,2025-10-05,Delivered,0
2554,2025-03-25,16,2025-04-29,2025-05-02,Delivered,0
2555,2025-05-02,12,2025-05-20,2025-05-22,Delivered,0
2556,2024-12-09,15,2024-12-27,2024-12-25,Delivered,0
2557,2025-08-03,12,2025-08-21,2025-08-21,Delivered,0
2558,2025-12-26,12,2026-01-13,2026-01-14,Delivered,1
2559,2024-12-13,19,2024-12-31,2025-01-03,Delivered,1
2560,2025-10-16,4,2025-11-03,2025-11-17,Delivered,0
2561,2025-12-21,14,2025-12-28,,Cancelled,0
2562,2024-09-25,10,2024-10-13,2024-10-14,Delivered,0
2563,2025-01-24,8,2025-02-11,2025-02-10,Delivered,0
2564,2025-06-16,1,2025-07-04,2025-07-04,Delivered,0
2565,2024-04-18,12,2024-05-06,2024-05-08,Delivered,0
2566,2025-09-16,8,2025-10-04,2025-10-07,Delivered,0
2567,2025-12-07,14,2025-12-14,2025-12-12,Delivered,0
2568,2025-10-23,9,2025-10-30,2025-10-29,Delivered,0
2569,2024-02-20,9,2024-02-27,2024-02-27,Delivered,0
2570,2025-06-25,4,2025-07-13,2025-07-19,Delivered,0
2571,2024-03-05,3,2024-04-09,2024-04-08,Delivered,0
2572,2025-03-25,19,2025-04-12,2025-04-10,Delivered,1
2573,2025-06-09,18,2025-06-27,2025-06-30,Delivered,0
2574,2025-12-30,10,2026-01-17,,Cancelled,1
2575,2024-08-20,17,2024-08-27,2024-09-01,Delivered,0
2576,2024-03-28,16,2024-05-02,2024-05-04,Delivered,0
2577,2025-10-10,13,2025-10-28,,Cancelled,0
2578,2025-12-09,1,2025-12-27,2025-12-27,Delivered,0
2579,2024-03-29,15,2024-04-16,2024-04-15,Delivered,0
2580,2024-07-12,11,2024-08-16,2024-08-26,Delivered,0
2581,2025-10-04,10,2025-10-22,2025-10-25,Delivered,0
2582,2025-03-07,18,2025-03-25,2025-03-26,Delivered,0
2583,2024-10-29,17,2024-11-05,2024-11-14,Delivered,0
2584,2025-04-17,15,2025-05-05,2025-05-07,Delivered,0
2585,2024-06-21,19,2024-07-09,2024-07-07,Delivered,0
2586,2025-08-19,6,2025-08-26,2025-08-28,Delivered,0
2587,2024-03-29,16,2024-05-03,2024-05-02,Delivered,0
2588,2024-11-15,13,2024-12-03,2024-12-03,Delivered,0
2589,2024-04-29,15,2024-05-17,2024-05-15,Delivered,0
2590,2024-05-05,10,2024-05-23,2024-05-23,Delivered,0
2591,2025-09-28,3,2025-11-02,2025-11-04,Delivered,0
2592,2024-10-17,6,2024-10-24,2024-10-25,Delivered,0
2593,2025-08-08,9,2025-08-15,2025-08-18,Delivered,0
2594,2025-08-04,7,2025-08-11,,Cancelled,0
2595,2024-01-03,8,2024-01-21,2024-01-20,Delivered,0
2596,2024-06-24,4,2024-07-12,2024-07-18,Delivered,0
2597,2024-09-25,18,2024-10-13,2024-10-12,Delivered,0
2598,2025-05-03,5,2025-05-21,2025-05-20,Delivered,0
2599,2024-07-14,18,2024-08-01,2024-08-03,Delivered,0
2600,2024-02-24,13,2024-03-13,,Cancelled,0
2601,2025-05-18,12,2025-06-05,2025-06-06,Delivered,0
2602,2025-01-25,13,2025-02-12,2025-02-14,Delivered,0
2603,2025-07-12,13,2025-07-30,2025-08-02,Delivered,0
2604,2024-09-09,2,2024-09-27,2024-09-29,Delivered,0
2605,2024-10-26,9,2024-11-02,2024-11-01,Delivered,0
2606,2025-05-26,17,2025-06-02,,Cancelled,0
2607,2025-03-29,9,2025-04-05,2025-04-03,Delivered,0
2608,2025-12-21,4,2026-01-08,2026-01-16,Delivered,0
2609,2025-01-03,12,2025-01-21,2025-01-19,Delivered,0
2610,2025-08-29,10,2025-09-16,2025-09-15,Delivered,0
2611,2025-08-22,5,2025-09-09,2025-09-09,Delivered,0
2612,2025-12-05,1,2025-12-23,2025-12-24,Delivered,0
2613,2024-07-22,13,2024-08-09,2024-08-08,Delivered,1
2614,2024-10-04,2,2024-10-22,2024-10-24,Delivered,0
2615,2025-02-01,11,2025-03-08,2025-03-14,Delivered,0
2616,2024-11-11,20,2024-11-18,2024-11-17,Delivered,0
2617,2025-06-28,10,2025-07-16,2025-07-17,Delivered,0
2618,2025-01-08,3,2025-02-12,2025-02-10,Delivered,0
2619,2025-05-17,6,2025-05-24,,Cancelled,0
2620,2024-07-26,5,2024-08-13,2024-08-13,Delivered,0
2621,2024-03-31,16,2024-05-05,2024-05-08,Delivered,0
2622,2024-06-09,7,2024-06-16,2024-06-18,Delivered,1
2623,2024-10-28,12,2024-11-15,2024-11-14,Delivered,0
2624,2025-11-11,7,2025-11-18,2025-11-16,Delivered,0
2625,2024-02-03,6,2024-02-10,2024-02-09,Delivered,0
2626,2025-06-11,9,2025-06-18,2025-06-17,Delivered,0
2627,2025-12-12,10,2025-12-30,2025-12-28,Delivered,0
2628,2024-02-12,19,2024-03-01,,Cancelled,0
2629,2025-05-01,17,2025-05-08,2025-05-17,Delivered,0
2630,2024-02-02,14,2024-02-09,2024-02-11,Delivered,0
2631,2024-08-28,18,2024-09-15,2024-09-13,Delivered,0
2632,2024-02-12,3,2024-03-18,2024-03-18,Delivered,0
2633,2024-08-05,4,2024-08-23,2024-09-04,Delivered,0
2634,2024-04-17,7,2024-04-24,2024-04-22,Delivered,1
2635,2025-05-04,9,2025-05-11,2025-05-14,Delivered,0
2636,2025-01-26,1,2025-02-13,2025-02-14,Delivered,0
2637,2024-06-27,14,2024-07-04,2024-07-07,Delivered,0
2638,2025-02-10,11,2025-03-17,2025-03-23,Delivered,0
2639,2024-12-02,14,2024-12-09,2024-12-08,Delivered,1
2640,2025-05-16,15,2025-06-03,,Cancelled,0
2641,2024-10-01,18,2024-10-19,2024-10-22,Delivered,0
2642,2024-08-28,11,2024-10-02,2024-10-06,Delivered,0
2643,2024-11-10,14,2024-11-17,2024-11-18,Delivered,0
2644,2025-05-03,11,2025-06-07,2025-06-14,Delivered,0
2645,2025-11-30,5,2025-12-18,2025-12-21,Delivered,1
2646,2025-09-06,19,2025-09-24,2025-09-23,Delivered,0
2647,2025-02-22,12,2025-03-12,2025-03-15,Delivered,0
2648,2024-10-04,8,2024-10-22,2024-10-21,Delivered,0
2649,2025-12-19,11,2026-01-23,2026-01-31,Delivered,0
2650,2025-10-29,7,2025-11-05,2025-11-08,Delivered,0
2651,2024-11-14,3,2024-12-19,2024-12-19,Delivered,0
2652,2025-04-27,17,2025-05-04,,Cancelled,0
2653,2025-08-02,12,2025-08-20,,Cancelled,0
2654,2024-12-16,9,2024-12-23,2024-12-25,Delivered,0
2655,2024-11-02,7,2024-11-09,2024-11-08,Delivered,0
2656,2024-03-17,8,2024-04-04,2024-04-06,Delivered,0
2657,2024-01-15,5,2024-02-02,2024-02-02,Delivered,0
2658,2024-04-29,18,2024-05-17,2024-05-20,Delivered,0
2659,2024-01-15,16,2024-02-19,2024-02-19,Delivered,0
2660,2025-07-30,10,2025-08-17,2025-08-20,Delivered,1
2661,2024-11-19,15,2024-12-07,2024-12-10,Delivered,1
2662,2025-06-29,9,2025-07-06,2025-07-09,Delivered,0
2663,2024-09-30,2,2024-10-18,2024-10-20,Delivered,0
2664,2024-10-28,4,2024-11-15,2024-11-29,Delivered,0
2665,2024-10-02,8,2024-10-20,2024-10-23,Delivered,0
2666,2025-06-24,1,2025-07-12,,Cancelled,0
2667,2024-11-07,2,2024-11-25,2024-11-25,Delivered,0
2668,2025-03-27,1,2025-04-14,2025-04-17,Delivered,0
2669,2024-08-07,1,2024-08-25,2024-08-24,Delivered,0
2670,2024-07-23,2,2024-08-10,2024-08-11,Delivered,0
2671,2025-02-03,15,2025-02-21,2025-02-20,Delivered,0
2672,2024-01-23,3,2024-02-27,2024-03-01,Delivered,0
2673,2025-11-20,18,2025-12-08,,Cancelled,0
2674,2025-01-28,15,2025-02-15,2025-02-16,Delivered,0
2675,2024-03-26,4,2024-04-13,2024-04-15,Delivered,0
2676,2024-03-10,13,2024-03-28,2024-03-26,Delivered,0
2677,2024-05-21,12,2024-06-08,2024-06-10,Delivered,0
2678,2025-12-16,11,2026-01-20,2026-01-28,Delivered,0
2679,2024-12-19,12,2025-01-06,2025-01-09,Delivered,0
2680,2025-05-04,12,2025-05-22,2025-05-22,Delivered,0
2681,2024-12-31,18,2025-01-18,2025-01-16,Delivered,0
2682,2025-11-12,13,2025-11-30,2025-11-30,Delivered,0
2683,2025-06-18,17,2025-06-25,2025-07-08,Delivered,0
2684,2024-11-28,11,2025-01-02,2025-01-11,Delivered,0
2685,2024-03-03,19,2024-03-21,2024-03-20,Delivered,0
2686,2025-09-03,9,2025-09-10,2025-09-11,Delivered,0
2687,2025-09-22,8,2025-10-10,2025-10-13,Delivered,1
2688,2024-10-29,17,2024-11-05,2024-11-18,Delivered,0
2689,2025-03-28,17,2025-04-04,2025-04-13,Delivered,0
2690,2024-11-12,4,2024-11-30,2024-12-06,Delivered,0
2691,2025-02-28,2,2025-03-18,2025-03-17,Delivered,0
2692,2025-04-11,5,2025-04-29,2025-04-27,Delivered,0
2693,2025-11-22,20,2025-11-29,2025-12-02,Delivered,0
2694,2025-04-11,20,2025-04-18,2025-04-17,Delivered,0
2695,2025-02-19,14,2025-02-26,2025-02-24,Delivered,0
2696,2025-04-23,15,2025-05-11,2025-05-10,Delivered,0
2697,2025-09-19,1,2025-10-07,2025-10-09,Delivered,0
2698,2025-12-20,6,2025-12-27,2025-12-27,Delivered,0
2699,2024-11-25,3,2024-12-30,2025-01-02,Delivered,0
2700,2024-08-02,17,2024-08-09,2024-08-16,Delivered,0
2701,2024-05-10,5,2024-05-28,2024-05-29,Delivered,0
2702,2024-02-03,16,2024-03-09,2024-03-09,Delivered,0
2703,2025-06-05,13,2025-06-23,2025-06-21,Delivered,0
2704,2025-06-19,11,2025-07-24,2025-08-01,Delivered,0
2705,2025-06-04,9,2025-06-11,2025-06-14,Delivered,1
2706,2025-05-29,6,2025-06-05,2025-06-03,Delivered,0
2707,2024-09-12,12,2024-09-30,2024-09-30,Delivered,0
2708,2025-07-31,5,2025-08-18,2025-08-16,Delivered,0
2709,2024-04-28,20,2024-05-05,2024-05-07,Delivered,0
2710,2025-10-19,13,2025-11-06,2025-11-07,Delivered,0
2711,2024-07-26,12,2024-08-13,2024-08-12,Delivered,0
2712,2025-02-25,7,2025-03-04,2025-03-05,Delivered,0
2713,2025-11-18,15,2025-12-06,2025-12-07,Delivered,0
2714,2025-10-12,10,2025-10-30,2025-11-01,Delivered,0
2715,2025-01-16,3,2025-02-20,2025-02-23,Delivered,0
2716,2025-12-08,6,2025-12-15,2025-12-15,Delivered,0
2717,2024-01-13,3,2024-02-17,2024-02-18,Delivered,0
2718,2025-04-13,3,2025-05-18,2025-05-20,Delivered,0
2719,2025-02-17,19,2025-03-07,2025-03-09,Delivered,0
2720,2024-10-06,19,2024-10-24,2024-10-26,Delivered,0
2721,2024-10-10,4,2024-10-28,2024-11-06,Delivered,1
2722,2024-12-12,7,2024-12-19,2024-12-19,Delivered,0
2723,2024-05-06,5,2024-05-24,2024-05-27,Delivered,0
2724,2024-07-04,7,2024-07-11,2024-07-11,Delivered,0
2725,2025-08-20,9,2025-08-27,2025-08-29,Delivered,0
2726,2024-08-29,19,2024-09-16,2024-09-15,Delivered,1
2727,2024-02-18,8,2024-03-07,2024-03-08,Delivered,0
2728,2025-02-18,20,2025-02-25,2025-02-25,Delivered,0
2729,2025-08-10,14,2025-08-17,2025-08-18,Delivered,1
2730,2024-06-30,15,2024-07-18,,Cancelled,1
2731,2024-05-30,5,2024-06-17,2024-06-17,Delivered,1
2732,2024-01-22,12,2024-02-09,2024-02-09,Delivered,0
2733,2024-06-17,6,2024-06-24,2024-06-24,Delivered,0
2734,2025-04-27,12,2025-05-15,2025-05-16,Delivered,0
2735,2025-01-17,11,2025-02-21,2025-03-04,Delivered,0
2736,2024-07-04,1,2024-07-22,2024-07-20,Delivered,0
2737,2025-08-22,9,2025-08-29,2025-08-27,Delivered,0
2738,2025-07-17,6,2025-07-24,2025-07-22,Delivered,0
2739,2025-01-26,4,2025-02-13,2025-02-25,Delivered,0
2740,2025-08-09,4,2025-08-27,2025-09-07,Delivered,0
2741,2024-03-02,5,2024-03-20,,Cancelled,0
2742,2025-06-29,3,2025-08-03,2025-08-04,Delivered,1
2743,2025-04-20,19,2025-05-08,2025-05-10,Delivered,0
2744,2025-09-12,8,2025-09-30,2025-10-02,Delivered,0
2745,2024-12-18,19,2025-01-05,2025-01-06,Delivered,0
2746,2024-01-03,4,2024-01-21,2024-02-02,Delivered,0
2747,2024-12-26,14,2025-01-02,2024-12-31,Delivered,0
2748,2025-04-01,11,2025-05-06,2025-05-11,Delivered,0
2749,2025-07-04,7,2025-07-11,2025-07-09,Delivered,0
2750,2025-12-15,8,2026-01-02,2026-01-01,Delivered,0
2751,2025-10-01,6,2025-10-08,2025-10-07,Delivered,0
2752,2025-03-05,15,2025-03-23,2025-03-25,Delivered,0
2753,2025-03-24,16,2025-04-28,2025-04-29,Delivered,0
2754,2024-10-31,4,2024-11-18,2024-11-30,Delivered,0
2755,2024-10-27,7,2024-11-03,2024-11-05,Delivered,0
2756,2024-03-18,9,2024-03-25,2024-03-23,Delivered,0
2757,2025-01-10,5,2025-01-28,2025-01-26,Delivered,0
2758,2024-04-27,20,2024-05-04,2024-05-06,Delivered,0
2759,2025-04-28,3,2025-06-02,,Cancelled,0
2760,2024-11-06,7,2024-11-13,2024-11-16,Delivered,0
2761,2025-03-16,6,2025-03-23,2025-03-22,Delivered,0
2762,2024-07-18,13,2024-08-05,2024-08-06,Delivered,0
2763,2024-11-09,20,2024-11-16,2024-11-19,Delivered,0
2764,2025-11-20,5,2025-12-08,2025-12-10,Delivered,0
2765,2024-02-26,11,2024-04-01,2024-04-07,Delivered,0
2766,2025-07-11,15,2025-07-29,2025-07-27,Delivered,0
2767,2024-06-17,4,2024-07-05,2024-07-11,Delivered,0
2768,2025-11-26,9,2025-12-03,2025-12-03,Delivered,1
2769,2025-02-04,20,2025-02-11,2025-02-14,Delivered,0
2770,2024-05-31,3,2024-07-05,,Cancelled,0
2771,2025-12-13,3,2026-01-17,2026-01-18,Delivered,0
2772,2024-07-04,9,2024-07-11,2024-07-14,Delivered,1
2773,2025-10-09,10,2025-10-27,2025-10-30,Delivered,0
2774,2025-09-20,15,2025-10-08,2025-10-06,Delivered,0
2775,2024-04-06,12,2024-04-24,2024-04-25,Delivered,0
2776,2025-01-13,14,2025-01-20,2025-01-23,Delivered,0
2777,2025-10-16,18,2025-11-03,2025-11-06,Delivered,0
2778,2024-05-03,1,2024-05-21,2024-05-21,Delivered,0
2779,2025-05-12,13,2025-05-30,2025-06-02,Delivered,0
2780,2025-08-07,8,2025-08-25,2025-08-24,Delivered,0
2781,2025-11-09,14,2025-11-16,2025-11-18,Delivered,0
2782,2024-01-12,6,2024-01-19,2024-01-22,Delivered,0
2783,2025-06-15,13,2025-07-03,2025-07-04,Delivered,0
2784,2025-03-11,3,2025-04-15,2025-04-15,Delivered,0
2785,2025-05-05,3,2025-06-09,,Cancelled,0
2786,2024-10-01,12,2024-10-19,2024-10-17,Delivered,0
2787,2025-01-22,5,2025-02-09,2025-02-09,Delivered,0
2788,2024-11-14,15,2024-12-02,2024-12-05,Delivered,0
2789,2025-02-15,7,2025-02-22,2025-02-25,Delivered,1
2790,2024-06-24,1,2024-07-12,2024-07-15,Delivered,0
2791,2024-01-31,16,2024-03-06,2024-03-09,Delivered,0
2792,2024-07-23,13,2024-08-10,2024-08-08,Delivered,0
2793,2025-04-23,19,2025-05-11,2025-05-14,Delivered,0
2794,2024-10-26,20,2024-11-02,2024-11-02,Delivered,0
2795,2024-02-13,1,2024-03-02,2024-02-29,Delivered,0
2796,2024-05-03,5,2024-05-21,,Cancelled,0
2797,2025-07-14,2,2025-08-01,2025-08-01,Delivered,0
2798,2025-11-02,9,2025-11-09,,Cancelled,0
2799,2025-10-27,19,2025-11-14,2025-11-14,Delivered,0
2800,2024-01-30,14,2024-02-06,2024-02-05,Delivered,0
2801,2025-12-15,2,2026-01-02,2026-01-01,Delivered,0
2802,2024-11-25,4,2024-12-13,2024-12-14,Delivered,0
2803,2024-03-07,20,2024-03-14,2024-03-14,Delivered,1
2804,2024-01-07,11,2024-02-11,2024-02-21,Delivered,0
2805,2025-11-13,7,2025-11-20,2025-11-23,Delivered,0
2806,2024-06-08,10,2024-06-26,2024-06-26,Delivered,0
2807,2025-10-09,12,2025-10-27,2025-10-27,Delivered,0
2808,2024-12-03,1,2024-12-21,2024-12-19,Delivered,0
2809,2024-04-02,1,2024-04-20,2024-04-18,Delivered,0
2810,2024-11-09,20,2024-11-16,2024-11-16,Delivered,0
2811,2024-12-21,2,2025-01-08,2025-01-07,Delivered,0
2812,2024-05-04,3,2024-06-08,2024-06-10,Delivered,0
2813,2025-05-04,11,2025-06-08,2025-06-13,Delivered,0
2814,2024-06-20,4,2024-07-08,,Cancelled,0
2815,2025-04-11,5,2025-04-29,2025-05-02,Delivered,0
2816,2025-04-22,1,2025-05-10,2025-05-09,Delivered,0
2817,2024-01-24,7,2024-01-31,2024-01-30,Delivered,0
2818,2025-10-06,7,2025-10-13,2025-10-14,Delivered,0
2819,2024-05-14,14,2024-05-21,2024-05-20,Delivered,0
2820,2024-03-16,13,2024-04-03,2024-04-06,Delivered,0
2821,2025-10-05,8,2025-10-23,,Cancelled,0
2822,2024-09-21,5,2024-10-09,2024-10-08,Delivered,0
2823,2025-07-14,3,2025-08-18,2025-08-20,Delivered,1
2824,2025-05-30,2,2025-06-17,2025-06-17,Delivered,1
2825,2024-08-29,2,2024-09-16,,Cancelled,0
2826,2025-07-06,4,2025-07-24,,Cancelled,0
2827,2024-08-18,12,2024-09-05,2024-09-04,Delivered,0
2828,2025-03-23,3,2025-04-27,2025-04-28,Delivered,0
2829,2025-11-09,11,2025-12-14,2025-12-19,Delivered,0
2830,2025-09-17,7,2025-09-24,2025-09-26,Delivered,0
2831,2024-03-19,3,2024-04-23,2024-04-23,Delivered,0
2832,2024-06-22,3,2024-07-27,2024-07-30,Delivered,1
2833,2024-07-22,9,2024-07-29,2024-07-31,Delivered,1
2834,2025-11-15,13,2025-12-03,2025-12-02,Delivered,0
2835,2025-05-02,12,2025-05-20,2025-05-18,Delivered,0
2836,2024-07-21,7,2024-07-28,2024-07-29,Delivered,0
2837,2024-08-04,20,2024-08-11,2024-08-12,Delivered,0
2838,2025-11-29,13,2025-12-17,2025-12-20,Delivered,0
2839,2024-03-26,19,2024-04-13,2024-04-16,Delivered,0
2840,2025-07-20,6,2025-07-27,2025-07-27,Delivered,0
2841,2025-08-03,10,2025-08-21,2025-08-19,Delivered,0
2842,2024-09-11,19,2024-09-29,2024-09-30,Delivered,0
2843,2024-09-19,14,2024-09-26,2024-09-26,Delivered,0
2844,2025-12-25,12,2026-01-12,2026-01-11,Delivered,0
2845,2024-03-07,6,2024-03-14,2024-03-16,Delivered,0
2846,2024-01-08,17,2024-01-15,2024-01-23,Delivered,0
2847,2025-12-17,6,2025-12-24,2025-12-24,Delivered,0
2848,2024-06-24,5,2024-07-12,2024-07-12,Delivered,0
2849,2024-03-03,9,2024-03-10,2024-03-08,Delivered,0
2850,2025-10-20,7,2025-10-27,2025-10-29,Delivered,0
2851,2024-09-21,16,2024-10-26,2024-10-29,Delivered,0
2852,2024-03-21,15,2024-04-08,2024-04-11,Delivered,1
2853,2025-01-16,9,2025-01-23,2025-01-23,Delivered,0
2854,2025-02-17,13,2025-03-07,2025-03-08,Delivered,0
2855,2025-12-24,8,2026-01-11,2026-01-14,Delivered,0
2856,2024-04-25,15,2024-05-13,,Cancelled,0
2857,2025-08-02,2,2025-08-20,2025-08-19,Delivered,0
2858,2025-11-06,17,2025-11-13,2025-11-17,Delivered,0
2859,2024-12-30,1,2025-01-17,,Cancelled,0
2860,2024-08-18,13,2024-09-05,2024-09-07,Delivered,0
2861,2025-01-29,9,2025-02-05,,Cancelled,0
2862,2024-11-23,13,2024-12-11,,Cancelled,0
2863,2024-07-03,20,2024-07-10,2024-07-10,Delivered,0
2864,2024-05-01,10,2024-05-19,2024-05-20,Delivered,0
2865,2024-04-28,18,2024-05-16,2024-05-18,Delivered,0
2866,2025-12-29,11,2026-02-02,2026-02-04,Delivered,0
2867,2024-04-06,13,2024-04-24,2024-04-25,Delivered,0
2868,2025-06-11,1,2025-06-29,2025-07-02,Delivered,1
2869,2025-09-14,20,2025-09-21,2025-09-23,Delivered,1
2870,2024-02-15,4,2024-03-04,2024-03-16,Delivered,0
2871,2024-12-02,11,2025-01-06,2025-01-14,Delivered,0
2872,2025-09-28,9,2025-10-05,2025-10-08,Delivered,0
2873,2024-12-10,2,2024-12-28,2024-12-28,Delivered,0
2874,2025-01-11,3,2025-02-15,2025-02-18,Delivered,0
2875,2025-09-29,7,2025-10-06,,Cancelled,0
2876,2024-04-29,6,2024-05-06,2024-05-04,Delivered,0
2877,2025-05-02,3,2025-06-06,2025-06-08,Delivered,0
2878,2024-11-14,17,2024-11-21,2024-12-02,Delivered,0
2879,2025-08-24,1,2025-09-11,2025-09-14,Delivered,0
2880,2025-06-05,9,2025-06-12,2025-06-14,Delivered,0
2881,2024-12-13,13,2024-12-31,2024-12-31,Delivered,0
2882,2025-05-26,8,2025-06-13,2025-06-14,Delivered,0
2883,2025-02-08,18,2025-02-26,2025-03-01,Delivered,0
2884,2025-11-01,3,2025-12-06,2025-12-07,Delivered,0
2885,2024-01-02,17,2024-01-09,2024-01-19,Delivered,0
2886,2025-08-01,20,2025-08-08,2025-08-08,Delivered,0
2887,2024-02-25,19,2024-03-14,2024-03-13,Delivered,0
2888,2025-01-20,20,2025-01-27,2025-01-28,Delivered,0
2889,2024-11-27,16,2025-01-01,,Cancelled,0
2890,2024-04-03,12,2024-04-21,,Cancelled,1
2891,2025-04-13,7,2025-04-20,2025-04-23,Delivered,0
2892,2024-03-04,12,2024-03-22,2024-03-22,Delivered,0
2893,2024-06-23,6,2024-06-30,2024-07-03,Delivered,0
2894,2024-09-16,7,2024-09-23,2024-09-25,Delivered,0
2895,2025-12-12,20,2025-12-19,2025-12-19,Delivered,0
2896,2024-09-18,11,2024-10-23,2024-11-01,Delivered,0
2897,2024-07-28,8,2024-08-15,2024-08-13,Delivered,0
2898,2024-01-06,4,2024-01-24,2024-02-04,Delivered,0
2899,2025-08-04,17,2025-08-11,2025-08-21,Delivered,0
2900,2024-07-01,4,2024-07-19,2024-07-29,Delivered,0
2901,2025-07-31,9,2025-08-07,2025-08-05,Delivered,0
2902,2025-04-08,19,2025-04-26,2025-04-25,Delivered,0
2903,2024-02-12,4,2024-03-01,2024-03-10,Delivered,0
2904,2024-02-28,13,2024-03-17,2024-03-20,Delivered,0
2905,2025-05-08,13,2025-05-26,2025-05-25,Delivered,0
2906,2025-04-29,15,2025-05-17,2025-05-16,Delivered,0
2907,2024-06-05,19,2024-06-23,2024-06-26,Delivered,1
2908,2025-11-13,12,2025-12-01,2025-12-01,Delivered,1
2909,2024-09-02,2,2024-09-20,2024-09-22,Delivered,0
2910,2025-01-17,13,2025-02-04,2025-02-02,Delivered,0
2911,2025-10-11,8,2025-10-29,2025-10-31,Delivered,0
2912,2025-08-12,2,2025-08-30,2025-08-29,Delivered,1
2913,2024-09-23,19,2024-10-11,,Cancelled,0
2914,2024-11-01,20,2024-11-08,2024-11-09,Delivered,0
2915,2025-12-19,12,2026-01-06,2026-01-06,Delivered,0
2916,2024-01-18,5,2024-02-05,2024-02-05,Delivered,0
2917,2025-04-22,1,2025-05-10,2025-05-13,Delivered,0
2918,2024-02-26,18,2024-03-15,2024-03-15,Delivered,0
2919,2025-01-03,3,2025-02-07,2025-02-08,Delivered,0
2920,2024-09-26,16,2024-10-31,2024-11-01,Delivered,1
2921,2025-01-17,1,2025-02-04,2025-02-07,Delivered,0
2922,2025-10-19,4,2025-11-06,2025-11-14,Delivered,0
2923,2025-07-30,14,2025-08-06,2025-08-04,Delivered,0
2924,2024-12-08,7,2024-12-15,2024-12-17,Delivered,0
2925,2024-12-28,12,2025-01-15,2025-01-16,Delivered,1
2926,2025-11-11,1,2025-11-29,2025-12-02,Delivered,0
2927,2025-06-30,10,2025-07-18,2025-07-19,Delivered,0
2928,2025-03-17,9,2025-03-24,2025-03-23,Delivered,1
2929,2024-04-10,17,2024-04-17,2024-04-29,Delivered,1
2930,2025-09-14,15,2025-10-02,2025-10-05,Delivered,0
2931,2024-12-26,18,2025-01-13,2025-01-12,Delivered,0
2932,2025-11-08,3,2025-12-13,2025-12-16,Delivered,0
2933,2024-07-16,15,2024-08-03,2024-08-06,Delivered,0
2934,2025-08-05,5,2025-08-23,2025-08-21,Delivered,0
2935,2025-03-13,6,2025-03-20,2025-03-20,Delivered,0
2936,2025-12-21,15,2026-01-08,2026-01-06,Delivered,0
2937,2024-12-22,20,2024-12-29,2024-12-30,Delivered,0
2938,2024-12-03,19,2024-12-21,2024-12-23,Delivered,0
2939,2025-06-27,13,2025-07-15,2025-07-18,Delivered,0
2940,2025-01-25,19,2025-02-12,2025-02-13,Delivered,0
2941,2024-07-12,11,2024-08-16,2024-08-20,Delivered,0
2942,2025-07-15,20,2025-07-22,2025-07-23,Delivered,0
2943,2025-08-11,16,2025-09-15,2025-09-17,Delivered,0
2944,2025-01-02,12,2025-01-20,2025-01-23,Delivered,0
2945,2025-06-01,16,2025-07-06,2025-07-08,Delivered,1
2946,2025-12-14,16,2026-01-18,2026-01-20,Delivered,0
2947,2025-10-08,17,2025-10-15,2025-10-21,Delivered,0
2948,2024-12-13,7,2024-12-20,2024-12-20,Delivered,0
2949,2024-06-30,9,2024-07-07,2024-07-07,Delivered,0
2950,2024-04-27,18,2024-05-15,2024-05-18,Delivered,0
2951,2025-05-08,10,2025-05-26,2025-05-29,Delivered,0
2952,2024-04-02,2,2024-04-20,2024-04-18,Delivered,1
2953,2025-08-07,16,2025-09-11,2025-09-13,Delivered,1
2954,2025-05-11,12,2025-05-29,2025-05-28,Delivered,0
2955,2025-06-27,2,2025-07-15,2025-07-16,Delivered,0
2956,2025-08-12,4,2025-08-30,2025-09-03,Delivered,0
2957,2025-02-17,6,2025-02-24,2025-02-26,Delivered,0
2958,2024-01-12,13,2024-01-30,2024-01-29,Delivered,0
2959,2024-12-19,3,2025-01-23,2025-01-26,Delivered,0
2960,2025-11-11,17,2025-11-18,2025-11-25,Delivered,0
2961,2024-10-11,16,2024-11-15,2024-11-17,Delivered,1
2962,2025-05-04,17,2025-05-11,2025-05-21,Delivered,0
2963,2024-02-20,11,2024-03-26,2024-03-28,Delivered,0
2964,2025-10-11,17,2025-10-18,2025-10-29,Delivered,0
2965,2024-09-10,5,2024-09-28,,Cancelled,0
2966,2025-02-16,20,2025-02-23,2025-02-25,Delivered,0
2967,2025-08-08,19,2025-08-26,2025-08-27,Delivered,0
2968,2025-01-13,13,2025-01-31,2025-02-03,Delivered,0
2969,2025-08-20,11,2025-09-24,2025-10-02,Delivered,0
2970,2025-03-28,16,2025-05-02,2025-05-03,Delivered,0
2971,2025-10-03,7,2025-10-10,2025-10-12,Delivered,1
2972,2024-12-28,5,2025-01-15,2025-01-18,Delivered,0
2973,2025-05-25,9,2025-06-01,2025-06-02,Delivered,0
2974,2024-05-14,15,2024-06-01,2024-06-01,Delivered,0
2975,2024-09-24,17,2024-10-01,2024-10-09,Delivered,0
2976,2025-11-08,10,2025-11-26,2025-11-28,Delivered,0
2977,2025-08-12,13,2025-08-30,2025-09-01,Delivered,0
2978,2025-11-25,2,2025-12-13,2025-12-13,Delivered,0
2979,2025-11-19,14,2025-11-26,2025-11-24,Delivered,0
2980,2024-03-23,8,2024-04-10,2024-04-13,Delivered,0
2981,2024-05-06,11,2024-06-10,2024-06-16,Delivered,0
2982,2025-06-14,6,2025-06-21,2025-06-19,Delivered,0
2983,2025-05-25,3,2025-06-29,2025-07-01,Delivered,1
2984,2024-12-17,14,2024-12-24,2024-12-24,Delivered,0
2985,2024-11-14,3,2024-12-19,2024-12-21,Delivered,0
2986,2024-04-05,1,2024-04-23,2024-04-22,Delivered,0
2987,2025-05-25,10,2025-06-12,2025-06-10,Delivered,0
2988,2025-12-07,16,2026-01-11,2026-01-09,Delivered,0
2989,2024-06-05,12,2024-06-23,2024-06-21,Delivered,0
2990,2024-07-29,18,2024-08-16,2024-08-18,Delivered,1
2991,2025-08-26,16,2025-09-30,2025-09-29,Delivered,0
2992,2024-03-01,20,2024-03-08,2024-03-11,Delivered,0
2993,2025-03-03,1,2025-03-21,2025-03-22,Delivered,0
2994,2025-11-14,2,2025-12-02,2025-12-04,Delivered,0
2995,2025-09-13,19,2025-10-01,2025-10-04,Delivered,0
2996,2024-07-10,18,2024-07-28,2024-07-26,Delivered,1
2997,2024-01-03,18,2024-01-21,2024-01-24,Delivered,0
2998,2024-10-31,10,2024-11-18,2024-11-17,Delivered,0
2999,2024-03-18,7,2024-03-25,2024-03-26,Delivered,0
3000,2024-07-31,5,2024-08-18,2024-08-19,Delivered,0
