ship_line_id,shipment_id,product_id,qty_shipped,revenue,freight_cost
1,1,1027,302,67799.0,641.33
2,1,1022,15,2802.15,35.67
3,1,1024,24,2915.04,8.88
4,2,1023,357,61436.13,138.29
5,2,1017,389,37795.24,586.63
6,3,1031,210,52819.2,1753.48
7,3,1024,152,18461.92,132.1
8,3,1012,293,19645.65,2151.52
9,4,1026,264,77330.88,69.34
10,4,1035,163,39313.97,591.0
11,5,1014,384,22871.04,6619.05
12,6,1027,543,121903.5,1741.09
13,6,1020,109,18123.43,289.57
14,7,1018,88,11117.04,186.68
15,7,1011,160,12198.4,225.99
16,8,1015,439,34220.05,3002.24
17,8,1001,371,5368.37,2016.53
18,8,1006,492,4063.92,3069.81
19,9,1022,324,60526.44,1289.1
20,9,1019,54,13052.88,343.19
21,10,1007,73,554.8,2117.17
22,10,1031,162,40746.24,9947.59
23,10,1039,321,135259.77,17230.54
24,11,1029,33,4906.44,145.68
25,11,1026,159,46574.28,68.45
26,11,1005,171,2691.54,1107.95
27,12,1011,64,4879.36,1931.07
28,12,1008,352,4695.68,11320.13
29,12,1037,375,131497.5,6620.12
30,13,1040,123,47395.59,105.68
31,14,1033,459,210690.18,32888.4
32,14,1015,317,24710.15,13102.62
33,14,1021,365,51070.8,5472.46
34,15,1002,22,215.82,96.35
35,15,1019,66,15953.52,302.64
36,16,1028,234,42555.24,13682.92
37,16,1036,358,151505.6,3914.75
38,16,1036,307,129922.4,2747.58
39,17,1023,157,27018.13,61.6
40,17,1034,347,161552.79,515.44
41,18,1004,387,2739.96,998.19
42,19,1039,370,155906.9,14074.8
43,19,1019,32,7735.04,1889.73
44,20,1022,328,61273.68,2209.34
45,20,1010,321,17019.42,30.92
46,20,1016,264,9300.72,59.11
47,21,1016,91,3205.93,6.88
48,21,1022,172,32131.32,426.38
49,21,1031,157,39488.64,608.19
50,22,1010,269,14262.38,129.13
51,23,1008,205,2734.7,548.09
52,24,1004,167,1182.36,517.15
53,25,1030,189,27244.35,1230.87
54,25,1035,170,41002.3,937.07
55,26,1006,480,3964.8,1594.07
56,27,1039,176,74161.12,546.58
57,27,1019,223,53903.56,676.55
58,28,1018,268,33856.44,1326.62
59,28,1018,125,15791.25,524.11
60,28,1004,169,1196.52,711.72
61,29,1001,357,5165.79,1087.59
62,30,1014,231,13758.36,291.83
63,30,1040,153,58955.49,132.57
64,30,1003,31,485.15,150.12
65,31,1032,443,132523.45,5761.21
66,32,1016,164,5777.72,30.52
67,33,1017,337,32742.92,1369.32
68,33,1039,14,5899.18,97.21
69,34,1011,144,10978.56,659.86
70,34,1014,285,16974.6,869.38
71,35,1038,310,62672.7,764.28
72,35,1003,351,5493.15,2505.89
73,35,1026,273,79967.16,214.37
74,36,1014,373,22215.88,709.81
75,37,1037,211,73989.26,752.79
76,37,1037,411,144121.26,1059.18
77,37,1025,121,32527.22,462.93
78,38,1036,387,163778.4,3611.5
79,38,1040,155,59726.15,1419.94
80,38,1034,315,146654.55,6381.73
81,39,1030,60,8649.0,334.75
82,39,1028,311,56558.46,1293.86
83,39,1016,357,12577.11,48.26
84,40,1025,330,88710.6,776.18
85,40,1013,162,7764.66,383.33
86,40,1004,251,1777.08,1209.28
87,41,1032,118,35299.7,1764.81
88,41,1026,206,60341.52,1005.67
89,41,1038,211,42657.87,2832.3
90,42,1013,489,23437.77,1004.46
91,42,1020,236,39239.72,697.26
92,43,1017,259,25164.44,627.66
93,43,1012,131,8783.55,233.1
94,44,1017,150,14574.0,316.65
95,44,1014,19,1131.64,15.18
96,45,1027,156,35022.0,513.73
97,46,1004,200,1416.0,9808.81
98,46,1009,184,13187.28,9668.76
99,47,1031,183,46028.16,610.39
100,47,1025,244,65592.08,405.5
101,47,1003,124,1940.6,296.29
102,48,1005,8,125.92,31.68
103,48,1005,34,535.16,124.46
104,48,1038,173,34975.41,143.77
105,49,1004,56,396.48,181.75
106,50,1009,40,2866.8,1750.22
107,50,1021,58,8115.36,681.11
108,51,1028,143,26005.98,937.85
109,52,1033,256,117509.12,19130.7
110,53,1018,331,41815.23,12625.45
111,53,1021,190,26584.8,2099.09
112,53,1015,192,14966.4,7494.02
113,54,1039,189,79638.93,622.26
114,54,1039,291,122618.67,887.34
115,54,1007,78,592.8,138.64
116,55,1033,266,122099.32,900.02
117,55,1032,246,73590.9,267.78
118,56,1035,104,25083.76,404.5
119,56,1017,37,3594.92,129.34
120,57,1025,242,65054.44,800.61
121,58,1022,379,70800.99,14915.72
122,58,1029,124,18436.32,4255.19
123,59,1013,176,8435.68,2894.59
124,59,1035,126,30389.94,6010.9
125,59,1033,242,111082.84,14811.23
126,60,1017,347,33714.52,831.2
127,60,1035,79,19054.01,238.72
128,61,1039,271,114191.27,1715.3
129,62,1012,71,4760.55,2913.88
130,62,1004,340,2407.2,18465.96
131,62,1002,179,1755.99,10048.94
132,63,1012,161,10795.05,416.83
133,64,1031,160,40243.2,1132.29
134,65,1010,205,10869.1,16.16
135,65,1024,28,3400.88,23.62
136,66,1030,108,15568.2,453.73
137,66,1037,209,73287.94,273.92
138,66,1040,305,117525.65,178.65
139,67,1027,196,44002.0,1008.54
140,67,1030,121,17442.15,1422.38
141,68,1025,386,103764.52,1690.07
142,68,1013,301,14426.93,981.87
143,69,1015,96,7483.2,180.84
144,70,1036,246,104107.2,184.69
145,70,1029,210,31222.8,664.32
146,70,1025,288,77420.16,479.52
147,71,1032,222,66411.3,194.38
148,71,1040,322,124076.26,174.93
149,72,1013,110,5272.3,160.0
150,72,1004,31,219.48,78.67
151,72,1019,227,54870.44,630.36
152,73,1023,269,46292.21,169.07
153,73,1008,317,4228.78,1118.46
154,73,1038,123,24866.91,178.42
155,74,1017,199,19334.84,425.63
156,74,1031,376,94571.52,1437.96
157,75,1003,360,5634.0,809.81
158,75,1039,321,135259.77,964.7
159,76,1035,275,66327.25,12856.14
160,76,1019,454,109740.88,28104.75
161,77,1029,150,22302.0,366.82
162,78,1015,241,18785.95,551.67
163,78,1004,19,134.52,73.76
164,78,1005,153,2408.22,541.08
165,79,1030,228,32866.2,850.65
166,79,1005,388,6107.12,1107.37
167,80,1006,278,2296.28,1044.73
168,81,1013,383,18357.19,970.27
169,81,1036,187,79138.4,265.42
170,82,1027,73,16388.5,2723.51
171,82,1030,37,5333.55,2237.92
172,83,1003,77,1205.05,324.97
173,84,1029,218,32412.24,530.86
174,84,1018,50,6316.5,103.91
175,85,1007,236,1793.6,513.43
176,86,1024,10,1214.6,6.66
177,86,1019,282,68165.04,1738.03
178,86,1009,64,4586.88,307.82
179,87,1002,52,510.12,367.38
180,88,1005,235,3698.9,15895.96
181,88,1039,211,88909.07,11744.81
182,89,1036,146,61787.2,248.0
183,90,1005,54,849.96,470.99
184,90,1003,411,6432.15,2654.32
185,91,1034,145,67507.65,236.03
186,92,1012,279,18706.95,2031.86
187,92,1035,340,82004.6,2107.77
188,92,1020,147,24441.69,814.79
189,93,1024,181,21984.26,1082.47
190,94,1021,250,34980.0,235.73
191,94,1014,22,1310.32,20.8
192,94,1019,18,4350.96,56.64
193,95,1030,38,5477.7,240.83
194,95,1004,334,2364.72,1442.65
195,95,1033,170,78033.4,872.93
196,96,1034,16,7449.12,23.6
197,96,1015,112,8730.4,231.16
198,96,1018,27,3410.91,58.06
199,97,1033,200,91804.0,1197.3
200,97,1002,406,3982.86,1781.82
201,97,1019,222,53661.84,1233.64
202,98,1006,190,1569.4,10466.27
203,98,1035,174,41967.06,6978.66
204,99,1021,349,48832.08,5150.49
205,99,1039,15,6320.55,613.52
206,99,1013,291,13947.63,7016.16
207,100,1036,88,37241.6,780.64
208,100,1002,296,2903.76,13003.85
209,100,1033,206,94558.12,13916.08
210,101,1036,209,88448.8,333.17
211,102,1017,123,11950.68,542.8
212,103,1028,279,50738.94,1896.98
213,103,1038,222,44881.74,659.03
214,104,1001,438,6337.86,1545.31
215,104,1008,506,6750.04,2431.85
216,104,1032,137,40983.55,444.19
217,105,1011,443,33774.32,2616.04
218,106,1003,387,6056.55,1066.25
219,106,1033,163,74820.26,606.26
220,107,1008,108,1440.72,431.87
221,107,1008,356,4749.04,1397.04
222,108,1011,355,27065.2,1869.76
223,109,1006,217,1792.42,1468.0
224,109,1006,242,1998.92,1718.87
225,109,1003,269,4209.85,1434.57
226,110,1012,501,33592.05,16009.03
227,110,1034,208,96838.56,4924.33
228,110,1032,396,118463.4,7778.96
229,111,1018,284,35877.72,763.27
230,111,1022,173,32318.13,410.94
231,112,1010,200,10604.0,132.33
232,112,1028,210,38190.6,13608.28
233,113,1001,271,3921.37,1470.94
234,113,1039,264,111241.68,1704.02
235,113,1032,53,15854.95,110.64
236,114,1016,133,4685.59,24.16
237,114,1037,329,115367.14,778.76
238,115,1024,344,41782.24,2264.06
239,115,1003,12,187.8,392.77
240,115,1029,223,33155.64,9805.82
241,116,1031,77,19367.04,440.14
242,116,1006,380,3138.8,1821.13
243,117,1010,75,3976.5,3.21
244,117,1002,131,1285.11,394.79
245,118,1024,421,51134.66,391.27
246,119,1013,31,1485.83,538.93
247,119,1020,66,10973.82,2145.79
248,120,1012,275,18438.75,742.22
249,120,1031,200,50304.0,655.52
250,120,1005,44,692.56,145.35
251,121,1015,146,11380.7,569.34
252,122,1028,67,12184.62,3150.42
253,123,1005,375,5902.5,1411.08
254,123,1017,244,23707.04,417.82
255,123,1020,363,60356.01,722.44
256,124,1025,222,59678.04,804.9
257,124,1008,315,4202.1,1364.79
258,125,1021,188,26304.96,407.03
259,125,1030,24,3459.6,226.79
260,126,1018,7,884.31,20.96
261,126,1008,55,733.7,88.05
262,126,1010,68,3605.36,2.01
263,127,1033,352,161575.04,28006.83
264,127,1039,132,55620.84,5894.32
265,127,1019,113,27314.36,7097.15
266,128,1006,109,900.34,303.96
267,128,1018,117,14780.61,257.7
268,129,1031,276,69419.52,14762.08
269,129,1036,193,81677.6,2145.97
270,129,1005,228,3588.72,15044.67
271,130,1033,183,84000.66,701.33
272,131,1012,382,25613.1,1197.74
273,132,1008,104,1387.36,288.74
274,133,1022,168,31384.08,1380.72
275,133,1024,345,41903.7,331.91
276,134,1009,295,21142.65,1772.62
277,134,1014,112,6670.72,148.2
278,135,1007,187,1421.2,301.97
279,135,1019,268,64780.96,1072.51
280,136,1007,59,448.4,1641.01
281,137,1025,188,50538.16,3703.71
282,137,1038,215,43466.55,3349.38
283,137,1027,59,13245.5,2225.33
284,138,1026,189,55361.88,1260.92
285,138,1024,268,32551.28,1572.61
286,139,1008,227,3028.18,995.3
287,139,1020,318,52873.86,1344.85
288,139,1018,86,10864.38,479.66
289,140,1027,242,54329.0,516.39
290,140,1020,445,73990.15,956.36
291,141,1010,382,20253.64,12.71
292,142,1013,248,11886.64,443.91
293,142,1008,386,5149.24,976.41
294,142,1027,195,43777.5,659.27
295,143,1027,100,22450.0,191.46
296,143,1001,464,6714.08,639.37
297,143,1017,393,38183.88,664.62
298,144,1013,399,19124.07,368.47
299,144,1036,195,82524.0,105.83
300,144,1019,28,6768.16,87.08
301,145,1040,204,78607.32,173.72
302,145,1025,130,34946.6,230.91
303,146,1003,67,1048.55,209.16
304,147,1027,13,2918.5,66.13
305,147,1007,114,866.4,533.84
306,148,1023,162,27878.58,756.98
307,149,1013,103,4936.79,1865.75
308,150,1016,81,2853.63,142.55
309,151,1036,65,27508.0,90.64
310,151,1026,330,96663.6,302.64
311,152,1024,235,28543.1,1414.91
312,153,1035,304,73321.76,2017.97
313,154,1030,123,17730.45,733.33
314,154,1022,260,48570.6,1237.11
315,154,1001,309,4471.23,745.6
316,155,1026,376,110137.92,2195.34
317,155,1017,103,10007.48,3795.43
318,155,1010,319,16913.38,185.51
319,156,1020,44,7315.88,152.03
320,157,1010,234,12406.68,14.95
321,157,1028,243,44191.98,1443.63
322,157,1009,52,3726.84,289.42
323,158,1028,185,33644.1,1526.61
324,158,1014,117,6968.52,297.08
325,158,1034,217,101028.69,721.98
326,159,1019,222,53661.84,748.7
327,159,1035,309,74527.71,822.02
328,160,1005,51,802.74,219.02
329,160,1035,105,25324.95,292.59
330,161,1007,230,1748.0,7670.84
331,161,1033,27,12393.54,1558.66
332,162,1035,329,79351.51,746.35
333,162,1038,330,66716.1,325.49
334,163,1018,83,10485.39,2846.2
335,163,1005,394,6201.56,20133.82
336,164,1023,386,66426.74,404.89
337,164,1029,58,8623.44,328.02
338,165,1015,270,21046.5,8474.86
339,165,1033,20,9180.4,1475.84
340,165,1013,334,16008.62,6288.27
341,166,1040,186,71671.38,81.49
342,167,1025,212,56989.84,5084.49
343,167,1027,320,71840.0,12078.38
344,168,1029,214,31817.52,1154.92
345,169,1034,394,183434.58,6418.77
346,170,1008,96,1280.64,2447.27
347,170,1020,357,59358.39,10965.38
348,170,1003,248,3881.2,12416.17
349,171,1003,22,344.3,959.93
350,171,1032,117,35000.55,1569.07
351,171,1019,120,29006.4,5622.58
352,172,1026,283,82896.36,1578.9
353,172,1008,51,680.34,1639.17
354,173,1020,273,45391.71,7624.95
355,174,1023,228,39236.52,103.33
356,175,1016,46,1620.58,4.55
357,175,1016,295,10392.85,29.57
358,175,1004,155,1097.4,420.71
359,176,1005,372,5855.28,4111.83
360,177,1031,349,87780.48,2499.67
361,178,1003,104,1627.6,4326.16
362,178,1015,389,30322.55,12426.94
363,179,1039,184,77532.08,1142.17
364,180,1021,281,39317.52,582.02
365,181,1034,227,105684.39,284.95
366,181,1003,15,234.75,31.33
367,182,1037,114,39975.24,434.13
368,183,1037,340,119224.4,353.35
369,183,1027,93,20878.5,148.29
370,183,1029,355,52781.4,936.15
371,184,1040,130,50092.9,169.16
372,184,1003,374,5853.1,2136.76
373,184,1040,289,111360.37,309.37
374,185,1013,80,3834.4,140.65
375,185,1030,33,4756.95,151.44
376,185,1014,31,1846.36,54.2
377,186,1011,135,10292.4,330.11
378,187,1028,182,33098.52,1265.89
379,187,1024,183,22227.18,207.23
380,188,1019,404,97654.88,2992.62
381,189,1034,145,67507.65,157.0
382,190,1030,173,24937.95,2021.0
383,191,1011,377,28742.48,2063.63
384,191,1029,119,17692.92,1035.07
385,192,1007,32,243.2,49.2
386,192,1009,8,573.36,20.36
387,193,1029,202,30033.36,1383.97
388,193,1033,246,112918.92,2873.46
389,193,1016,82,2888.86,16.93
390,194,1003,424,6635.6,1494.88
391,194,1013,450,21568.5,704.37
392,194,1003,127,1987.55,442.72
393,195,1034,89,41435.73,227.98
394,195,1019,400,96688.0,4069.38
395,196,1003,315,4929.75,914.13
396,196,1033,208,95476.16,943.42
397,197,1020,351,58360.77,837.57
398,197,1004,39,276.12,215.13
399,197,1012,178,11934.9,603.4
400,198,1020,65,10807.55,105.96
401,198,1007,13,98.8,22.73
402,199,1014,201,11971.56,537.96
403,199,1023,266,45775.94,295.26
404,199,1037,299,104847.34,838.82
405,200,1020,140,23277.8,691.17
406,201,1040,446,171857.18,469.63
407,201,1008,95,1267.3,308.19
408,202,1037,104,36468.64,112.28
409,202,1020,249,41401.23,544.51
410,203,1033,218,100066.36,2771.16
411,204,1001,310,4485.7,6950.71
412,204,1013,160,7668.8,2692.86
413,204,1033,218,100066.36,12455.95
414,205,1033,133,61049.66,1203.83
415,205,1017,398,38669.68,2273.78
416,206,1028,295,53648.7,12554.32
417,207,1018,156,19707.48,1041.93
418,207,1010,392,20783.84,45.45
419,208,1022,297,55482.57,13213.94
420,208,1020,357,59358.39,8957.52
421,209,1020,129,21448.83,460.52
422,210,1008,269,3588.46,732.5
423,211,1007,107,813.2,257.39
424,211,1014,98,5836.88,126.23
425,211,1025,25,6720.5,63.25
426,212,1025,91,24462.62,130.4
427,212,1030,57,8216.55,156.72
428,212,1018,139,17559.87,267.21
429,213,1038,52,10512.84,73.48
430,213,1036,202,85486.4,208.6
431,214,1037,196,68729.36,792.96
432,214,1016,200,7046.0,41.53
433,215,1030,54,7784.1,261.67
434,215,1019,161,38916.92,850.19
435,216,1040,182,70130.06,153.27
436,216,1023,243,41817.87,118.1
437,217,1024,550,66803.0,435.91
438,217,1024,350,42511.0,286.34
439,217,1004,54,382.32,305.9
440,218,1038,206,41647.02,194.72
441,218,1038,174,35177.58,187.98
442,218,1029,66,9812.88,134.49
443,219,1010,335,17761.7,14.87
444,220,1007,162,1231.2,320.36
445,221,1001,138,1996.86,420.14
446,221,1029,234,34791.12,894.89
447,221,1022,52,9714.12,239.58
448,222,1017,25,2429.0,751.12
449,222,1007,310,2356.0,8805.47
450,222,1021,376,52609.92,4072.81
451,223,1018,508,64175.64,18137.63
452,224,1026,83,24312.36,29.36
453,225,1032,425,127138.75,958.42
454,225,1018,470,59375.1,3164.65
455,225,1030,446,64290.9,4558.59
456,226,1009,157,11252.19,498.11
457,226,1011,258,19669.92,509.95
458,227,1038,366,73994.22,288.28
459,227,1032,129,38590.35,146.1
460,227,1018,66,8337.78,140.16
461,228,1037,209,73287.94,521.17
462,228,1008,206,2748.04,533.9
463,229,1038,90,18195.3,191.12
464,229,1014,100,5956.0,231.78
465,230,1038,289,58427.13,278.6
466,230,1022,266,49691.46,854.15
467,231,1014,101,6015.56,187.64
468,231,1004,96,679.68,554.1
469,231,1034,158,73560.06,318.94
470,232,1036,477,201866.4,764.96
471,232,1010,456,24177.12,38.66
472,233,1009,482,34544.94,2180.46
473,233,1017,522,50717.52,1621.64
474,233,1019,228,55112.16,1085.26
475,234,1017,139,13505.24,438.22
476,235,1006,313,2585.38,2542.12
477,236,1011,20,1524.8,716.43
478,236,1023,187,32180.83,1088.89
479,236,1040,48,18495.84,389.64
480,237,1002,16,156.96,776.02
481,237,1014,268,15962.08,4682.94
482,238,1018,291,36762.03,823.36
483,238,1016,221,7785.83,20.0
484,238,1032,251,75086.65,271.14
485,239,1035,526,126865.94,2275.13
486,239,1011,417,31792.08,1217.62
487,239,1025,466,125270.12,868.26
488,240,1029,107,15908.76,4152.13
489,241,1021,339,47432.88,4900.55
490,241,1029,299,44455.32,14334.88
491,242,1018,170,21476.1,684.85
492,242,1034,269,125238.33,675.31
493,243,1027,125,28062.5,432.32
494,243,1009,298,21357.66,1551.99
495,244,1002,322,3158.82,2565.04
496,245,1037,502,176031.32,1851.02
497,246,1021,84,11753.28,60.15
498,246,1029,380,56498.4,1082.7
499,246,1039,256,107870.72,694.87
500,247,1017,119,11562.04,289.62
501,247,1007,171,1299.6,265.41
502,247,1023,33,5678.97,9.93
503,248,1018,124,15664.92,322.91
504,248,1024,134,16275.64,53.12
505,248,1038,292,59033.64,220.28
506,249,1002,24,235.44,148.6
507,249,1014,287,17093.72,519.66
508,249,1025,41,11021.62,95.78
509,250,1002,73,716.13,658.08
510,250,1012,62,4157.1,388.47
511,251,1004,371,2626.68,2477.02
512,251,1001,163,2358.61,490.97
513,252,1027,363,81493.5,9585.53
514,252,1039,346,145794.02,17761.33
515,252,1002,58,568.98,3083.39
516,253,1001,282,4080.54,431.66
517,254,1034,386,179710.02,1538.74
518,255,1009,155,11108.85,9215.82
519,256,1005,61,960.14,261.46
520,257,1006,174,1437.24,1339.14
521,257,1035,135,32560.65,1179.2
522,257,1026,330,96663.6,239.74
523,258,1010,347,18397.94,200.44
524,258,1016,50,1761.5,95.48
525,259,1024,122,14818.12,156.96
526,259,1016,323,11379.29,85.01
527,260,1019,95,22963.4,690.75
528,261,1020,314,52208.78,720.53
529,261,1008,384,5122.56,1330.69
530,261,1011,146,11131.04,456.77
531,262,1008,287,3828.58,487.76
532,263,1036,396,167587.2,3145.52
533,264,1008,354,4722.36,841.32
534,264,1010,491,26032.82,25.48
535,265,1016,75,2642.25,141.72
536,265,1002,46,451.26,2843.32
537,266,1025,256,68817.92,6283.01
538,266,1031,228,57346.56,14475.67
539,267,1018,110,13896.3,442.08
540,267,1002,15,147.15,87.5
541,267,1002,87,853.47,359.8
542,268,1013,97,4649.21,184.52
543,268,1039,143,60255.91,515.66
544,269,1038,316,63885.72,714.25
545,269,1022,30,5604.3,192.15
546,269,1010,265,14050.3,26.05
547,270,1018,232,29308.56,732.96
548,270,1034,222,103356.54,560.03
549,270,1036,222,93950.4,261.39
550,271,1011,275,20966.0,6912.36
551,271,1016,346,12189.58,472.13
552,271,1010,289,15322.78,134.76
553,272,1005,81,1274.94,894.95
554,272,1038,331,66918.27,814.38
555,272,1003,181,2832.65,1318.63
556,273,1034,338,157362.66,917.32
557,273,1019,93,22479.96,1077.78
558,274,1037,496,173927.36,778.33
559,274,1030,93,13405.95,520.14
560,274,1015,172,13407.4,682.35
561,275,1005,399,6280.26,19626.27
562,276,1034,12,5586.84,48.61
563,276,1012,74,4961.7,470.63
564,276,1040,349,134480.17,472.54
565,277,1005,102,1605.48,875.94
566,278,1024,188,22834.48,257.09
567,278,1019,117,28281.24,895.5
568,279,1039,343,144529.91,1011.46
569,279,1021,190,26584.8,145.73
570,279,1002,83,814.23,256.08
571,280,1027,64,14368.0,2333.66
572,280,1010,244,12936.88,147.16
573,281,1020,46,7648.42,117.67
574,282,1004,193,1366.44,533.62
575,282,1012,313,20986.65,719.42
576,283,1007,81,615.6,222.92
577,283,1018,348,43962.84,1456.8
578,284,1021,356,49811.52,260.73
579,284,1038,343,69344.31,338.27
580,284,1034,196,91251.72,249.85
581,285,1029,367,54565.56,2477.28
582,286,1016,108,3804.84,10.92
583,286,1018,186,23497.38,395.69
584,286,1014,82,4883.92,60.59
585,287,1032,134,40086.1,134.12
586,287,1035,67,16159.73,195.02
587,288,1001,187,2705.89,665.28
588,289,1013,169,8100.17,201.21
589,290,1031,162,40746.24,10676.49
590,290,1017,357,34686.12,9668.18
591,291,1028,153,27824.58,393.14
592,291,1005,311,4895.14,925.55
593,292,1016,299,10533.77,30.52
594,293,1029,122,18138.96,516.21
595,293,1024,95,11538.7,73.76
596,293,1014,224,13341.44,353.06
597,294,1016,397,13986.31,35.01
598,294,1027,54,12123.0,97.89
599,294,1015,268,20890.6,660.73
600,295,1038,436,88146.12,915.36
601,295,1037,32,11221.12,86.37
602,295,1034,40,18622.8,133.43
603,296,1030,241,34740.15,2058.46
604,296,1020,304,50546.08,1100.56
605,296,1013,356,17063.08,1252.67
606,297,1001,17,245.99,72.49
607,297,1018,299,37772.67,1745.96
608,297,1040,202,77836.66,326.96
609,298,1035,299,72115.81,1601.95
610,298,1034,217,101028.69,440.62
611,298,1010,109,5779.18,7.18
612,299,1022,58,10834.98,535.08
613,299,1016,238,8384.74,69.3
614,300,1024,252,30607.92,214.36
615,300,1026,300,87876.0,159.18
616,300,1029,389,57836.52,1979.76
617,301,1022,242,45208.02,689.53
618,301,1027,485,108882.5,856.48
619,301,1013,495,23725.35,473.37
620,302,1002,151,1481.31,575.13
621,302,1031,271,68161.92,1028.33
622,303,1008,207,2761.38,5225.41
623,303,1031,73,18360.96,4759.37
624,304,1039,36,15169.32,288.56
625,304,1023,280,48185.2,223.62
626,305,1005,95,1495.3,1024.4
627,305,1030,184,26523.6,1872.64
628,305,1007,38,288.8,199.85
629,306,1035,109,26289.71,316.95
630,306,1003,70,1095.5,138.63
631,306,1035,11,2653.09,29.65
632,307,1021,28,3917.76,61.12
633,307,1033,165,75738.3,2047.73
634,308,1025,226,60753.32,430.61
635,308,1007,203,1542.8,491.73
636,308,1018,156,19707.48,724.62
637,309,1023,217,37343.53,209.57
638,309,1004,385,2725.8,4026.82
639,310,1007,71,539.6,257.94
640,310,1008,95,1267.3,318.85
641,311,1028,235,42737.1,1560.05
642,312,1006,367,3031.42,2679.21
643,312,1034,217,101028.69,744.36
644,312,1034,120,55868.4,363.62
645,313,1037,448,157095.68,649.1
646,313,1008,287,3828.58,467.79
647,313,1008,233,3108.22,489.62
648,314,1027,249,55900.5,381.0
649,314,1004,390,2761.2,1149.38
650,315,1004,381,2697.48,2715.95
651,315,1004,319,2258.52,3318.03
652,315,1006,261,2155.86,1910.07
653,316,1006,182,1503.32,516.54
654,316,1012,228,15287.4,416.22
655,316,1028,106,19277.16,389.57
656,317,1027,292,65554.0,1128.62
657,317,1023,404,69524.36,283.73
658,317,1017,244,23707.04,1546.75
659,318,1040,520,200371.6,281.48
660,319,1035,248,59815.12,1182.37
661,319,1019,227,54870.44,1129.17
662,319,1011,253,19288.72,691.04
663,320,1019,318,76866.96,1717.82
664,320,1012,393,26350.65,1771.25
665,321,1030,83,11964.45,684.49
666,322,1009,70,5016.9,468.79
667,322,1014,131,7802.36,355.57
668,323,1039,294,123882.78,2422.18
669,324,1012,44,2950.2,137.35
670,324,1020,302,50213.54,817.03
671,325,1015,187,14576.65,728.13
672,325,1008,330,4402.2,846.73
673,326,1004,239,1692.12,2168.82
674,326,1037,119,41728.54,467.99
675,326,1016,47,1655.81,9.94
676,327,1031,130,32697.6,7027.33
677,328,1014,34,2025.04,58.62
678,329,1008,90,1200.6,188.63
679,330,1027,102,22899.0,3632.51
680,330,1030,205,29550.75,13570.81
681,330,1022,373,69680.13,19887.79
682,331,1037,471,165160.86,11051.5
683,331,1025,464,124732.48,8183.39
684,332,1037,330,115717.8,421.71
685,332,1020,144,23942.88,312.58
686,333,1032,246,73590.9,590.37
687,333,1014,41,2441.96,83.87
688,333,1004,190,1345.2,1565.32
689,334,1037,160,56105.6,571.99
690,334,1020,26,4323.02,96.48
691,335,1031,309,77719.68,1659.22
692,335,1040,375,144498.75,368.44
693,335,1026,345,101057.4,194.09
694,336,1023,322,55412.98,220.58
695,337,1038,165,33358.05,447.28
696,337,1040,265,102112.45,309.35
697,338,1039,358,150850.46,2103.8
698,338,1010,282,14951.64,21.39
699,339,1029,471,70028.28,1708.13
700,339,1038,471,95222.07,761.38
701,339,1002,494,4846.14,3046.63
702,340,1035,168,40519.92,1254.64
703,340,1014,116,6908.96,327.73
704,340,1037,309,108353.94,811.88
705,341,1025,224,60215.68,514.0
706,341,1035,288,69462.72,1726.32
707,342,1035,34,8200.46,291.19
708,342,1004,68,481.44,569.03
709,343,1033,133,61049.66,431.98
710,343,1037,278,97483.48,372.56
711,344,1012,10,670.5,294.67
712,344,1031,373,93816.96,20271.6
713,345,1029,347,51591.96,943.74
714,345,1012,39,2614.95,74.03
715,345,1020,394,65510.38,761.61
716,346,1030,193,27820.95,1075.96
717,346,1005,189,2974.86,1195.66
718,347,1016,106,3734.38,29.22
719,347,1040,256,98644.48,440.53
720,348,1002,162,1589.22,1270.22
721,348,1002,84,824.04,672.83
722,349,1005,244,3840.56,1673.77
723,349,1008,362,4829.08,1237.02
724,350,1017,516,50134.56,2192.48
725,351,1015,316,24632.2,9763.98
726,351,1033,371,170296.42,27087.18
727,351,1032,267,79873.05,4305.74
728,352,1037,313,109756.58,608.08
729,352,1013,20,958.6,31.78
730,353,1034,375,174588.75,433.06
731,354,1038,193,39018.81,3303.08
732,354,1003,506,7918.9,23971.37
733,355,1026,491,143823.72,152.24
734,356,1010,148,7846.96,12.35
735,356,1005,42,661.08,396.44
736,356,1027,31,6959.5,190.27
737,357,1001,133,1924.51,261.8
738,357,1010,285,15110.7,11.51
739,357,1002,67,657.27,193.26
740,358,1016,235,8279.05,17.49
741,358,1002,124,1216.44,425.52
742,359,1015,114,8886.3,726.44
743,359,1030,129,18595.35,1523.14
744,360,1031,206,51813.12,1720.23
745,360,1018,127,16043.91,729.24
746,361,1013,139,6662.27,305.88
747,362,1034,330,153638.1,404.89
748,362,1008,219,2921.46,429.37
749,362,1030,290,41803.5,1243.88
750,363,1034,278,129428.46,6289.43
751,364,1015,311,24242.45,9052.63
752,364,1026,92,26948.64,499.14
753,364,1002,237,2324.97,10255.99
754,365,1013,36,1725.48,743.06
755,365,1038,292,59033.64,4531.06
756,365,1014,244,14532.64,3477.91
757,366,1005,387,6091.38,19627.76
758,367,1016,98,3452.54,157.74
759,367,1029,92,13678.56,3978.02
760,368,1011,84,6404.16,451.4
761,369,1026,193,56533.56,990.59
762,370,1009,242,17344.14,12922.48
763,371,1004,367,2598.36,18829.66
764,371,1001,346,5006.62,10720.89
765,372,1005,329,5178.46,3388.81
766,373,1039,65,27389.05,2305.22
767,373,1031,150,37728.0,6667.16
768,374,1022,218,40724.58,10722.55
769,374,1001,323,4673.81,9060.43
770,374,1021,72,10074.24,1026.77
771,375,1003,38,594.7,97.82
772,375,1031,317,79731.84,819.47
773,375,1019,363,87744.36,1361.43
774,376,1026,306,89633.52,256.17
775,376,1014,179,10661.24,498.11
776,376,1005,95,1495.3,872.55
777,377,1038,385,77835.45,5706.2
778,377,1022,236,44087.16,13661.79
779,378,1015,290,22605.5,1160.9
780,378,1016,390,13739.7,52.92
781,378,1023,282,48529.38,188.05
782,379,1010,55,2916.1,2.22
783,380,1021,352,49251.84,451.66
784,380,1005,149,2345.26,966.51
785,381,1010,307,16277.14,185.56
786,382,1012,325,21791.25,1322.85
787,382,1015,82,6391.9,339.17
788,383,1018,341,43078.53,1553.73
789,383,1036,364,154044.8,422.24
790,384,1005,88,1385.12,324.79
791,385,1009,230,16484.1,10010.12
792,386,1033,246,112918.92,17262.55
793,387,1016,371,13070.33,98.52
794,388,1033,84,38557.68,5802.53
795,389,1005,45,708.3,233.5
796,389,1037,46,16130.36,84.05
797,389,1031,280,70425.6,1831.22
798,390,1015,42,3273.9,1439.27
799,390,1031,33,8300.16,1845.45
800,390,1003,541,8466.65,19706.54
801,391,1028,169,30734.34,1011.39
802,392,1009,19,1361.73,1209.04
803,393,1004,131,927.48,430.79
804,393,1036,171,72367.2,112.58
805,393,1028,387,70379.82,1504.52
806,394,1002,32,313.92,157.11
807,394,1014,217,12924.52,355.49
808,394,1025,240,64516.8,633.84
809,395,1006,240,1982.4,10030.23
810,396,1021,335,46873.2,593.79
811,396,1030,189,27244.35,1444.35
812,396,1024,77,9352.42,80.25
813,397,1007,259,1968.4,521.66
814,397,1037,389,136406.74,464.42
815,398,1019,362,87502.64,18779.36
816,399,1019,202,48827.44,1472.17
817,399,1026,174,50968.08,142.59
818,400,1027,259,58145.5,965.88
819,401,1013,454,21760.22,1235.14
820,402,1017,414,40224.24,13965.48
821,402,1005,417,6563.58,25913.82
822,402,1030,219,31568.85,10075.14
823,403,1004,60,424.8,2655.78
824,403,1012,283,18975.15,10456.51
825,404,1024,323,39231.58,360.5
826,405,1031,82,20624.64,639.11
827,405,1021,93,13012.56,171.36
828,405,1032,231,69103.65,748.15
829,406,1008,119,1587.46,239.72
830,406,1006,166,1371.16,422.94
831,407,1015,302,23540.9,1155.09
832,407,1010,26,1378.52,1.55
833,408,1032,209,62522.35,184.24
834,409,1037,393,137809.38,572.29
835,409,1005,40,629.6,149.15
836,409,1004,213,1508.04,674.48
837,410,1007,145,1102.0,839.98
838,410,1022,186,34746.66,1216.68
839,410,1017,51,4955.16,231.07
840,411,1002,411,4031.91,3083.67
841,411,1039,502,211527.74,3061.59
842,412,1028,96,17458.56,478.33
843,412,1009,25,1791.75,139.44
844,412,1015,9,701.55,32.54
845,413,1016,305,10745.15,60.78
846,413,1024,94,11417.24,62.42
847,413,1029,188,27951.84,750.54
848,414,1004,227,1607.16,13753.54
849,414,1024,227,27571.42,1674.1
850,415,1027,413,92718.5,687.37
851,416,1027,83,18633.5,2949.66
852,416,1012,326,21858.3,9786.98
853,416,1029,346,51443.28,14975.43
854,417,1009,33,2365.11,154.47
855,417,1029,237,35237.16,1051.51
856,417,1001,22,318.34,53.03
857,418,1029,60,8920.8,483.6
858,418,1017,144,13991.04,635.97
859,419,1033,96,44065.92,7073.23
860,419,1019,172,41575.84,12654.62
861,419,1012,227,15220.35,7675.62
862,420,1003,264,4131.6,13341.41
863,420,1011,297,22643.28,7378.92
864,421,1040,98,37762.34,90.83
865,421,1025,214,57527.48,453.23
866,421,1001,207,2995.29,459.34
867,422,1013,97,4649.21,1554.17
868,422,1016,227,7997.21,282.24
869,422,1022,166,31010.46,9658.85
870,423,1025,48,12903.36,153.27
871,423,1003,194,3036.1,1103.68
872,424,1020,131,21781.37,3036.41
873,425,1020,378,62850.06,618.55
874,425,1029,319,47428.92,895.56
875,426,1034,149,69369.93,3720.74
876,426,1018,319,40299.27,16128.47
877,426,1008,95,1267.3,2667.99
878,427,1006,226,1866.76,1335.75
879,427,1027,109,24470.5,512.75
880,427,1031,108,27164.16,856.58
881,428,1016,253,8913.19,378.94
882,428,1029,47,6987.96,2269.94
883,429,1006,212,1751.12,11561.44
884,429,1027,40,8980.0,1428.9
885,430,1039,294,123882.78,2582.06
886,431,1010,309,16383.18,16.67
887,431,1003,92,1439.8,476.9
888,431,1036,141,59671.2,138.93
889,432,1038,369,74600.73,6660.99
890,433,1034,29,13501.53,31.32
891,433,1034,58,27003.06,73.1
892,434,1022,335,62581.35,19324.23
893,435,1019,97,23446.84,4872.8
894,435,1001,69,998.43,2395.44
895,435,1009,98,7023.66,5673.73
896,436,1037,64,22442.24,81.95
897,436,1021,118,16510.56,109.94
898,437,1038,109,22036.53,1772.05
899,438,1004,303,2145.24,14658.83
900,438,1015,257,20033.15,9660.5
901,439,1035,463,111670.97,25735.86
902,439,1032,502,150173.3,8571.71
903,439,1008,183,2441.22,5116.04
904,440,1022,67,12516.27,564.8
905,440,1039,355,149586.35,2795.86
906,440,1021,252,35259.84,628.51
907,441,1022,344,64262.64,1430.44
908,442,1002,70,686.7,390.28
909,442,1037,34,11922.44,84.26
910,443,1040,79,30441.07,133.73
911,443,1007,126,957.6,624.18
912,443,1003,384,6009.6,2658.12
913,444,1019,438,105873.36,4778.2
914,444,1030,448,64579.2,5050.93
915,445,1007,51,387.6,200.65
916,445,1031,117,29427.84,965.21
917,446,1001,84,1215.48,2019.94
918,447,1025,30,8064.6,55.15
919,447,1038,109,22036.53,200.1
920,448,1013,176,8435.68,208.81
921,448,1013,88,4217.84,91.63
922,448,1022,49,9153.69,169.48
923,449,1006,77,636.02,3727.26
924,449,1036,386,163355.2,4393.35
925,449,1019,186,44959.92,9947.53
926,450,1004,157,1111.56,606.12
927,450,1024,397,48219.62,193.18
928,451,1039,505,212791.85,4528.3
929,452,1040,284,109433.72,396.78
930,452,1014,15,893.4,44.88
931,452,1022,89,16626.09,624.88
932,453,1006,241,1990.66,1307.04
933,454,1005,105,1652.7,4719.99
934,455,1028,403,73289.58,1031.61
935,455,1039,491,206892.67,1534.17
936,456,1009,223,15982.41,636.81
937,457,1014,102,6075.12,226.36
938,457,1003,132,2065.8,945.59
939,458,1009,270,19350.9,1561.92
940,459,1013,364,17446.52,457.47
941,460,1006,23,189.98,896.41
942,460,1034,79,36780.03,1438.37
943,461,1006,275,2271.5,633.46
944,462,1002,300,2943.0,13098.72
945,462,1010,268,14209.36,198.97
946,462,1035,129,31113.51,5077.49
947,463,1006,62,512.12,274.47
948,464,1026,71,20797.32,20.67
949,464,1035,10,2411.9,25.56
950,465,1018,84,10611.72,2692.23
951,465,1039,157,66155.09,8049.52
952,465,1033,384,176263.68,24877.76
953,466,1011,304,23176.96,510.32
954,466,1040,178,68588.74,110.47
955,466,1040,188,72442.04,118.78
956,467,1025,61,16398.02,210.15
957,467,1017,115,11173.4,488.94
958,468,1009,491,35189.97,1484.43
959,468,1039,477,200993.49,1075.13
960,468,1038,291,58831.47,263.69
961,469,1004,345,2442.6,2369.54
962,469,1015,255,19877.25,1643.46
963,470,1037,53,18584.98,50.55
964,471,1036,152,64326.4,136.84
965,471,1022,114,21296.34,602.33
966,471,1002,364,3570.84,2212.43
967,472,1006,246,2031.96,1294.67
968,472,1013,304,14570.72,472.94
969,473,1033,155,71148.1,462.8
970,474,1014,530,31566.8,484.16
971,475,1014,17,1012.52,13.14
972,475,1036,265,112148.0,137.07
973,476,1035,282,68015.58,12104.13
974,477,1013,250,11982.5,493.97
975,477,1030,337,48578.55,2020.42
976,477,1005,492,7744.08,3074.81
977,478,1007,28,212.8,889.46
978,479,1034,314,146188.98,961.14
979,479,1024,250,30365.0,321.73
980,480,1013,186,8914.98,322.41
981,480,1035,173,41725.87,839.6
982,481,1035,138,33284.22,1155.79
983,482,1028,228,41464.08,1203.01
984,482,1019,240,58012.8,1632.2
985,482,1035,138,33284.22,837.51
986,483,1012,397,26618.85,17793.84
987,484,1038,135,27292.95,102.51
988,484,1011,220,16772.8,412.79
989,485,1009,265,18992.55,1443.55
990,485,1029,191,28397.88,934.13
991,485,1016,369,12999.87,60.79
992,486,1039,320,134838.4,1759.12
993,486,1018,61,7706.13,254.85
994,486,1005,315,4958.1,1826.13
995,487,1025,221,59409.22,658.05
996,487,1006,324,2676.24,2086.22
997,488,1019,301,72757.72,18879.59
998,488,1017,257,24970.12,7342.85
999,489,1008,57,760.38,1418.12
1000,489,1017,118,11464.88,3195.84
1001,490,1017,245,23804.2,1579.36
1002,490,1012,31,2078.55,145.11
1003,491,1013,100,4793.0,122.74
1004,491,1009,352,25227.84,963.86
1005,492,1006,280,2312.8,15408.65
1006,492,1035,347,83692.93,13578.98
1007,493,1011,59,4498.16,250.7
1008,494,1031,163,40997.76,1218.82
1009,494,1009,384,27521.28,3522.61
1010,494,1017,358,34783.28,1908.46
1011,495,1006,140,1156.4,683.37
1012,496,1008,396,5282.64,2100.01
1013,497,1025,551,148119.82,1875.36
1014,497,1032,369,110386.35,904.75
1015,497,1011,389,29657.36,2080.03
1016,498,1035,186,44861.34,902.27
1017,499,1017,50,4858.0,254.68
1018,500,1039,190,80060.3,7081.76
1019,501,1026,50,14646.0,30.73
1020,501,1001,35,506.45,96.61
1021,502,1037,192,67326.72,386.77
1022,503,1011,177,13494.48,605.45
1023,504,1010,438,23222.76,16.5
1024,504,1001,99,1432.53,189.81
1025,505,1036,137,57978.4,88.48
1026,505,1004,257,1819.56,973.29
1027,506,1040,268,103268.44,189.95
1028,507,1010,81,4294.62,5.48
1029,507,1040,55,21193.15,57.66
1030,508,1003,515,8059.75,1296.06
1031,509,1002,413,4051.53,22006.86
1032,509,1013,190,9106.7,3535.59
1033,509,1037,250,87665.0,6202.56
1034,510,1022,36,6725.16,260.62
1035,511,1004,280,1982.4,974.45
1036,511,1025,280,75269.6,448.92
1037,512,1021,183,25605.36,276.09
1038,513,1001,172,2488.84,239.14
1039,514,1021,337,47153.04,747.76
1040,515,1024,148,17976.08,62.03
1041,515,1006,174,1437.24,380.9
1042,515,1018,201,25392.33,573.71
1043,516,1030,184,26523.6,705.28
1044,517,1013,191,9154.63,203.23
1045,517,1025,196,52688.72,261.34
1046,517,1033,124,56918.48,506.53
1047,518,1029,216,32114.88,689.19
1048,518,1017,178,17294.48,308.38
1049,519,1032,395,118164.25,1197.69
1050,520,1016,186,6552.78,15.01
1051,520,1016,78,2747.94,8.59
1052,520,1037,534,187252.44,702.7
1053,521,1037,257,90119.62,5518.8
1054,522,1019,250,60430.0,1231.15
1055,522,1001,338,4890.86,1098.09
1056,522,1026,232,67957.44,117.11
1057,523,1037,271,95028.86,6013.85
1058,524,1035,180,43414.2,9162.9
1059,524,1024,122,14818.12,855.71
1060,525,1006,35,289.1,260.56
1061,526,1025,231,62097.42,335.98
1062,527,1023,42,7227.78,29.44
1063,528,1028,280,50920.8,2764.02
1064,528,1018,371,46868.43,2146.03
1065,528,1009,388,27807.96,3424.52
1066,529,1024,144,17490.24,1135.69
1067,529,1028,286,52011.96,16252.76
1068,530,1020,344,57196.88,680.77
1069,530,1026,332,97249.44,114.54
1070,531,1015,10,779.5,39.87
1071,531,1034,88,40970.16,200.13
1072,531,1013,94,4505.42,182.7
1073,532,1020,120,19952.4,441.83
1074,532,1016,203,7151.69,56.64
1075,533,1007,142,1079.2,255.9
1076,533,1020,411,68336.97,830.84
1077,533,1030,393,56650.95,1081.84
1078,534,1025,330,88710.6,861.88
1079,535,1013,236,11311.48,5677.91
1080,535,1001,109,1577.23,3521.94
1081,535,1034,260,121048.2,6491.86
1082,536,1033,127,58295.54,1411.62
1083,536,1037,190,66625.4,555.7
1084,537,1025,293,78764.26,1323.33
1085,537,1014,260,15485.6,625.29
1086,537,1039,302,127253.74,2446.27
1087,538,1012,134,8984.7,329.14
1088,539,1004,33,233.64,1626.89
1089,539,1017,187,18168.92,7363.3
1090,540,1032,252,75385.8,315.84
1091,541,1008,417,5562.78,1242.77
1092,541,1007,509,3868.4,1497.99
1093,541,1035,261,62950.59,1136.77
1094,542,1036,467,197634.4,930.82
1095,542,1031,529,133054.08,5545.71
1096,542,1037,396,138861.36,1239.2
1097,543,1029,197,29289.96,713.95
1098,543,1039,223,93965.51,1132.88
1099,544,1005,125,1967.5,1229.77
1100,544,1017,241,23415.56,1156.58
1101,544,1023,32,5506.88,22.75
1102,545,1011,382,29123.68,791.69
1103,545,1027,91,20429.5,177.42
1104,545,1013,57,2732.01,72.65
1105,546,1035,58,13989.02,428.37
1106,546,1035,235,56679.65,1475.15
1107,546,1030,58,8360.7,511.84
1108,547,1028,294,53466.84,2561.21
1109,547,1029,16,2378.88,91.67
1110,547,1008,34,453.56,189.65
1111,548,1037,247,86613.02,997.58
1112,548,1024,164,19919.44,146.98
1113,548,1006,246,2031.96,1574.12
1114,549,1011,55,4193.2,260.83
1115,549,1034,158,73560.06,578.71
1116,550,1011,166,12655.84,305.61
1117,550,1002,386,3786.66,1100.81
1118,551,1017,393,38183.88,1138.42
1119,551,1028,312,56740.32,2035.21
1120,552,1005,334,5257.16,2765.85
1121,552,1018,401,50658.33,2697.45
1122,553,1035,219,52820.61,1321.14
1123,554,1024,79,9595.34,36.07
1124,555,1024,303,36802.38,275.85
1125,556,1025,366,98388.12,740.99
1126,557,1021,313,43794.96,4113.89
1127,557,1016,466,16417.18,786.82
1128,557,1005,224,3525.76,13563.99
1129,558,1023,470,80882.3,425.65
1130,558,1017,141,13699.56,804.77
1131,558,1009,441,31606.47,2910.12
1132,559,1027,18,4041.0,85.92
1133,559,1014,11,655.16,31.55
1134,560,1040,132,50863.56,947.17
1135,560,1002,93,912.33,4082.33
1136,561,1002,137,1343.97,8318.36
1137,561,1001,197,2850.59,4531.14
1138,562,1009,205,14692.35,2080.71
1139,563,1003,195,3051.75,1014.39
1140,563,1039,279,117562.23,2201.39
1141,563,1019,194,46893.68,1410.48
1142,564,1033,376,172591.52,2664.31
1143,564,1040,57,21963.81,47.23
1144,564,1021,153,21407.76,159.79
1145,565,1025,135,36290.7,276.46
1146,565,1025,368,98925.76,793.56
1147,566,1010,106,5620.12,7.83
1148,566,1025,21,5645.22,52.85
1149,567,1008,68,907.12,103.59
1150,567,1024,19,2307.74,9.14
1151,567,1008,136,1814.24,254.69
1152,568,1012,172,11532.6,444.67
1153,569,1009,47,3368.49,203.88
1154,569,1013,88,4217.84,191.96
1155,570,1035,264,63674.16,2139.47
1156,570,1008,175,2334.5,844.49
1157,570,1002,190,1863.9,1534.17
1158,571,1009,260,18634.2,1806.62
1159,572,1020,127,21116.29,213.24
1160,572,1012,75,5028.75,205.4
1161,573,1002,324,3178.44,2185.69
1162,573,1029,367,54565.56,2209.6
1163,574,1026,98,28706.16,46.42
1164,574,1005,391,6154.34,2632.46
1165,575,1031,236,59358.72,1355.43
1166,576,1027,280,62860.0,747.35
1167,576,1016,548,19306.04,109.38
1168,577,1012,55,3687.75,138.56
1169,577,1034,234,108943.38,317.27
1170,578,1003,123,1924.95,616.18
1171,578,1021,16,2238.72,21.55
1172,579,1032,263,78676.45,301.67
1173,580,1024,59,7166.14,467.55
1174,580,1033,312,143214.24,20484.92
1175,581,1020,116,19287.32,490.26
1176,581,1029,377,56052.36,3194.51
1177,581,1003,340,5321.0,2305.8
1178,582,1023,72,12390.48,353.16
1179,582,1028,68,12366.48,3904.07
1180,582,1017,130,12630.8,4708.66
1181,583,1024,62,7530.52,28.44
1182,583,1030,163,23496.45,469.39
1183,583,1027,443,99453.5,719.58
1184,584,1033,195,89508.9,13907.15
1185,584,1032,89,26624.35,1827.42
1186,584,1017,135,13116.6,3462.4
1187,585,1009,182,13043.94,7950.97
1188,585,1011,260,19822.4,7386.82
1189,585,1010,427,22639.54,292.02
1190,586,1001,84,1215.48,428.89
1191,586,1031,107,26912.64,914.53
1192,587,1011,169,12884.56,4409.85
1193,587,1015,201,15667.95,6892.82
1194,587,1029,155,23045.4,7781.14
1195,588,1032,159,47564.85,147.8
1196,588,1026,177,51846.84,72.47
1197,588,1013,190,9106.7,270.76
1198,589,1016,191,6728.93,363.22
1199,590,1039,350,147479.5,813.37
1200,591,1035,389,93822.91,22883.12
1201,591,1009,168,12040.56,9389.3
1202,591,1003,109,1705.85,4608.81
1203,592,1025,39,10483.98,85.33
1204,592,1036,23,9733.6,24.46
1205,592,1040,369,142186.77,382.05
1206,593,1019,220,53178.4,933.45
1207,594,1003,213,3333.45,9332.1
1208,595,1033,48,22032.96,223.16
1209,596,1023,181,31148.29,88.32
1210,596,1032,60,17949.0,85.25
1211,597,1034,378,175985.46,1504.53
1212,597,1025,34,9139.88,128.15
1213,598,1027,330,74085.0,10071.85
1214,598,1015,39,3040.05,1626.38
1215,599,1005,117,1841.58,5333.19
1216,599,1008,222,2961.48,7291.46
1217,599,1030,211,30415.65,9788.73
1218,600,1016,118,4157.14,24.8
1219,600,1040,399,153746.67,664.51
1220,600,1002,46,451.26,415.15
1221,601,1019,268,64780.96,1385.63
1222,602,1038,410,82889.7,290.68
1223,602,1001,211,3053.17,341.87
1224,603,1031,148,37224.96,9579.53
1225,603,1003,41,641.65,1761.85
1226,604,1019,140,33840.8,845.56
1227,604,1012,211,14147.55,874.34
1228,605,1005,367,5776.58,2505.98
1229,605,1029,145,21558.6,764.84
1230,605,1036,350,148120.0,305.11
1231,606,1015,358,27906.1,11700.56
1232,606,1020,72,11971.44,1766.49
1233,607,1015,304,23696.8,897.08
1234,608,1024,355,43118.3,2464.99
1235,608,1026,266,77916.72,1703.33
1236,609,1037,372,130445.52,8466.69
1237,609,1023,290,49906.1,1607.89
1238,610,1005,155,2439.7,9623.48
1239,610,1020,354,58859.58,11725.43
1240,610,1015,112,8730.4,4895.8
1241,611,1015,540,42093.0,2545.8
1242,612,1006,12,99.12,458.37
1243,612,1026,278,81431.76,1553.6
1244,613,1035,238,57403.22,13194.62
1245,614,1038,456,92189.52,5875.56
1246,614,1003,240,3756.0,12370.16
1247,614,1033,219,100525.38,13573.77
1248,615,1022,335,62581.35,1891.76
1249,615,1003,65,1017.25,309.61
1250,615,1002,155,1520.55,733.97
1251,616,1036,333,140925.6,163.08
1252,616,1007,94,714.4,203.0
1253,617,1034,389,181106.73,963.2
1254,618,1031,263,66149.76,1123.57
1255,618,1024,112,13603.52,71.26
1256,619,1017,214,20792.24,7054.46
1257,619,1024,46,5587.16,308.46
1258,619,1026,554,162277.68,2920.21
1259,620,1014,88,5241.28,62.55
1260,621,1040,120,46239.6,154.23
1261,622,1007,254,1930.4,410.12
1262,623,1023,344,59198.96,166.76
1263,623,1001,378,5469.66,1274.31
1264,624,1031,65,16348.8,374.61
1265,624,1011,365,27827.6,1165.85
1266,625,1003,173,2707.45,9042.87
1267,625,1025,319,85753.58,5953.93
1268,625,1027,185,41532.5,4888.95
1269,626,1009,84,6020.28,363.07
1270,626,1005,352,5540.48,2138.05
1271,626,1025,123,33064.86,223.6
1272,627,1039,530,223326.1,2636.73
1273,628,1020,83,13800.41,2614.58
1274,629,1004,351,2485.08,1945.78
1275,629,1006,238,1965.88,869.0
1276,630,1023,166,28566.94,61.53
1277,630,1028,380,69106.8,1395.72
1278,630,1024,529,64252.34,210.8
1279,631,1006,359,2965.34,844.51
1280,631,1028,37,6728.82,92.72
1281,631,1037,381,133601.46,360.82
1282,632,1034,348,162018.36,862.87
1283,632,1003,126,1971.9,596.25
1284,632,1027,344,77228.0,957.5
1285,633,1038,326,65907.42,826.06
1286,633,1003,314,4914.1,2027.77
1287,633,1032,210,62821.5,590.33
1288,634,1002,153,1500.93,6691.68
1289,635,1030,274,39497.1,2193.41
1290,635,1026,186,54483.12,132.34
1291,636,1033,124,56918.48,464.19
1292,636,1016,45,1585.35,5.08
1293,636,1008,123,1640.82,214.24
1294,637,1022,273,50999.13,771.45
1295,637,1002,190,1863.9,593.64
1296,638,1013,136,6518.48,461.1
1297,638,1020,89,14798.03,340.9
1298,639,1033,226,103738.52,13608.55
1299,639,1036,466,197211.2,4467.46
1300,640,1031,81,20373.12,5301.52
1301,641,1025,59,15860.38,1561.14
1302,641,1013,76,3642.68,1860.41
1303,641,1004,291,2060.28,18648.32
1304,642,1016,259,9124.57,440.95
1305,643,1030,189,27244.35,10947.79
1306,643,1015,49,3819.55,2203.16
1307,644,1040,148,57028.84,95.41
1308,645,1030,321,46272.15,2654.48
1309,645,1029,39,5798.52,324.65
1310,646,1039,86,36237.82,638.92
1311,646,1026,383,112188.36,361.29
1312,646,1036,271,114687.2,357.97
1313,647,1004,23,162.84,125.6
1314,648,1034,210,97769.7,427.98
1315,649,1007,478,3632.8,853.55
1316,649,1021,151,21127.92,108.88
1317,650,1032,172,51453.8,3221.73
1318,650,1004,305,2159.4,17454.24
1319,650,1009,378,27091.26,21525.68
1320,651,1036,199,84216.8,380.28
1321,652,1012,156,10459.8,566.09
1322,652,1030,460,66309.0,2335.14
1323,653,1020,353,58693.31,8910.43
1324,653,1020,224,37244.48,7712.31
1325,654,1037,193,67677.38,615.07
1326,654,1032,103,30812.45,306.86
1327,654,1025,354,95162.28,1381.63
1328,655,1022,113,21109.53,318.17
1329,656,1037,369,129393.54,1494.1
1330,656,1017,353,34297.48,2201.08
1331,656,1010,23,1219.46,2.71
1332,657,1029,22,3270.96,826.96
1333,658,1003,59,923.35,166.2
1334,659,1040,51,19651.83,65.98
1335,659,1026,108,31635.36,106.66
1336,660,1013,89,4265.77,185.01
1337,660,1012,129,8649.45,525.62
1338,661,1010,111,5885.22,7.55
1339,661,1031,202,50807.04,884.73
1340,662,1004,443,3136.44,1238.38
1341,662,1017,175,17003.0,397.6
1342,662,1008,261,3481.74,357.74
1343,663,1040,109,42000.97,57.42
1344,663,1030,247,35605.05,927.28
1345,664,1032,207,61924.05,3136.44
1346,665,1019,501,121101.72,3605.16
1347,666,1018,37,4674.21,79.98
1348,666,1007,248,1884.8,451.85
1349,667,1035,157,37866.83,9312.67
1350,668,1026,163,47745.96,74.24
1351,669,1031,237,59610.24,1801.08
1352,670,1031,264,66401.28,11699.76
1353,671,1014,205,12209.8,230.4
1354,672,1006,130,1073.8,1071.6
1355,672,1017,88,8550.08,386.98
1356,673,1021,165,23086.8,2177.01
1357,673,1004,176,1246.08,9876.96
1358,673,1027,298,66901.0,10220.91
1359,674,1023,7,1204.63,6.08
1360,674,1014,237,14115.72,580.37
1361,674,1026,69,20211.48,65.7
1362,675,1003,45,704.25,152.22
1363,675,1037,368,129042.88,897.48
1364,676,1034,364,169467.48,8293.99
1365,677,1031,307,77216.64,2426.45
1366,677,1020,74,12303.98,411.59
1367,677,1021,223,31202.16,537.36
1368,678,1027,273,61288.5,465.32
1369,678,1016,137,4826.51,16.41
1370,679,1031,67,16851.84,689.34
1371,680,1004,184,1302.72,1641.61
1372,681,1030,313,45118.95,20678.14
1373,681,1039,321,135259.77,15221.18
1374,682,1021,212,29663.04,317.5
1375,682,1015,142,11068.9,579.19
1376,682,1030,211,30415.65,1553.35
1377,683,1008,209,2788.06,443.74
1378,683,1037,270,94678.2,343.08
1379,683,1035,27,6512.13,92.19
1380,684,1001,358,5180.26,750.63
1381,685,1017,234,22735.44,8932.42
1382,685,1037,130,45585.8,2825.24
1383,686,1006,81,669.06,398.23
1384,686,1016,253,8913.19,39.12
1385,686,1038,208,42051.36,318.9
1386,687,1013,181,8675.33,4076.96
1387,688,1027,370,83065.0,2222.23
1388,688,1017,44,4275.04,247.32
1389,689,1016,192,6764.16,34.58
1390,689,1005,248,3903.52,1565.7
1391,690,1029,247,36723.96,579.35
1392,691,1023,81,13939.29,44.6
1393,691,1009,338,24224.46,1901.18
1394,691,1031,508,127772.16,2908.22
1395,692,1019,540,130528.8,2049.1
1396,693,1034,219,101959.83,601.61
1397,693,1016,98,3452.54,24.54
1398,694,1014,154,9172.24,369.45
1399,694,1005,229,3604.46,2154.38
1400,694,1002,258,2530.98,2439.03
1401,695,1004,35,247.8,241.14
1402,695,1004,233,1649.64,1764.98
1403,695,1015,80,6236.0,494.12
1404,696,1040,73,28129.09,76.63
1405,697,1037,16,5610.56,22.71
1406,697,1027,39,8755.5,70.33
1407,697,1020,216,35914.32,297.48
1408,698,1003,274,4288.1,2265.58
1409,699,1017,121,11756.36,456.96
1410,699,1022,40,7472.4,221.78
1411,700,1023,302,51971.18,166.98
1412,700,1027,250,56125.0,962.78
1413,701,1035,266,64156.54,2121.98
1414,701,1034,123,57265.11,370.07
1415,702,1017,406,39446.96,16366.58
1416,702,1037,372,130445.52,7576.67
1417,703,1039,212,89330.44,485.83
1418,703,1007,130,988.0,188.84
1419,703,1037,303,106249.98,392.81
1420,704,1032,304,90941.6,734.26
1421,705,1005,48,755.52,268.1
1422,705,1005,215,3384.1,1136.44
1423,706,1027,231,51859.5,5517.9
1424,706,1008,381,5082.54,11950.44
1425,706,1029,101,15016.68,3655.91
1426,707,1004,183,1295.64,920.43
1427,707,1036,21,8887.2,18.49
1428,708,1029,188,27951.84,895.58
1429,708,1003,76,1189.4,300.81
1430,708,1007,339,2576.4,1192.07
1431,709,1035,291,70186.29,2058.55
1432,709,1022,64,11955.84,431.66
1433,710,1005,201,3163.74,1034.39
1434,711,1034,229,106615.53,754.03
1435,711,1037,65,22792.9,235.96
1436,712,1037,121,42429.86,2437.7
1437,712,1030,134,19316.1,6381.12
1438,713,1022,384,71735.04,3557.08
1439,714,1009,340,24367.8,1965.48
1440,715,1025,243,65323.26,744.47
1441,715,1026,119,34857.48,107.54
1442,716,1037,527,184797.82,2089.15
1443,716,1039,142,59834.54,1273.43
1444,717,1016,367,12929.41,41.64
1445,718,1011,36,2744.64,63.21
1446,718,1024,424,51499.04,137.47
1447,718,1023,456,78473.04,183.59
1448,719,1012,137,9185.85,5744.16
1449,720,1031,247,62125.44,1576.38
1450,720,1035,22,5306.18,109.25
1451,720,1001,501,7249.47,1527.82
1452,721,1027,223,50063.5,443.63
1453,722,1006,210,1734.6,493.48
1454,722,1029,57,8474.76,167.9
1455,722,1027,222,49839.0,488.92
1456,723,1031,378,95074.56,2914.55
1457,723,1004,175,1239.0,1816.27
1458,723,1024,210,25506.6,187.92
1459,724,1017,37,3594.92,119.23
1460,724,1019,129,31181.88,753.68
1461,725,1026,327,95784.84,89.59
1462,725,1018,285,36004.05,678.96
1463,725,1040,243,93635.19,111.06
1464,726,1005,118,1857.32,8062.04
1465,726,1005,219,3447.06,13236.91
1466,726,1010,248,13148.96,156.74
1467,727,1038,40,8086.8,43.21
1468,728,1037,49,17182.34,64.46
1469,728,1027,310,69595.0,667.76
1470,729,1027,56,12572.0,90.92
1471,729,1033,220,100984.4,1059.76
1472,729,1040,355,136792.15,202.78
1473,730,1027,155,34797.5,618.97
1474,730,1027,103,23123.5,547.09
1475,731,1023,195,33557.55,92.41
1476,731,1025,127,34140.14,224.71
1477,732,1003,401,6275.65,18267.21
1478,732,1020,110,18289.7,3272.66
1479,733,1018,452,57101.16,18440.55
1480,733,1006,267,2205.42,13566.92
1481,733,1006,448,3700.48,16028.41
1482,734,1019,184,44476.48,880.55
1483,734,1034,250,116392.5,443.45
1484,734,1004,330,2336.4,1599.17
1485,735,1034,115,53540.55,133.52
1486,735,1032,163,48761.45,177.39
1487,735,1029,121,17990.28,358.62
1488,736,1024,69,8380.74,93.4
1489,736,1030,38,5477.7,285.64
1490,736,1023,219,37687.71,207.23
1491,737,1027,551,123699.5,21174.44
1492,738,1028,170,30916.2,495.17
1493,739,1039,322,135681.14,897.74
1494,739,1029,232,34493.76,543.17
1495,740,1018,105,13264.65,773.1
1496,740,1023,102,17553.18,78.29
1497,741,1027,294,66003.0,637.33
1498,741,1010,80,4241.6,2.26
1499,741,1034,179,83337.03,241.97
1500,742,1013,157,7525.01,243.85
1501,742,1017,363,35269.08,1033.75
1502,742,1036,387,163778.4,428.66
1503,743,1035,180,43414.2,9899.33
1504,743,1039,168,70790.16,6014.75
1505,744,1034,229,106615.53,304.81
1506,744,1005,385,6059.9,1176.01
1507,745,1002,58,568.98,460.44
1508,745,1024,156,18947.76,159.39
1509,745,1030,202,29118.3,1947.74
1510,746,1016,546,19235.58,70.02
1511,746,1023,128,22027.52,86.05
1512,746,1032,36,10769.4,74.65
1513,747,1017,159,15448.44,297.93
1514,747,1005,32,503.68,100.54
1515,748,1030,232,33442.8,15230.79
1516,748,1005,369,5808.06,18090.33
1517,749,1037,210,73638.6,233.04
1518,750,1001,183,2648.01,6159.03
1519,751,1032,249,74488.35,491.32
1520,751,1028,25,4546.5,132.5
1521,752,1030,212,30559.8,908.26
1522,752,1030,202,29118.3,862.86
1523,753,1011,364,27751.36,1331.11
1524,753,1033,92,42229.84,623.37
1525,753,1007,216,1641.6,639.22
1526,754,1018,295,37267.35,1246.91
1527,755,1034,40,18622.8,123.83
1528,755,1028,178,32371.08,1577.67
1529,756,1040,224,86313.92,2016.45
1530,756,1001,89,1287.83,2801.74
1531,756,1005,161,2534.14,9559.21
1532,757,1019,109,26347.48,624.16
1533,757,1007,76,577.6,237.51
1534,757,1036,169,71520.8,201.75
1535,758,1027,145,32552.5,3693.3
1536,759,1013,315,15097.95,349.66
1537,759,1015,288,22449.6,739.08
1538,759,1022,361,67438.41,1213.2
1539,760,1004,191,1352.28,12570.86
1540,760,1024,89,10809.94,628.72
1541,761,1023,193,33213.37,138.57
1542,761,1002,75,735.75,507.73
1543,762,1038,287,58022.79,4005.22
1544,762,1015,110,8574.5,4426.45
1545,762,1022,327,61086.87,18738.25
1546,763,1005,23,362.02,121.75
1547,764,1040,172,66276.76,266.26
1548,764,1018,333,42067.89,2707.77
1549,765,1032,267,79873.05,612.72
1550,765,1027,13,2918.5,63.09
1551,766,1022,162,30263.22,415.07
1552,767,1028,11,2000.46,36.27
1553,767,1019,110,26589.2,405.18
1554,768,1033,392,179935.84,1544.04
1555,768,1030,11,1585.65,46.44
1556,769,1012,231,15488.55,547.51
1557,769,1018,208,26276.64,617.06
1558,770,1028,107,19459.02,370.49
1559,770,1009,261,18705.87,991.47
1560,770,1015,392,30556.4,742.28
1561,771,1039,205,86380.85,595.77
1562,771,1002,147,1442.07,431.32
1563,772,1023,138,23748.42,758.96
1564,773,1032,257,76881.55,269.44
1565,773,1025,123,33064.86,196.07
1566,774,1011,137,10444.88,366.27
1567,774,1036,32,13542.4,36.24
1568,775,1003,42,657.3,122.62
1569,776,1030,56,8072.4,353.85
1570,776,1038,330,66716.1,448.46
1571,777,1010,19,1007.38,10.37
1572,777,1038,355,71770.35,5940.76
1573,777,1021,50,6996.0,584.94
1574,778,1037,381,133601.46,606.23
1575,778,1022,199,37175.19,749.88
1576,778,1007,18,136.8,42.42
1577,779,1027,52,11674.0,117.45
1578,779,1028,197,35826.42,687.03
1579,779,1038,83,16780.11,75.38
1580,780,1038,278,56203.26,4220.93
1581,781,1025,163,43817.66,466.59
1582,781,1018,175,22107.75,1067.5
1583,782,1003,43,672.95,2161.32
1584,783,1011,238,18145.12,6123.93
1585,783,1007,305,2318.0,8977.17
1586,784,1029,279,41481.72,670.79
1587,785,1024,68,8259.28,429.35
1588,785,1016,40,1409.2,74.02
1589,785,1020,130,21615.1,3057.41
1590,786,1017,205,19917.8,656.23
1591,786,1003,315,4929.75,1159.15
1592,786,1027,150,33675.0,386.85
1593,787,1005,366,5760.84,1392.3
1594,787,1032,375,112181.25,347.86
1595,788,1013,492,23581.56,1494.94
1596,788,1034,196,91251.72,612.08
1597,788,1023,386,66426.74,358.05
1598,789,1038,328,66311.76,918.81
1599,789,1016,275,9688.25,72.26
1600,789,1027,345,77452.5,1507.05
1601,790,1038,131,26484.27,2030.2
1602,791,1014,100,5956.0,1624.04
1603,791,1033,40,18360.8,2004.9
1604,791,1023,30,5162.7,150.73
1605,792,1010,331,17549.62,16.95
1606,793,1024,36,4372.56,241.33
1607,794,1003,23,359.95,182.18
1608,794,1024,72,8745.12,70.96
1609,795,1016,39,1373.97,11.65
1610,796,1031,387,97338.24,20856.23
1611,796,1033,396,181771.92,27955.97
1612,796,1014,380,22632.8,6840.49
1613,797,1032,87,26026.05,243.92
1614,797,1029,317,47131.56,2397.98
1615,797,1011,86,6556.64,464.66
1616,798,1018,174,21981.42,7432.87
1617,798,1034,13,6052.41,232.65
1618,798,1036,201,85063.2,2066.55
1619,799,1001,282,4080.54,1389.56
1620,799,1030,143,20613.45,1637.03
1621,799,1007,204,1550.4,779.37
1622,800,1038,365,73792.05,6524.12
1623,800,1018,66,8337.78,2747.62
1624,800,1006,41,338.66,1946.44
1625,801,1003,68,1064.2,208.93
1626,802,1039,55,23175.35,2382.03
1627,803,1037,46,16130.36,144.56
1628,803,1039,396,166862.52,2706.08
1629,804,1022,371,69306.51,20565.39
1630,804,1012,239,16024.95,9102.9
1631,804,1003,558,8732.7,25955.16
1632,805,1005,242,3809.08,1840.27
1633,805,1010,188,9967.76,20.27
1634,806,1033,196,89967.92,1290.3
1635,807,1034,54,25140.78,1031.33
1636,807,1020,384,63847.68,10498.27
1637,808,1005,408,6421.92,4330.82
1638,809,1024,18,2186.28,132.23
1639,809,1016,129,4544.67,223.41
1640,810,1008,94,1253.96,171.01
1641,811,1035,96,23154.24,291.15
1642,812,1018,199,25139.67,1484.91
1643,812,1039,10,4213.7,81.92
1644,812,1015,45,3507.75,283.86
1645,813,1004,121,856.68,388.6
1646,813,1025,300,80646.0,475.22
1647,814,1040,131,50478.23,129.94
1648,815,1031,84,21127.68,444.99
1649,816,1009,294,21070.98,15715.35
1650,817,1012,200,13410.0,7695.83
1651,818,1032,106,31709.9,117.34
1652,818,1001,213,3082.11,356.63
1653,819,1019,230,55595.6,793.8
1654,819,1021,115,16090.8,109.37
1655,820,1013,463,22191.59,1299.4
1656,820,1022,175,32691.75,1172.19
1657,821,1011,56,4269.44,97.72
1658,821,1021,435,60865.2,387.18
1659,822,1031,168,42255.36,1008.51
1660,822,1018,166,20970.78,817.1
1661,823,1004,285,2017.8,757.16
1662,823,1003,297,4648.05,894.98
1663,824,1024,398,48341.08,254.25
1664,825,1005,146,2298.04,7330.38
1665,825,1021,284,39737.28,4412.84
1666,825,1006,190,1569.4,7350.61
1667,826,1038,185,37401.45,182.93
1668,826,1025,213,57258.66,229.24
1669,826,1036,237,100298.4,163.08
1670,827,1021,366,51210.72,3915.58
1671,828,1023,156,26846.04,981.8
1672,829,1037,136,47689.76,447.56
1673,829,1038,253,51149.01,531.25
1674,830,1031,481,120981.12,24968.66
1675,831,1021,205,28683.6,262.98
1676,832,1011,46,3507.04,259.26
1677,832,1012,338,22662.9,2429.94
1678,832,1014,159,9470.04,392.72
1679,833,1006,255,2106.3,11143.01
1680,833,1015,68,5300.6,2081.03
1681,833,1008,316,4215.44,8497.47
1682,834,1038,25,5054.25,304.12
1683,834,1029,372,55308.96,19668.22
1684,834,1030,178,25658.7,8631.5
1685,835,1010,239,12671.78,15.23
1686,836,1035,375,90446.25,3634.84
1687,836,1020,323,53705.21,1422.98
1688,836,1034,271,126169.47,795.58
1689,837,1028,258,46919.88,1267.53
1690,838,1039,53,22332.61,210.12
1691,838,1023,398,68491.82,222.66
1692,839,1011,159,12122.16,5785.12
1693,839,1025,223,59946.86,5352.68
1694,839,1037,317,111159.22,6287.1
1695,840,1018,89,11243.37,724.47
1696,840,1036,53,22429.6,96.59
1697,841,1004,397,2810.76,23720.56
1698,842,1003,43,672.95,2130.98
1699,842,1010,23,1219.46,14.71
1700,842,1034,197,91717.29,4786.95
1701,843,1007,372,2827.2,8920.0
1702,843,1019,324,78317.28,17925.43
1703,844,1005,494,7775.56,2673.67
1704,844,1011,358,27293.92,1197.46
1705,844,1039,413,174025.81,1435.85
1706,845,1014,15,893.4,242.04
1707,845,1029,71,10556.28,3577.5
1708,845,1016,198,6975.54,284.91
1709,846,1007,235,1786.0,8450.84
1710,846,1006,83,685.58,3930.66
1711,847,1013,249,11934.57,5986.95
1712,848,1039,332,139894.84,2229.7
1713,849,1020,144,23942.88,380.2
1714,849,1025,150,40323.0,396.74
1715,850,1011,12,914.88,25.89
1716,850,1038,348,70355.16,247.81
1717,851,1010,246,13042.92,25.71
1718,852,1038,132,26686.44,337.27
1719,852,1018,247,31203.51,1328.23
1720,852,1036,321,135847.2,598.1
1721,853,1024,253,30729.38,1755.22
1722,853,1034,141,65645.37,3405.5
1723,853,1039,286,120511.82,14631.17
1724,854,1016,244,8596.12,40.77
1725,854,1035,81,19536.39,415.58
1726,855,1004,319,2258.52,3010.05
1727,855,1023,232,39924.88,246.13
1728,856,1034,134,62386.38,3060.95
1729,856,1021,351,49111.92,3614.94
1730,856,1001,343,4963.21,8085.17
1731,857,1009,384,27521.28,1353.95
1732,857,1019,22,5317.84,96.03
1733,857,1017,273,26524.68,593.65
1734,858,1018,75,9474.75,226.8
1735,859,1033,351,161116.02,24058.11
1736,860,1034,177,82405.89,294.93
1737,861,1040,539,207692.87,514.27
1738,861,1032,182,54445.3,338.83
1739,862,1037,362,126938.92,397.52
1740,862,1002,250,2452.5,603.02
1741,863,1003,87,1361.55,272.73
1742,864,1027,159,35695.5,5923.97
1743,864,1018,369,46615.77,14935.2
1744,865,1023,101,17381.09,35.46
1745,865,1024,336,40810.56,141.62
1746,865,1039,55,23175.35,175.65
1747,866,1022,86,16065.66,4599.09
1748,867,1020,34,5653.18,898.31
1749,868,1004,164,1161.12,912.92
1750,868,1040,324,124846.92,275.63
1751,869,1040,237,91323.21,1752.55
1752,869,1027,367,82391.5,12411.89
1753,869,1034,180,83802.6,3285.23
1754,870,1013,184,8819.12,325.32
1755,870,1002,77,755.37,483.99
1756,870,1029,28,4163.04,135.38
1757,871,1024,104,12631.84,799.69
1758,871,1036,134,56708.8,1190.8
1759,871,1038,215,43466.55,3308.11
1760,872,1029,87,12935.16,184.27
1761,873,1002,46,451.26,156.01
1762,874,1021,60,8395.2,40.06
1763,874,1028,304,55285.44,980.28
1764,874,1011,341,25997.84,705.41
1765,875,1032,98,29316.7,327.66
1766,875,1025,27,7258.14,106.48
1767,876,1001,126,1823.22,710.82
1768,876,1002,20,196.2,138.86
1769,877,1009,208,14907.36,1007.82
1770,877,1024,121,14696.66,76.3
1771,877,1012,49,3285.45,222.81
1772,878,1029,219,32560.92,1631.43
1773,879,1038,388,78441.96,4598.7
1774,879,1012,206,13812.3,6613.46
1775,879,1008,55,733.7,1621.95
1776,880,1023,453,77956.77,420.14
1777,880,1014,450,26802.0,1045.82
1778,881,1023,266,45775.94,127.7
1779,881,1011,79,6022.96,214.5
1780,881,1011,118,8996.32,309.22
1781,882,1035,357,86104.83,1340.76
1782,883,1029,154,22896.72,500.42
1783,884,1039,296,124725.52,14967.29
1784,884,1012,244,16360.2,7733.6
1785,885,1024,102,12388.92,135.02
1786,885,1008,338,4508.92,1465.62
1787,885,1026,163,47745.96,158.83
1788,886,1002,438,4296.78,1671.65
1789,886,1021,254,35539.68,251.65
1790,886,1018,249,31456.17,521.92
1791,887,1012,210,14080.5,448.06
1792,887,1039,27,11376.99,87.06
1793,888,1025,61,16398.02,243.39
1794,888,1005,66,1038.84,633.04
1795,889,1035,331,79833.89,13614.9
1796,890,1008,395,5269.3,2056.33
1797,891,1013,156,7477.08,2721.18
1798,891,1001,287,4152.89,9425.97
1799,891,1007,294,2234.4,6992.06
1800,892,1036,275,116380.0,282.21
1801,892,1016,130,4579.9,17.51
1802,892,1037,72,25247.52,152.69
1803,893,1027,288,64656.0,750.04
1804,893,1020,277,46056.79,895.04
1805,893,1012,228,15287.4,991.0
1806,894,1016,481,16945.63,116.35
1807,895,1015,431,33596.45,19093.6
1808,895,1004,229,1621.32,13747.5
1809,895,1007,65,494.0,2056.25
1810,896,1002,127,1245.87,7654.9
1811,896,1011,201,15324.24,6082.82
1812,896,1026,341,99885.72,2084.11
1813,897,1005,141,2219.34,785.46
1814,897,1007,112,851.2,301.71
1815,897,1008,129,1720.86,306.77
1816,898,1012,359,24070.95,737.94
1817,898,1026,237,69422.04,80.64
1818,898,1017,236,22929.76,567.04
1819,899,1004,123,870.84,419.67
1820,899,1028,113,20550.18,352.98
1821,900,1038,177,35784.09,180.61
1822,901,1007,208,1580.8,1246.6
1823,902,1029,216,32114.88,635.46
1824,903,1001,388,5614.36,1711.68
1825,903,1035,277,66809.63,2020.05
1826,903,1031,62,15594.24,542.29
1827,904,1033,266,122099.32,1570.21
1828,905,1022,338,63141.78,18487.69
1829,905,1003,171,2676.15,7775.55
1830,906,1014,375,22335.0,834.9
1831,906,1008,227,3028.18,1164.35
1832,907,1024,42,5101.32,19.16
1833,907,1029,56,8326.08,148.03
1834,908,1029,93,13827.24,744.56
1835,908,1006,144,1189.44,857.26
1836,908,1002,40,392.4,398.58
1837,909,1027,397,89126.5,950.95
1838,910,1036,360,152352.0,591.59
1839,910,1039,87,36659.19,669.78
1840,911,1003,339,5305.35,1758.12
1841,911,1006,322,2659.72,2425.77
1842,912,1032,463,138506.45,606.65
1843,912,1026,210,61513.2,92.39
1844,913,1021,100,13992.0,75.67
1845,913,1019,287,69373.64,1240.34
1846,914,1034,229,106615.53,492.62
1847,914,1003,240,3756.0,1154.3
1848,914,1007,201,1527.6,588.71
1849,915,1032,64,19145.6,214.21
1850,915,1024,157,19069.22,140.77
1851,915,1034,229,106615.53,692.03
1852,916,1025,36,9677.52,40.03
1853,916,1012,114,7643.7,296.35
1854,917,1024,239,29028.94,132.3
1855,918,1027,151,33899.5,269.73
1856,919,1034,20,9311.4,27.35
1857,920,1033,151,69312.02,1858.27
1858,920,1025,295,79301.9,1311.51
1859,921,1037,128,44884.48,120.03
1860,922,1039,73,30760.01,3340.92
1861,922,1013,248,11886.64,5863.67
1862,922,1036,207,87602.4,2135.24
1863,923,1012,176,11800.8,7613.36
1864,923,1002,246,2413.26,14394.62
1865,923,1028,392,71289.12,19133.13
1866,924,1016,219,7715.37,22.31
1867,924,1001,230,3328.1,327.2
1868,925,1004,102,722.16,607.53
1869,926,1007,42,319.2,1364.49
1870,927,1033,141,64721.82,1162.95
1871,927,1011,187,14256.88,941.0
1872,928,1020,395,65676.65,1995.17
1873,929,1001,166,2402.02,298.07
1874,929,1020,140,23277.8,233.46
1875,929,1021,250,34980.0,210.66
1876,930,1037,361,126588.26,563.26
1877,931,1014,186,11078.16,137.04
1878,931,1019,380,91853.6,1132.83
1879,931,1012,174,11666.7,380.73
1880,932,1017,344,33423.04,13233.01
1881,932,1039,246,103657.02,10401.39
1882,932,1034,71,33055.47,1210.18
1883,933,1009,206,14764.02,650.37
1884,933,1013,318,15241.74,313.8
1885,934,1006,172,1420.72,630.93
1886,934,1035,143,34490.17,648.71
1887,935,1017,168,16322.88,710.21
1888,935,1014,92,5479.52,200.77
1889,936,1026,443,129763.56,2065.97
1890,936,1007,270,2052.0,7224.94
1891,937,1025,49,13172.18,126.84
1892,937,1001,356,5151.32,1121.12
1893,937,1030,365,52614.75,2028.04
1894,938,1031,354,89038.08,1991.01
1895,938,1015,207,16135.65,729.08
1896,939,1036,21,8887.2,15.22
1897,939,1017,257,24970.12,579.8
1898,939,1010,339,17973.78,11.44
1899,940,1003,317,4961.05,1676.96
1900,940,1018,271,34235.43,2188.14
1901,941,1006,187,1544.62,8568.53
1902,942,1008,354,4722.36,565.83
1903,942,1002,312,3060.72,806.12
1904,943,1027,266,59717.0,467.49
1905,944,1018,174,21981.42,945.88
1906,944,1022,85,15878.85,510.88
1907,944,1027,150,33675.0,835.49
1908,945,1009,151,10822.17,472.97
1909,945,1031,173,43512.96,462.48
1910,945,1036,92,38934.4,48.37
1911,946,1035,322,77663.18,763.59
1912,946,1038,79,15971.43,56.96
1913,946,1033,228,104656.56,702.73
1914,947,1005,331,5209.94,1199.53
1915,947,1006,85,702.1,217.98
1916,947,1020,45,7482.15,81.65
1917,948,1026,191,55947.72,1225.63
1918,948,1040,54,20807.82,388.19
1919,948,1023,296,50938.64,1967.87
1920,949,1008,305,4068.7,830.05
1921,950,1001,395,5715.65,1998.69
1922,950,1007,362,2751.2,1954.69
1923,950,1023,95,16348.55,87.03
1924,951,1006,193,1594.18,485.46
1925,951,1001,487,7046.89,731.86
1926,952,1012,237,15890.85,820.01
1927,953,1028,386,70197.96,1394.17
1928,953,1036,313,132461.6,179.65
1929,953,1032,331,99018.65,346.24
1930,954,1033,171,78492.42,1755.14
1931,954,1011,130,9911.2,761.86
1932,955,1030,119,17153.85,8547.7
1933,955,1014,144,8576.64,1848.31
1934,956,1040,88,33909.04,116.19
1935,956,1005,138,2172.12,1133.59
1936,957,1032,318,95129.7,4208.51
1937,957,1027,340,76330.0,11391.37
1938,957,1008,43,573.62,1367.82
1939,958,1027,259,58145.5,480.06
1940,959,1028,156,28370.16,1208.81
1941,959,1030,96,13838.4,890.04
1942,959,1013,526,25211.18,1296.91
1943,960,1005,90,1416.6,4645.84
1944,961,1035,35,8441.65,161.21
1945,962,1038,282,57011.94,491.77
1946,962,1011,523,39873.52,1891.17
1947,963,1007,312,2371.2,1007.78
1948,963,1014,48,2858.88,63.57
1949,964,1027,496,111352.0,12915.44
1950,964,1036,16,6771.2,162.49
1951,964,1007,403,3062.8,12704.85
1952,965,1032,34,10171.1,57.38
1953,965,1022,127,23724.87,574.09
1954,966,1030,168,24217.2,882.62
1955,966,1007,232,1763.2,599.28
1956,966,1034,380,176916.6,899.73
1957,967,1012,352,23601.6,2450.15
1958,967,1028,75,13639.5,712.94
1959,967,1005,189,2974.86,1811.7
1960,968,1030,331,47713.65,1438.71
1961,968,1021,12,1679.04,10.44
1962,968,1030,218,31424.7,653.67
1963,969,1031,220,55334.4,722.77
1964,969,1008,96,1280.64,132.78
1965,969,1027,380,85310.0,665.85
1966,970,1005,131,2061.94,405.57
1967,971,1021,376,52609.92,495.42
1968,972,1026,23,6737.16,11.87
1969,972,1023,138,23748.42,87.5
1970,972,1020,122,20284.94,405.79
1971,973,1017,336,32645.76,695.1
1972,974,1033,395,181312.9,4006.26
1973,974,1034,15,6983.55,45.82
1974,974,1005,62,975.88,542.3
1975,975,1032,112,33504.8,127.19
1976,976,1006,160,1321.6,5807.96
1977,977,1033,225,103279.5,1284.29
1978,978,1004,54,382.32,3298.41
1979,979,1009,315,22576.05,19401.94
1980,980,1014,203,12090.68,3836.59
1981,981,1034,27,12570.39,28.74
1982,981,1030,49,7063.35,176.67
1983,982,1003,41,641.65,135.99
1984,982,1021,399,55828.08,546.79
1985,982,1023,114,19618.26,78.11
1986,983,1008,319,4255.46,613.91
1987,984,1003,67,1048.55,210.1
1988,984,1035,232,55956.08,624.38
1989,984,1032,198,59231.7,213.6
1990,985,1029,362,53822.16,1167.82
1991,985,1025,390,104839.8,460.73
1992,986,1006,14,115.64,118.61
1993,986,1036,105,44436.0,208.81
1994,987,1017,34,3303.44,124.53
1995,987,1003,156,2441.4,767.49
1996,987,1027,377,84636.5,1274.5
1997,988,1014,388,23109.28,904.26
1998,988,1038,332,67120.44,764.01
1999,989,1031,275,69168.0,2270.8
2000,990,1028,193,35098.98,980.34
2001,990,1032,256,76582.4,512.67
2002,991,1039,533,224590.21,27610.05
2003,992,1022,37,6911.97,83.5
2004,992,1022,15,2802.15,36.35
2005,992,1011,9,686.16,18.62
2006,993,1012,358,24003.9,12567.84
2007,993,1009,59,4228.53,2626.97
2008,994,1026,223,65321.16,157.64
2009,994,1035,376,90687.44,2840.05
2010,994,1027,370,83065.0,1789.58
2011,995,1022,29,5417.49,1052.66
2012,996,1034,523,243493.11,766.13
2013,996,1012,200,13410.0,340.75
2014,996,1029,264,39251.52,727.27
2015,997,1035,135,32560.65,473.79
2016,998,1022,383,71548.23,1730.31
2017,998,1014,62,3692.72,104.78
2018,999,1002,254,2491.74,2050.41
2019,1000,1003,289,4522.85,1010.5
2020,1000,1024,232,28178.72,156.1
2021,1000,1019,105,25380.6,614.71
2022,1001,1015,484,37727.8,1917.5
2023,1001,1027,67,15041.5,180.38
2024,1002,1014,148,8814.88,310.66
2025,1002,1010,222,11770.44,26.4
2026,1003,1029,377,56052.36,883.14
2027,1003,1039,16,6741.92,46.81
2028,1003,1004,179,1267.32,475.53
2029,1004,1005,44,692.56,2287.2
2030,1005,1013,202,9681.86,473.28
2031,1006,1036,295,124844.0,3000.81
2032,1007,1035,252,60779.88,2227.25
2033,1007,1031,104,26158.08,966.31
2034,1007,1006,382,3155.32,2548.13
2035,1008,1001,373,5397.31,10487.62
2036,1008,1022,382,71361.42,14894.35
2037,1009,1017,90,8744.4,2741.47
2038,1010,1012,338,22662.9,2265.32
2039,1011,1009,368,26374.56,21428.71
2040,1011,1034,323,150379.11,6199.11
2041,1011,1002,348,3413.88,19311.32
2042,1012,1011,128,9758.72,611.54
2043,1013,1009,298,21357.66,757.32
2044,1014,1004,491,3476.28,1965.22
2045,1015,1021,443,61984.56,5430.16
2046,1015,1006,529,4369.54,20293.24
2047,1016,1011,148,11283.52,673.89
2048,1016,1015,335,26113.25,2067.42
2049,1016,1036,211,89295.2,271.98
2050,1017,1001,450,6511.5,2165.17
2051,1018,1011,347,26455.28,694.95
2052,1018,1032,300,89745.0,332.15
2053,1018,1013,148,7093.64,136.98
2054,1019,1027,206,46247.0,5147.74
2055,1019,1026,357,104572.44,1593.96
2056,1020,1034,38,17691.66,120.93
2057,1020,1025,312,83871.84,1002.57
2058,1020,1012,245,16427.25,1515.09
2059,1021,1011,21,1601.04,51.87
2060,1021,1039,43,18118.91,164.82
2061,1021,1004,184,1302.72,775.39
2062,1022,1026,171,50089.32,98.08
2063,1022,1040,73,28129.09,51.13
2064,1023,1039,106,44665.22,955.29
2065,1023,1002,264,2589.84,2591.39
2066,1024,1021,68,9514.56,129.64
2067,1025,1011,100,7624.0,283.48
2068,1025,1013,265,12701.45,576.44
2069,1025,1021,136,19029.12,167.85
2070,1026,1011,343,26150.32,8882.74
2071,1027,1014,180,10720.8,353.66
2072,1027,1002,81,794.61,799.23
2073,1028,1004,206,1458.48,1595.37
2074,1028,1012,104,6973.2,753.86
2075,1028,1011,205,15629.2,1144.71
2076,1029,1005,135,2124.9,6190.93
2077,1029,1002,360,3531.6,16284.41
2078,1029,1036,297,125690.4,2663.58
2079,1030,1037,162,56806.92,3497.78
2080,1030,1023,215,36999.35,1287.19
2081,1031,1009,212,15194.04,11308.65
2082,1031,1014,376,22394.56,6383.55
2083,1031,1017,108,10493.28,3813.16
2084,1032,1011,22,1677.28,67.13
2085,1032,1035,217,52338.23,1220.51
2086,1032,1013,212,10161.16,346.73
2087,1033,1034,425,197867.25,8261.03
2088,1033,1031,446,112177.92,21593.89
2089,1034,1019,108,26105.76,7830.01
2090,1034,1033,333,152853.66,23891.51
2091,1035,1033,70,32131.4,711.25
2092,1036,1004,215,1522.2,10226.05
2093,1036,1006,382,3155.32,17003.49
2094,1036,1031,120,30182.4,7501.16
2095,1037,1023,222,38203.98,75.31
2096,1037,1027,204,45798.0,448.23
2097,1038,1018,181,22865.73,8075.22
2098,1039,1022,253,47262.93,11701.24
2099,1039,1038,527,106543.59,9461.75
2100,1039,1003,527,8247.55,19043.36
2101,1040,1007,97,737.2,369.66
2102,1041,1023,256,44055.04,143.11
2103,1041,1031,126,31691.52,673.26
2104,1041,1010,64,3393.28,4.71
2105,1042,1016,399,14056.77,534.79
2106,1042,1028,72,13093.92,4462.66
2107,1042,1007,464,3526.4,14762.82
2108,1043,1013,471,22575.03,575.67
2109,1044,1001,115,1664.05,2615.18
2110,1044,1001,258,3733.26,6016.64
2111,1045,1031,165,41500.8,1640.7
2112,1045,1032,25,7478.75,74.08
2113,1046,1019,190,45926.8,12662.84
2114,1046,1012,28,1877.4,1268.68
2115,1047,1033,167,76656.34,716.76
2116,1048,1011,367,27980.08,13104.73
2117,1048,1014,213,12686.28,2913.2
2118,1048,1035,292,70427.48,12192.65
2119,1049,1008,176,2347.84,412.63
2120,1050,1025,237,63710.34,494.63
2121,1051,1037,257,90119.62,5380.7
2122,1052,1002,550,5395.5,2839.24
2123,1052,1021,322,45054.24,490.86
2124,1052,1003,128,2003.2,651.81
2125,1053,1020,67,11140.09,166.69
2126,1053,1001,385,5570.95,1271.11
2127,1054,1025,275,73925.5,426.75
2128,1054,1035,223,53785.37,656.49
2129,1055,1017,22,2137.52,68.79
2130,1056,1040,75,28899.75,45.91
2131,1056,1008,144,1920.96,294.96
2132,1057,1039,320,134838.4,2249.17
2133,1057,1009,180,12900.6,1317.13
2134,1058,1032,350,104702.5,1000.83
2135,1058,1016,284,10005.32,83.41
2136,1058,1008,72,960.48,330.27
2137,1059,1023,163,28050.67,799.62
2138,1059,1038,253,51149.01,3737.75
2139,1060,1006,289,2387.14,14187.28
2140,1061,1036,536,226835.2,319.34
2141,1062,1037,96,33663.36,2106.65
2142,1063,1023,452,77784.68,119.43
2143,1063,1029,503,74786.04,1540.18
2144,1064,1006,209,1726.34,10870.12
2145,1065,1032,471,140899.65,779.03
2146,1065,1039,58,24439.46,236.74
2147,1066,1038,372,75207.24,804.21
2148,1066,1036,207,87602.4,256.44
2149,1067,1023,414,71245.26,131.25
2150,1067,1010,79,4188.58,3.26
2151,1068,1033,47,21573.94,3149.52
2152,1068,1015,268,20890.6,9828.82
2153,1068,1001,143,2069.21,3291.3
2154,1069,1027,26,5837.0,159.01
2155,1069,1026,513,150267.96,559.55
2156,1069,1001,128,1852.16,603.89
2157,1070,1029,361,53673.48,2388.77
2158,1071,1021,109,15251.28,133.6
2159,1071,1019,139,33599.08,1025.44
2160,1071,1018,233,29434.89,1094.26
2161,1072,1010,173,9172.46,5.89
2162,1072,1020,332,55201.64,598.65
2163,1073,1009,167,11968.89,409.77
2164,1073,1032,64,19145.6,49.66
2165,1074,1031,214,53825.28,1089.36
2166,1074,1038,336,67929.12,560.1
2167,1075,1033,147,67475.94,1467.65
2168,1075,1026,350,102522.0,252.26
2169,1076,1008,103,1374.02,3015.53
2170,1076,1015,197,15356.15,8019.9
2171,1076,1011,189,14409.36,6151.59
2172,1077,1013,80,3834.4,106.9
2173,1078,1040,76,29285.08,610.09
2174,1078,1018,182,22992.06,5796.91
2175,1078,1003,33,516.45,1582.59
2176,1079,1010,16,848.32,1.14
2177,1079,1032,73,21837.95,107.67
2178,1079,1021,37,5177.04,50.54
2179,1080,1024,62,7530.52,21.62
2180,1080,1014,258,15366.48,232.49
2181,1080,1035,152,36660.88,344.66
2182,1081,1033,142,65180.84,788.44
2183,1081,1019,526,127144.72,3600.29
2184,1081,1023,442,76063.78,269.81
2185,1082,1001,264,3820.08,1175.72
2186,1082,1004,250,1770.0,1814.67
2187,1082,1011,555,42313.2,2680.16
2188,1083,1004,316,2237.28,2553.43
2189,1083,1008,149,1987.66,762.77
2190,1083,1006,303,2502.78,2298.99
2191,1084,1030,355,51173.25,21826.53
2192,1084,1029,338,50253.84,12343.45
2193,1084,1010,350,18557.0,260.4
2194,1085,1029,541,80435.88,3375.17
2195,1085,1010,191,10126.82,21.94
2196,1086,1005,228,3588.72,11690.69
2197,1087,1027,294,66003.0,7170.8
2198,1087,1028,386,70197.96,19627.33
2199,1087,1020,297,49382.19,10853.81
2200,1088,1010,158,8377.16,5.82
2201,1088,1024,190,23077.4,85.66
2202,1088,1012,290,19444.5,581.18
2203,1089,1006,311,2568.86,11068.33
2204,1089,1031,72,18109.44,3746.31
2205,1090,1028,394,71652.84,26399.53
2206,1091,1011,269,20508.56,433.42
2207,1091,1001,70,1012.9,105.46
2208,1091,1013,322,15433.46,398.93
2209,1092,1018,153,19328.49,725.92
2210,1092,1015,399,31102.05,1382.26
2211,1092,1001,211,3053.17,565.58
2212,1093,1019,270,65264.4,944.58
2213,1094,1013,404,19363.72,585.57
2214,1094,1007,271,2059.6,502.21
2215,1095,1008,256,3415.04,459.91
2216,1096,1011,541,41245.84,1440.15
2217,1096,1026,107,31342.44,72.71
2218,1097,1032,393,117565.95,6092.28
2219,1098,1001,237,3429.39,361.04
2220,1098,1024,105,12753.3,36.09
2221,1099,1007,367,2789.2,1201.33
2222,1099,1026,347,101643.24,233.42
2223,1100,1039,88,37080.56,343.89
2224,1101,1033,144,66098.88,682.33
2225,1101,1014,148,8814.88,162.57
2226,1101,1005,184,2896.16,604.4
2227,1102,1019,292,70582.24,1048.99
2228,1103,1040,228,87855.24,165.85
2229,1103,1026,267,78209.64,165.12
2230,1103,1004,62,438.96,393.36
2231,1104,1014,227,13520.12,228.42
2232,1104,1038,42,8491.14,46.84
2233,1104,1001,151,2184.97,264.89
2234,1105,1005,173,2723.02,12371.34
2235,1105,1006,63,520.38,2672.12
2236,1105,1030,106,15279.9,7191.63
2237,1106,1011,42,3202.08,113.22
2238,1106,1039,341,143687.17,1923.08
2239,1107,1037,94,32962.04,324.44
2240,1107,1010,315,16701.3,35.94
2241,1107,1022,131,24472.11,1201.99
2242,1108,1019,187,45201.64,932.82
2243,1109,1002,174,1706.94,418.2
2244,1109,1021,317,44354.64,303.9
2245,1110,1004,278,1968.24,2379.77
2246,1110,1004,234,1656.72,1927.52
2247,1110,1012,341,22864.05,2407.44
2248,1111,1037,61,21390.26,1235.52
2249,1111,1009,229,16412.43,9995.21
2250,1112,1036,242,102414.4,117.17
2251,1113,1033,204,93640.08,2518.67
2252,1113,1037,53,18584.98,145.65
2253,1114,1003,164,2566.6,603.24
2254,1114,1030,40,5766.0,256.38
2255,1115,1025,171,45968.22,504.53
2256,1115,1030,110,15856.5,1305.39
2257,1116,1028,233,42373.38,1562.37
2258,1117,1001,118,1707.46,4173.55
2259,1117,1023,82,14111.38,393.74
2260,1117,1004,96,679.68,5408.76
2261,1118,1005,64,1007.36,619.32
2262,1118,1028,196,35644.56,1364.63
2263,1118,1034,399,185762.43,1379.53
2264,1119,1021,137,19169.04,354.58
2265,1119,1007,330,2508.0,1706.01
2266,1119,1006,313,2585.38,1935.83
2267,1120,1032,274,81967.1,5493.84
2268,1120,1008,140,1867.6,3331.78
2269,1121,1001,392,5672.24,12446.24
2270,1122,1024,351,42632.46,2461.68
2271,1122,1031,387,97338.24,17737.07
2272,1123,1006,292,2411.92,11039.04
2273,1124,1025,243,65323.26,643.44
2274,1124,1017,384,37309.44,1367.73
2275,1124,1021,140,19588.8,217.66
2276,1125,1015,312,24320.4,786.48
2277,1125,1030,72,10378.8,220.11
2278,1125,1038,295,59640.15,301.75
2279,1126,1001,130,1881.1,405.03
2280,1127,1033,323,148263.46,1124.68
2281,1127,1001,260,3762.2,375.99
2282,1127,1034,84,39107.88,87.42
2283,1128,1002,179,1755.99,10307.33
2284,1129,1014,421,25074.76,320.08
2285,1129,1008,347,4628.98,666.98
2286,1129,1008,253,3375.02,448.86
2287,1130,1002,333,3266.73,2111.06
2288,1131,1019,173,41817.56,735.04
2289,1132,1021,108,15111.36,221.08
2290,1133,1035,107,25807.33,450.11
2291,1134,1010,371,19670.42,29.78
2292,1134,1022,387,72295.47,3454.52
2293,1134,1032,380,113677.0,1174.41
2294,1135,1020,71,11805.17,1608.26
2295,1136,1003,25,391.25,57.06
2296,1137,1010,247,13095.94,23.74
2297,1137,1025,40,10752.8,149.63
2298,1138,1028,41,7456.26,322.4
2299,1139,1033,320,146886.4,3235.2
2300,1140,1031,135,33955.2,409.88
2301,1140,1032,145,43376.75,178.0
2302,1140,1037,161,56456.26,153.86
2303,1141,1017,179,17391.64,525.13
2304,1142,1005,209,3289.66,1403.26
2305,1142,1026,379,111016.68,209.01
2306,1143,1015,277,21592.15,1949.86
2307,1144,1012,377,25277.85,11497.32
2308,1144,1020,86,14299.22,1967.61
2309,1144,1038,318,64290.06,4751.77
2310,1145,1013,31,1485.83,62.19
2311,1146,1032,230,68804.5,558.15
2312,1146,1008,115,1534.1,439.08
2313,1147,1030,113,16288.95,492.86
2314,1148,1022,203,37922.43,1358.1
2315,1148,1002,316,3099.96,3024.37
2316,1148,1007,334,2538.4,1671.0
2317,1149,1024,47,5708.62,55.7
2318,1150,1037,327,114665.82,973.17
2319,1150,1037,285,99938.1,762.04
2320,1150,1036,371,157007.2,642.56
2321,1151,1017,88,8550.08,2866.8
2322,1151,1031,205,51561.6,13014.32
2323,1152,1007,32,243.2,1121.24
2324,1153,1006,313,2585.38,649.51
2325,1154,1021,368,51490.56,4419.85
2326,1155,1015,33,2572.35,213.11
2327,1155,1037,307,107652.62,1074.8
2328,1156,1023,208,35794.72,1309.34
2329,1156,1015,396,30868.2,17752.42
2330,1157,1004,75,531.0,705.1
2331,1157,1033,282,129443.64,2416.29
2332,1157,1004,540,3823.2,4274.14
2333,1158,1003,32,500.8,187.02
2334,1158,1040,452,174169.16,707.69
2335,1159,1016,239,8419.97,19.29
2336,1160,1016,233,8208.59,406.9
2337,1160,1015,207,16135.65,8165.68
2338,1160,1005,146,2298.04,6557.39
2339,1161,1025,298,80108.36,652.77
2340,1161,1011,80,6099.2,192.54
2341,1162,1024,125,15182.5,78.22
2342,1163,1004,278,1968.24,2303.17
2343,1163,1009,145,10392.15,1060.23
2344,1164,1006,475,3923.5,1197.05
2345,1164,1011,397,30267.28,865.37
2346,1164,1039,331,139473.47,702.98
2347,1165,1015,325,25333.75,673.83
2348,1165,1019,353,85327.16,1397.09
2349,1165,1029,125,18585.0,371.69
2350,1166,1005,376,5918.24,17139.21
2351,1166,1037,270,94678.2,4893.52
2352,1167,1023,38,6539.42,19.49
2353,1168,1033,109,50033.18,8541.26
2354,1168,1005,259,4076.66,17154.21
2355,1168,1014,202,12031.12,3544.35
2356,1169,1040,104,40074.32,63.42
2357,1169,1006,327,2701.02,994.14
2358,1170,1010,327,17337.54,9.61
2359,1171,1006,272,2246.72,820.35
2360,1171,1013,31,1485.83,29.62
2361,1171,1027,174,39063.0,269.21
2362,1172,1009,92,6593.64,464.42
2363,1172,1023,94,16176.46,43.21
2364,1172,1037,146,51196.36,319.48
2365,1173,1010,474,25131.48,25.07
2366,1173,1023,152,26157.68,98.36
2367,1174,1007,178,1352.8,5175.74
2368,1174,1009,53,3798.51,3135.23
2369,1174,1011,275,20966.0,6773.01
2370,1175,1020,38,6318.26,191.57
2371,1175,1019,103,24897.16,788.02
2372,1175,1002,330,3237.3,2252.17
2373,1176,1034,113,52609.41,2630.0
2374,1176,1031,183,46028.16,8539.0
2375,1177,1016,215,7574.45,39.7
2376,1177,1008,260,3468.4,892.89
2377,1178,1037,329,115367.14,7014.27
2378,1179,1031,356,89541.12,1423.44
2379,1179,1027,17,3816.5,28.54
2380,1179,1024,297,36073.62,126.69
2381,1180,1020,285,47386.95,1160.04
2382,1181,1014,102,6075.12,209.17
2383,1182,1009,346,24797.82,3497.15
2384,1182,1027,49,11000.5,282.36
2385,1183,1020,358,59524.66,11047.48
2386,1183,1012,15,1005.75,577.45
2387,1183,1006,196,1618.96,10494.11
2388,1184,1033,41,18819.82,292.75
2389,1184,1015,286,22293.7,889.18
2390,1185,1002,277,2717.37,2289.9
2391,1185,1037,525,184096.5,1892.17
2392,1185,1016,548,19306.04,109.55
2393,1186,1028,299,54376.14,1892.65
2394,1186,1037,202,70833.32,429.56
2395,1187,1038,357,72174.69,540.27
2396,1188,1017,73,7092.68,262.85
2397,1188,1004,217,1536.36,943.95
2398,1189,1030,137,19748.55,1491.68
2399,1190,1027,111,24919.5,3634.36
2400,1191,1021,193,27004.56,157.63
2401,1192,1040,119,45854.27,191.68
2402,1193,1028,121,22005.06,308.67
2403,1193,1001,99,1432.53,141.25
2404,1193,1028,220,40009.2,831.19
2405,1194,1035,88,21224.72,277.71
2406,1194,1021,173,24206.16,117.08
2407,1195,1034,340,158293.8,548.28
2408,1195,1032,281,84061.15,376.11
2409,1195,1038,177,35784.09,290.92
2410,1196,1008,231,3081.54,979.63
2411,1196,1003,346,5414.9,2310.36
2412,1196,1001,359,5194.73,1600.59
2413,1197,1031,14,3521.28,847.02
2414,1197,1040,137,52790.21,1281.31
2415,1198,1031,205,51561.6,982.03
2416,1198,1012,387,25948.35,1596.88
2417,1199,1024,210,25506.6,126.85
2418,1199,1018,89,11243.37,419.49
2419,1200,1002,124,1216.44,7015.84
2420,1201,1033,179,82164.58,12811.26
2421,1202,1036,322,136270.4,2612.63
2422,1202,1016,558,19658.34,950.57
2423,1203,1028,400,72744.0,3562.41
2424,1203,1011,385,29352.4,1671.2
2425,1203,1013,271,12989.03,873.65
2426,1204,1035,115,27736.85,5999.69
2427,1204,1016,78,2747.94,140.14
2428,1204,1008,42,560.28,1336.81
2429,1205,1011,43,3278.32,1244.64
2430,1205,1032,18,5384.7,349.92
2431,1206,1020,118,19619.86,330.98
2432,1206,1005,249,3919.26,1208.46
2433,1207,1032,340,101711.0,416.13
2434,1208,1020,60,9976.2,1946.1
2435,1208,1031,184,46279.68,11451.36
2436,1209,1025,305,81990.1,1113.26
2437,1209,1035,254,61262.26,1874.18
2438,1209,1038,79,15971.43,219.24
2439,1210,1021,346,48412.32,290.39
2440,1210,1036,236,99875.2,174.39
2441,1210,1021,226,31621.92,222.21
2442,1211,1039,245,103235.65,1091.37
2443,1211,1036,207,87602.4,218.24
2444,1211,1004,311,2201.88,1920.35
2445,1212,1020,186,30926.22,632.95
2446,1212,1018,396,50026.68,1915.01
2447,1212,1035,218,52579.42,1234.98
2448,1213,1004,105,743.4,342.36
2449,1214,1002,183,1795.23,942.37
2450,1215,1031,310,77971.2,902.59
2451,1215,1014,43,2561.08,46.23
2452,1215,1016,354,12471.42,42.5
2453,1216,1019,75,18129.0,785.97
2454,1216,1039,50,21068.5,359.4
2455,1216,1019,246,59463.12,2068.74
2456,1217,1004,28,198.24,145.67
2457,1218,1009,125,8958.75,357.47
2458,1219,1026,211,61806.12,82.8
2459,1219,1006,131,1082.06,385.92
2460,1219,1012,235,15756.75,595.52
2461,1220,1006,246,2031.96,1058.86
2462,1220,1017,132,12825.12,420.43
2463,1220,1017,28,2720.48,112.57
2464,1221,1002,170,1667.7,899.22
2465,1222,1037,156,54702.96,3486.55
2466,1222,1019,32,7735.04,1729.87
2467,1222,1017,380,36920.8,14525.2
2468,1223,1008,34,453.56,63.32
2469,1224,1030,57,8216.55,179.86
2470,1224,1038,199,40231.83,154.75
2471,1224,1019,246,59463.12,939.51
2472,1225,1006,418,3452.68,1990.08
2473,1225,1036,522,220910.4,524.76
2474,1226,1028,297,54012.42,1388.5
2475,1226,1028,108,19640.88,540.07
2476,1227,1028,338,61468.68,3020.13
2477,1227,1014,174,10363.44,442.04
2478,1227,1039,345,145372.65,2691.71
2479,1228,1020,39,6484.53,145.81
2480,1228,1016,145,5108.35,39.57
2481,1229,1005,167,2628.58,8920.27
2482,1229,1026,282,82603.44,1498.97
2483,1230,1019,27,6526.44,229.14
2484,1231,1004,132,934.56,8605.84
2485,1232,1013,50,2396.5,123.04
2486,1233,1003,316,4945.4,2335.83
2487,1233,1033,182,83541.64,2280.95
2488,1233,1007,33,250.8,157.6
2489,1234,1006,544,4493.44,2347.66
2490,1235,1036,339,143464.8,222.05
2491,1235,1038,354,71568.18,252.87
2492,1235,1020,279,46389.33,507.92
2493,1236,1011,221,16849.04,1082.37
2494,1236,1014,174,10363.44,494.4
2495,1237,1014,129,7683.24,1540.83
2496,1237,1001,193,2792.71,4796.7
2497,1238,1015,236,18396.2,6592.46
2498,1239,1028,221,40191.06,808.0
2499,1240,1032,203,60727.45,158.06
2500,1240,1014,446,26563.76,486.41
2501,1241,1001,151,2184.97,221.8
2502,1241,1032,178,53248.7,139.31
2503,1242,1019,244,58979.68,1636.56
2504,1243,1012,114,7643.7,242.18
2505,1244,1005,187,2943.38,872.58
2506,1244,1020,217,36080.59,624.77
2507,1245,1008,366,4882.44,725.61
2508,1245,1013,256,12270.08,312.99
2509,1245,1028,179,32552.94,590.69
2510,1246,1008,148,1974.32,3269.67
2511,1246,1027,183,41083.5,6005.55
2512,1246,1002,261,2560.41,14917.99
2513,1247,1011,239,18221.36,370.32
2514,1247,1017,164,15934.24,396.15
2515,1247,1025,217,58333.94,228.05
2516,1248,1001,495,7162.65,1779.08
2517,1248,1037,411,144121.26,1337.95
2518,1248,1018,306,38656.98,2425.0
2519,1249,1028,176,32007.36,467.77
2520,1249,1040,78,30055.74,48.98
2521,1250,1011,178,13570.72,831.89
2522,1251,1010,232,12300.64,14.08
2523,1252,1011,354,26988.96,1976.91
2524,1252,1014,337,20071.72,953.54
2525,1252,1029,32,4757.76,278.06
2526,1253,1001,165,2387.55,267.06
2527,1254,1022,153,28581.93,1023.61
2528,1254,1008,387,5162.58,2132.59
2529,1255,1031,93,23391.36,457.26
2530,1255,1035,54,13024.26,297.68
2531,1256,1002,383,3757.23,19568.64
2532,1257,1016,152,5354.96,24.54
2533,1257,1001,383,5542.01,1029.65
2534,1258,1008,350,4669.0,735.56
2535,1258,1010,327,17337.54,9.75
2536,1259,1025,488,131184.16,2070.62
2537,1259,1019,454,109740.88,4150.37
2538,1259,1036,439,185784.8,758.5
2539,1260,1033,375,172132.5,22553.7
2540,1260,1017,344,33423.04,8940.77
2541,1260,1005,159,2502.66,10647.04
2542,1261,1019,6,1450.32,50.69
2543,1262,1002,456,4473.36,27162.24
2544,1263,1002,91,892.71,4939.95
2545,1263,1002,334,3276.54,13831.89
2546,1263,1006,111,916.86,5104.99
2547,1264,1014,144,8576.64,244.81
2548,1264,1028,145,26369.7,699.58
2549,1265,1035,169,40761.11,1153.77
2550,1265,1022,284,53054.04,2519.4
2551,1265,1021,15,2098.8,26.65
2552,1266,1011,51,3888.24,73.85
2553,1267,1017,290,28176.4,1175.13
2554,1267,1013,256,12270.08,525.58
2555,1268,1023,510,87765.9,298.78
2556,1268,1018,302,38151.66,1300.0
2557,1268,1035,240,57885.6,968.55
2558,1269,1018,396,50026.68,896.06
2559,1269,1038,371,75005.07,307.19
2560,1269,1020,187,31092.49,340.56
2561,1270,1016,139,4896.97,239.38
2562,1270,1024,159,19312.14,1156.01
2563,1271,1026,108,31635.36,43.45
2564,1272,1031,155,38985.6,7625.07
2565,1272,1035,290,69945.1,14052.53
2566,1273,1036,51,21583.2,603.54
2567,1274,1040,361,139104.13,3302.74
2568,1274,1010,52,2757.04,26.66
2569,1275,1003,198,3098.7,8364.03
2570,1276,1025,58,15591.56,1103.21
2571,1276,1012,201,13477.05,5996.24
2572,1277,1033,445,204263.9,1671.74
2573,1277,1037,442,154991.72,644.43
2574,1278,1008,138,1840.92,256.04
2575,1279,1022,135,25219.35,411.41
2576,1279,1003,34,532.1,74.03
2577,1279,1020,197,32755.19,397.66
2578,1280,1033,177,81246.54,9840.48
2579,1281,1040,126,48551.58,184.92
2580,1282,1036,284,120188.8,486.06
2581,1282,1025,219,58871.58,704.71
2582,1283,1011,59,4498.16,169.25
2583,1283,1006,316,2610.16,1166.81
2584,1283,1034,162,75422.34,269.97
2585,1284,1008,150,2001.0,587.48
2586,1285,1009,29,2078.43,222.84
2587,1286,1022,172,32131.32,917.49
2588,1286,1016,406,14303.38,56.13
2589,1286,1038,376,76015.92,515.47
2590,1287,1031,272,68413.44,1037.66
2591,1288,1011,225,17154.0,1145.8
2592,1288,1002,26,255.06,217.99
2593,1289,1002,326,3198.06,1053.8
2594,1290,1038,372,75207.24,645.94
2595,1290,1019,265,64055.8,1654.1
2596,1291,1004,275,1947.0,11403.06
2597,1291,1040,336,129470.88,2557.57
2598,1291,1008,122,1627.48,3252.84
2599,1292,1023,125,21511.25,121.66
2600,1292,1030,339,48866.85,3538.07
2601,1293,1025,473,127151.86,797.1
2602,1293,1026,43,12595.56,16.89
2603,1294,1033,108,49574.16,6535.83
2604,1294,1021,197,27564.24,2038.46
2605,1294,1003,130,2034.5,6062.43
2606,1295,1001,385,5570.95,11632.17
2607,1295,1004,429,3037.32,26791.33
2608,1295,1039,82,34552.34,3378.45
2609,1296,1018,274,34614.42,1382.23
2610,1296,1006,389,3213.14,1494.37
2611,1296,1001,342,4948.74,1184.85
2612,1297,1025,10,2688.2,249.17
2613,1298,1010,52,2757.04,2.26
2614,1298,1038,221,44679.57,224.29
2615,1298,1010,148,7846.96,4.13
2616,1299,1021,190,26584.8,278.58
2617,1299,1034,134,62386.38,316.2
2618,1299,1017,46,4469.36,133.48
2619,1300,1015,186,14498.7,6493.46
2620,1300,1015,532,41469.4,17499.68
2621,1300,1032,212,63419.8,2795.29
2622,1301,1032,198,59231.7,176.53
2623,1302,1006,307,2535.82,1234.58
2624,1302,1023,68,11702.12,40.88
2625,1302,1005,258,4060.92,1519.54
2626,1303,1026,10,2929.2,3.48
2627,1304,1022,312,58284.72,1127.73
2628,1305,1014,307,18284.92,845.17
2629,1306,1020,75,12470.25,2210.27
2630,1307,1026,298,87290.16,84.91
2631,1308,1013,106,5080.58,123.99
2632,1308,1040,357,137562.81,151.26
2633,1308,1031,330,83001.6,854.35
2634,1309,1009,366,26231.22,3551.81
2635,1310,1026,194,56826.48,57.85
2636,1310,1036,143,60517.6,84.95
2637,1310,1003,260,4069.0,812.36
2638,1311,1014,180,10720.8,339.31
2639,1312,1001,227,3284.69,5676.59
2640,1312,1035,15,3617.85,657.91
2641,1312,1017,258,25067.28,9705.41
2642,1313,1014,149,8874.44,132.93
2643,1314,1030,107,15424.05,730.99
2644,1314,1014,464,27635.84,821.89
2645,1315,1024,180,21862.8,1212.49
2646,1315,1007,348,2644.8,12533.7
2647,1316,1011,172,13113.28,4194.92
2648,1316,1021,326,45613.92,5135.62
2649,1316,1010,21,1113.42,14.57
2650,1317,1026,142,41594.64,131.42
2651,1317,1028,183,33280.38,1486.28
2652,1318,1038,359,72579.03,538.24
2653,1318,1016,144,5073.12,26.69
2654,1319,1010,236,12512.72,26.42
2655,1319,1007,88,668.8,383.59
2656,1319,1021,509,71219.28,1099.42
2657,1320,1008,118,1574.12,226.99
2658,1320,1040,156,60111.48,71.21
2659,1320,1017,154,14962.64,270.42
2660,1321,1025,39,10483.98,53.51
2661,1322,1004,270,1911.6,1732.42
2662,1322,1004,162,1146.96,716.67
2663,1322,1017,97,9424.52,388.58
2664,1323,1017,106,10298.96,596.47
2665,1323,1026,24,7030.08,20.3
2666,1323,1033,295,135410.9,3322.11
2667,1324,1025,289,77688.98,6697.34
2668,1324,1009,69,4945.23,2865.94
2669,1325,1017,312,30313.92,9315.78
2670,1325,1017,373,36240.68,11631.71
2671,1325,1037,390,136757.4,6458.64
2672,1326,1027,44,9878.0,1073.3
2673,1326,1020,99,16460.73,2845.65
2674,1326,1017,352,34200.32,13696.59
2675,1327,1021,44,6156.48,45.5
2676,1327,1030,449,64723.35,2132.02
2677,1327,1033,235,107869.7,1874.01
2678,1328,1027,352,79024.0,1372.25
2679,1328,1004,205,1451.4,2055.3
2680,1329,1040,481,185343.73,4713.15
2681,1329,1006,205,1693.3,8857.32
2682,1330,1023,449,77268.41,164.76
2683,1330,1034,309,143861.13,437.66
2684,1331,1009,31,2221.77,282.08
2685,1332,1001,116,1678.52,2987.41
2686,1332,1009,280,20067.6,13196.31
2687,1333,1027,166,37267.0,603.03
2688,1334,1026,268,78502.56,80.94
2689,1334,1008,111,1480.74,173.32
2690,1335,1006,422,3485.72,2721.22
2691,1335,1004,375,2655.0,2498.62
2692,1335,1033,191,87672.82,1815.72
2693,1336,1015,213,16603.35,894.93
2694,1336,1005,38,598.12,175.36
2695,1337,1024,92,11174.32,36.67
2696,1338,1015,22,1714.9,128.28
2697,1338,1027,272,61064.0,1391.48
2698,1338,1030,113,16288.95,939.44
2699,1339,1036,265,112148.0,249.8
2700,1339,1039,198,83431.26,948.39
2701,1339,1008,318,4242.12,739.3
2702,1340,1030,349,50308.35,1296.35
2703,1340,1032,373,111582.95,350.07
2704,1341,1018,174,21981.42,6262.51
2705,1341,1019,359,86777.48,19872.78
2706,1341,1031,293,73695.36,17520.93
2707,1342,1032,73,21837.95,1038.53
2708,1342,1037,25,8766.5,411.94
2709,1342,1005,234,3683.16,12184.64
2710,1343,1006,329,2717.54,13967.59
2711,1343,1036,547,231490.4,5457.44
2712,1343,1019,550,132946.0,34046.61
2713,1344,1038,284,57416.28,433.3
2714,1344,1010,377,19988.54,26.3
2715,1344,1035,367,88516.73,1814.81
2716,1345,1028,15,2727.9,762.99
2717,1346,1026,145,42473.4,133.81
2718,1347,1018,198,25013.34,8817.45
2719,1347,1021,182,25465.44,2851.77
2720,1347,1020,22,3657.94,731.09
2721,1348,1019,506,122310.32,2519.67
2722,1348,1008,118,1574.12,265.69
2723,1349,1002,28,274.68,1197.85
2724,1349,1039,157,66155.09,6105.46
2725,1350,1034,351,163415.07,646.94
2726,1350,1004,141,998.28,834.59
2727,1351,1035,110,26530.9,5808.73
2728,1351,1023,275,47324.75,1219.42
2729,1352,1015,35,2728.25,132.56
2730,1352,1002,287,2815.47,1181.28
2731,1352,1014,263,15664.28,454.86
2732,1353,1014,234,13937.04,348.61
2733,1354,1014,232,13817.92,606.04
2734,1354,1006,379,3130.54,2992.57
2735,1354,1032,182,54445.3,442.34
2736,1355,1037,233,81703.78,304.06
2737,1355,1005,82,1290.68,281.38
2738,1356,1016,344,12119.12,604.78
2739,1356,1002,56,549.36,3252.33
2740,1357,1009,86,6163.62,747.21
2741,1357,1025,47,12634.54,180.92
2742,1358,1008,57,760.38,113.79
2743,1358,1015,259,20189.05,590.96
2744,1359,1032,64,19145.6,156.31
2745,1359,1034,160,74491.2,423.56
2746,1359,1008,219,2921.46,1162.57
2747,1360,1022,96,17933.76,700.22
2748,1360,1010,330,17496.6,28.1
2749,1361,1013,267,12797.31,782.24
2750,1361,1002,207,2030.67,1437.33
2751,1362,1008,19,253.46,34.1
2752,1362,1015,370,28841.5,683.61
2753,1363,1023,14,2409.26,85.34
2754,1364,1012,477,31982.85,903.06
2755,1364,1003,175,2738.75,537.99
2756,1364,1017,33,3206.28,70.83
2757,1365,1031,384,96583.68,2148.08
2758,1366,1013,502,24060.86,11002.86
2759,1367,1004,74,523.92,352.85
2760,1367,1033,297,136328.94,1944.37
2761,1368,1019,310,74933.2,1877.92
2762,1369,1007,120,912.0,171.74
2763,1369,1030,58,8360.7,219.25
2764,1369,1011,132,10063.68,193.71
2765,1370,1001,197,2850.59,415.11
2766,1370,1026,116,33978.72,36.1
2767,1370,1015,230,17928.5,389.57
2768,1371,1002,51,500.31,2237.26
2769,1371,1026,220,64442.4,965.22
2770,1372,1024,247,30000.62,125.12
2771,1372,1026,509,149096.28,176.84
2772,1372,1029,364,54119.52,813.3
2773,1373,1014,114,6789.84,97.5
2774,1374,1006,235,1941.1,764.32
2775,1374,1031,328,82498.56,1259.66
2776,1375,1037,263,92223.58,607.63
2777,1375,1013,56,2684.08,98.6
2778,1376,1039,260,109556.2,642.99
2779,1376,1035,334,80557.46,1024.81
2780,1377,1026,307,89926.44,119.29
2781,1377,1023,41,7055.69,10.78
2782,1377,1032,322,96326.3,327.18
2783,1378,1034,427,198798.39,1505.99
2784,1379,1016,70,2466.1,13.59
2785,1379,1020,496,82469.92,1615.57
2786,1379,1003,67,1048.55,290.55
2787,1380,1011,230,17535.2,8306.68
2788,1380,1016,197,6940.31,272.36
2789,1380,1013,12,575.16,291.73
2790,1381,1014,314,18701.84,5782.97
2791,1381,1015,155,12082.25,5194.1
2792,1381,1032,67,20043.05,1034.04
2793,1382,1001,151,2184.97,267.75
2794,1382,1002,287,2815.47,940.99
2795,1383,1035,97,23395.43,561.15
2796,1383,1020,263,43729.01,815.4
2797,1383,1034,213,99166.41,485.76
2798,1384,1036,277,117226.4,496.32
2799,1384,1026,212,62099.04,228.51
2800,1385,1014,385,22930.6,613.98
2801,1385,1029,22,3270.96,119.24
2802,1386,1011,182,13875.68,389.53
2803,1387,1024,399,48462.54,337.98
2804,1387,1025,37,9946.34,123.54
2805,1387,1036,331,140079.2,420.5
2806,1388,1013,123,5895.39,2942.13
2807,1388,1014,97,5777.32,1188.1
2808,1388,1030,210,30271.5,13779.05
2809,1389,1025,25,6720.5,482.74
2810,1389,1033,323,148263.46,22224.37
2811,1390,1006,250,2065.0,1174.33
2812,1390,1008,298,3975.32,783.63
2813,1390,1013,206,9873.58,403.87
2814,1391,1018,431,54448.23,1893.61
2815,1391,1011,158,12045.92,556.61
2816,1392,1029,101,15016.68,246.18
2817,1392,1017,281,27301.96,469.62
2818,1392,1036,375,158700.0,225.36
2819,1393,1033,230,105574.6,1526.09
2820,1393,1035,326,78627.94,1902.49
2821,1394,1013,106,5080.58,414.1
2822,1394,1019,145,35049.4,1119.24
2823,1394,1007,206,1565.6,948.76
2824,1395,1013,259,12413.87,492.34
2825,1395,1019,212,51244.64,1418.04
2826,1395,1011,40,3049.6,145.21
2827,1396,1037,539,189005.74,12606.78
2828,1396,1037,429,150433.14,8412.17
2829,1397,1004,92,651.36,891.14
2830,1397,1038,68,13747.56,181.87
2831,1398,1040,25,9633.25,32.91
2832,1398,1011,515,39263.6,2735.69
2833,1399,1030,124,17874.6,8876.3
2834,1400,1016,37,1303.51,4.17
2835,1400,1018,466,58869.78,1166.69
2836,1401,1033,325,149181.5,18336.95
2837,1401,1007,43,326.8,1494.6
2838,1402,1022,157,29329.17,7117.89
2839,1402,1039,199,83852.63,7293.87
2840,1403,1035,218,52579.42,1408.14
2841,1403,1010,177,9384.54,14.51
2842,1403,1002,91,892.71,830.79
2843,1404,1007,12,91.2,38.06
2844,1404,1038,215,43466.55,273.65
2845,1405,1029,369,54862.92,773.16
2846,1405,1024,344,41782.24,121.64
2847,1406,1004,77,545.16,423.25
2848,1406,1033,442,202886.84,2348.14
2849,1407,1035,165,39796.35,663.51
2850,1407,1010,62,3287.24,2.89
2851,1407,1005,417,6563.58,2820.89
2852,1408,1017,323,31382.68,1918.18
2853,1408,1011,185,14104.4,1074.64
2854,1408,1034,157,73094.49,621.47
2855,1409,1038,386,78037.62,5259.57
2856,1409,1012,186,12471.3,6130.95
2857,1410,1040,128,49322.24,55.95
2858,1410,1002,238,2334.78,718.74
2859,1410,1035,254,61262.26,774.53
2860,1411,1032,516,154361.4,532.98
2861,1411,1007,537,4081.2,807.88
2862,1412,1018,75,9474.75,3545.94
2863,1412,1031,59,14839.68,3474.08
2864,1413,1011,106,8081.44,561.18
2865,1413,1035,420,101299.8,2831.84
2866,1414,1021,351,49111.92,298.98
2867,1414,1006,282,2329.32,612.09
2868,1414,1033,114,52328.28,545.42
2869,1415,1020,168,27933.36,894.83
2870,1415,1024,297,36073.62,375.36
2871,1415,1036,247,104530.4,312.13
2872,1416,1035,240,57885.6,987.85
2873,1416,1025,192,51613.44,373.59
2874,1417,1010,164,8695.28,118.68
2875,1417,1002,280,2746.8,16173.91
2876,1417,1010,215,11399.3,126.38
2877,1418,1040,248,95561.84,131.27
2878,1418,1037,340,119224.4,345.33
2879,1419,1012,24,1609.2,1087.91
2880,1419,1005,100,1574.0,6847.39
2881,1419,1028,257,46738.02,13050.51
2882,1420,1032,102,30513.3,148.98
2883,1421,1031,503,126514.56,2560.69
2884,1421,1038,39,7884.63,67.91
2885,1421,1020,163,27102.01,405.72
2886,1422,1021,145,20288.4,158.34
2887,1422,1040,172,66276.76,162.32
2888,1423,1022,18,3362.58,688.43
2889,1423,1029,325,48321.0,17662.06
2890,1423,1027,51,11449.5,1388.16
2891,1424,1001,186,2691.42,687.42
2892,1424,1021,38,5316.96,88.38
2893,1425,1010,116,6150.32,5.43
2894,1425,1024,82,9959.72,57.98
2895,1425,1037,173,60664.18,281.08
2896,1426,1005,128,2014.72,438.62
2897,1426,1034,398,185296.86,458.64
2898,1427,1023,316,54380.44,102.1
2899,1427,1028,169,30734.34,580.86
2900,1428,1018,150,18949.5,1016.41
2901,1428,1038,152,30729.84,364.47
2902,1428,1019,18,4350.96,135.06
2903,1429,1028,505,91839.3,5360.43
2904,1429,1027,267,59941.5,1321.36
2905,1430,1012,162,10862.1,330.92
2906,1431,1022,197,36801.57,1805.1
2907,1431,1021,44,6156.48,84.91
2908,1431,1008,205,2734.7,1097.86
2909,1432,1025,431,115861.42,663.19
2910,1432,1017,498,48385.68,937.1
2911,1433,1016,259,9124.57,62.11
2912,1433,1018,318,40172.94,2319.99
2913,1434,1034,208,96838.56,203.21
2914,1435,1039,359,151271.83,1027.94
2915,1435,1016,43,1514.89,3.66
2916,1436,1014,186,11078.16,244.26
2917,1437,1022,70,13076.7,2601.43
2918,1437,1024,336,40810.56,1783.97
2919,1437,1011,235,17916.4,5809.98
2920,1438,1038,226,45690.42,189.27
2921,1438,1017,40,3886.4,84.67
2922,1438,1038,229,46296.93,159.17
2923,1439,1013,88,4217.84,119.33
2924,1439,1014,221,13162.76,173.06
2925,1439,1026,97,28413.24,24.92
2926,1440,1029,193,28695.24,715.61
2927,1441,1040,166,63964.78,66.73
2928,1442,1007,144,1094.4,239.52
2929,1442,1010,196,10391.92,5.81
2930,1443,1011,40,3049.6,939.42
2931,1443,1016,198,6975.54,251.31
2932,1443,1008,102,1360.68,2544.11
2933,1444,1034,14,6517.98,48.01
2934,1445,1019,364,87986.08,3636.96
2935,1445,1028,383,69652.38,2863.62
2936,1446,1007,519,3944.4,1566.66
2937,1446,1011,435,33164.4,1540.77
2938,1446,1025,526,141399.32,1340.78
2939,1447,1031,219,55082.88,854.15
2940,1447,1026,251,73522.92,100.45
2941,1447,1012,203,13611.15,362.09
2942,1448,1028,165,30006.9,10710.52
2943,1449,1005,342,5383.08,1450.05
2944,1449,1001,221,3197.87,401.79
2945,1450,1011,383,29199.92,803.39
2946,1450,1035,363,87551.97,853.27
2947,1451,1009,89,6378.63,506.43
2948,1451,1018,252,31835.16,1012.69
2949,1451,1036,164,69404.8,205.16
2950,1452,1009,278,19924.26,1050.07
2951,1453,1003,355,5555.75,14243.96
2952,1453,1007,303,2302.8,7546.85
2953,1453,1034,138,64248.66,2253.19
2954,1454,1037,319,111860.54,376.38
2955,1454,1018,50,6316.5,96.25
2956,1455,1019,34,8218.48,109.15
2957,1456,1020,286,47553.22,1117.43
2958,1456,1003,114,1784.1,800.83
2959,1457,1038,354,71568.18,393.55
2960,1458,1030,193,27820.95,10099.3
2961,1459,1020,190,31591.3,554.31
2962,1460,1029,224,33304.32,8979.79
2963,1460,1025,28,7526.96,749.6
2964,1461,1011,311,23710.64,1495.94
2965,1462,1024,248,30122.08,105.55
2966,1463,1031,72,18109.44,756.25
2967,1463,1009,482,34544.94,5033.6
2968,1464,1006,296,2444.96,1596.24
2969,1465,1001,95,1374.65,267.0
2970,1465,1039,186,78374.82,837.33
2971,1465,1008,304,4055.36,1053.35
2972,1466,1036,71,30047.2,110.71
2973,1466,1037,249,87314.34,641.11
2974,1467,1017,88,8550.08,3209.9
2975,1467,1012,57,3821.85,1622.88
2976,1467,1038,55,11119.35,1030.27
2977,1468,1017,17,1651.72,615.67
2978,1468,1006,266,2197.16,10111.63
2979,1469,1023,71,12218.39,41.7
2980,1469,1001,180,2604.6,570.64
2981,1469,1031,77,19367.04,514.81
2982,1470,1003,123,1924.95,795.91
2983,1471,1020,270,44892.9,6284.98
2984,1471,1001,393,5686.71,12612.41
2985,1472,1016,453,15959.19,117.26
2986,1473,1030,457,65876.55,1477.49
2987,1473,1021,421,58906.32,389.9
2988,1474,1038,317,64087.89,3943.91
2989,1474,1008,547,7296.98,12122.4
2990,1474,1020,275,45724.25,8146.36
2991,1475,1018,91,11496.03,234.85
2992,1476,1004,201,1423.08,728.89
2993,1477,1004,554,3922.32,1577.59
2994,1477,1030,180,25947.0,717.48
2995,1477,1012,288,19310.4,723.8
2996,1478,1040,33,12715.89,23.72
2997,1479,1034,344,160156.08,744.26
2998,1480,1014,164,9767.84,480.63
2999,1480,1014,242,14413.52,510.46
3000,1480,1014,200,11912.0,458.4
3001,1481,1027,527,118311.5,1564.18
3002,1481,1007,151,1147.6,516.13
3003,1482,1035,36,8682.84,290.55
3004,1482,1025,117,31451.94,330.97
3005,1482,1017,33,3206.28,173.24
3006,1483,1019,119,28764.68,1088.29
3007,1484,1009,232,16627.44,13567.86
3008,1484,1016,46,1620.58,77.67
3009,1484,1013,324,15529.32,5681.39
3010,1485,1029,272,40440.96,1207.98
3011,1485,1016,262,9230.26,46.64
3012,1486,1025,237,63710.34,901.02
3013,1486,1003,310,4851.5,2024.62
3014,1486,1022,35,6538.35,240.3
3015,1487,1016,19,669.37,3.03
3016,1487,1030,411,59245.65,2901.64
3017,1487,1033,365,167542.3,2646.55
3018,1488,1002,261,2560.41,2595.15
3019,1488,1040,13,5009.29,14.5
3020,1489,1010,25,1325.5,13.98
3021,1489,1015,376,29309.2,11766.73
3022,1489,1030,62,8937.3,4382.78
3023,1490,1029,107,15908.76,304.71
3024,1491,1027,29,6510.5,135.1
3025,1491,1026,243,71179.56,187.06
3026,1492,1020,112,18622.24,238.46
3027,1493,1004,205,1451.4,1298.91
3028,1494,1012,266,17835.3,501.53
3029,1495,1035,66,15918.54,3429.09
3030,1496,1019,375,90645.0,1041.51
3031,1496,1009,170,12183.9,471.88
3032,1496,1022,325,60713.25,1029.56
3033,1497,1031,96,24145.92,638.15
3034,1497,1001,163,2358.61,480.1
3035,1498,1006,127,1049.02,5204.0
3036,1498,1037,148,51897.68,2729.44
3037,1498,1020,125,20783.75,3607.45
3038,1499,1006,30,247.8,128.84
3039,1499,1023,49,8432.41,21.5
3040,1499,1034,32,14898.24,60.09
3041,1500,1018,270,34109.1,797.18
3042,1501,1003,48,751.2,2448.56
3043,1501,1029,15,2230.2,649.21
3044,1501,1021,53,7415.76,624.25
3045,1502,1026,502,147045.84,2331.59
3046,1502,1032,527,157652.05,7863.24
3047,1503,1025,143,38441.26,2951.05
3048,1504,1002,76,745.56,260.33
3049,1504,1005,171,2691.54,694.99
3050,1504,1022,161,30076.41,467.01
3051,1505,1008,397,5295.98,1948.3
3052,1505,1016,188,6623.24,41.44
3053,1506,1019,187,45201.64,13067.74
3054,1506,1012,126,8448.3,5208.58
3055,1506,1012,237,15890.85,6833.15
3056,1507,1023,53,9120.77,236.85
3057,1507,1011,45,3430.8,1299.86
3058,1507,1030,323,46560.45,19997.26
3059,1508,1017,174,16905.84,457.71
3060,1508,1040,127,48936.91,129.34
3061,1508,1014,280,16676.8,402.69
3062,1509,1012,37,2480.85,101.47
3063,1509,1013,373,17877.89,471.37
3064,1509,1015,222,17304.9,382.16
3065,1510,1021,16,2238.72,37.21
3066,1510,1034,239,111271.23,644.3
3067,1511,1002,353,3462.93,20415.72
3068,1511,1014,295,17570.2,4591.92
3069,1511,1032,99,29615.85,1604.88
3070,1512,1002,138,1353.78,1051.07
3071,1513,1014,81,4824.36,201.85
3072,1513,1027,283,63533.5,1366.63
3073,1513,1031,71,17857.92,583.98
3074,1514,1038,213,43062.21,399.15
3075,1514,1012,97,6503.85,646.8
3076,1515,1009,366,26231.22,15134.27
3077,1515,1017,169,16420.04,4942.82
3078,1516,1032,510,152566.5,8710.18
3079,1516,1019,470,113608.4,31390.81
3080,1516,1009,50,3583.5,2994.38
3081,1517,1032,261,78078.15,449.65
3082,1518,1008,93,1240.62,423.0
3083,1518,1005,253,3982.22,2145.94
3084,1518,1032,35,10470.25,88.9
3085,1519,1037,387,135705.42,406.05
3086,1520,1008,311,4148.74,490.9
3087,1520,1010,237,12565.74,7.88
3088,1521,1022,104,19428.24,436.23
3089,1521,1034,289,134549.73,592.3
3090,1521,1034,146,67973.22,340.81
3091,1522,1009,209,14979.03,1851.54
3092,1522,1019,150,36258.0,1690.94
3093,1522,1017,39,3789.24,199.99
3094,1523,1013,401,19219.93,6351.63
3095,1523,1010,247,13095.94,169.42
3096,1523,1032,147,43975.05,1916.61
3097,1524,1011,441,33621.84,15153.01
3098,1524,1040,385,148352.05,2724.87
3099,1524,1002,177,1736.37,9784.2
3100,1525,1034,142,66110.94,2864.3
3101,1526,1030,97,13982.55,5802.4
3102,1526,1013,148,7093.64,2871.38
3103,1527,1019,204,49310.88,1948.96
3104,1528,1010,140,7422.8,8.06
3105,1528,1033,202,92722.04,1401.23
3106,1528,1023,52,8948.68,24.51
3107,1529,1016,157,5531.11,14.99
3108,1529,1005,285,4485.9,1065.5
3109,1529,1009,64,4586.88,219.55
3110,1530,1033,50,22951.0,2539.46
3111,1530,1019,285,68890.2,18066.06
3112,1530,1034,404,188090.28,10109.56
3113,1531,1036,257,108762.4,2869.85
3114,1532,1011,330,25159.2,999.72
3115,1533,1008,481,6416.54,741.76
3116,1533,1012,128,8582.4,296.7
3117,1533,1027,175,39287.5,249.58
3118,1534,1001,168,2430.96,5966.73
3119,1534,1035,245,59091.55,14634.47
3120,1535,1038,136,27495.12,1933.62
3121,1535,1012,394,26417.7,12930.06
3122,1535,1032,90,26923.5,1258.06
3123,1536,1033,208,95476.16,937.04
3124,1536,1007,339,2576.4,677.33
3125,1537,1019,362,87502.64,26057.9
3126,1537,1002,142,1393.02,8237.84
3127,1538,1021,118,16510.56,169.09
3128,1538,1028,288,52375.68,1280.51
3129,1538,1013,205,9825.65,364.68
3130,1539,1027,152,34124.0,688.76
3131,1539,1005,143,2250.82,1538.43
3132,1540,1006,382,3155.32,18569.59
3133,1541,1007,480,3648.0,2021.36
3134,1542,1008,23,306.82,70.07
3135,1543,1007,128,972.8,3109.81
3136,1543,1024,271,32915.66,1579.18
3137,1543,1010,196,10391.92,99.85
3138,1544,1005,338,5320.12,1431.8
3139,1545,1025,234,62903.88,586.17
3140,1546,1017,358,34783.28,816.5
3141,1546,1035,341,82245.79,877.0
3142,1546,1002,128,1255.68,489.41
3143,1547,1016,199,7010.77,15.65
3144,1548,1020,398,66175.46,654.93
3145,1549,1007,334,2538.4,526.95
3146,1550,1037,142,49793.72,400.87
3147,1551,1008,188,2507.92,5188.35
3148,1551,1010,86,4559.72,52.83
3149,1552,1017,518,50328.88,3000.07
3150,1553,1034,89,41435.73,113.86
3151,1553,1012,300,20115.0,579.41
3152,1554,1021,78,10913.76,206.68
3153,1554,1007,512,3891.2,2108.28
3154,1555,1034,322,149913.54,1136.17
3155,1555,1004,467,3306.36,4084.66
3156,1555,1028,15,2727.9,157.81
3157,1556,1008,339,4522.26,1072.44
3158,1556,1021,333,46593.36,501.03
3159,1556,1012,63,4224.15,280.61
3160,1557,1020,225,37410.75,725.38
3161,1557,1021,41,5736.72,53.53
3162,1557,1014,372,22156.32,603.42
3163,1558,1035,135,32560.65,898.31
3164,1559,1017,317,30799.72,737.04
3165,1559,1022,151,28208.31,380.29
3166,1559,1013,280,13420.4,275.82
3167,1560,1037,408,143069.28,1229.72
3168,1561,1008,305,4068.7,9481.78
3169,1562,1039,471,198465.27,26531.15
3170,1562,1002,95,931.95,4652.14
3171,1563,1025,117,31451.94,241.35
3172,1563,1026,50,14646.0,30.93
3173,1563,1040,163,62808.79,110.55
3174,1564,1015,217,16915.15,489.26
3175,1564,1016,417,14690.91,43.3
3176,1564,1039,417,175711.29,1040.16
3177,1565,1040,24,9247.92,37.36
3178,1565,1016,148,5214.04,32.06
3179,1566,1011,362,27598.88,676.7
3180,1566,1023,387,66598.83,106.7
3181,1566,1013,196,9394.28,221.5
3182,1567,1025,222,59678.04,252.73
3183,1568,1019,200,48344.0,13095.75
3184,1568,1022,379,70800.99,16724.82
3185,1569,1019,397,95962.84,2388.51
3186,1569,1015,161,12549.95,487.33
3187,1570,1035,240,57885.6,1006.44
3188,1571,1034,383,178313.31,1432.69
3189,1572,1007,154,1170.4,582.04
3190,1572,1011,238,18145.12,706.54
3191,1572,1035,348,83934.12,1391.54
3192,1573,1011,189,14409.36,634.07
3193,1573,1004,192,1359.36,1282.97
3194,1573,1040,177,68203.41,124.57
3195,1574,1007,298,2264.8,9645.83
3196,1575,1002,242,2374.02,1318.65
3197,1575,1031,337,84762.24,1762.24
3198,1575,1024,326,39595.96,253.37
3199,1576,1039,17,7163.29,48.22
3200,1576,1019,291,70340.52,998.67
3201,1577,1038,220,44477.4,217.82
3202,1578,1024,161,19555.06,157.67
3203,1579,1014,242,14413.52,721.96
3204,1579,1022,190,35493.9,1511.86
3205,1580,1008,137,1827.58,262.21
3206,1580,1026,147,43059.24,57.64
3207,1580,1034,166,77284.62,166.68
3208,1581,1019,275,66473.0,14955.49
3209,1581,1015,203,15823.85,8812.08
3210,1581,1025,34,9139.88,943.67
3211,1582,1018,206,26023.98,945.67
3212,1582,1002,375,3678.75,1785.51
3213,1582,1010,150,7953.0,8.76
3214,1583,1038,47,9501.99,839.25
3215,1584,1022,185,34559.85,1483.31
3216,1584,1028,60,10911.6,535.33
3217,1585,1022,49,9153.69,121.46
3218,1586,1037,204,71534.64,4360.98
3219,1586,1023,220,37859.8,1242.3
3220,1587,1024,305,37045.3,416.33
3221,1587,1001,461,6670.67,2356.42
3222,1588,1026,13,3807.96,62.06
3223,1588,1036,149,63056.8,1359.54
3224,1588,1023,146,25125.14,641.66
3225,1589,1037,330,115717.8,744.97
3226,1589,1027,303,68023.5,719.78
3227,1590,1025,192,51613.44,280.29
3228,1591,1003,346,5414.9,1589.52
3229,1592,1034,285,132687.45,458.8
3230,1593,1036,383,162085.6,4565.26
3231,1593,1014,154,9172.24,1915.96
3232,1593,1038,379,76622.43,4787.97
3233,1594,1028,96,17458.56,514.21
3234,1594,1004,89,630.12,452.35
3235,1594,1023,64,11013.76,34.36
3236,1595,1038,460,92998.2,402.16
3237,1595,1016,161,5672.03,15.74
3238,1596,1015,29,2260.55,946.91
3239,1596,1023,215,36999.35,1259.06
3240,1596,1024,121,14696.66,968.28
3241,1597,1007,15,114.0,536.9
3242,1598,1021,18,2518.56,17.81
3243,1599,1036,28,11849.6,34.15
3244,1600,1034,151,70301.07,504.64
3245,1600,1036,190,80408.0,336.2
3246,1601,1002,102,1000.62,4652.23
3247,1602,1001,164,2373.08,300.35
3248,1602,1014,148,8814.88,130.2
3249,1602,1013,94,4505.42,139.7
3250,1603,1011,197,15019.28,660.53
3251,1604,1012,159,10660.95,6225.15
3252,1604,1018,296,37393.68,9840.21
3253,1605,1004,117,828.36,780.39
3254,1606,1012,118,7911.9,515.45
3255,1606,1027,189,42430.5,522.5
3256,1607,1010,339,17973.78,10.72
3257,1607,1022,230,42966.3,547.06
3258,1608,1013,227,10880.11,381.3
3259,1609,1029,378,56201.04,15284.09
3260,1610,1013,317,15193.81,7358.68
3261,1610,1021,114,15950.88,1228.84
3262,1611,1037,388,136056.08,7974.71
3263,1612,1040,17,6550.61,25.86
3264,1613,1022,401,74910.81,17882.47
3265,1614,1011,384,29276.16,1408.31
3266,1615,1010,50,2651.0,5.85
3267,1616,1020,345,57363.15,11964.52
3268,1616,1017,166,16128.56,6744.14
3269,1616,1035,390,94064.1,19589.66
3270,1617,1026,213,62391.96,105.21
3271,1617,1002,112,1098.72,610.99
3272,1618,1033,219,100525.38,2058.43
3273,1618,1033,138,63344.76,1221.37
3274,1618,1024,70,8502.2,85.43
3275,1619,1004,282,1996.56,1348.38
3276,1619,1027,449,100800.5,1545.82
3277,1619,1013,449,21520.57,747.43
3278,1620,1020,123,20451.21,288.06
3279,1621,1013,113,5416.09,212.8
3280,1621,1016,216,7609.68,28.17
3281,1622,1007,201,1527.6,767.35
3282,1622,1032,147,43975.05,410.77
3283,1622,1018,235,29687.55,1514.42
3284,1623,1039,224,94386.88,11569.39
3285,1623,1014,345,20548.2,5364.13
3286,1624,1028,161,29279.46,8962.17
3287,1624,1028,189,34371.54,12636.18
3288,1625,1007,186,1413.6,6351.42
3289,1625,1008,265,3535.1,9051.45
3290,1625,1031,230,57849.6,12922.02
3291,1626,1003,176,2754.4,463.73
3292,1626,1009,53,3798.51,151.3
3293,1626,1040,185,71286.05,102.68
3294,1627,1008,292,3895.28,838.16
3295,1628,1005,322,5068.28,1367.75
3296,1628,1011,362,27598.88,511.6
3297,1629,1033,282,129443.64,1823.03
3298,1629,1007,388,2948.8,1292.05
3299,1630,1003,329,5148.85,974.87
3300,1630,1036,68,28777.6,32.62
3301,1630,1001,305,4413.35,519.38
3302,1631,1015,150,11692.5,401.21
3303,1631,1023,160,27534.4,47.35
3304,1632,1022,309,57724.29,12889.1
3305,1633,1020,201,33420.27,371.03
3306,1634,1031,325,81744.0,2440.66
3307,1634,1002,370,3629.7,2432.54
3308,1635,1022,239,44647.59,1334.01
3309,1635,1015,394,30712.3,1227.81
3310,1635,1019,144,34807.68,1009.74
3311,1636,1022,42,7846.02,153.1
3312,1637,1029,323,48023.64,756.82
3313,1637,1015,393,30634.35,1058.42
3314,1637,1031,127,31943.04,371.69
3315,1638,1019,195,47135.4,632.51
3316,1639,1002,368,3610.08,1222.81
3317,1639,1019,54,13052.88,196.97
3318,1640,1022,204,38109.24,1306.43
3319,1640,1014,233,13877.48,475.45
3320,1640,1008,151,2014.34,597.28
3321,1641,1014,27,1608.12,24.96
3322,1641,1029,76,11299.68,155.21
3323,1641,1030,121,17442.15,499.31
3324,1642,1026,81,23726.52,86.74
3325,1643,1037,33,11571.78,110.26
3326,1643,1034,37,17226.09,129.02
3327,1644,1007,362,2751.2,936.35
3328,1645,1009,289,20712.63,1958.22
3329,1646,1033,188,86295.76,13104.8
3330,1647,1013,57,2732.01,57.9
3331,1647,1033,51,23410.02,184.72
3332,1648,1003,66,1032.9,233.63
3333,1648,1006,28,231.28,139.97
3334,1649,1025,277,74463.14,429.2
3335,1649,1036,376,159123.2,213.65
3336,1649,1006,537,4435.62,1517.55
3337,1650,1034,174,81009.18,361.17
3338,1651,1012,172,11532.6,6248.35
3339,1652,1026,42,12302.64,16.93
3340,1652,1003,118,1846.7,362.98
3341,1653,1002,480,4708.8,1526.15
3342,1654,1036,51,21583.2,56.74
3343,1654,1005,407,6406.18,2817.09
3344,1655,1009,189,13545.63,1265.87
3345,1655,1030,172,24793.8,1326.67
3346,1655,1031,171,43009.92,1155.1
3347,1656,1006,36,297.36,1833.07
3348,1657,1026,134,39251.28,83.5
3349,1658,1012,266,17835.3,1410.78
3350,1658,1015,103,8028.85,656.34
3351,1659,1021,215,30082.8,196.93
3352,1659,1018,84,10611.72,232.88
3353,1659,1004,117,828.36,420.35
3354,1660,1016,505,17791.15,149.59
3355,1660,1036,37,15658.4,62.12
3356,1660,1019,408,98621.76,4468.05
3357,1661,1033,267,122558.34,2324.86
3358,1662,1002,374,3668.94,2223.24
3359,1662,1002,225,2207.25,1126.55
3360,1663,1025,284,76344.88,7643.91
3361,1663,1030,227,32722.05,11413.58
3362,1663,1020,225,37410.75,5145.79
3363,1664,1038,118,23856.06,1506.81
3364,1665,1013,40,1917.2,81.18
3365,1665,1040,125,48166.25,92.48
3366,1665,1029,77,11448.36,357.86
3367,1666,1013,62,2971.66,1312.94
3368,1666,1024,359,43604.14,2651.38
3369,1666,1020,546,90783.42,19578.34
3370,1667,1013,229,10975.97,209.78
3371,1667,1035,441,106364.79,1327.12
3372,1668,1009,218,15624.06,1102.58
3373,1668,1017,461,44790.76,1879.1
3374,1669,1023,315,54208.35,230.48
3375,1669,1034,57,26537.49,160.12
3376,1669,1032,278,83163.7,584.7
3377,1670,1006,211,1742.86,11116.91
3378,1671,1031,278,69922.56,2877.93
3379,1671,1031,50,12576.0,529.68
3380,1671,1001,375,5426.25,1757.98
3381,1672,1022,498,93031.38,1248.09
3382,1672,1031,355,89289.6,1355.7
3383,1672,1026,214,62684.88,60.14
3384,1673,1032,386,115471.9,409.53
3385,1673,1036,235,99452.0,120.99
3386,1674,1020,495,82303.65,12463.04
3387,1675,1011,390,29733.6,1090.36
3388,1675,1009,107,7668.69,538.57
3389,1675,1034,181,84268.17,408.24
3390,1676,1028,209,38008.74,13585.06
3391,1676,1018,195,24634.35,7032.44
3392,1677,1027,229,51410.5,1216.67
3393,1677,1003,115,1799.75,698.94
3394,1677,1023,342,58854.78,328.91
3395,1678,1023,320,55068.8,87.99
3396,1678,1019,516,124727.52,1478.34
3397,1679,1016,164,5777.72,52.07
3398,1680,1010,54,2863.08,1.89
3399,1681,1033,375,172132.5,25046.04
3400,1681,1023,74,12734.66,509.52
3401,1681,1038,189,38210.13,2686.09
3402,1682,1034,18,8380.26,39.28
3403,1682,1012,101,6772.05,386.88
3404,1683,1026,408,119511.36,1859.9
3405,1683,1013,16,766.88,310.76
3406,1683,1011,186,14180.64,4541.73
3407,1684,1018,396,50026.68,766.0
3408,1684,1016,299,10533.77,24.4
3409,1684,1004,22,155.76,57.83
3410,1685,1036,155,65596.0,122.53
3411,1685,1038,362,73185.54,445.65
3412,1686,1031,37,9306.24,2467.14
3413,1686,1038,107,21632.19,1446.0
3414,1687,1030,154,22199.1,961.69
3415,1687,1025,323,86828.86,871.2
3416,1688,1021,363,50790.96,241.39
3417,1688,1013,72,3450.96,97.42
3418,1688,1003,140,2191.0,308.75
3419,1689,1039,235,99021.95,1269.47
3420,1689,1015,135,10523.25,532.37
3421,1689,1011,227,17306.48,786.72
3422,1690,1040,196,75524.68,85.91
3423,1690,1015,41,3195.95,96.1
3424,1691,1023,300,51627.0,1773.1
3425,1692,1019,392,94754.24,2609.95
3426,1692,1024,217,26356.82,139.7
3427,1693,1010,134,7104.68,13.37
3428,1693,1022,115,21483.15,1066.29
3429,1694,1031,252,63383.04,1075.96
3430,1694,1029,154,22896.72,764.39
3431,1694,1028,104,18913.44,669.64
3432,1695,1033,155,71148.1,1427.67
3433,1695,1032,152,45470.8,427.42
3434,1696,1028,177,32189.22,496.18
3435,1696,1008,92,1227.28,190.31
3436,1696,1009,313,22432.71,1039.7
3437,1697,1015,153,11926.35,389.29
3438,1698,1031,523,131544.96,31327.83
3439,1698,1022,116,21669.96,5766.0
3440,1699,1029,306,45496.08,10437.33
3441,1699,1012,323,21657.15,11215.82
3442,1699,1006,67,553.42,3270.05
3443,1700,1034,166,77284.62,3963.12
3444,1700,1006,242,1998.92,9679.83
3445,1701,1032,42,12564.3,135.73
3446,1702,1001,399,5773.53,1043.54
3447,1702,1013,129,6182.97,286.66
3448,1703,1035,410,98887.9,1405.84
3449,1703,1026,387,113360.04,108.33
3450,1703,1026,168,49210.56,59.55
3451,1704,1015,296,23073.2,970.68
3452,1704,1026,148,43352.16,70.8
3453,1704,1002,273,2678.13,1361.68
3454,1705,1012,351,23534.55,791.43
3455,1706,1019,36,8701.92,214.19
3456,1706,1032,12,3589.8,23.36
3457,1706,1031,74,18612.48,497.2
3458,1707,1038,15,3032.55,13.44
3459,1708,1008,108,1440.72,283.99
3460,1709,1035,65,15677.35,3598.62
3461,1709,1039,143,60255.91,6972.03
3462,1709,1033,161,73902.22,10118.99
3463,1710,1013,394,18884.42,1399.19
3464,1710,1019,358,86535.76,3539.91
3465,1711,1013,222,10640.46,5283.89
3466,1712,1040,28,10789.24,13.62
3467,1713,1004,162,1146.96,9805.49
3468,1714,1023,95,16348.55,39.2
3469,1715,1008,203,2708.02,652.22
3470,1715,1033,156,71607.12,1113.1
3471,1716,1033,210,96394.2,991.0
3472,1716,1032,86,25726.9,87.53
3473,1716,1028,139,25278.54,411.02
3474,1717,1036,67,28354.4,55.18
3475,1717,1025,324,87097.68,730.46
3476,1718,1001,153,2213.91,479.31
3477,1718,1028,159,28915.74,838.3
3478,1718,1031,72,18109.44,416.16
3479,1719,1001,135,1953.45,351.15
3480,1719,1025,281,75538.42,512.54
3481,1719,1038,96,19408.32,173.78
3482,1720,1034,174,81009.18,695.02
3483,1721,1016,270,9512.1,21.77
3484,1721,1008,174,2321.16,371.58
3485,1721,1034,79,36780.03,81.51
3486,1722,1020,360,59857.2,1070.79
3487,1723,1027,146,32777.0,286.36
3488,1723,1008,397,5295.98,796.49
3489,1724,1001,72,1041.84,130.08
3490,1724,1004,380,2690.4,1176.17
3491,1724,1010,66,3499.32,2.65
3492,1725,1019,227,54870.44,2269.34
3493,1725,1036,165,69828.0,207.68
3494,1725,1025,340,91398.8,1017.34
3495,1726,1013,193,9250.49,683.33
3496,1726,1035,28,6753.32,217.61
3497,1727,1022,96,17933.76,3761.87
3498,1727,1038,122,24664.74,2037.73
3499,1728,1028,40,7274.4,1841.7
3500,1728,1024,182,22105.72,1487.26
3501,1729,1035,204,49202.76,1208.2
3502,1729,1006,67,553.42,363.23
3503,1730,1021,340,47572.8,319.51
3504,1730,1025,39,10483.98,43.02
3505,1731,1027,36,8082.0,94.73
3506,1731,1009,314,22504.38,1546.02
3507,1732,1039,261,109977.57,2068.52
3508,1732,1016,386,13598.78,98.32
3509,1732,1030,41,5910.15,443.69
3510,1733,1032,385,115172.75,749.16
3511,1734,1020,326,54204.02,573.44
3512,1734,1014,51,3037.56,47.27
3513,1735,1011,77,5870.48,404.68
3514,1735,1014,131,7802.36,325.59
3515,1736,1013,316,15145.88,569.45
3516,1737,1020,367,61021.09,563.97
3517,1738,1021,290,40576.8,3911.23
3518,1739,1030,49,7063.35,442.21
3519,1739,1020,215,35748.05,1203.44
3520,1740,1022,280,52306.8,1103.01
3521,1740,1003,140,2191.0,549.2
3522,1741,1002,256,2511.36,12767.21
3523,1741,1019,262,63330.64,11946.61
3524,1741,1002,122,1196.82,4854.62
3525,1742,1026,357,104572.44,135.03
3526,1742,1013,270,12941.1,266.55
3527,1742,1015,377,29387.15,850.39
3528,1743,1037,136,47689.76,2387.3
3529,1743,1028,198,36008.28,12852.94
3530,1743,1038,383,77431.11,5295.02
3531,1744,1026,218,63856.56,76.5
3532,1744,1011,299,22795.76,658.36
3533,1745,1011,357,27217.68,757.17
3534,1745,1026,53,15524.76,19.94
3535,1746,1027,347,77901.5,1979.56
3536,1746,1031,363,91301.76,3018.6
3537,1746,1038,399,80665.83,936.51
3538,1747,1035,169,40761.11,8289.84
3539,1747,1008,90,1200.6,2502.1
3540,1748,1028,218,39645.48,11114.85
3541,1749,1040,359,138333.47,2574.69
3542,1749,1034,49,22812.93,886.7
3543,1749,1029,361,53673.48,16020.11
3544,1750,1014,162,9648.72,374.93
3545,1750,1001,144,2083.68,548.91
3546,1750,1032,291,87052.65,745.21
3547,1751,1020,358,59524.66,771.31
3548,1751,1026,85,24898.2,23.59
3549,1751,1030,85,12252.75,267.01
3550,1752,1016,93,3276.39,144.73
3551,1752,1033,70,32131.4,4512.2
3552,1752,1039,330,139052.1,15981.52
3553,1753,1023,393,67631.37,347.03
3554,1753,1015,107,8340.65,718.21
3555,1753,1002,77,755.37,636.93
3556,1754,1032,332,99317.8,458.73
3557,1755,1009,30,2150.1,125.87
3558,1755,1002,255,2501.55,1039.69
3559,1755,1036,79,33432.8,90.02
3560,1756,1019,256,61880.32,2079.59
3561,1756,1036,29,12272.8,41.5
3562,1757,1034,285,132687.45,7026.47
3563,1758,1033,98,44983.96,524.21
3564,1758,1035,379,91411.01,1819.66
3565,1759,1007,309,2348.4,631.2
3566,1759,1017,204,19820.64,393.64
3567,1760,1040,275,105965.75,2701.1
3568,1760,1031,332,83504.64,15046.59
3569,1760,1033,140,64262.8,7290.65
3570,1761,1016,375,13211.25,84.12
3571,1761,1027,140,31430.0,725.41
3572,1761,1016,314,11062.22,78.09
3573,1762,1008,61,813.74,178.16
3574,1762,1001,393,5686.71,1268.92
3575,1762,1007,376,2857.6,1070.99
3576,1763,1014,392,23347.52,284.6
3577,1763,1017,96,9327.36,157.07
3578,1763,1020,206,34251.62,379.67
3579,1764,1028,100,18186.0,769.62
3580,1765,1008,178,2374.52,295.44
3581,1766,1017,70,6801.2,384.76
3582,1766,1005,435,6846.9,3120.37
3583,1767,1031,354,89038.08,968.02
3584,1767,1001,119,1721.93,220.56
3585,1767,1016,360,12682.8,28.5
3586,1768,1025,100,26882.0,356.84
3587,1768,1035,506,122042.14,3790.31
3588,1769,1012,318,21321.9,1706.16
3589,1770,1002,428,4198.68,2651.41
3590,1771,1027,217,48716.5,7655.33
3591,1771,1010,282,14951.64,168.41
3592,1771,1011,148,11283.52,4697.48
3593,1772,1034,67,31193.19,119.15
3594,1773,1006,340,2808.4,1249.4
3595,1773,1005,46,724.04,258.09
3596,1773,1016,273,9617.79,48.11
3597,1774,1032,501,149874.15,542.92
3598,1775,1012,152,10191.6,4869.49
3599,1775,1039,347,146215.39,16369.78
3600,1775,1007,214,1626.4,6475.67
3601,1776,1014,384,22871.04,393.22
3602,1776,1031,142,35715.84,469.21
3603,1777,1027,368,82616.0,1303.37
3604,1778,1036,51,21583.2,427.36
3605,1778,1035,102,24601.38,4157.78
3606,1778,1013,223,10688.39,5506.68
3607,1779,1022,365,68185.65,13534.48
3608,1780,1031,408,102620.16,1328.18
3609,1781,1017,260,25261.6,9761.27
3610,1781,1025,335,90054.7,6015.78
3611,1781,1023,82,14111.38,543.0
3612,1782,1010,384,20359.68,188.4
3613,1782,1019,266,64297.52,15243.43
3614,1782,1002,322,3158.82,18554.29
3615,1783,1015,154,12004.3,1116.12
3616,1784,1008,196,2614.64,412.36
3617,1784,1021,172,24066.24,112.67
3618,1784,1033,284,130361.68,1350.15
3619,1785,1007,266,2021.6,405.68
3620,1785,1026,351,102814.92,121.64
3621,1786,1005,164,2581.36,8641.41
3622,1786,1014,33,1965.48,408.43
3623,1786,1004,259,1833.72,13582.83
3624,1787,1038,302,61055.34,3539.99
3625,1788,1023,170,29255.3,1128.84
3626,1788,1012,397,26618.85,16365.58
3627,1789,1009,76,5446.92,535.61
3628,1789,1039,382,160963.34,2384.82
3629,1789,1033,45,20655.9,457.9
3630,1790,1003,111,1737.15,269.73
3631,1790,1026,103,30170.76,41.12
3632,1790,1028,212,38554.32,557.47
3633,1791,1034,348,162018.36,486.55
3634,1791,1033,182,83541.64,598.15
3635,1791,1022,17,3175.77,48.85
3636,1792,1019,152,36741.44,762.18
3637,1792,1006,66,545.16,309.93
3638,1793,1034,154,71697.78,234.68
3639,1793,1026,285,83482.2,108.63
3640,1794,1011,341,25997.84,1187.76
3641,1794,1034,285,132687.45,563.05
3642,1795,1032,501,149874.15,9419.88
3643,1795,1018,271,34235.43,12080.5
3644,1795,1038,47,9501.99,800.95
3645,1796,1011,90,6861.6,130.14
3646,1796,1019,351,84843.72,1127.47
3647,1797,1038,379,76622.43,1026.36
3648,1798,1018,95,12001.35,305.3
3649,1799,1005,496,7807.04,1992.01
3650,1800,1038,232,46903.44,591.69
3651,1801,1007,182,1383.2,308.07
3652,1802,1035,219,52820.61,1021.06
3653,1803,1016,286,10075.78,22.98
3654,1803,1028,275,50011.5,831.67
3655,1803,1013,81,3882.33,101.2
3656,1804,1012,177,11867.85,6696.13
3657,1804,1017,293,28467.88,10100.63
3658,1804,1011,186,14180.64,4461.36
3659,1805,1008,173,2307.82,5128.48
3660,1806,1029,176,26167.68,463.11
3661,1806,1008,132,1760.88,250.61
3662,1807,1005,236,3714.64,1461.6
3663,1807,1002,147,1442.07,604.13
3664,1807,1003,94,1471.1,365.82
3665,1808,1028,306,55649.16,17620.12
3666,1808,1011,10,762.4,261.5
3667,1809,1022,132,24658.92,1103.03
3668,1809,1014,201,11971.56,462.64
3669,1810,1014,33,1965.48,83.95
3670,1811,1017,172,16711.52,6213.45
3671,1811,1021,176,24625.92,2789.17
3672,1811,1003,55,860.75,2051.44
3673,1812,1002,63,618.03,471.58
3674,1813,1012,210,14080.5,1529.87
3675,1813,1023,510,87765.9,540.83
3676,1813,1005,82,1290.68,944.44
3677,1814,1025,354,95162.28,7802.98
3678,1814,1002,357,3502.17,18418.5
3679,1814,1025,303,81452.46,8259.56
3680,1815,1007,214,1626.4,606.09
3681,1815,1014,262,15604.72,322.13
3682,1816,1021,351,49111.92,821.41
3683,1816,1028,368,66924.48,3306.12
3684,1817,1005,163,2565.62,641.9
3685,1817,1020,29,4821.83,51.66
3686,1818,1015,83,6469.85,201.29
3687,1819,1015,210,16369.5,1280.88
3688,1819,1005,228,3588.72,2337.13
3689,1820,1020,64,10641.28,2137.91
3690,1821,1034,116,54006.12,360.08
3691,1821,1004,239,1692.12,2460.03
3692,1822,1034,251,116858.07,934.12
3693,1822,1026,215,62977.8,150.38
3694,1823,1025,25,6720.5,666.48
3695,1824,1033,222,101902.44,959.3
3696,1825,1025,13,3494.66,227.58
3697,1825,1001,177,2561.19,5253.18
3698,1825,1020,193,32090.11,6267.51
3699,1826,1037,301,105548.66,355.82
3700,1827,1012,35,2346.75,213.85
3701,1827,1024,208,25263.68,207.04
3702,1828,1004,16,113.28,130.31
3703,1828,1037,217,76093.22,741.33
3704,1828,1017,163,15837.08,851.37
3705,1829,1038,39,7884.63,80.27
3706,1830,1025,298,80108.36,319.06
3707,1830,1036,136,57555.2,97.84
3708,1831,1027,141,31654.5,662.77
3709,1831,1021,309,43235.28,597.18
3710,1831,1038,126,25473.42,257.73
3711,1832,1001,100,1447.0,3098.87
3712,1832,1015,333,25957.35,9592.2
3713,1833,1005,272,4281.28,1092.89
3714,1833,1020,266,44227.82,395.71
3715,1834,1023,181,31148.29,162.75
3716,1834,1027,59,13245.5,350.61
3717,1834,1020,89,14798.03,358.32
3718,1835,1036,271,114687.2,306.24
3719,1836,1030,370,53335.5,1479.72
3720,1836,1035,42,10129.98,152.54
3721,1837,1015,305,23774.75,1611.03
3722,1837,1021,446,62404.32,1027.98
3723,1837,1038,418,84507.06,1111.39
3724,1838,1008,82,1093.88,252.9
3725,1838,1018,123,15538.59,590.46
3726,1839,1011,304,23176.96,916.04
3727,1839,1023,155,26673.95,96.4
3728,1839,1007,141,1071.6,388.78
3729,1840,1017,533,51786.28,1915.81
3730,1841,1025,288,77420.16,1063.49
3731,1841,1025,257,69086.74,901.22
3732,1841,1039,159,66997.83,1279.41
3733,1842,1038,108,21834.36,257.12
3734,1843,1018,84,10611.72,623.55
3735,1844,1009,232,16627.44,2388.98
3736,1844,1038,203,41040.51,573.61
3737,1844,1020,79,13135.33,319.55
3738,1845,1015,66,5144.7,203.03
3739,1845,1028,162,29461.32,870.68
3740,1845,1027,71,15939.5,237.09
3741,1846,1038,292,59033.64,724.06
3742,1847,1038,339,68535.63,5581.96
3743,1847,1040,325,125232.25,2465.37
3744,1847,1019,48,11602.56,2491.03
3745,1848,1023,201,34590.09,183.83
3746,1848,1036,134,56708.8,235.83
3747,1848,1030,19,2738.85,222.57
3748,1849,1018,40,5053.2,182.24
3749,1849,1004,138,977.04,870.09
3750,1849,1017,17,1651.72,62.74
3751,1850,1007,484,3678.4,1268.07
3752,1850,1027,112,25144.0,357.08
3753,1850,1027,254,57023.0,743.77
3754,1851,1029,20,2973.6,140.45
3755,1851,1007,121,919.6,682.59
3756,1852,1024,482,58543.72,386.26
3757,1853,1029,139,20666.52,6128.55
3758,1853,1025,81,21774.42,2069.44
3759,1854,1021,326,45613.92,3807.61
3760,1854,1026,53,15524.76,310.14
3761,1854,1002,394,3865.14,20084.13
3762,1855,1037,217,76093.22,280.73
3763,1855,1026,23,6737.16,6.8
3764,1855,1036,58,24545.6,43.34
3765,1856,1002,342,3355.02,16699.98
3766,1856,1008,37,493.58,1019.2
3767,1857,1021,551,77095.92,6681.84
3768,1857,1027,296,66452.0,11327.31
3769,1857,1039,44,18540.28,2414.25
3770,1858,1011,315,24015.6,764.37
3771,1859,1036,494,209060.8,584.07
3772,1859,1025,155,41667.1,420.0
3773,1859,1026,26,7615.92,11.96
3774,1860,1006,155,1280.3,1112.74
3775,1861,1009,197,14118.99,1079.62
3776,1862,1005,231,3635.94,13323.46
3777,1862,1014,79,4705.24,1494.66
3778,1863,1027,277,62186.5,9327.72
3779,1864,1026,121,35443.32,112.17
3780,1864,1015,102,7950.9,478.9
3781,1865,1039,289,121775.93,15694.06
3782,1865,1007,91,691.6,3134.19
3783,1866,1034,183,85199.31,401.11
3784,1866,1014,16,952.96,22.84
3785,1867,1028,204,37099.44,10355.17
3786,1867,1027,154,34573.0,5449.79
3787,1867,1016,135,4756.05,272.02
3788,1868,1038,141,28505.97,419.06
3789,1869,1040,93,35835.69,114.37
3790,1869,1021,324,45334.08,804.47
3791,1870,1011,129,9834.96,3759.29
3792,1871,1033,175,80328.5,577.24
3793,1872,1026,128,37493.76,753.97
3794,1872,1028,17,3091.62,910.54
3795,1873,1006,254,2098.04,12853.06
3796,1874,1037,149,52248.34,258.35
3797,1875,1013,29,1389.97,80.59
3798,1875,1028,51,9274.86,494.83
3799,1875,1001,399,5773.53,1986.31
3800,1876,1003,373,5837.45,2551.03
3801,1877,1001,546,7900.62,2813.67
3802,1877,1031,496,124753.92,4692.93
3803,1878,1006,288,2378.88,2157.16
3804,1878,1014,211,12567.16,645.53
3805,1878,1014,268,15962.08,618.79
3806,1879,1032,397,118762.55,810.0
3807,1879,1006,331,2734.06,1415.01
3808,1879,1032,350,104702.5,656.06
3809,1880,1032,306,91539.9,584.93
3810,1880,1003,373,5837.45,1489.9
3811,1880,1030,98,14126.7,702.15
3812,1881,1037,30,10519.8,92.74
3813,1881,1020,148,24607.96,713.91
3814,1881,1025,319,85753.58,985.96
3815,1882,1037,65,22792.9,242.69
3816,1882,1027,108,24246.0,413.16
3817,1883,1007,367,2789.2,1301.31
3818,1883,1032,317,94830.55,538.96
3819,1883,1037,357,125185.62,733.33
3820,1884,1002,328,3217.68,1922.81
3821,1884,1036,200,84640.0,246.18
3822,1884,1015,314,24476.3,1207.55
3823,1885,1037,276,96782.16,343.56
3824,1886,1015,310,24164.5,12094.57
3825,1886,1025,151,40591.82,2655.44
3826,1887,1017,31,3011.96,100.5
3827,1888,1039,110,46350.7,282.94
3828,1888,1022,261,48757.41,801.9
3829,1888,1039,155,65312.35,509.54
3830,1889,1028,268,48738.48,2709.54
3831,1889,1007,260,1976.0,985.16
3832,1890,1008,182,2427.88,560.69
3833,1890,1012,101,6772.05,326.37
3834,1891,1037,7,2454.62,157.47
3835,1891,1036,13,5501.6,101.88
3836,1891,1029,210,31222.8,10789.4
3837,1892,1001,208,3009.76,749.85
3838,1892,1005,347,5461.78,3666.6
3839,1893,1010,233,12353.66,22.86
3840,1894,1006,24,198.24,200.33
3841,1895,1012,21,1408.05,601.73
3842,1896,1004,166,1175.28,1065.11
3843,1897,1038,540,109171.8,945.11
3844,1898,1022,46,8593.26,135.82
3845,1898,1033,232,106492.64,1116.87
3846,1898,1020,65,10807.55,132.87
3847,1899,1017,45,4372.2,96.82
3848,1899,1007,363,2758.8,832.23
3849,1899,1035,387,93340.53,905.96
3850,1900,1034,230,107081.1,3780.35
3851,1900,1001,110,1591.7,2705.22
3852,1901,1031,334,84007.68,21052.9
3853,1901,1001,20,289.4,505.3
3854,1902,1018,298,37646.34,1093.8
3855,1902,1038,349,70557.33,541.01
3856,1902,1014,259,15426.04,324.01
3857,1903,1002,485,4757.85,3564.64
3858,1903,1030,82,11820.3,615.99
3859,1904,1027,62,13919.0,2021.22
3860,1904,1034,55,25606.35,1271.69
3861,1904,1027,107,24021.5,3690.52
3862,1905,1019,7,1692.04,55.56
3863,1905,1007,21,159.6,98.92
3864,1905,1012,141,9454.05,774.32
3865,1906,1028,190,34553.4,9229.57
3866,1906,1023,345,59371.05,1713.01
3867,1907,1028,236,42918.96,13993.14
3868,1908,1023,132,22715.88,54.18
3869,1909,1030,292,42091.8,18582.69
3870,1910,1028,91,16549.26,4994.26
3871,1911,1035,148,35696.12,467.74
3872,1911,1037,539,189005.74,692.14
3873,1912,1022,147,27461.07,434.56
3874,1912,1030,174,25082.1,728.5
3875,1913,1020,110,18289.7,3678.96
3876,1914,1037,522,183044.52,9434.09
3877,1914,1034,467,217421.19,9163.52
3878,1915,1018,172,21728.76,903.08
3879,1915,1007,81,615.6,356.71
3880,1915,1036,109,46128.8,201.9
3881,1916,1010,260,13785.2,150.77
3882,1917,1024,387,47005.02,439.62
3883,1917,1002,373,3659.13,3447.8
3884,1918,1006,110,908.6,298.32
3885,1918,1019,168,40608.96,625.69
3886,1919,1004,512,3624.96,5072.47
3887,1919,1016,372,13105.56,99.77
3888,1920,1020,255,42398.85,8331.27
3889,1920,1035,232,55956.08,11217.17
3890,1920,1036,203,85909.6,2124.29
3891,1921,1027,41,9204.5,72.61
3892,1922,1029,290,43117.2,2001.94
3893,1922,1040,169,65120.77,210.35
3894,1923,1018,114,14401.62,3626.8
3895,1923,1024,171,20769.66,1102.42
3896,1924,1011,180,13723.2,670.6
3897,1924,1018,475,60006.75,1838.15
3898,1925,1008,41,546.94,212.1
3899,1925,1010,232,12300.64,21.49
3900,1926,1040,384,147966.72,172.86
3901,1927,1007,96,729.6,439.1
3902,1927,1020,144,23942.88,791.56
3903,1928,1010,65,3446.3,3.12
3904,1929,1034,537,250011.09,860.07
3905,1929,1013,334,16008.62,646.69
3906,1930,1032,204,61026.6,2780.68
3907,1930,1006,159,1313.34,7675.62
3908,1930,1019,39,9427.08,2120.32
3909,1931,1007,166,1261.6,4423.85
3910,1931,1012,47,3151.35,1827.55
3911,1931,1037,127,44533.82,2998.17
3912,1932,1001,283,4095.01,833.97
3913,1933,1039,83,34973.71,574.5
3914,1933,1009,181,12972.27,1389.76
3915,1933,1006,342,2824.92,2145.72
3916,1934,1009,92,6593.64,5062.98
3917,1934,1022,191,35680.71,9047.37
3918,1935,1005,115,1810.1,1043.23
3919,1935,1004,188,1331.04,1620.77
3920,1936,1009,351,25156.17,2253.16
3921,1936,1020,374,62184.98,1353.89
3922,1937,1024,93,11295.78,689.08
3923,1938,1006,378,3122.28,1010.31
3924,1939,1001,326,4717.22,1039.01
3925,1940,1003,371,5806.15,916.13
3926,1941,1021,341,47712.72,851.03
3927,1941,1008,332,4428.88,1735.34
3928,1941,1004,368,2605.44,2719.13
3929,1942,1039,221,93122.77,1183.13
3930,1943,1024,337,40932.02,271.96
3931,1943,1021,257,35959.44,305.69
3932,1943,1033,302,138624.04,2145.47
3933,1944,1017,153,14865.48,470.1
3934,1945,1030,49,7063.35,156.34
3935,1946,1009,456,32681.52,26835.33
3936,1947,1010,31,1643.62,2.66
3937,1947,1036,168,71097.6,244.15
3938,1948,1028,30,5455.8,1721.95
3939,1949,1017,73,7092.68,149.86
3940,1950,1025,126,33871.32,191.75
3941,1950,1020,353,58693.31,702.88
3942,1950,1033,55,25246.1,239.04
3943,1951,1009,319,22862.73,1641.36
3944,1951,1024,356,43239.76,211.16
3945,1952,1039,116,48878.92,5081.18
3946,1952,1003,24,375.6,973.56
3947,1953,1030,246,35460.9,992.58
3948,1953,1032,289,86454.35,331.95
3949,1953,1002,49,480.69,127.4
3950,1954,1036,234,99028.8,465.07
3951,1954,1032,153,45769.95,317.0
3952,1955,1002,337,3305.97,981.54
3953,1955,1015,80,6236.0,187.23
3954,1955,1006,13,107.38,27.84
3955,1956,1007,550,4180.0,1220.76
3956,1957,1001,389,5628.83,1234.9
3957,1958,1004,250,1770.0,1550.34
3958,1958,1007,525,3990.0,1927.84
3959,1959,1014,35,2084.6,519.86
3960,1959,1026,234,68543.28,1215.57
3961,1959,1015,398,31024.1,17246.97
3962,1960,1009,340,24367.8,3430.09
3963,1961,1003,156,2441.4,507.26
3964,1961,1023,312,53692.08,187.5
3965,1961,1008,103,1374.02,298.8
3966,1962,1030,347,50020.05,3301.31
3967,1963,1014,83,4943.48,1415.93
3968,1964,1022,323,60339.63,2163.05
3969,1964,1010,164,8695.28,19.41
3970,1965,1010,72,3817.44,8.1
3971,1965,1001,178,2575.66,877.46
3972,1966,1025,320,86022.4,7247.77
3973,1966,1009,213,15265.71,12623.76
3974,1966,1040,313,120608.29,2670.33
3975,1967,1028,87,15821.82,375.91
3976,1967,1004,49,346.92,274.64
3977,1968,1033,154,70689.08,11037.19
3978,1968,1019,421,101764.12,28288.85
3979,1968,1023,308,53003.72,1804.11
3980,1969,1029,171,25424.28,542.37
3981,1969,1008,303,4042.02,408.68
3982,1969,1001,302,4369.94,514.57
3983,1970,1018,147,18570.51,303.61
3984,1970,1025,171,45968.22,187.94
3985,1971,1012,230,15421.5,485.89
3986,1972,1034,43,20019.51,742.82
3987,1972,1023,154,26501.86,841.92
3988,1973,1016,362,12753.26,113.44
3989,1973,1034,31,14432.67,84.9
3990,1973,1014,380,22632.8,1032.05
3991,1974,1004,106,750.48,5299.98
3992,1974,1027,94,21103.0,3001.37
3993,1974,1020,85,14132.95,2104.13
3994,1975,1032,39,11666.85,590.91
3995,1975,1002,146,1432.26,8561.18
3996,1975,1036,306,129499.2,2474.06
3997,1976,1036,156,66019.2,1793.62
3998,1977,1036,325,137540.0,361.0
3999,1977,1021,177,24765.84,221.46
4000,1977,1017,388,37698.08,1555.19
4001,1978,1025,75,20161.5,80.32
4002,1978,1010,197,10444.94,6.46
4003,1979,1034,60,27934.2,165.62
4004,1979,1025,137,36828.34,524.1
4005,1979,1003,169,2644.85,1379.92
4006,1980,1001,414,5990.58,2359.79
4007,1980,1018,468,59122.44,3716.38
4008,1980,1025,373,100269.86,1601.08
4009,1981,1023,35,6023.15,14.44
4010,1982,1023,249,42850.41,127.91
4011,1982,1028,425,77290.5,2094.04
4012,1982,1007,254,1930.4,756.06
4013,1983,1006,311,2568.86,11974.41
4014,1983,1017,100,9716.0,3817.01
4015,1983,1034,374,174123.18,8402.13
4016,1984,1030,16,2306.4,112.82
4017,1985,1019,49,11844.28,314.83
4018,1985,1020,44,7315.88,141.29
4019,1985,1020,233,38740.91,679.32
4020,1986,1032,148,44274.2,266.45
4021,1986,1037,105,36819.3,175.4
4022,1986,1007,217,1649.2,526.18
4023,1987,1009,131,9388.77,479.57
4024,1987,1001,112,1620.64,159.51
4025,1988,1032,295,88249.25,946.58
4026,1988,1026,505,147924.6,440.68
4027,1988,1033,494,226755.88,5327.46
4028,1989,1038,10,2021.7,14.8
4029,1990,1017,23,2234.68,43.55
4030,1990,1013,231,11071.83,333.14
4031,1991,1012,354,23735.7,1355.27
4032,1992,1016,382,13457.86,71.07
4033,1993,1001,398,5759.06,10291.77
4034,1993,1010,140,7422.8,98.43
4035,1993,1005,325,5115.5,15821.24
4036,1994,1015,145,11302.75,853.88
4037,1995,1006,85,702.1,743.41
4038,1995,1006,158,1305.08,1075.76
4039,1995,1035,208,50167.52,1399.24
4040,1996,1021,112,15671.04,219.5
4041,1996,1008,172,2294.48,697.96
4042,1997,1005,87,1369.38,916.01
4043,1997,1040,212,81689.96,226.83
4044,1998,1021,183,25605.36,191.81
4045,1998,1027,359,80595.5,1158.91
4046,1998,1021,32,4477.44,46.98
4047,1999,1007,46,349.6,167.13
4048,1999,1008,421,5616.14,1142.33
4049,1999,1034,145,67507.65,282.92
4050,2000,1002,262,2570.22,2530.87
4051,2001,1031,226,56843.52,908.77
4052,2001,1017,532,51689.12,941.28
4053,2001,1030,116,16721.4,362.64
4054,2002,1003,199,3114.35,6907.78
4055,2003,1039,495,208578.15,22479.94
4056,2004,1024,81,9838.26,40.06
4057,2004,1007,361,2743.6,527.55
4058,2004,1036,166,70251.2,81.9
4059,2005,1009,191,13688.97,10941.63
4060,2005,1025,98,26344.36,1937.82
4061,2006,1018,302,38151.66,794.06
4062,2007,1007,221,1679.6,6329.35
4063,2007,1023,353,60747.77,2318.19
4064,2007,1021,139,19448.88,1822.06
4065,2008,1030,64,9225.6,319.51
4066,2008,1008,168,2241.12,395.7
4067,2009,1024,480,58300.8,291.78
4068,2010,1029,520,77313.6,3090.03
4069,2010,1037,340,119224.4,1064.0
4070,2011,1013,161,7716.73,3631.52
4071,2011,1037,223,78197.18,4216.31
4072,2011,1010,218,11558.36,102.82
4073,2012,1038,43,8693.31,88.89
4074,2012,1009,408,29241.36,2936.97
4075,2013,1025,195,52419.9,223.39
4076,2013,1014,67,3990.52,48.58
4077,2013,1034,193,89855.01,209.06
4078,2014,1031,293,73695.36,1494.86
4079,2015,1004,172,1217.76,1264.81
4080,2015,1026,374,109552.08,253.41
4081,2016,1038,369,74600.73,994.22
4082,2017,1040,506,194976.98,370.48
4083,2018,1001,277,4008.19,8257.45
4084,2019,1030,19,2738.85,1005.24
4085,2019,1028,286,52011.96,14755.68
4086,2019,1023,354,60919.86,1721.84
4087,2020,1019,195,47135.4,1328.98
4088,2020,1009,126,9030.42,717.49
4089,2021,1033,127,58295.54,7354.04
4090,2021,1013,179,8579.47,2863.15
4091,2021,1014,33,1965.48,526.15
4092,2022,1033,204,93640.08,16099.39
4093,2022,1014,71,4228.76,854.7
4094,2022,1001,329,4760.63,9875.56
4095,2023,1037,219,76794.54,697.47
4096,2023,1014,141,8397.96,332.04
4097,2023,1034,394,183434.58,1093.48
4098,2024,1014,135,8040.6,103.75
4099,2024,1006,45,371.7,132.15
4100,2024,1018,146,18444.18,441.88
4101,2025,1009,253,18132.51,2387.48
4102,2026,1001,29,419.63,891.09
4103,2027,1012,109,7308.45,369.2
4104,2027,1034,306,142464.42,649.5
4105,2028,1038,27,5458.59,25.89
4106,2028,1022,258,48196.98,847.6
4107,2029,1029,333,49510.44,943.22
4108,2030,1029,215,31966.2,745.84
4109,2030,1009,383,27449.61,2264.54
4110,2031,1018,10,1263.3,35.98
4111,2031,1024,393,47733.78,279.45
4112,2032,1013,398,19076.14,1389.92
4113,2033,1014,396,23585.76,544.61
4114,2034,1038,215,43466.55,521.4
4115,2034,1016,194,6834.62,52.23
4116,2034,1025,44,11828.08,138.58
4117,2035,1005,330,5194.2,3276.01
4118,2036,1004,85,601.8,799.78
4119,2037,1030,378,54488.7,23260.5
4120,2037,1033,457,209772.14,36306.85
4121,2038,1025,348,93549.36,471.72
4122,2038,1031,144,36218.88,363.17
4123,2038,1002,70,686.7,262.99
4124,2039,1008,384,5122.56,603.25
4125,2039,1024,383,46519.18,124.61
4126,2040,1016,215,7574.45,269.66
4127,2040,1021,80,11193.6,900.92
4128,2040,1038,310,62672.7,4536.23
4129,2041,1003,167,2613.55,5697.58
4130,2041,1009,245,17559.15,12630.54
4131,2041,1015,128,9977.6,3770.55
4132,2042,1038,205,41444.85,3790.18
4133,2042,1033,216,99148.32,14610.11
4134,2042,1002,285,2795.85,17975.56
4135,2043,1018,165,20844.45,607.71
4136,2043,1001,181,2619.07,537.29
4137,2043,1003,19,297.35,71.74
4138,2044,1006,347,2866.22,919.07
4139,2044,1009,375,26876.25,911.73
4140,2044,1016,131,4615.13,10.93
4141,2045,1010,341,18079.82,172.83
4142,2045,1029,154,22896.72,8241.45
4143,2046,1012,104,6973.2,341.43
4144,2046,1002,347,3404.07,2127.01
4145,2046,1026,380,111309.6,245.99
4146,2047,1007,77,585.2,2618.52
4147,2048,1027,337,75656.5,702.46
4148,2048,1016,305,10745.15,30.38
4149,2048,1007,305,2318.0,505.95
4150,2049,1006,34,280.84,223.42
4151,2049,1003,18,281.7,147.1
4152,2050,1027,246,55227.0,1135.25
4153,2051,1026,155,45402.6,155.98
4154,2051,1038,334,67524.78,654.56
4155,2052,1004,529,3745.32,4931.75
4156,2052,1026,329,96370.68,281.34
4157,2052,1020,103,17125.81,447.24
4158,2053,1022,463,86493.03,1985.36
4159,2054,1013,141,6758.13,528.43
4160,2055,1004,492,3483.36,24508.74
4161,2055,1002,72,706.32,3649.1
4162,2055,1033,312,143214.24,17254.47
4163,2056,1009,152,10893.84,6849.32
4164,2056,1021,303,42395.76,4497.87
4165,2057,1004,219,1550.52,2052.5
4166,2057,1006,158,1305.08,1073.56
4167,2058,1020,170,28265.9,421.35
4168,2058,1002,6,58.86,30.88
4169,2058,1005,191,3006.34,900.79
4170,2059,1027,103,23123.5,2469.79
4171,2060,1013,27,1294.11,64.78
4172,2060,1007,115,874.0,320.01
4173,2061,1013,37,1773.41,128.16
4174,2061,1036,335,141772.0,513.66
4175,2061,1005,64,1007.36,458.02
4176,2062,1011,461,35146.64,1087.32
4177,2062,1003,114,1784.1,501.84
4178,2063,1032,79,23632.85,253.64
4179,2063,1017,344,33423.04,1741.68
4180,2064,1006,114,941.64,638.75
4181,2064,1012,264,17701.2,1220.75
4182,2065,1024,522,63402.12,2937.64
4183,2066,1022,283,52867.23,1261.25
4184,2066,1023,307,52831.63,198.05
4185,2066,1034,108,50281.56,187.16
4186,2067,1020,65,10807.55,125.22
4187,2067,1010,235,12459.7,8.06
4188,2067,1030,32,4612.8,113.5
4189,2068,1018,86,10864.38,423.19
4190,2068,1039,86,36237.82,323.16
4191,2069,1035,76,18330.44,460.82
4192,2069,1003,387,6056.55,1350.27
4193,2070,1017,161,15642.76,5611.06
4194,2070,1011,191,14561.84,5801.4
4195,2070,1007,145,1102.0,5360.38
4196,2071,1027,227,50961.5,801.87
4197,2072,1004,51,361.08,2950.25
4198,2073,1009,46,3296.82,311.72
4199,2073,1017,196,19043.36,891.44
4200,2073,1008,200,2668.0,1133.02
4201,2074,1022,295,55108.95,1713.51
4202,2075,1010,300,15906.0,21.3
4203,2076,1034,215,100097.55,354.99
4204,2076,1017,150,14574.0,483.93
4205,2077,1013,170,8148.1,172.1
4206,2077,1009,11,788.37,41.74
4207,2078,1015,373,29075.35,866.75
4208,2078,1013,47,2252.71,57.76
4209,2079,1019,216,52211.52,782.39
4210,2079,1022,277,51746.37,815.22
4211,2079,1004,77,545.16,203.78
4212,2080,1037,230,80651.8,5127.2
4213,2080,1039,330,139052.1,12807.47
4214,2080,1016,306,10780.38,530.76
4215,2081,1003,186,2910.9,1421.42
4216,2081,1022,82,15318.42,493.29
4217,2081,1024,350,42511.0,366.03
4218,2082,1010,312,16542.24,29.81
4219,2082,1012,129,8649.45,593.35
4220,2082,1006,173,1428.98,1104.9
4221,2083,1001,25,361.75,80.99
4222,2083,1007,310,2356.0,871.37
4223,2083,1017,142,13796.72,449.66
4224,2084,1005,365,5745.1,1095.89
4225,2085,1014,222,13222.32,453.82
4226,2085,1039,52,21911.24,458.14
4227,2085,1015,41,3195.95,247.0
4228,2086,1005,284,4470.16,2750.18
4229,2086,1037,212,74339.92,566.74
4230,2086,1013,273,13084.89,982.59
4231,2087,1040,310,119452.3,189.67
4232,2088,1035,57,13747.83,533.25
4233,2088,1025,91,24462.62,261.34
4234,2088,1031,357,89792.64,3519.3
4235,2089,1016,345,12154.35,56.81
4236,2089,1039,145,61098.65,632.69
4237,2090,1018,265,33477.45,1512.02
4238,2091,1024,280,34008.8,318.5
4239,2091,1036,303,128229.6,378.51
4240,2091,1024,25,3036.5,28.47
4241,2092,1015,188,14654.6,474.34
4242,2093,1008,210,2801.4,979.5
4243,2093,1037,351,123081.66,1281.96
4244,2093,1008,237,3161.58,1175.95
4245,2094,1032,180,53847.0,3686.65
4246,2094,1030,179,25802.85,8916.53
4247,2095,1007,331,2515.6,739.8
4248,2095,1019,44,10635.68,141.38
4249,2096,1002,365,3580.65,1573.33
4250,2097,1002,169,1657.89,7942.09
4251,2098,1038,314,63481.38,597.79
4252,2098,1005,280,4407.2,2259.24
4253,2099,1009,467,33469.89,1586.6
4254,2099,1003,468,7324.2,1462.39
4255,2099,1022,495,92470.95,1420.81
4256,2100,1010,195,10338.9,5.48
4257,2101,1007,395,3002.0,1244.76
4258,2101,1039,188,79217.56,945.91
4259,2101,1003,145,2269.25,729.1
4260,2102,1025,181,48656.42,646.37
4261,2102,1035,69,16642.11,426.19
4262,2103,1021,178,24905.76,2885.6
4263,2104,1036,252,106646.4,461.57
4264,2104,1024,389,47247.94,476.58
4265,2105,1023,11,1892.99,4.31
4266,2105,1011,362,27598.88,598.81
4267,2105,1022,23,4296.63,70.66
4268,2106,1021,28,3917.76,21.46
4269,2106,1010,81,4294.62,2.44
4270,2107,1018,149,18823.17,6675.14
4271,2108,1003,374,5853.1,959.45
4272,2108,1002,354,3472.74,923.82
4273,2108,1014,14,833.84,14.59
4274,2109,1005,164,2581.36,1258.37
4275,2110,1028,36,6546.96,1867.39
4276,2110,1010,249,13201.98,120.45
4277,2110,1021,48,6716.16,650.15
4278,2111,1016,7,246.61,1.46
4279,2111,1014,199,11852.44,461.1
4280,2111,1021,61,8535.12,109.09
4281,2112,1040,377,145269.41,2823.83
4282,2112,1032,174,52052.1,2870.81
4283,2112,1004,92,651.36,5293.42
4284,2113,1018,14,1768.62,39.68
4285,2113,1004,198,1401.84,745.68
4286,2114,1015,339,26425.05,12167.48
4287,2114,1024,354,42996.84,2077.05
4288,2115,1009,345,24726.15,2116.5
4289,2115,1016,15,528.45,2.13
4290,2116,1025,301,80914.82,1130.42
4291,2116,1011,199,15171.76,757.69
4292,2117,1032,266,79573.9,238.11
4293,2117,1001,102,1475.94,193.96
4294,2118,1017,347,33714.52,649.85
4295,2119,1002,173,1697.13,501.63
4296,2119,1007,143,1086.8,277.48
4297,2120,1031,150,37728.0,585.47
4298,2120,1030,145,20901.75,438.62
4299,2121,1004,141,998.28,389.68
4300,2121,1035,40,9647.6,98.91
4301,2121,1005,118,1857.32,439.12
4302,2122,1023,138,23748.42,882.54
4303,2122,1025,308,82796.56,6171.8
4304,2123,1034,149,69369.93,3248.1
4305,2124,1006,83,685.58,445.18
4306,2124,1023,352,60575.68,196.87
4307,2125,1040,389,149893.37,285.84
4308,2126,1011,63,4803.12,1818.19
4309,2127,1013,59,2827.87,1110.98
4310,2127,1030,86,12396.9,6313.95
4311,2127,1029,255,37913.4,9954.86
4312,2128,1001,461,6670.67,720.4
4313,2128,1027,228,51186.0,330.88
4314,2128,1024,435,52835.1,183.6
4315,2129,1025,264,70968.48,308.71
4316,2129,1023,546,93961.14,145.9
4317,2130,1039,228,96072.36,923.43
4318,2131,1040,499,192279.67,414.65
4319,2132,1026,210,61513.2,1209.38
4320,2132,1009,380,27234.6,17893.84
4321,2133,1016,523,18425.29,651.5
4322,2134,1010,355,18822.1,15.09
4323,2134,1030,260,37479.0,867.38
4324,2135,1036,251,106223.2,442.27
4325,2135,1036,107,45282.4,157.11
4326,2136,1025,237,63710.34,306.02
4327,2136,1039,337,142001.69,717.52
4328,2137,1030,97,13982.55,609.77
4329,2137,1009,54,3870.18,263.74
4330,2138,1004,73,516.84,368.74
4331,2139,1019,348,84118.56,23936.78
4332,2140,1026,263,77037.96,140.1
4333,2140,1036,168,71097.6,194.13
4334,2140,1005,177,2785.98,1181.31
4335,2141,1040,19,7321.27,20.25
4336,2141,1023,313,53864.17,193.53
4337,2142,1001,225,3255.75,641.26
4338,2143,1031,88,22133.76,5500.28
4339,2144,1039,71,29917.27,266.51
4340,2144,1035,33,7959.27,164.94
4341,2144,1024,145,17611.7,105.31
4342,2145,1039,387,163070.19,907.86
4343,2146,1019,296,71549.12,1551.22
4344,2146,1007,499,3792.4,1488.74
4345,2146,1005,477,7507.98,2778.56
4346,2147,1020,417,69334.59,634.84
4347,2147,1032,337,100813.55,369.13
4348,2147,1040,301,115984.33,152.29
4349,2148,1022,450,84064.5,1100.64
4350,2149,1019,190,45926.8,1577.83
4351,2149,1034,172,80078.04,490.24
4352,2150,1036,325,137540.0,266.74
4353,2151,1034,247,114995.79,5159.71
4354,2152,1028,41,7456.26,186.51
4355,2153,1027,17,3816.5,72.18
4356,2153,1022,213,39790.53,1409.27
4357,2154,1027,124,27838.0,250.99
4358,2154,1003,345,5399.25,813.24
4359,2155,1037,411,144121.26,1508.07
4360,2155,1033,336,154230.72,3740.98
4361,2155,1001,359,5194.73,2015.18
4362,2156,1018,229,28929.57,486.67
4363,2156,1001,224,3241.28,391.73
4364,2156,1024,207,25142.22,82.49
4365,2157,1028,424,77108.64,4131.12
4366,2157,1019,173,41817.56,1712.22
4367,2157,1028,23,4182.78,212.7
4368,2158,1029,279,41481.72,12123.75
4369,2159,1009,37,2651.79,1759.86
4370,2159,1020,244,40569.88,8398.35
4371,2159,1040,59,22734.47,618.0
4372,2160,1014,156,9291.36,387.4
4373,2161,1028,218,39645.48,943.34
4374,2161,1031,309,77719.68,1517.3
4375,2161,1031,108,27164.16,497.95
4376,2162,1018,157,19833.81,699.58
4377,2162,1008,31,413.54,90.82
4378,2163,1028,288,52375.68,2320.04
4379,2164,1024,113,13724.98,717.05
4380,2164,1037,392,137458.72,9043.42
4381,2165,1001,166,2402.02,889.7
4382,2165,1039,250,105342.5,1823.89
4383,2166,1011,69,5260.56,322.47
4384,2166,1023,55,9464.95,46.5
4385,2166,1011,222,16925.28,1098.44
4386,2167,1003,201,3145.65,603.11
4387,2168,1031,273,68664.96,965.5
4388,2168,1012,260,17433.0,463.73
4389,2168,1033,228,104656.56,772.88
4390,2169,1023,460,79161.4,458.13
4391,2169,1039,510,214898.7,2908.99
4392,2169,1028,327,59468.22,3477.83
4393,2170,1040,294,113287.02,221.0
4394,2170,1027,396,88902.0,1233.88
4395,2171,1008,376,5015.84,1991.27
4396,2171,1028,464,84383.04,4467.86
4397,2172,1026,460,134743.2,451.86
4398,2172,1015,357,27828.15,2442.59
4399,2172,1036,287,121458.4,387.7
4400,2173,1027,68,15266.0,240.0
4401,2173,1014,211,12567.16,311.06
4402,2174,1035,104,25083.76,6298.22
4403,2174,1025,99,26613.18,2765.07
4404,2174,1013,228,10928.04,4550.54
4405,2175,1005,209,3289.66,736.69
4406,2176,1012,378,25344.9,1152.38
4407,2176,1006,537,4435.62,1837.16
4408,2177,1013,67,3211.31,172.74
4409,2177,1008,284,3788.56,1314.84
4410,2178,1024,532,64616.72,3858.15
4411,2179,1001,265,3834.55,917.64
4412,2179,1001,22,318.34,62.61
4413,2179,1032,289,86454.35,411.29
4414,2180,1017,239,23221.24,546.0
4415,2180,1030,422,60831.3,1375.61
4416,2180,1033,425,195083.5,1723.91
4417,2181,1020,50,8313.5,95.24
4418,2182,1029,237,35237.16,1405.6
4419,2182,1002,103,1010.43,778.55
4420,2182,1029,35,5203.8,228.65
4421,2183,1021,221,30922.32,230.77
4422,2183,1030,277,39929.55,1779.14
4423,2184,1016,327,11520.21,29.73
4424,2184,1002,12,117.72,33.79
4425,2184,1017,18,1748.88,32.1
4426,2185,1033,266,122099.32,3284.85
4427,2186,1017,126,12242.16,220.88
4428,2186,1024,160,19433.6,62.58
4429,2186,1027,208,46696.0,383.71
4430,2187,1027,381,85534.5,1443.66
4431,2187,1036,359,151928.8,376.7
4432,2188,1034,184,85664.88,270.19
4433,2188,1032,296,88548.4,251.51
4434,2188,1018,268,33856.44,697.28
4435,2189,1014,298,17748.88,440.73
4436,2189,1040,390,150278.7,287.85
4437,2190,1007,317,2409.2,1676.57
4438,2190,1005,32,503.68,353.81
4439,2191,1011,271,20661.04,6752.47
4440,2192,1028,261,47465.46,1559.56
4441,2193,1026,299,87583.08,295.13
4442,2193,1004,439,3108.12,4485.49
4443,2194,1038,61,12332.37,46.9
4444,2194,1009,381,27306.27,1052.19
4445,2195,1027,76,17062.0,450.03
4446,2195,1022,167,31197.27,1221.73
4447,2196,1038,195,39423.15,3366.6
4448,2197,1021,166,23226.72,207.49
4449,2197,1029,237,35237.16,828.04
4450,2198,1022,69,12889.89,2962.45
4451,2199,1031,16,4024.32,48.54
4452,2199,1023,357,61436.13,97.36
4453,2199,1012,383,25680.15,952.72
4454,2200,1010,315,16701.3,33.62
4455,2200,1006,286,2362.36,2068.84
4456,2200,1035,17,4100.23,151.5
4457,2201,1002,69,676.89,467.8
4458,2201,1009,203,14549.01,1314.39
4459,2201,1024,378,45911.88,480.5
4460,2202,1002,34,333.54,2143.77
4461,2202,1023,292,50250.28,1870.38
4462,2202,1008,221,2948.14,7735.0
4463,2203,1020,14,2327.78,27.14
4464,2203,1020,65,10807.55,135.19
4465,2204,1030,143,20613.45,676.09
4466,2205,1037,297,104146.02,343.37
4467,2205,1010,258,13679.16,10.75
4468,2206,1036,191,80831.2,153.54
4469,2207,1016,317,11167.91,28.29
4470,2207,1001,64,926.08,102.41
4471,2207,1031,130,32697.6,446.09
4472,2208,1032,196,58633.4,314.84
4473,2209,1020,369,61353.63,1064.44
4474,2210,1007,342,2599.2,9220.53
4475,2210,1027,309,69370.5,9241.44
4476,2211,1034,10,4655.7,249.02
4477,2211,1028,285,51830.1,12767.44
4478,2212,1032,247,73890.05,4220.99
4479,2212,1009,83,5948.61,5040.92
4480,2212,1011,96,7319.04,3233.37
4481,2213,1003,32,500.8,1228.1
4482,2213,1024,501,60851.46,3574.2
4483,2213,1027,226,50737.0,6134.54
4484,2214,1009,191,13688.97,11237.88
4485,2214,1008,60,800.4,1638.52
4486,2215,1002,481,4718.61,1314.28
4487,2215,1023,232,39924.88,69.92
4488,2215,1026,529,154954.68,202.6
4489,2216,1018,209,26402.97,417.02
4490,2217,1017,189,18363.24,4881.29
4491,2217,1017,105,10201.8,3141.58
4492,2217,1040,98,37762.34,710.01
4493,2218,1027,236,52982.0,1280.84
4494,2218,1037,364,127640.24,1020.0
4495,2219,1033,82,37639.64,494.44
4496,2219,1029,86,12786.48,421.96
4497,2220,1039,184,77532.08,496.82
4498,2220,1025,102,27419.64,158.43
4499,2220,1016,110,3875.3,9.82
4500,2221,1001,144,2083.68,481.32
4501,2221,1016,19,669.37,2.73
4502,2222,1005,207,3258.18,11598.14
4503,2222,1040,20,7706.6,189.53
4504,2222,1012,89,5967.45,2916.74
4505,2223,1028,284,51648.24,2380.3
4506,2223,1016,236,8314.28,72.8
4507,2223,1015,219,17071.05,1060.61
4508,2224,1018,529,66828.57,1975.63
4509,2224,1037,400,140264.0,623.27
4510,2224,1001,368,5324.96,1250.55
4511,2225,1021,214,29942.88,261.33
4512,2226,1031,154,38734.08,842.59
4513,2226,1038,295,59640.15,384.58
4514,2226,1010,42,2226.84,2.89
4515,2227,1030,303,43677.45,2044.2
4516,2228,1007,378,2872.8,1425.6
4517,2229,1033,333,152853.66,25082.41
4518,2230,1012,214,14348.7,1414.27
4519,2230,1005,349,5493.26,3351.39
4520,2230,1010,283,15004.66,31.03
4521,2231,1019,314,75900.08,17510.67
4522,2232,1005,522,8216.28,3741.46
4523,2233,1036,186,78715.2,203.01
4524,2233,1020,67,11140.09,173.56
4525,2234,1008,193,2574.62,628.53
4526,2234,1034,125,58196.25,206.26
4527,2235,1015,477,37182.15,21620.88
4528,2236,1030,217,31280.55,644.98
4529,2236,1017,255,24775.8,578.5
4530,2237,1037,160,56105.6,165.06
4531,2237,1036,97,41050.4,48.15
4532,2238,1038,372,75207.24,364.12
4533,2239,1026,320,93734.4,193.03
4534,2239,1026,319,93441.48,157.15
4535,2240,1026,239,70007.88,209.86
4536,2240,1021,203,28403.76,435.7
4537,2241,1022,346,64636.26,1140.95
4538,2242,1038,43,8693.31,42.19
4539,2243,1016,502,17685.46,81.7
4540,2244,1025,203,54570.46,706.42
4541,2244,1013,233,11167.69,793.66
4542,2245,1034,386,179710.02,968.14
4543,2245,1008,198,2641.32,566.81
4544,2246,1010,198,10497.96,6.11
4545,2247,1022,461,86119.41,4010.94
4546,2247,1032,47,14060.05,101.07
4547,2248,1028,223,40554.78,2098.56
4548,2248,1028,368,66924.48,2955.01
4549,2249,1025,76,20430.32,94.7
4550,2250,1017,173,16808.68,366.93
4551,2251,1001,385,5570.95,1815.35
4552,2251,1026,308,90219.36,245.8
4553,2251,1033,43,19737.86,479.35
4554,2252,1006,154,1272.04,682.43
4555,2252,1011,367,27980.08,904.27
4556,2252,1037,259,90820.94,551.64
4557,2253,1039,327,137787.99,712.85
4558,2253,1036,219,92680.8,163.59
4559,2253,1010,349,18503.98,11.35
4560,2254,1006,64,528.64,221.13
4561,2255,1027,229,51410.5,666.0
4562,2256,1039,208,87644.96,479.43
4563,2256,1017,219,21278.04,385.11
4564,2256,1011,9,686.16,17.03
4565,2257,1015,195,15200.25,430.79
4566,2257,1009,289,20712.63,992.01
4567,2257,1037,95,33312.7,121.52
4568,2258,1014,7,416.92,84.96
4569,2259,1019,238,57529.36,1469.26
4570,2259,1022,206,38482.86,940.13
4571,2260,1008,156,2081.04,4202.44
4572,2261,1028,73,13275.78,4867.74
4573,2262,1007,168,1276.8,856.08
4574,2263,1018,312,39414.96,2067.3
4575,2264,1022,404,75471.24,946.9
4576,2264,1012,50,3352.5,87.91
4577,2265,1026,88,25776.96,61.47
4578,2266,1024,45,5465.7,15.86
4579,2266,1014,137,8159.72,153.22
4580,2267,1002,263,2580.03,794.72
4581,2268,1040,375,144498.75,2690.15
4582,2268,1025,219,58871.58,4237.22
4583,2268,1029,315,46834.2,13448.44
4584,2269,1001,208,3009.76,882.12
4585,2269,1017,228,22152.48,1174.06
4586,2270,1034,396,184365.72,524.71
4587,2270,1025,147,39516.54,217.33
4588,2270,1039,47,19804.39,150.98
4589,2271,1024,480,58300.8,171.53
4590,2272,1033,280,128525.6,20871.7
4591,2272,1037,147,51547.02,3109.62
4592,2273,1025,325,87366.5,415.99
4593,2273,1037,175,61365.5,231.51
4594,2274,1012,383,25680.15,1340.14
4595,2275,1030,107,15424.05,433.91
4596,2275,1004,134,948.72,443.67
4597,2276,1006,523,4319.98,1598.17
4598,2276,1022,488,91163.28,1445.3
4599,2276,1021,32,4477.44,31.34
4600,2277,1023,334,57478.06,346.73
4601,2277,1025,368,98925.76,1429.12
4602,2277,1007,228,1732.8,1345.44
4603,2278,1019,174,42059.28,12536.12
4604,2278,1015,230,17928.5,9537.56
4605,2278,1022,266,49691.46,15310.64
4606,2279,1020,115,19121.05,500.12
4607,2279,1013,128,6135.04,449.51
4608,2280,1029,443,65865.24,1097.13
4609,2280,1013,441,21137.13,459.31
4610,2280,1037,131,45936.46,173.19
4611,2281,1038,349,70557.33,298.62
4612,2281,1005,114,1794.36,359.64
4613,2281,1005,275,4328.5,803.16
4614,2282,1038,161,32549.37,213.73
4615,2282,1022,107,19988.67,619.54
4616,2283,1033,240,110164.8,2265.09
4617,2284,1029,207,30776.76,1387.79
4618,2284,1007,64,486.4,390.09
4619,2284,1002,164,1608.84,1236.74
4620,2285,1034,206,95907.42,385.22
4621,2285,1017,25,2429.0,82.43
4622,2285,1040,25,9633.25,24.18
4623,2286,1026,243,71179.56,1476.22
4624,2286,1024,117,14210.82,744.56
4625,2287,1035,197,47514.43,1335.5
4626,2287,1019,128,30940.16,1050.88
4627,2287,1017,272,26427.52,1295.15
4628,2288,1037,270,94678.2,801.75
4629,2288,1027,371,83289.5,1555.71
4630,2289,1033,144,66098.88,1114.01
4631,2289,1001,55,795.85,130.97
4632,2290,1021,179,25045.68,295.29
4633,2290,1034,47,21881.79,106.78
4634,2290,1024,546,66317.16,329.47
4635,2291,1035,206,49685.14,1832.7
4636,2292,1002,99,971.19,253.49
4637,2292,1009,92,6593.64,350.01
4638,2293,1014,135,8040.6,100.41
4639,2293,1001,520,7524.4,1005.96
4640,2293,1004,244,1727.52,888.24
4641,2294,1034,70,32589.9,173.86
4642,2294,1009,167,11968.89,902.92
4643,2295,1008,133,1774.22,236.82
4644,2295,1012,6,402.3,11.49
4645,2295,1040,216,83231.28,109.17
4646,2296,1007,256,1945.6,1339.02
4647,2296,1025,72,19355.04,222.74
4648,2297,1040,226,87084.58,161.17
4649,2298,1019,330,79767.6,1010.87
4650,2298,1032,480,143592.0,453.06
4651,2299,1013,259,12413.87,697.14
4652,2300,1015,30,2338.5,56.93
4653,2300,1015,183,14264.85,398.66
4654,2300,1020,178,29596.06,335.23
4655,2301,1013,41,1965.13,147.73
4656,2301,1020,234,38907.18,1182.25
4657,2302,1002,149,1461.69,450.3
4658,2303,1028,349,63469.14,3237.13
4659,2304,1024,389,47247.94,299.03
4660,2304,1020,240,39904.8,775.68
4661,2305,1006,31,256.06,99.35
4662,2306,1016,459,16170.57,650.11
4663,2307,1001,115,1664.05,332.39
4664,2308,1011,388,29581.12,925.96
4665,2308,1009,104,7453.68,434.38
4666,2309,1038,334,67524.78,255.72
4667,2310,1031,127,31943.04,1042.8
4668,2311,1033,197,90426.94,933.19
4669,2312,1006,226,1866.76,1250.92
4670,2312,1025,330,88710.6,921.43
4671,2312,1030,383,55209.45,2127.02
4672,2313,1022,388,72482.28,21844.26
4673,2313,1038,147,29718.99,2396.94
4674,2314,1025,149,40054.18,247.25
4675,2314,1033,115,52787.3,347.36
4676,2314,1018,379,47879.07,1106.29
4677,2315,1002,47,461.07,2341.16
4678,2315,1020,306,50878.62,8580.83
4679,2316,1010,285,15110.7,30.67
4680,2316,1009,141,10105.47,1139.24
4681,2316,1023,184,31664.56,133.53
4682,2317,1031,169,42506.88,529.53
4683,2318,1004,108,764.64,316.58
4684,2318,1026,225,65907.0,65.66
4685,2318,1021,265,37078.8,210.92
4686,2319,1014,135,8040.6,325.51
4687,2319,1016,151,5319.73,35.06
4688,2320,1035,267,64397.73,1607.4
4689,2320,1023,22,3785.98,12.2
4690,2320,1012,98,6570.9,327.92
4691,2321,1019,214,51728.08,753.25
4692,2321,1040,227,87469.91,123.59
4693,2322,1029,403,59918.04,21317.32
4694,2323,1030,261,37623.15,1671.16
4695,2323,1001,78,1128.66,278.56
4696,2323,1023,267,45948.03,117.33
4697,2324,1038,393,79452.81,327.51
4698,2325,1030,246,35460.9,1483.56
4699,2325,1026,288,84360.96,183.88
4700,2326,1007,191,1451.6,1133.33
4701,2326,1033,98,44983.96,1183.83
4702,2326,1001,315,4558.05,1193.7
4703,2327,1025,13,3494.66,17.83
4704,2327,1010,214,11346.28,7.51
4705,2327,1002,8,78.48,21.66
4706,2328,1001,237,3429.39,399.09
4707,2328,1036,28,11849.6,13.22
4708,2328,1030,145,20901.75,600.11
4709,2329,1028,210,38190.6,584.93
4710,2329,1037,263,92223.58,351.36
4711,2330,1036,296,125267.2,187.61
4712,2330,1031,378,95074.56,1176.3
4713,2331,1015,165,12861.75,319.45
4714,2331,1003,358,5602.7,1036.11
4715,2332,1036,106,44859.2,49.85
4716,2333,1033,135,61967.7,765.97
4717,2334,1004,109,771.72,5928.19
4718,2334,1023,285,49045.65,1883.3
4719,2334,1011,311,23710.64,8259.27
4720,2335,1022,293,54735.33,1233.03
4721,2335,1026,345,101057.4,156.85
4722,2335,1034,294,136877.58,654.36
4723,2336,1021,38,5316.96,57.1
4724,2336,1025,276,74194.32,771.17
4725,2336,1023,46,7916.14,21.56
4726,2337,1040,413,159141.29,3422.83
4727,2338,1030,109,15712.35,739.29
4728,2338,1004,77,545.16,321.76
4729,2339,1015,245,19097.75,420.7
4730,2340,1021,215,30082.8,3376.67
4731,2340,1027,264,59268.0,6778.53
4732,2340,1002,328,3217.68,18595.96
4733,2341,1011,121,9225.04,2834.15
4734,2342,1014,350,20846.0,881.52
4735,2342,1025,396,106452.72,1141.93
4736,2342,1019,208,50277.76,1569.59
4737,2343,1021,73,10214.16,1036.48
4738,2343,1024,252,30607.92,1640.49
4739,2343,1038,190,38412.3,3348.0
4740,2344,1021,57,7975.44,84.93
4741,2344,1026,396,115996.32,234.89
4742,2344,1002,222,2177.82,1031.09
4743,2345,1007,83,630.8,180.73
4744,2345,1036,278,117649.6,209.06
4745,2346,1027,141,31654.5,282.27
4746,2347,1001,157,2271.79,276.73
4747,2347,1010,323,17125.46,9.52
4748,2348,1036,43,18197.6,27.72
4749,2348,1016,186,6552.78,20.19
4750,2348,1005,301,4737.74,1109.75
4751,2349,1022,216,40350.96,10512.55
4752,2350,1016,119,4192.37,10.66
4753,2350,1037,37,12974.42,52.38
4754,2350,1005,16,251.84,66.6
4755,2351,1023,496,85356.64,359.91
4756,2351,1030,375,54056.25,4278.33
4757,2352,1036,85,35972.0,52.3
4758,2352,1016,90,3170.7,8.2
4759,2352,1013,114,5464.02,152.3
4760,2353,1020,90,14964.3,123.41
4761,2353,1014,164,9767.84,175.71
4762,2354,1001,309,4471.23,1692.19
4763,2354,1017,332,32257.12,1834.38
4764,2354,1011,103,7852.72,384.15
4765,2355,1032,216,64616.4,4496.98
4766,2355,1012,165,11063.25,5449.53
4767,2355,1032,388,116070.2,6212.49
4768,2356,1005,296,4659.04,1091.97
4769,2356,1017,249,24192.84,419.77
4770,2356,1022,76,14197.56,205.95
4771,2357,1008,28,373.52,77.86
4772,2357,1032,229,68505.35,370.35
4773,2357,1036,101,42743.2,100.4
4774,2358,1014,31,1846.36,27.05
4775,2358,1030,261,37623.15,892.04
4776,2358,1013,94,4505.42,92.46
4777,2359,1029,77,11448.36,3264.31
4778,2359,1024,338,41053.48,2259.08
4779,2360,1013,346,16583.78,455.78
4780,2360,1005,22,346.28,82.76
4781,2361,1002,299,2933.19,1583.73
4782,2361,1014,123,7325.88,146.82
4783,2361,1016,264,9300.72,52.96
4784,2362,1024,540,65588.4,4376.43
4785,2362,1038,547,110586.99,7231.68
4786,2363,1040,78,30055.74,57.12
4787,2364,1004,418,2959.44,3971.21
4788,2365,1020,183,30427.41,286.98
4789,2365,1007,27,205.2,42.43
4790,2366,1039,248,104499.76,610.79
4791,2366,1034,351,163415.07,350.25
4792,2367,1029,250,37170.0,752.71
4793,2367,1031,320,80486.4,1282.48
4794,2368,1002,225,2207.25,805.38
4795,2368,1014,345,20548.2,313.81
4796,2368,1040,72,27743.76,34.34
4797,2369,1001,264,3820.08,5964.79
4798,2369,1006,191,1577.66,7031.04
4799,2369,1008,42,560.28,1110.21
4800,2370,1022,491,91723.71,1069.43
4801,2371,1028,436,79290.96,27615.86
4802,2371,1040,380,146425.4,2683.8
4803,2371,1011,32,2439.68,791.17
4804,2372,1001,34,491.98,192.96
4805,2372,1030,128,18451.2,1177.07
4806,2372,1038,97,19610.49,209.3
4807,2373,1007,144,1094.4,203.44
4808,2373,1008,360,4802.4,478.37
4809,2374,1015,434,33830.3,1269.44
4810,2374,1006,61,503.86,305.6
4811,2374,1026,28,8201.76,12.51
4812,2375,1001,18,260.46,60.76
4813,2375,1006,314,2593.64,1428.38
4814,2376,1002,109,1069.29,703.55
4815,2377,1026,306,89633.52,194.69
4816,2377,1033,221,101443.42,1414.57
4817,2378,1030,11,1585.65,32.89
4818,2378,1012,248,16628.4,559.81
4819,2378,1016,218,7680.14,21.12
4820,2379,1002,529,5189.49,22182.68
4821,2380,1038,118,23856.06,164.65
4822,2380,1018,541,68344.53,2070.21
4823,2380,1014,369,21977.64,646.47
4824,2381,1012,390,26149.5,1556.54
4825,2381,1038,183,36997.11,308.3
4826,2382,1022,162,30263.22,963.96
4827,2382,1013,120,5751.6,376.2
4828,2383,1021,88,12312.96,1197.12
4829,2383,1010,191,10126.82,96.09
4830,2384,1001,172,2488.84,273.63
4831,2384,1006,445,3675.7,1269.15
4832,2384,1016,468,16487.64,43.48
4833,2385,1028,68,12366.48,2869.83
4834,2385,1020,31,5154.37,710.13
4835,2385,1008,398,5309.32,9710.22
4836,2386,1001,33,477.51,154.88
4837,2386,1027,424,95188.0,1964.2
4838,2387,1005,158,2486.92,1170.97
4839,2387,1033,237,108787.74,2663.4
4840,2388,1029,399,59323.32,17587.3
4841,2389,1014,47,2799.32,46.8
4842,2389,1002,224,2197.44,553.57
4843,2390,1029,226,33601.68,931.77
4844,2391,1021,101,14131.92,1589.37
4845,2391,1035,25,6029.75,1068.51
4846,2392,1040,512,197288.96,614.72
4847,2392,1025,471,126614.22,2037.3
4848,2392,1016,210,7398.3,49.58
4849,2393,1026,267,78209.64,106.46
4850,2393,1007,283,2150.8,595.81
4851,2394,1021,146,20428.32,130.82
4852,2395,1029,176,26167.68,1152.23
4853,2395,1027,134,30083.0,680.8
4854,2395,1028,280,50920.8,2839.31
4855,2396,1033,308,141378.16,964.21
4856,2396,1001,259,3747.73,448.64
4857,2396,1012,246,16494.3,607.14
4858,2397,1040,92,35450.36,67.46
4859,2398,1029,100,14868.0,560.67
4860,2398,1013,20,958.6,49.31
4861,2399,1018,343,43331.19,11117.59
4862,2399,1014,358,21322.48,5519.92
4863,2400,1012,116,7777.8,557.45
4864,2400,1008,52,693.68,200.39
4865,2400,1022,96,17933.76,609.47
4866,2401,1014,358,21322.48,823.19
4867,2402,1023,202,34762.18,115.62
4868,2403,1001,75,1085.25,123.42
4869,2403,1037,345,120977.7,466.82
4870,2404,1017,557,54118.12,855.99
4871,2405,1005,194,3053.56,13414.96
4872,2405,1029,345,51294.6,12960.36
4873,2406,1016,365,12858.95,641.02
4874,2407,1022,375,70053.75,19609.88
4875,2407,1007,286,2173.6,7951.48
4876,2407,1003,77,1205.05,3803.71
4877,2408,1017,156,15156.96,4308.11
4878,2408,1026,210,61513.2,1261.42
4879,2409,1018,390,49268.7,1056.06
4880,2409,1029,393,58431.24,937.26
4881,2409,1011,289,22033.36,559.21
4882,2410,1003,323,5054.95,1232.11
4883,2410,1015,50,3897.5,140.6
4884,2411,1032,494,147780.1,736.43
4885,2411,1017,222,21569.52,673.07
4886,2412,1004,36,254.88,318.69
4887,2413,1026,306,89633.52,243.64
4888,2413,1007,268,2036.8,1106.49
4889,2413,1001,329,4760.63,1269.26
4890,2414,1036,81,34279.2,980.51
4891,2414,1036,139,58824.8,1192.19
4892,2414,1003,138,2159.7,6836.01
4893,2415,1024,101,12267.46,659.88
4894,2416,1017,100,9716.0,340.27
4895,2417,1029,277,41184.36,685.02
4896,2418,1023,218,37515.62,210.53
4897,2418,1035,161,38831.59,1022.59
4898,2418,1031,303,76210.56,2076.17
4899,2419,1031,16,4024.32,990.33
4900,2419,1014,53,3156.68,781.61
4901,2419,1014,81,4824.36,1101.34
4902,2420,1031,36,9054.72,142.48
4903,2420,1030,268,38632.2,1057.87
4904,2420,1022,154,28768.74,416.45
4905,2421,1029,342,50848.56,15761.28
4906,2422,1025,195,52419.9,764.04
4907,2422,1029,279,41481.72,2083.8
4908,2422,1032,39,11666.85,118.68
4909,2423,1018,274,34614.42,1862.46
4910,2424,1003,110,1721.5,247.96
4911,2424,1030,21,3027.15,67.33
4912,2425,1006,407,3361.82,992.76
4913,2425,1024,267,32429.82,127.29
4914,2425,1030,102,14703.3,433.49
4915,2426,1036,237,100298.4,127.12
4916,2426,1027,263,59043.5,519.4
4917,2427,1033,17,7803.34,72.99
4918,2427,1015,317,24710.15,602.62
4919,2428,1015,541,42170.95,1240.91
4920,2428,1016,137,4826.51,14.47
4921,2429,1017,98,9521.68,193.45
4922,2429,1003,180,2817.0,524.32
4923,2429,1024,144,17490.24,46.44
4924,2430,1011,467,35604.08,772.59
4925,2430,1039,463,195094.31,1295.12
4926,2431,1001,301,4355.47,1247.39
4927,2431,1023,279,48013.11,215.76
4928,2432,1025,326,87635.32,466.18
4929,2432,1017,283,27496.28,540.85
4930,2432,1036,126,53323.2,73.48
4931,2433,1002,66,647.46,371.46
4932,2433,1025,65,17473.3,150.31
4933,2434,1035,146,35213.74,638.78
4934,2434,1039,136,57306.32,728.42
4935,2435,1009,50,3583.5,151.81
4936,2436,1002,320,3139.2,17604.99
4937,2436,1040,508,195747.64,5014.95
4938,2436,1023,365,62812.85,1670.17
4939,2437,1005,509,8011.66,3031.51
4940,2437,1035,270,65121.3,1424.63
4941,2438,1016,34,1197.82,10.37
4942,2439,1031,115,28924.8,412.36
4943,2440,1014,337,20071.72,593.94
4944,2440,1024,407,49434.22,336.28
4945,2440,1018,71,8969.43,237.48
4946,2441,1040,214,82460.62,224.89
4947,2441,1001,379,5484.13,951.29
4948,2441,1004,373,2640.84,1969.44
4949,2442,1025,24,6451.68,73.45
4950,2443,1001,344,4977.68,571.84
4951,2443,1025,357,95968.74,383.65
4952,2444,1007,39,296.4,85.89
4953,2444,1025,124,33333.68,162.7
4954,2445,1036,281,118919.2,475.08
4955,2446,1003,450,7042.5,3318.28
4956,2446,1039,240,101128.8,1856.8
4957,2446,1005,224,3525.76,1647.91
4958,2447,1018,219,27666.27,8837.67
4959,2447,1020,441,73325.07,14385.96
4960,2447,1009,249,17845.83,14224.53
4961,2448,1007,172,1307.2,244.72
4962,2448,1025,362,97312.84,401.07
4963,2448,1040,303,116754.99,166.46
4964,2449,1014,210,12507.6,3672.11
4965,2450,1031,306,76965.12,14970.38
4966,2450,1010,211,11187.22,143.23
4967,2450,1004,64,453.12,3849.59
4968,2451,1032,41,12265.15,68.91
4969,2451,1029,244,36277.92,889.46
4970,2451,1034,285,132687.45,496.92
4971,2452,1016,115,4051.45,9.35
4972,2452,1037,295,103444.7,334.01
4973,2452,1034,25,11639.25,25.78
4974,2453,1006,174,1437.24,1110.16
4975,2453,1011,58,4421.92,239.4
4976,2453,1035,15,3617.85,108.84
4977,2454,1023,450,77440.5,318.28
4978,2454,1032,523,156455.45,1662.57
4979,2455,1034,269,125238.33,1004.69
4980,2456,1001,74,1070.78,112.68
4981,2456,1004,71,502.68,188.47
4982,2457,1021,48,6716.16,49.02
4983,2457,1015,347,27048.65,1333.14
4984,2458,1029,378,56201.04,812.68
4985,2458,1004,206,1458.48,574.76
4986,2458,1038,195,39423.15,184.66
4987,2459,1028,292,53103.12,2583.79
4988,2460,1015,121,9431.95,804.9
4989,2460,1009,31,2221.77,229.75
4990,2461,1026,176,51553.92,126.92
4991,2462,1023,58,9981.22,43.63
4992,2462,1025,207,55645.74,670.49
4993,2463,1008,281,3748.54,923.49
4994,2463,1017,158,15351.28,441.65
4995,2463,1027,240,53880.0,923.03
4996,2464,1007,432,3283.2,669.65
4997,2464,1023,338,58166.42,106.32
4998,2464,1019,432,104423.04,1830.91
4999,2465,1035,19,4582.61,97.71
5000,2465,1023,537,92412.33,317.1
5001,2465,1025,58,15591.56,153.57
5002,2466,1022,318,59405.58,1724.9
5003,2467,1021,296,41416.32,490.18
5004,2467,1033,40,18360.8,390.23
5005,2467,1021,246,34420.32,544.53
5006,2468,1032,332,99317.8,371.23
5007,2469,1031,227,57095.04,1208.27
5008,2469,1013,83,3978.19,152.57
5009,2469,1033,233,106951.66,1463.66
5010,2470,1021,121,16930.32,124.1
5011,2470,1037,159,55754.94,299.19
5012,2471,1036,209,88448.8,2602.8
5013,2472,1022,345,64449.45,3060.55
5014,2472,1034,296,137808.72,883.88
5015,2473,1005,276,4344.24,991.68
5016,2473,1040,190,73212.7,86.79
5017,2473,1040,270,104039.1,148.48
5018,2474,1040,222,85543.26,200.87
5019,2475,1013,278,13324.54,268.82
5020,2476,1009,172,12327.24,906.78
5021,2477,1020,102,16959.54,448.71
5022,2477,1035,132,31837.08,793.28
5023,2477,1040,263,101341.79,451.48
5024,2478,1024,84,10202.64,70.46
5025,2479,1020,287,47719.49,9445.53
5026,2480,1025,111,29839.02,2604.41
5027,2480,1011,89,6785.36,2613.4
5028,2481,1034,18,8380.26,371.73
5029,2481,1004,394,2789.52,16449.32
5030,2482,1003,485,7590.25,3287.19
5031,2483,1014,282,16795.92,344.99
5032,2483,1035,366,88275.54,1662.31
5033,2484,1027,305,68472.5,1652.27
5034,2485,1014,273,16259.88,285.97
5035,2485,1017,548,53243.68,1055.15
5036,2485,1022,16,2988.96,41.88
5037,2486,1014,62,3692.72,111.16
5038,2486,1034,456,212299.92,1036.72
5039,2486,1028,555,100932.3,2611.51
5040,2487,1016,331,11661.13,94.09
5041,2488,1001,369,5339.43,1846.72
5042,2488,1021,418,58486.56,786.37
5043,2488,1006,498,4113.48,3437.36
5044,2489,1014,102,6075.12,75.18
5045,2489,1022,43,8032.83,120.84
5046,2490,1007,234,1778.4,402.95
5047,2490,1037,234,82054.44,300.57
5048,2491,1008,49,653.66,261.46
5049,2492,1035,91,21948.29,709.79
5050,2492,1015,262,20422.9,1821.97
5051,2492,1018,317,40046.61,2261.83
5052,2493,1032,229,68505.35,3516.96
5053,2493,1005,183,2880.42,10486.87
5054,2493,1034,100,46557.0,1688.87
5055,2494,1018,389,49142.37,1012.83
5056,2494,1021,281,39317.52,181.15
5057,2495,1019,337,81459.64,3192.16
5058,2496,1038,114,23047.38,80.22
5059,2496,1021,221,30922.32,204.76
5060,2497,1037,175,61365.5,4283.72
5061,2498,1003,95,1486.75,214.33
5062,2498,1036,19,8040.8,8.85
5063,2499,1038,204,41242.68,486.78
5064,2499,1012,395,26484.75,2897.62
5065,2499,1033,291,133574.82,2397.27
5066,2500,1019,232,56079.04,953.14
5067,2500,1024,246,29879.16,121.7
5068,2501,1003,485,7590.25,2192.83
5069,2502,1021,231,32321.52,202.93
5070,2502,1030,318,45839.7,1305.19
5071,2503,1027,186,41757.0,275.43
5072,2504,1018,67,8464.11,137.57
5073,2505,1021,175,24486.0,181.39
5074,2505,1021,343,47992.56,470.94
5075,2505,1002,268,2629.08,1195.97
5076,2506,1017,236,22929.76,8947.32
5077,2506,1024,275,33401.5,2309.84
5078,2506,1034,389,181106.73,9150.54
5079,2507,1025,22,5914.04,70.98
5080,2507,1039,162,68261.94,1456.67
5081,2508,1027,171,38389.5,516.12
5082,2508,1015,69,5378.55,276.38
5083,2509,1017,289,28079.24,600.32
5084,2510,1003,35,547.75,79.69
5085,2510,1017,102,9910.32,173.7
5086,2511,1029,70,10407.6,2365.26
5087,2512,1020,359,59690.93,11398.08
5088,2513,1039,13,5477.81,41.56
5089,2513,1037,101,35416.66,97.1
5090,2514,1027,375,84187.5,13097.88
5091,2514,1038,269,54383.73,4372.29
5092,2515,1022,243,45394.83,11359.11
5093,2515,1033,255,117050.1,12858.97
5094,2516,1021,138,19308.96,1990.39
5095,2516,1008,397,5295.98,11510.42
5096,2517,1038,48,9704.16,672.32
5097,2517,1010,108,5726.16,54.42
5098,2518,1013,383,18357.19,845.81
5099,2518,1010,108,5726.16,7.29
5100,2519,1004,283,2003.64,1141.31
5101,2520,1040,343,132168.19,3435.68
5102,2520,1001,108,1562.76,3162.01
5103,2520,1016,107,3769.61,175.72
5104,2521,1033,526,241444.52,42027.16
5105,2521,1013,316,15145.88,5445.72
5106,2521,1002,436,4277.16,25092.98
5107,2522,1008,71,947.14,1591.86
5108,2522,1019,306,73966.32,21278.37
5109,2523,1003,344,5383.6,806.47
5110,2523,1031,357,89792.64,1340.46
5111,2523,1019,347,83876.84,1523.77
5112,2524,1020,73,12137.71,1789.94
5113,2524,1040,34,13101.22,267.04
5114,2524,1004,182,1288.56,11982.14
5115,2525,1010,179,9490.58,7.21
5116,2525,1010,420,22268.4,13.58
5117,2525,1011,446,34003.04,912.59
5118,2526,1021,147,20568.24,165.95
5119,2526,1027,10,2245.0,24.03
5120,2527,1036,394,166740.8,764.55
5121,2528,1025,99,26613.18,221.38
5122,2529,1002,214,2099.34,638.59
5123,2529,1036,269,113840.8,156.09
5124,2530,1003,241,3771.65,856.91
5125,2530,1007,69,524.4,200.65
5126,2530,1007,59,448.4,192.03
5127,2531,1030,234,33731.1,706.75
5128,2531,1014,318,18940.08,356.1
5129,2532,1018,288,36383.04,1353.43
5130,2532,1035,246,59332.74,1257.47
5131,2533,1033,537,246493.74,43149.3
5132,2533,1040,460,177251.8,3352.68
5133,2534,1031,271,68161.92,18115.52
5134,2535,1035,547,131930.93,3249.37
5135,2536,1035,190,45826.1,8643.08
5136,2536,1013,208,9969.44,3922.28
5137,2536,1031,77,19367.04,5017.51
5138,2537,1030,299,43100.85,2049.39
5139,2538,1039,172,72475.64,6355.83
5140,2538,1019,366,88469.52,17256.73
5141,2538,1035,315,75974.85,17177.45
5142,2539,1039,244,102814.28,1298.31
5143,2539,1034,181,84268.17,444.02
5144,2539,1001,185,2676.95,540.09
5145,2540,1024,243,29514.78,197.07
5146,2540,1035,312,75251.28,1375.04
5147,2540,1012,312,20919.6,1100.02
5148,2541,1008,151,2014.34,5332.15
5149,2541,1008,250,3335.0,8835.82
5150,2542,1017,547,53146.52,17216.88
5151,2543,1009,146,10463.82,7668.81
5152,2543,1009,264,18920.88,13617.79
5153,2544,1029,191,28397.88,660.9
5154,2544,1001,55,795.85,131.31
5155,2545,1019,376,90886.72,1168.61
5156,2545,1031,326,81995.52,1273.11
5157,2545,1012,63,4224.15,111.13
5158,2546,1036,136,57555.2,1528.08
5159,2546,1028,273,49647.78,17782.53
5160,2546,1029,23,3419.64,971.61
5161,2547,1033,158,72525.16,1482.44
5162,2547,1034,278,129428.46,933.88
5163,2547,1014,260,15485.6,620.25
5164,2548,1004,372,2633.76,2517.17
5165,2548,1040,103,39688.99,127.47
5166,2549,1014,61,3633.16,56.97
5167,2549,1030,247,35605.05,732.46
5168,2549,1009,114,8170.38,366.05
5169,2550,1014,37,2203.72,697.96
5170,2551,1011,190,14485.6,588.36
5171,2552,1030,110,15856.5,1131.4
5172,2552,1016,130,4579.9,33.16
5173,2552,1024,107,12996.22,120.45
5174,2553,1040,62,23890.46,62.04
5175,2553,1031,96,24145.92,614.09
5176,2553,1019,92,22238.24,444.86
5177,2554,1009,23,1648.41,181.98
5178,2555,1029,230,34196.4,624.21
5179,2555,1022,85,15878.85,233.56
5180,2556,1017,494,47997.04,17923.66
5181,2556,1005,525,8263.5,36614.49
5182,2556,1011,369,28132.56,11340.02
5183,2557,1018,380,48005.4,1136.85
5184,2557,1001,87,1258.89,157.77
5185,2558,1016,373,13140.79,114.02
5186,2558,1040,125,48166.25,137.83
5187,2558,1023,380,65394.2,289.97
5188,2559,1016,394,13880.62,57.99
5189,2559,1040,352,135636.16,330.11
5190,2559,1020,195,32422.65,706.67
5191,2560,1013,82,3930.26,154.64
5192,2560,1008,187,2494.58,517.79
5193,2561,1013,11,527.23,38.04
5194,2562,1028,269,48920.34,680.66
5195,2562,1021,64,8954.88,57.87
5196,2562,1038,55,11119.35,42.13
5197,2563,1002,30,294.3,133.78
5198,2564,1001,379,5484.13,2030.43
5199,2565,1022,377,70427.37,14759.02
5200,2566,1025,103,27688.46,181.78
5201,2566,1009,69,4945.23,394.04
5202,2567,1032,156,46667.4,126.56
5203,2568,1034,361,168070.77,388.33
5204,2568,1004,140,991.2,443.37
5205,2569,1032,102,30513.3,1543.79
5206,2570,1009,73,5231.91,194.83
5207,2570,1025,210,56452.2,278.53
5208,2570,1037,235,82405.1,349.81
5209,2571,1027,180,40410.0,788.41
5210,2571,1040,146,56258.18,190.53
5211,2572,1037,165,57858.9,2927.89
5212,2572,1012,361,24205.05,15005.55
5213,2573,1030,382,55065.3,3008.92
5214,2573,1012,256,17164.8,1325.83
5215,2574,1009,263,18849.21,1129.33
5216,2574,1018,73,9222.09,297.02
5217,2574,1016,264,9300.72,33.66
5218,2575,1039,35,14747.95,215.42
5219,2576,1029,98,14570.64,430.12
5220,2577,1015,263,20500.85,493.77
5221,2577,1019,343,82909.96,1067.46
5222,2577,1002,139,1363.59,512.09
5223,2578,1040,515,198444.95,368.92
5224,2578,1032,54,16154.1,87.23
5225,2578,1034,133,61920.81,338.89
5226,2579,1021,279,39037.68,388.9
5227,2579,1020,64,10641.28,168.05
5228,2579,1003,351,5493.15,1512.61
5229,2580,1006,345,2849.7,2988.2
5230,2580,1031,114,28673.28,1043.74
5231,2580,1032,253,75684.95,529.29
5232,2581,1016,84,2959.32,8.01
5233,2582,1001,67,969.49,238.32
5234,2582,1011,540,41169.6,1683.35
5235,2582,1034,64,29796.48,136.11
5236,2583,1035,221,53302.99,2122.96
5237,2584,1027,269,60390.5,8659.19
5238,2584,1034,381,177382.17,6120.69
5239,2584,1018,32,4042.56,1512.88
5240,2585,1012,139,9319.95,828.78
5241,2585,1032,246,73590.9,690.61
5242,2585,1019,39,9427.08,457.26
5243,2586,1018,278,35119.74,9319.99
5244,2586,1040,24,9247.92,220.66
5245,2586,1004,370,2619.6,20306.41
5246,2587,1009,206,14764.02,1170.74
5247,2587,1001,315,4558.05,720.44
5248,2588,1012,77,5162.85,362.38
5249,2589,1028,141,25642.26,5839.16
5250,2589,1003,110,1721.5,5645.82
5251,2590,1036,206,87179.2,327.32
5252,2590,1006,108,892.08,612.65
5253,2590,1021,154,21547.68,362.79
5254,2591,1034,208,96838.56,623.24
5255,2592,1031,146,36721.92,394.02
5256,2593,1011,401,30572.24,1367.14
5257,2593,1022,527,98448.87,2179.78
5258,2594,1018,28,3537.24,195.16
5259,2595,1038,223,45083.91,324.44
5260,2596,1023,28,4818.52,9.6
5261,2596,1006,255,2106.3,527.64
5262,2596,1034,263,122444.91,261.08
5263,2597,1020,385,64013.95,1378.87
5264,2597,1040,357,137562.81,263.06
5265,2598,1014,330,19654.8,354.7
5266,2599,1006,261,2155.86,1156.06
5267,2600,1040,536,206536.88,509.06
5268,2600,1016,161,5672.03,24.4
5269,2601,1010,335,17761.7,217.77
5270,2601,1011,140,10673.6,4986.24
5271,2601,1037,77,27000.82,1728.81
5272,2602,1005,222,3494.28,15956.74
5273,2602,1036,149,63056.8,1322.54
5274,2602,1026,170,49796.4,1093.71
5275,2603,1009,240,17200.8,2018.39
5276,2603,1019,370,89436.4,2817.28
5277,2603,1020,21,3491.67,109.57
5278,2604,1031,144,36218.88,893.77
5279,2605,1038,33,6671.61,618.08
5280,2606,1027,249,55900.5,711.32
5281,2606,1011,298,22719.52,1040.31
5282,2607,1031,46,11569.92,2947.42
5283,2608,1003,126,1971.9,765.66
5284,2608,1038,368,74398.56,744.77
5285,2609,1024,115,13967.9,143.81
5286,2609,1037,272,95379.52,1075.17
5287,2609,1029,224,33304.32,1725.16
5288,2610,1002,372,3649.32,3305.15
5289,2610,1040,232,89396.56,314.07
5290,2611,1034,205,95441.85,4464.57
5291,2611,1027,342,76779.0,10606.71
5292,2611,1005,42,661.08,1995.83
5293,2612,1022,59,11021.79,2617.48
5294,2612,1037,116,40676.56,2473.74
5295,2613,1032,153,45769.95,118.62
5296,2613,1032,213,63718.95,211.29
5297,2613,1032,24,7179.6,29.52
5298,2614,1020,93,15463.11,164.16
5299,2614,1022,488,91163.28,1274.92
5300,2615,1024,67,8137.82,572.13
5301,2615,1007,81,615.6,2889.89
5302,2616,1019,303,73241.16,2128.88
5303,2616,1030,258,37190.7,1892.07
5304,2617,1005,245,3856.3,14307.7
5305,2617,1024,153,18583.38,909.17
5306,2618,1006,361,2981.86,2199.71
5307,2618,1035,357,86104.83,2660.34
5308,2619,1024,80,9716.8,621.08
5309,2619,1012,67,4492.35,2801.52
5310,2620,1039,60,25282.2,2830.02
5311,2620,1025,118,31720.76,2642.82
5312,2621,1012,310,20785.5,12778.97
5313,2622,1008,73,973.82,299.89
5314,2622,1003,249,3896.85,1803.31
5315,2623,1022,78,14571.18,368.46
5316,2623,1036,466,197211.2,572.82
5317,2624,1013,26,1246.18,30.34
5318,2624,1033,371,170296.42,1345.78
5319,2624,1038,51,10310.67,43.5
5320,2625,1023,320,55068.8,1901.99
5321,2626,1028,142,25824.12,7895.65
5322,2626,1003,151,2363.15,5591.24
5323,2626,1007,137,1041.2,3687.28
5324,2627,1033,304,139542.08,3774.1
5325,2627,1002,142,1393.02,1404.74
5326,2628,1023,276,47496.84,89.8
5327,2629,1029,188,27951.84,895.93
5328,2629,1038,188,38007.96,306.98
5329,2630,1033,323,148263.46,16407.09
5330,2630,1035,399,96234.81,20470.41
5331,2630,1002,343,3364.83,17911.37
5332,2631,1007,74,562.4,270.74
5333,2632,1012,101,6772.05,577.4
5334,2632,1039,335,141158.95,2443.35
5335,2632,1024,351,42632.46,329.22
5336,2633,1039,355,149586.35,14543.77
5337,2633,1032,89,26624.35,1725.52
5338,2634,1028,229,41645.94,2449.07
5339,2634,1035,330,79592.7,2267.89
5340,2634,1018,149,18823.17,829.12
5341,2635,1015,211,16447.45,440.62
5342,2635,1029,99,14719.32,239.88
5343,2635,1025,39,10483.98,59.52
5344,2636,1016,331,11661.13,427.15
5345,2636,1002,391,3835.71,20413.92
5346,2637,1007,284,2158.4,834.93
5347,2637,1003,32,500.8,116.78
5348,2637,1022,173,32318.13,957.64
5349,2638,1002,110,1079.1,390.49
5350,2639,1008,334,4455.56,1301.19
5351,2639,1014,140,8338.4,403.46
5352,2639,1040,39,15027.87,61.65
5353,2640,1038,269,54383.73,592.37
5354,2641,1031,295,74198.4,19523.27
5355,2641,1013,377,18069.61,7755.48
5356,2641,1021,133,18609.36,1391.66
5357,2642,1030,221,31857.15,2464.55
5358,2643,1009,26,1863.42,1163.06
5359,2643,1021,113,15810.96,1648.08
5360,2643,1021,23,3218.16,291.61
5361,2644,1039,56,23596.72,2857.0
5362,2645,1021,377,52749.84,272.22
5363,2645,1037,41,14377.06,50.5
5364,2645,1010,323,17125.46,11.35
5365,2646,1037,495,173576.7,973.9
5366,2646,1021,118,16510.56,147.11
5367,2646,1029,551,81922.68,1935.06
5368,2647,1024,30,3643.8,14.75
5369,2648,1034,54,25140.78,1202.55
5370,2649,1007,212,1611.2,5776.15
5371,2650,1020,527,87624.29,14521.59
5372,2650,1023,138,23748.42,723.7
5373,2650,1039,273,115034.01,13202.44
5374,2651,1012,546,36609.3,21898.88
5375,2651,1003,81,1267.65,4226.19
5376,2651,1028,98,17822.28,4733.19
5377,2652,1008,376,5015.84,11779.84
5378,2652,1005,23,362.02,1489.96
5379,2653,1014,113,6730.28,151.46
5380,2653,1014,92,5479.52,148.29
5381,2653,1034,358,166674.06,620.62
5382,2654,1014,55,3275.8,75.01
5383,2655,1033,50,22951.0,186.03
5384,2655,1020,149,24774.23,300.82
5385,2655,1007,47,357.2,87.69
5386,2656,1025,251,67473.82,5731.51
5387,2656,1035,138,33284.22,7601.69
5388,2656,1027,180,40410.0,6636.5
5389,2657,1007,272,2067.2,482.61
5390,2657,1017,210,20403.6,490.54
5391,2657,1027,80,17960.0,141.03
5392,2658,1031,362,91050.24,2735.62
5393,2658,1030,309,44542.35,3295.45
5394,2658,1006,316,2610.16,2109.58
5395,2659,1037,175,61365.5,573.35
5396,2659,1015,435,33908.25,2260.86
5397,2660,1021,140,19588.8,323.73
5398,2660,1023,117,20134.53,111.42
5399,2661,1020,42,6983.34,1200.15
5400,2662,1023,23,3958.07,6.98
5401,2662,1002,288,2825.28,799.78
5402,2662,1005,36,566.64,137.78
5403,2663,1024,432,52470.72,436.77
5404,2664,1030,52,7495.8,395.19
5405,2664,1031,376,94571.52,2921.23
5406,2664,1010,137,7263.74,10.79
5407,2665,1005,87,1369.38,560.14
5408,2666,1012,334,22394.7,14015.04
5409,2666,1037,42,14727.72,790.47
5410,2666,1017,121,11756.36,3386.22
5411,2667,1007,36,273.6,1119.82
5412,2667,1012,280,18774.0,10661.34
5413,2668,1010,534,28312.68,358.7
5414,2668,1035,519,125177.61,26013.43
5415,2669,1003,297,4648.05,716.61
5416,2669,1023,90,15488.1,29.39
5417,2670,1005,72,1133.28,4397.77
5418,2671,1022,99,18494.19,802.84
5419,2671,1020,201,33420.27,796.08
5420,2671,1001,342,4948.74,1700.02
5421,2672,1032,121,36197.15,266.28
5422,2673,1004,319,2258.52,1739.21
5423,2673,1007,68,516.8,237.45
5424,2674,1009,503,36050.01,2954.98
5425,2674,1004,422,2987.76,2192.99
5426,2674,1001,173,2503.31,480.32
5427,2675,1002,375,3678.75,1168.63
5428,2676,1012,362,24272.1,776.29
5429,2676,1023,178,30632.02,62.07
5430,2677,1002,321,3149.01,1931.75
5431,2677,1009,320,22934.4,1881.54
5432,2678,1015,327,25489.65,10898.94
5433,2678,1038,255,51553.35,3723.69
5434,2679,1001,253,3660.91,622.16
5435,2680,1022,176,32878.56,7162.41
5436,2680,1036,207,87602.4,1770.52
5437,2680,1007,7,53.2,195.49
5438,2681,1017,299,29050.84,12136.8
5439,2681,1020,122,20284.94,3226.27
5440,2682,1003,201,3145.65,699.25
5441,2682,1032,64,19145.6,105.29
5442,2683,1037,364,127640.24,8096.42
5443,2683,1022,373,69680.13,14749.72
5444,2684,1018,383,48384.39,12182.64
5445,2684,1020,475,78978.25,12112.04
5446,2685,1027,288,64656.0,1738.0
5447,2685,1008,252,3361.68,949.79
5448,2686,1014,42,2501.52,91.38
5449,2686,1023,207,35622.63,226.59
5450,2687,1021,176,24625.92,2713.63
5451,2687,1002,246,2413.26,10493.56
5452,2687,1013,114,5464.02,2279.64
5453,2688,1022,239,44647.59,13220.83
5454,2689,1012,22,1475.1,157.78
5455,2690,1014,106,6313.36,97.79
5456,2690,1029,364,54119.52,907.96
5457,2690,1036,487,206098.4,238.18
5458,2691,1001,147,2127.09,439.09
5459,2692,1015,58,4521.1,417.99
5460,2692,1002,170,1667.7,1540.87
5461,2692,1030,278,40073.7,2890.15
5462,2693,1016,40,1409.2,4.66
5463,2693,1033,197,90426.94,664.77
5464,2693,1020,86,14299.22,151.4
5465,2694,1017,200,19432.0,578.74
5466,2694,1017,293,28467.88,863.07
5467,2694,1031,274,68916.48,1749.02
5468,2695,1001,195,2821.65,312.72
5469,2696,1012,443,29703.15,13328.73
5470,2696,1004,229,1621.32,12160.46
5471,2696,1006,373,3080.98,19135.03
5472,2697,1017,246,23901.36,1415.69
5473,2697,1023,32,5506.88,24.82
5474,2697,1013,256,12270.08,799.36
5475,2698,1018,102,12885.66,551.25
5476,2699,1031,132,33200.64,1379.48
5477,2700,1023,236,40613.24,80.61
5478,2701,1032,104,31111.6,148.92
5479,2701,1010,170,9013.4,7.96
5480,2702,1002,323,3168.63,2225.4
5481,2702,1012,338,22662.9,2375.27
5482,2702,1038,259,52362.03,620.36
5483,2703,1001,296,4283.12,1488.37
5484,2703,1014,120,7147.2,261.5
5485,2703,1005,58,912.92,461.68
5486,2704,1009,176,12613.92,599.94
5487,2704,1002,38,372.78,133.8
5488,2704,1015,222,17304.9,578.88
5489,2705,1017,343,33325.88,2075.56
5490,2705,1017,210,20403.6,1237.64
5491,2705,1026,215,62977.8,165.23
5492,2706,1032,217,64915.55,426.77
5493,2707,1032,232,69402.8,384.03
5494,2707,1038,501,101287.17,839.83
5495,2708,1013,361,17302.73,874.88
5496,2708,1030,81,11676.15,430.12
5497,2708,1022,274,51185.94,1265.13
5498,2709,1030,101,14559.15,382.19
5499,2709,1025,28,7526.96,45.48
5500,2709,1002,383,3757.23,1188.49
5501,2710,1029,50,7434.0,218.8
5502,2710,1037,54,18935.64,112.12
5503,2710,1013,491,23533.63,815.33
5504,2711,1032,148,44274.2,2695.88
5505,2711,1012,376,25210.8,16530.47
5506,2712,1001,295,4268.65,1427.27
5507,2712,1031,217,54579.84,1697.21
5508,2712,1040,29,11174.57,38.96
5509,2713,1024,467,56721.82,3176.03
5510,2713,1002,96,941.76,4837.73
5511,2714,1018,130,16422.9,287.37
5512,2715,1038,70,14151.9,163.31
5513,2715,1025,373,100269.86,1366.93
5514,2716,1001,125,1808.75,430.66
5515,2716,1031,362,91050.24,1591.43
5516,2717,1009,269,19279.23,1934.7
5517,2718,1012,270,18103.5,583.26
5518,2719,1013,189,9058.77,227.54
5519,2720,1030,323,46560.45,1238.22
5520,2720,1029,432,64229.76,1314.37
5521,2721,1030,512,73804.8,1764.83
5522,2721,1026,434,127127.28,140.74
5523,2722,1013,349,16727.57,5761.41
5524,2722,1010,294,15587.88,177.36
5525,2723,1031,459,115447.68,2724.34
5526,2723,1022,420,78460.2,2228.09
5527,2723,1033,386,177181.72,2033.5
5528,2724,1029,15,2230.2,49.11
5529,2724,1001,370,5353.9,549.1
5530,2725,1017,310,30119.6,945.57
5531,2725,1006,428,3535.28,1558.06
5532,2726,1005,87,1369.38,479.19
5533,2726,1020,52,8646.04,185.95
5534,2727,1019,471,113850.12,4954.29
5535,2727,1021,557,77935.44,1279.69
5536,2728,1036,167,70674.4,116.9
5537,2729,1028,26,4728.36,83.47
5538,2729,1025,319,85753.58,519.26
5539,2730,1019,173,41817.56,10620.56
5540,2731,1013,126,6039.18,2123.24
5541,2732,1015,379,29543.05,813.33
5542,2733,1025,106,28494.92,112.4
5543,2734,1031,378,95074.56,1323.64
5544,2734,1018,149,18823.17,382.35
5545,2734,1009,302,21644.34,879.67
5546,2735,1013,362,17350.66,464.18
5547,2735,1040,160,61652.8,93.35
5548,2735,1035,249,60056.31,563.62
5549,2736,1016,67,2360.41,19.11
5550,2736,1021,239,33440.88,489.12
5551,2736,1018,208,26276.64,1102.17
5552,2737,1002,272,2668.32,787.13
5553,2737,1015,19,1481.05,34.32
5554,2737,1026,310,90805.2,86.37
5555,2738,1039,236,99443.32,1287.46
5556,2739,1012,137,9185.85,237.69
5557,2740,1011,353,26912.72,747.69
5558,2741,1030,371,53479.65,1218.89
5559,2741,1021,163,22806.96,121.21
5560,2741,1029,242,35980.56,714.27
5561,2742,1015,336,26191.2,1448.99
5562,2743,1029,126,18733.68,497.25
5563,2743,1036,136,57555.2,170.0
5564,2744,1028,59,10729.74,3384.89
5565,2745,1018,269,33982.77,941.35
5566,2745,1033,73,33508.46,468.48
5567,2746,1022,143,26713.83,949.05
5568,2747,1002,148,1451.88,931.48
5569,2747,1023,23,3958.07,19.51
5570,2748,1013,106,5080.58,202.95
5571,2749,1015,388,30244.6,1088.19
5572,2749,1027,364,81718.0,984.17
5573,2750,1016,256,9018.88,445.24
5574,2750,1007,382,2903.2,9731.14
5575,2751,1028,375,68197.5,19101.87
5576,2751,1034,398,185296.86,8978.18
5577,2752,1023,278,47841.02,1687.01
5578,2752,1025,197,52957.54,5156.37
5579,2753,1016,187,6588.01,39.67
5580,2753,1018,127,16043.91,947.79
5581,2754,1012,394,26417.7,2897.54
5582,2754,1032,256,76582.4,725.19
5583,2755,1007,157,1193.2,863.16
5584,2755,1035,132,31837.08,1096.25
5585,2756,1012,68,4559.4,2001.33
5586,2756,1015,80,6236.0,3143.17
5587,2757,1020,414,68835.78,1164.77
5588,2758,1015,48,3741.6,2100.28
5589,2758,1031,47,11821.44,3093.1
5590,2759,1027,52,11674.0,278.59
5591,2760,1025,209,56183.38,3809.0
5592,2760,1037,135,47339.1,2245.6
5593,2761,1023,100,17209.0,90.13
5594,2762,1034,338,157362.66,1052.46
5595,2762,1012,256,17164.8,1797.34
5596,2763,1013,157,7525.01,327.26
5597,2764,1014,151,8993.56,454.96
5598,2764,1035,330,79592.7,3131.91
5599,2764,1014,250,14890.0,651.95
5600,2765,1019,209,50519.48,745.67
5601,2765,1023,27,4646.43,7.49
5602,2766,1031,364,91553.28,2033.12
5603,2766,1011,29,2210.96,101.86
5604,2767,1023,115,19790.35,66.03
5605,2768,1033,344,157902.88,1663.52
5606,2769,1037,278,97483.48,6591.61
5607,2769,1007,261,1983.6,7428.89
5608,2770,1001,355,5136.85,1048.77
5609,2771,1006,348,2874.48,1657.29
5610,2771,1011,291,22185.84,697.96
5611,2772,1029,421,62594.28,2121.97
5612,2772,1001,425,6149.75,1398.39
5613,2772,1009,235,16842.45,1452.42
5614,2773,1017,70,6801.2,219.8
5615,2773,1009,390,27951.3,2280.54
5616,2773,1038,229,46296.93,357.51
5617,2774,1010,330,17496.6,31.57
5618,2775,1040,158,60882.14,121.02
5619,2775,1020,29,4821.83,92.18
5620,2776,1007,441,3351.6,725.52
5621,2777,1040,50,19266.5,53.77
5622,2777,1014,62,3692.72,79.07
5623,2777,1026,128,37493.76,71.57
5624,2778,1031,28,7042.56,258.04
5625,2779,1034,199,92648.43,276.43
5626,2779,1005,74,1164.76,202.73
5627,2779,1032,219,65513.85,242.96
5628,2780,1040,263,101341.79,2288.51
5629,2781,1016,165,5812.95,13.56
5630,2781,1036,106,44859.2,61.27
5631,2781,1014,398,23704.88,426.3
5632,2782,1024,369,44818.74,127.8
5633,2782,1034,212,98700.84,282.36
5634,2783,1020,172,28598.44,337.35
5635,2783,1010,63,3340.26,2.07
5636,2784,1007,386,2933.6,14763.48
5637,2784,1020,229,38075.83,7521.68
5638,2785,1002,78,765.18,4704.12
5639,2785,1025,78,20967.96,1586.79
5640,2786,1011,184,14028.16,496.4
5641,2786,1014,399,23764.44,698.42
5642,2787,1038,216,43668.72,2721.09
5643,2787,1038,35,7075.95,444.05
5644,2788,1008,288,3841.92,7328.58
5645,2789,1038,306,61864.02,725.33
5646,2790,1023,197,33901.73,159.35
5647,2791,1006,34,280.84,186.18
5648,2792,1014,172,10244.32,127.73
5649,2793,1012,190,12739.5,523.53
5650,2793,1040,448,172627.84,253.32
5651,2794,1026,415,121561.8,181.58
5652,2795,1003,307,4804.55,2482.11
5653,2795,1024,295,35830.7,363.58
5654,2796,1029,183,27208.44,370.73
5655,2797,1011,166,12655.84,4507.89
5656,2797,1036,319,135000.8,2704.68
5657,2798,1008,97,1293.98,246.14
5658,2799,1030,202,29118.3,616.99
5659,2799,1032,397,118762.55,439.29
5660,2799,1034,105,48884.85,110.01
5661,2800,1016,156,5495.88,256.86
5662,2801,1034,22,10242.54,62.39
5663,2802,1002,242,2374.02,2110.19
5664,2803,1019,26,6284.72,1197.15
5665,2803,1001,52,752.44,1546.24
5666,2804,1027,127,28511.5,186.24
5667,2805,1019,201,48585.72,2011.57
5668,2806,1018,341,43078.53,2728.36
5669,2806,1014,11,655.16,29.15
5670,2806,1008,322,4295.48,1430.39
5671,2807,1019,388,93787.36,1540.23
5672,2808,1012,501,33592.05,3164.1
5673,2808,1032,427,127737.05,907.7
5674,2808,1017,522,50717.52,2376.68
5675,2809,1010,102,5408.04,10.68
5676,2809,1007,293,2226.8,1130.6
5677,2810,1039,22,9270.14,88.39
5678,2811,1007,114,866.4,3808.73
5679,2812,1017,244,23707.04,706.43
5680,2813,1019,348,84118.56,1117.18
5681,2814,1001,42,607.74,64.93
5682,2815,1013,268,12845.24,434.83
5683,2815,1021,133,18609.36,219.8
5684,2815,1021,152,21267.84,221.04
5685,2816,1034,277,128962.89,357.34
5686,2816,1019,363,87744.36,1179.66
5687,2817,1032,270,80770.5,5124.83
5688,2817,1034,48,22347.36,860.53
5689,2818,1021,112,15671.04,99.17
5690,2818,1028,314,57104.04,1228.46
5691,2819,1024,120,14575.2,719.95
5692,2820,1039,316,133152.92,1518.6
5693,2820,1038,527,106543.59,866.28
5694,2821,1029,397,59025.96,16492.81
5695,2821,1018,442,55837.86,17647.03
5696,2822,1029,217,32263.56,733.89
5697,2822,1019,131,31665.32,820.03
5698,2822,1024,118,14332.28,64.82
5699,2823,1012,78,5229.9,263.14
5700,2824,1012,37,2480.85,99.49
5701,2824,1040,431,166077.23,203.87
5702,2824,1005,470,7397.8,1750.76
5703,2825,1016,52,1831.96,15.91
5704,2825,1012,372,24942.6,1819.75
5705,2826,1020,32,5320.64,1012.28
5706,2827,1006,260,2147.6,2201.12
5707,2828,1010,115,6097.3,77.64
5708,2828,1028,81,14730.66,4798.98
5709,2829,1031,236,59358.72,790.38
5710,2829,1036,161,68135.2,84.03
5711,2830,1018,434,54827.22,20597.6
5712,2830,1001,29,419.63,861.65
5713,2831,1027,432,96984.0,2141.51
5714,2831,1037,496,173927.36,1558.49
5715,2831,1022,558,104239.98,4006.7
5716,2832,1004,55,389.4,2455.57
5717,2832,1036,83,35125.6,722.09
5718,2833,1010,266,14103.32,168.96
5719,2834,1015,383,29854.85,14832.74
5720,2834,1035,348,83934.12,16724.03
5721,2834,1013,12,575.16,208.78
5722,2835,1038,210,42455.7,3656.49
5723,2835,1032,382,114275.3,7773.15
5724,2836,1011,532,40559.68,16633.17
5725,2837,1016,89,3135.47,15.97
5726,2837,1022,224,41845.44,1063.08
5727,2838,1025,205,55108.1,866.45
5728,2839,1030,118,17009.7,7086.58
5729,2839,1007,264,2006.4,6241.6
5730,2840,1021,106,14831.52,154.05
5731,2840,1008,112,1494.08,321.79
5732,2841,1038,356,71972.52,921.78
5733,2841,1027,197,44226.5,1202.99
5734,2842,1023,175,30115.75,924.72
5735,2842,1021,18,2518.56,196.48
5736,2842,1011,97,7395.28,2667.12
5737,2843,1036,301,127383.2,326.32
5738,2843,1031,114,28673.28,658.57
5739,2843,1038,17,3436.89,19.84
5740,2844,1031,253,63634.56,12520.7
5741,2844,1038,108,21834.36,1590.17
5742,2845,1016,240,8455.2,71.29
5743,2846,1001,65,940.55,274.94
5744,2847,1029,97,14421.96,317.88
5745,2847,1004,132,934.56,508.56
5746,2848,1035,241,58126.79,788.23
5747,2848,1006,166,1371.16,448.36
5748,2849,1003,26,406.9,116.56
5749,2849,1033,343,157443.86,2652.7
5750,2850,1020,151,25106.77,379.96
5751,2850,1022,112,20922.72,593.32
5752,2851,1015,492,38351.4,3516.84
5753,2851,1022,548,102371.88,3323.13
5754,2852,1014,214,12745.84,602.1
5755,2852,1039,182,76689.34,1343.92
5756,2853,1021,112,15671.04,201.08
5757,2853,1015,498,38819.1,2835.66
5758,2854,1034,15,6983.55,28.63
5759,2854,1009,264,18920.88,1642.17
5760,2854,1040,304,117140.32,212.86
5761,2855,1019,336,81217.92,934.99
5762,2855,1030,131,18883.65,361.53
5763,2856,1025,117,31451.94,2995.57
5764,2857,1038,228,46094.76,2708.48
5765,2857,1013,184,8819.12,4305.78
5766,2858,1016,347,12224.81,107.35
5767,2858,1003,331,5180.15,2398.57
5768,2859,1013,223,10688.39,284.59
5769,2859,1019,135,32632.2,387.91
5770,2860,1032,285,85257.75,720.43
5771,2861,1039,194,81745.78,533.47
5772,2861,1016,352,12400.96,42.17
5773,2861,1030,275,39641.25,1225.68
5774,2862,1010,208,11028.16,13.93
5775,2863,1028,40,7274.4,167.69
5776,2864,1028,382,69470.52,16738.75
5777,2865,1032,42,12564.3,671.81
5778,2866,1036,235,99452.0,464.48
5779,2867,1026,84,24605.28,34.13
5780,2867,1007,438,3328.8,797.36
5781,2867,1003,420,6573.0,1317.04
5782,2868,1011,61,4650.64,226.16
5783,2868,1019,67,16195.24,354.79
5784,2868,1036,323,136693.6,404.27
5785,2869,1022,461,86119.41,4235.66
5786,2869,1040,46,17725.18,67.34
5787,2869,1028,352,64014.72,3770.4
5788,2870,1008,15,200.1,455.23
5789,2870,1011,398,30343.52,11910.53
5790,2870,1036,141,59671.2,1515.8
5791,2871,1003,148,2316.2,766.6
5792,2872,1038,239,48318.63,195.88
5793,2873,1028,17,3091.62,66.28
5794,2874,1025,26,6989.32,508.15
5795,2874,1008,107,1427.38,3006.7
5796,2874,1032,282,84360.3,5393.77
5797,2875,1028,236,42918.96,13608.93
5798,2876,1014,375,22335.0,4807.32
5799,2877,1007,456,3465.6,1891.12
5800,2877,1007,309,2348.4,1191.35
5801,2878,1034,358,166674.06,398.77
5802,2879,1007,357,2713.2,988.36
5803,2880,1021,78,10913.76,61.82
5804,2880,1004,256,1812.48,997.35
5805,2881,1022,242,45208.02,9867.28
5806,2881,1017,193,18751.88,6238.06
5807,2881,1037,555,194616.3,8850.82
5808,2882,1009,130,9317.1,858.75
5809,2883,1028,222,40372.92,1730.07
5810,2883,1035,385,92858.15,3139.2
5811,2884,1021,174,24346.08,2068.58
5812,2884,1003,283,4428.95,9593.31
5813,2884,1021,156,21827.52,1727.92
5814,2885,1025,164,44086.48,3618.47
5815,2886,1014,495,29482.2,8131.92
5816,2886,1028,510,92748.6,27715.07
5817,2887,1010,132,6998.64,10.69
5818,2887,1028,88,16003.68,883.19
5819,2887,1023,27,4646.43,24.69
5820,2888,1027,236,52982.0,748.32
5821,2888,1017,232,22541.12,648.17
5822,2889,1033,103,47279.06,513.34
5823,2890,1028,73,13275.78,361.55
5824,2891,1011,103,7852.72,2527.31
5825,2891,1034,145,67507.65,2472.81
5826,2891,1022,285,53240.85,14553.43
5827,2892,1005,296,4659.04,1887.96
5828,2892,1032,390,116668.5,689.83
5829,2893,1028,310,56376.6,1935.51
5830,2894,1007,34,258.4,990.16
5831,2895,1031,46,11569.92,2895.7
5832,2895,1021,220,30782.4,2582.15
5833,2896,1033,252,115673.04,814.63
5834,2897,1031,22,5533.44,213.11
5835,2898,1018,389,49142.37,14677.58
5836,2898,1037,38,13325.08,667.38
5837,2898,1008,379,5055.86,10486.22
5838,2899,1036,169,71520.8,131.68
5839,2900,1036,157,66442.4,74.64
5840,2901,1020,212,35249.24,1203.58
5841,2901,1013,411,19699.23,1533.89
5842,2902,1013,24,1150.32,42.1
5843,2903,1009,234,16770.78,1417.36
5844,2903,1027,175,39287.5,665.87
5845,2903,1039,149,62784.13,551.01
5846,2904,1019,204,49310.88,11944.13
5847,2904,1031,142,35715.84,7621.57
5848,2904,1033,98,44983.96,5642.88
5849,2905,1007,558,4240.8,2235.82
5850,2906,1009,269,19279.23,1328.77
5851,2906,1030,238,34307.7,1242.23
5852,2907,1005,97,1526.78,794.58
5853,2907,1029,176,26167.68,960.95
5854,2907,1030,259,37334.85,2421.61
5855,2908,1022,137,25592.97,404.97
5856,2909,1032,146,43675.9,145.84
5857,2909,1024,265,32186.9,125.1
5858,2910,1008,137,1827.58,376.53
5859,2910,1035,103,24842.57,440.15
5860,2910,1011,222,16925.28,746.25
5861,2911,1023,261,44915.49,1413.26
5862,2911,1019,393,94995.96,18125.58
5863,2912,1003,218,3411.7,705.57
5864,2912,1007,310,2356.0,834.88
5865,2913,1005,12,188.88,35.59
5866,2914,1013,285,13660.05,988.21
5867,2914,1002,79,774.99,616.75
5868,2915,1036,330,139656.0,245.46
5869,2915,1013,209,10017.37,289.02
5870,2915,1031,243,61119.36,654.41
5871,2916,1033,15,6885.3,51.69
5872,2916,1029,264,39251.52,802.17
5873,2917,1016,262,9230.26,22.97
5874,2918,1007,304,2310.4,1099.21
5875,2918,1010,139,7369.78,7.17
5876,2919,1005,86,1353.64,781.65
5877,2919,1007,113,858.8,535.09
5878,2919,1040,203,78221.99,223.04
5879,2920,1024,195,23684.7,1400.21
5880,2920,1014,18,1072.08,338.2
5881,2921,1010,148,7846.96,4.17
5882,2921,1029,354,52632.72,771.34
5883,2921,1037,326,114315.16,339.2
5884,2922,1036,369,156160.8,4510.07
5885,2923,1013,311,14906.23,712.65
5886,2923,1007,281,2135.6,830.9
5887,2923,1037,232,81353.12,406.61
5888,2924,1029,209,31074.12,564.21
5889,2924,1005,98,1542.52,412.99
5890,2924,1019,332,80251.04,1080.06
5891,2925,1012,354,23735.7,1360.31
5892,2926,1014,137,8159.72,121.01
5893,2926,1006,185,1528.1,402.75
5894,2926,1015,65,5066.75,125.17
5895,2927,1015,393,30634.35,2477.9
5896,2928,1005,170,2675.8,11879.21
5897,2929,1020,62,10308.74,243.23
5898,2929,1005,62,975.88,550.47
5899,2929,1013,193,9250.49,589.5
5900,2930,1027,216,48492.0,901.26
5901,2930,1013,247,11838.71,880.55
5902,2930,1009,333,23866.11,3470.77
5903,2931,1018,46,5811.18,232.15
5904,2932,1029,299,44455.32,1363.78
5905,2933,1032,85,25427.75,244.56
5906,2933,1017,181,17585.96,782.86
5907,2933,1039,129,54356.73,802.97
5908,2934,1017,93,9035.88,331.8
5909,2934,1035,195,47032.05,837.36
5910,2934,1033,40,18360.8,303.6
5911,2935,1034,328,152706.96,341.81
5912,2935,1038,283,57214.11,211.27
5913,2936,1003,390,6103.5,761.28
5914,2936,1035,375,90446.25,1045.11
5915,2936,1014,127,7564.12,90.01
5916,2937,1035,64,15436.16,161.39
5917,2938,1025,378,101613.96,489.66
5918,2939,1015,264,20578.8,1079.96
5919,2939,1017,540,52466.4,1458.73
5920,2939,1016,463,16311.49,91.71
5921,2940,1010,364,19299.28,15.15
5922,2940,1024,223,27085.58,108.36
5923,2941,1004,256,1812.48,13995.41
5924,2941,1023,262,45087.58,1175.07
5925,2942,1029,386,57390.48,13513.11
5926,2942,1028,349,63469.14,14532.28
5927,2942,1031,155,38985.6,7058.47
5928,2943,1030,172,24793.8,573.87
5929,2943,1016,439,15465.97,51.11
5930,2943,1015,60,4677.0,115.76
5931,2944,1009,183,13115.61,1160.82
5932,2944,1034,103,47953.71,260.88
5933,2945,1019,417,100797.24,1794.28
5934,2945,1002,180,1765.8,562.47
5935,2946,1039,358,150850.46,1901.22
5936,2946,1011,123,9377.52,444.83
5937,2947,1039,13,5477.81,69.87
5938,2948,1014,271,16140.76,723.77
5939,2948,1038,211,42657.87,572.6
5940,2948,1014,58,3454.48,144.86
5941,2949,1024,90,10931.4,699.67
5942,2949,1031,297,74701.44,19347.32
5943,2949,1003,169,2644.85,7143.49
5944,2950,1020,57,9477.39,284.99
5945,2950,1035,317,76457.23,2313.15
5946,2951,1035,77,18571.63,403.09
5947,2951,1021,366,51210.72,409.3
5948,2951,1015,160,12472.0,684.5
5949,2952,1038,143,28910.31,148.21
5950,2953,1006,334,2758.84,968.33
5951,2953,1002,529,5189.49,1311.38
5952,2954,1030,173,24937.95,1946.37
5953,2955,1005,126,1983.24,539.42
5954,2955,1007,291,2211.6,419.56
5955,2955,1028,326,59286.36,1215.59
5956,2956,1015,94,7327.3,668.48
5957,2956,1018,136,17180.88,1104.85
5958,2956,1018,317,40046.61,1762.56
5959,2957,1036,464,196364.8,517.92
5960,2957,1010,118,6256.36,7.95
5961,2957,1007,254,1930.4,854.23
5962,2958,1037,142,49793.72,485.78
5963,2959,1003,502,7856.3,1572.13
5964,2959,1027,204,45798.0,460.44
5965,2960,1015,325,25333.75,1281.22
5966,2960,1028,255,46374.3,1300.79
5967,2961,1032,319,95428.85,4510.0
5968,2961,1015,114,8886.3,3249.49
5969,2962,1018,210,26529.3,7144.1
5970,2962,1014,239,14234.84,3530.42
5971,2963,1008,40,533.6,102.77
5972,2963,1029,377,56052.36,1792.58
5973,2963,1010,399,21154.98,23.37
5974,2964,1016,373,13140.79,39.57
5975,2965,1013,480,23006.4,1717.85
5976,2965,1030,235,33875.25,2409.64
5977,2965,1009,326,23364.42,3276.3
5978,2966,1036,213,90141.6,167.8
5979,2966,1014,60,3573.6,113.84
5980,2966,1009,270,19350.9,1380.24
5981,2967,1003,40,626.0,325.08
5982,2967,1031,95,23894.4,978.41
5983,2968,1018,167,21097.11,509.5
5984,2968,1020,187,31092.49,294.16
5985,2968,1020,359,59690.93,775.87
5986,2969,1031,273,68664.96,785.4
5987,2969,1023,61,10497.49,24.39
5988,2970,1025,365,98119.3,1066.15
5989,2970,1001,142,2054.74,561.42
5990,2971,1007,211,1603.6,1047.51
5991,2971,1010,120,6362.4,10.91
5992,2972,1003,305,4773.25,1575.93
5993,2972,1001,547,7915.09,1268.31
5994,2973,1031,130,32697.6,5960.0
5995,2973,1033,166,76197.32,9523.47
5996,2973,1024,30,3643.8,222.18
5997,2974,1026,128,37493.76,87.1
5998,2975,1040,208,80148.64,199.27
5999,2975,1015,110,8574.5,378.13
6000,2975,1022,173,32318.13,793.92
6001,2976,1031,138,34709.76,730.35
6002,2977,1020,351,58360.77,2047.91
6003,2977,1017,386,37503.76,1618.55
6004,2977,1023,79,13595.11,58.74
6005,2978,1034,387,180175.59,578.71
6006,2978,1040,323,124461.59,166.34
6007,2979,1004,219,1550.52,974.54
6008,2979,1002,94,922.14,450.88
6009,2979,1018,82,10359.06,284.23
6010,2980,1002,92,902.52,818.0
6011,2981,1004,85,601.8,386.96
6012,2981,1018,188,23750.04,936.25
6013,2981,1018,195,24634.35,748.09
6014,2982,1011,105,8005.2,315.52
6015,2982,1009,19,1361.73,92.95
6016,2983,1032,116,34701.4,1901.14
6017,2983,1017,134,13019.44,4120.93
6018,2984,1012,257,17231.85,1624.71
6019,2984,1032,133,39786.95,438.41
6020,2985,1007,167,1269.2,5376.11
6021,2985,1027,162,36369.0,4881.2
6022,2986,1030,153,22054.95,911.92
6023,2986,1023,175,30115.75,102.93
6024,2987,1036,163,68981.6,1455.93
6025,2988,1009,239,17129.13,1672.81
6026,2989,1034,298,138739.86,363.73
6027,2990,1030,293,42235.95,1267.35
6028,2991,1009,276,19780.92,693.77
6029,2992,1014,72,4288.32,105.51
6030,2993,1027,75,16837.5,138.13
6031,2994,1039,391,164755.67,916.51
6032,2994,1039,181,76267.97,389.86
6033,2994,1022,344,64262.64,1060.17
6034,2995,1017,22,2137.52,101.57
6035,2995,1004,28,198.24,275.71
6036,2996,1026,40,11716.8,21.29
6037,2996,1002,206,2020.86,1215.73
6038,2996,1026,380,111309.6,219.84
6039,2997,1002,282,2766.42,759.46
6040,2997,1014,256,15247.36,258.41
6041,2997,1023,240,41301.6,80.56
6042,2998,1001,380,5498.6,12054.91
6043,2998,1028,134,24369.24,6820.28
6044,2999,1019,129,31181.88,1250.06
6045,2999,1036,388,164201.6,497.89
6046,3000,1028,255,46374.3,13542.78
6047,3000,1025,341,91667.62,9381.31
6048,3000,1028,327,59468.22,14224.55
6049,3001,1007,373,2834.8,2022.71
6050,3001,1013,422,20226.46,1298.65
6051,3002,1036,186,78715.2,194.2
6052,3002,1026,399,116875.08,249.17
6053,3003,1012,144,9655.2,751.38
6054,3004,1027,13,2918.5,47.94
6055,3004,1009,101,7238.67,419.54
6056,3004,1033,342,156984.84,1769.5
6057,3005,1015,166,12939.7,7112.24
6058,3005,1028,295,53648.7,16819.32
6059,3006,1018,255,32214.15,1770.83
6060,3006,1027,212,47594.0,1294.65
6061,3007,1026,380,111309.6,234.01
6062,3007,1016,232,8173.36,31.96
6063,3007,1040,345,132938.85,234.3
6064,3008,1005,293,4611.82,1199.09
6065,3008,1001,115,1664.05,164.73
6066,3009,1015,183,14264.85,314.32
6067,3010,1026,257,75280.44,1108.23
6068,3010,1027,442,99229.0,14895.11
6069,3010,1030,489,70489.35,25229.71
6070,3011,1015,57,4443.15,225.29
6071,3011,1003,296,4632.4,1519.97
6072,3011,1036,427,180706.4,495.34
6073,3012,1026,105,30756.6,97.7
6074,3012,1033,128,58754.56,1195.83
6075,3012,1013,220,10544.6,599.84
6076,3013,1010,159,8430.18,16.51
6077,3013,1001,397,5744.59,1812.93
6078,3013,1029,197,29289.96,1633.96
6079,3014,1012,235,15756.75,8697.06
6080,3014,1038,70,14151.9,1151.98
6081,3015,1034,154,71697.78,478.45
6082,3016,1023,23,3958.07,8.03
6083,3017,1011,18,1372.32,61.92
6084,3018,1005,269,4234.06,15211.57
6085,3019,1024,130,15789.8,50.24
6086,3020,1021,41,5736.72,31.64
6087,3020,1019,208,50277.76,828.32
6088,3021,1029,242,35980.56,749.43
6089,3021,1014,231,13758.36,197.38
6090,3021,1003,380,5947.0,795.66
6091,3022,1014,60,3573.6,180.62
6092,3022,1011,267,20356.08,1328.61
6093,3022,1012,355,23802.75,1776.4
6094,3023,1004,245,1734.6,2017.31
6095,3024,1029,91,13529.88,4934.49
6096,3025,1003,333,5211.45,1383.7
6097,3026,1026,14,4100.88,12.98
6098,3027,1005,311,4895.14,1132.68
6099,3027,1007,259,1968.4,532.87
6100,3028,1018,186,23497.38,541.69
6101,3028,1017,306,29730.96,623.76
6102,3029,1017,153,14865.48,587.13
6103,3030,1001,393,5686.71,749.14
6104,3030,1035,177,42690.63,441.04
6105,3031,1008,398,5309.32,8738.33
6106,3032,1038,368,74398.56,996.42
6107,3033,1039,12,5056.44,35.1
6108,3034,1025,131,35215.42,257.9
6109,3034,1022,355,66317.55,2061.37
6110,3035,1020,30,4988.1,960.32
6111,3035,1013,452,21664.36,9200.55
6112,3036,1022,159,29702.79,509.23
6113,3037,1039,163,68683.31,388.98
6114,3038,1029,122,18138.96,479.12
6115,3039,1013,374,17925.82,379.8
6116,3039,1034,372,173192.04,422.53
6117,3039,1020,120,19952.4,186.26
6118,3040,1012,297,19913.85,694.44
6119,3040,1014,237,14115.72,204.84
6120,3041,1002,406,3982.86,2106.3
6121,3042,1010,148,7846.96,16.87
6122,3042,1019,70,16920.4,657.42
6123,3043,1037,301,105548.66,566.39
6124,3043,1039,216,91015.92,827.82
6125,3044,1008,16,213.44,493.41
6126,3045,1020,120,19952.4,4370.38
6127,3046,1017,359,34880.44,11980.7
6128,3047,1024,127,15425.42,106.92
6129,3048,1013,123,5895.39,369.24
6130,3048,1008,148,1974.32,640.88
6131,3049,1036,154,65172.8,177.25
6132,3049,1039,359,151271.83,1756.59
6133,3049,1033,224,102820.48,1151.08
6134,3050,1011,315,24015.6,675.09
6135,3050,1027,399,89575.5,833.33
6136,3050,1033,115,52787.3,555.23
6137,3051,1038,363,73387.71,820.59
6138,3051,1011,161,12274.64,940.78
6139,3051,1007,376,2857.6,1776.98
6140,3052,1025,34,9139.88,72.08
6141,3052,1023,360,61952.4,232.41
6142,3052,1040,152,58570.16,118.27
6143,3053,1037,96,33663.36,136.07
6144,3054,1015,169,13173.55,861.4
6145,3055,1022,102,19054.62,334.02
6146,3055,1024,286,34737.56,116.85
6147,3056,1017,250,24290.0,7488.52
6148,3056,1020,21,3491.67,754.88
6149,3057,1017,349,33908.84,9811.59
6150,3057,1039,162,68261.94,5891.39
6151,3058,1004,175,1239.0,1767.71
6152,3058,1014,319,18999.64,827.88
6153,3058,1038,260,52564.2,538.74
6154,3059,1015,48,3741.6,1390.59
6155,3059,1040,176,67818.08,1584.26
6156,3060,1037,478,167615.48,656.31
6157,3060,1020,74,12303.98,159.65
6158,3061,1016,79,2783.17,13.94
6159,3061,1008,80,1067.2,232.83
6160,3062,1034,124,57730.68,186.97
6161,3062,1012,302,20249.1,630.67
6162,3062,1033,83,38098.66,387.01
6163,3063,1029,110,16354.8,5161.75
6164,3063,1018,145,18317.85,5387.4
6165,3063,1040,429,165306.57,3854.79
6166,3064,1003,120,1878.0,4997.03
6167,3065,1002,530,5199.3,22834.4
6168,3066,1009,316,22647.72,874.67
6169,3067,1004,106,750.48,266.59
6170,3067,1029,41,6095.88,94.27
6171,3067,1018,85,10738.05,214.64
6172,3068,1008,526,7016.84,14499.27
6173,3068,1027,60,13470.0,1561.44
6174,3068,1023,468,80538.12,2422.62
6175,3069,1034,291,135480.87,1192.17
6176,3069,1025,11,2957.02,31.31
6177,3069,1001,273,3950.31,1483.03
6178,3070,1033,308,141378.16,3776.01
6179,3070,1025,42,11290.44,169.56
6180,3070,1030,215,30992.25,2523.2
6181,3071,1008,373,4975.82,1390.03
6182,3072,1018,553,69860.49,2162.72
6183,3073,1021,541,75696.72,468.01
6184,3073,1033,491,225378.82,1510.31
6185,3074,1039,397,167283.89,19325.97
6186,3074,1008,351,4682.34,9319.34
6187,3074,1014,219,13043.64,3964.11
6188,3075,1005,137,2156.38,1486.53
6189,3075,1038,214,43264.38,577.01
6190,3076,1012,331,22193.55,1298.81
6191,3076,1024,38,4615.48,20.38
6192,3076,1035,345,83210.55,1898.61
6193,3077,1037,217,76093.22,245.35
6194,3077,1029,138,20517.84,387.03
6195,3077,1021,61,8535.12,59.48
6196,3078,1024,153,18583.38,113.75
6197,3078,1001,238,3443.86,718.14
6198,3078,1012,140,9387.0,413.89
6199,3079,1038,383,77431.11,370.23
6200,3079,1026,113,33099.96,42.14
6201,3079,1040,346,133324.18,188.89
6202,3080,1019,226,54628.72,1594.39
6203,3080,1025,107,28763.74,232.88
6204,3080,1021,317,44354.64,523.72
6205,3081,1002,389,3816.09,2850.94
6206,3082,1021,258,36099.36,573.64
6207,3083,1025,64,17204.48,1771.08
6208,3083,1030,229,33010.35,15786.41
6209,3083,1010,306,16224.12,180.21
6210,3084,1035,143,34490.17,1028.99
6211,3084,1034,31,14432.67,106.81
6212,3085,1003,382,5978.3,1195.88
6213,3086,1022,300,56043.0,2272.96
6214,3086,1029,65,9664.2,391.87
6215,3087,1024,414,50284.44,315.77
6216,3087,1031,25,6288.0,110.63
6217,3087,1017,413,40127.08,1583.4
6218,3088,1023,62,10669.58,24.78
6219,3088,1031,125,31440.0,466.48
6220,3088,1002,282,2766.42,811.71
6221,3089,1037,248,86963.68,295.88
6222,3089,1013,117,5607.81,130.84
6223,3090,1035,41,9888.79,1985.02
6224,3091,1003,550,8607.5,4456.96
6225,3091,1008,232,3094.88,1096.46
6226,3091,1012,230,15421.5,1405.72
6227,3092,1023,207,35622.63,117.99
6228,3093,1025,276,74194.32,498.26
6229,3093,1002,262,2570.22,1132.81
6230,3094,1028,357,64924.02,21537.84
6231,3094,1009,302,21644.34,12676.99
6232,3095,1017,134,13019.44,730.17
6233,3095,1010,368,19511.36,28.88
6234,3096,1025,157,42204.74,464.02
6235,3096,1031,285,71683.2,2765.87
6236,3096,1015,316,24632.2,1948.62
6237,3097,1038,474,95828.58,7648.0
6238,3097,1029,103,15314.04,5342.61
6239,3098,1007,295,2242.0,7799.84
6240,3098,1024,248,30122.08,1972.8
6241,3099,1013,249,11934.57,460.74
6242,3099,1028,505,91839.3,2541.86
6243,3100,1014,40,2382.4,565.68
6244,3101,1028,213,38736.18,1337.72
6245,3101,1008,368,4909.12,960.47
6246,3101,1001,350,5064.5,1127.16
6247,3102,1001,240,3472.8,6606.12
6248,3102,1021,310,43375.2,4496.63
6249,3103,1028,139,25278.54,617.08
6250,3104,1016,311,10956.53,58.77
6251,3104,1018,310,39162.3,1178.17
6252,3104,1005,324,5099.76,1449.11
6253,3105,1038,137,27697.29,2109.71
6254,3105,1040,19,7321.27,193.39
6255,3105,1006,110,908.6,5366.77
6256,3106,1015,32,2494.4,54.97
6257,3107,1029,375,55755.0,1743.87
6258,3108,1016,57,2008.11,76.98
6259,3108,1039,300,126411.0,14309.4
6260,3109,1036,300,126960.0,2427.54
6261,3109,1004,362,2562.96,19907.7
6262,3109,1024,353,42875.38,2601.27
6263,3110,1033,144,66098.88,8761.7
6264,3110,1013,313,15002.09,4913.37
6265,3111,1003,32,500.8,105.54
6266,3111,1008,144,1920.96,443.0
6267,3112,1030,16,2306.4,71.14
6268,3112,1036,368,155737.6,212.55
6269,3113,1027,47,10551.5,156.86
6270,3114,1004,119,842.52,7665.99
6271,3114,1035,344,82969.36,13801.31
6272,3114,1010,87,4612.74,47.05
6273,3115,1004,220,1557.6,860.14
6274,3115,1009,221,15839.07,824.19
6275,3115,1019,162,39158.64,443.46
6276,3116,1019,211,51002.92,11734.49
6277,3116,1016,102,3593.46,172.28
6278,3117,1002,190,1863.9,8310.31
6279,3117,1007,394,2994.4,13814.62
6280,3117,1005,300,4722.0,15395.12
6281,3118,1015,174,13563.3,7784.36
6282,3118,1031,169,42506.88,10167.23
6283,3118,1040,48,18495.84,410.44
6284,3119,1037,238,83457.08,660.2
6285,3119,1033,325,149181.5,2933.55
6286,3120,1020,218,36246.86,970.43
6287,3120,1036,165,69828.0,289.99
6288,3121,1007,319,2424.4,1365.38
6289,3121,1031,202,50807.04,1358.85
6290,3121,1027,194,43553.0,888.17
6291,3122,1009,50,3583.5,219.34
6292,3123,1004,275,1947.0,2566.77
6293,3123,1031,304,76462.08,3116.41
6294,3123,1016,372,13105.56,112.87
6295,3124,1022,299,55856.19,2514.25
6296,3124,1016,207,7292.61,56.33
6297,3124,1036,299,126536.8,393.99
6298,3125,1040,233,89781.89,2445.92
6299,3125,1017,212,20597.92,6571.57
6300,3126,1010,411,21791.22,29.71
6301,3127,1039,289,121775.93,1162.17
6302,3127,1028,65,11820.9,274.66
6303,3127,1010,134,7104.68,7.15
6304,3128,1002,212,2079.72,1180.02
6305,3129,1036,475,201020.0,848.4
6306,3130,1003,132,2065.8,326.94
6307,3130,1034,186,86596.02,234.54
6308,3130,1030,314,45263.1,1209.81
6309,3131,1014,71,4228.76,161.93
6310,3131,1034,40,18622.8,153.43
6311,3132,1030,132,19027.8,6677.56
6312,3132,1030,298,42956.7,18637.54
6313,3133,1026,475,139137.0,2197.02
6314,3133,1013,165,7908.45,2723.04
6315,3133,1015,324,25255.8,10667.52
6316,3134,1027,75,16837.5,2487.36
6317,3135,1019,99,23930.28,4519.11
6318,3135,1038,329,66513.93,5502.65
6319,3135,1005,342,5383.08,17436.81
6320,3136,1015,90,7015.5,3299.24
6321,3136,1005,147,2313.78,9275.09
6322,3137,1019,263,63572.36,1304.16
6323,3138,1033,230,105574.6,12224.83
6324,3138,1003,95,1486.75,3856.96
6325,3139,1003,79,1236.35,545.77
6326,3140,1014,285,16974.6,202.69
6327,3140,1033,246,112918.92,757.11
6328,3140,1022,163,30450.03,453.06
6329,3141,1028,197,35826.42,929.51
6330,3141,1021,224,31342.08,339.21
6331,3142,1023,71,12218.39,36.82
6332,3143,1027,241,54104.5,6808.59
6333,3143,1030,114,16433.1,7846.71
6334,3143,1034,34,15829.38,694.46
6335,3144,1038,387,78239.79,273.8
6336,3145,1032,373,111582.95,300.82
6337,3146,1034,170,79146.9,419.49
6338,3146,1014,158,9410.48,242.43
6339,3146,1007,389,2956.4,1446.76
6340,3147,1024,223,27085.58,1354.28
6341,3147,1009,317,22719.39,13680.92
6342,3148,1032,233,69701.95,3525.05
6343,3148,1027,89,19980.5,2353.33
6344,3148,1022,163,30450.03,5881.99
6345,3149,1023,313,53864.17,113.99
6346,3150,1036,126,53323.2,1171.52
6347,3151,1039,360,151693.2,879.87
6348,3151,1032,211,63120.65,206.11
6349,3151,1024,150,18219.0,47.82
6350,3152,1002,17,166.77,45.02
6351,3153,1035,103,24842.57,312.14
6352,3154,1009,167,11968.89,538.2
6353,3154,1017,124,12047.84,249.75
6354,3154,1002,201,1971.81,618.29
6355,3155,1002,156,1530.36,6338.86
6356,3156,1005,118,1857.32,7267.77
6357,3156,1032,388,116070.2,6316.81
6358,3156,1024,360,43725.6,2716.95
6359,3157,1002,378,3708.18,2583.83
6360,3157,1037,230,80651.8,679.23
6361,3157,1005,322,5068.28,3403.67
6362,3158,1028,27,4910.22,1354.09
6363,3158,1040,273,105195.09,2314.63
6364,3159,1037,454,159199.64,8769.05
6365,3159,1019,295,71307.4,19739.55
6366,3159,1001,443,6410.21,13278.09
6367,3160,1038,155,31336.35,169.39
6368,3160,1031,321,80737.92,888.3
6369,3160,1004,392,2775.36,1249.09
6370,3161,1009,213,15265.71,795.28
6371,3161,1030,106,15279.9,467.81
6372,3162,1039,69,29074.53,146.69
6373,3162,1010,332,17602.64,12.28
6374,3162,1030,123,17730.45,413.35
6375,3163,1012,29,1944.45,192.72
6376,3163,1004,379,2683.32,3771.76
6377,3163,1017,247,23998.52,1309.0
6378,3164,1014,215,12805.4,3442.85
6379,3164,1007,173,1314.8,4636.07
6380,3165,1024,238,28907.48,134.02
6381,3165,1006,230,1899.8,1083.21
6382,3165,1029,97,14421.96,434.8
6383,3166,1035,78,18812.82,338.02
6384,3166,1001,291,4210.77,746.49
6385,3166,1001,12,173.64,41.38
6386,3167,1005,175,2754.5,1813.98
6387,3167,1019,108,26105.76,833.6
6388,3168,1020,395,65676.65,1542.04
6389,3169,1030,191,27532.65,2264.47
6390,3169,1004,157,1111.56,1543.04
6391,3170,1037,516,180940.56,10998.72
6392,3171,1001,119,1721.93,430.39
6393,3172,1036,290,122728.0,468.63
6394,3172,1026,230,67371.6,170.73
6395,3172,1006,320,2643.2,1972.02
6396,3173,1018,187,23623.71,409.48
6397,3174,1018,279,35246.07,1483.69
6398,3174,1009,157,11252.19,1531.56
6399,3174,1003,46,719.9,291.61
6400,3175,1018,197,24887.01,1514.43
6401,3176,1036,298,126113.6,540.26
6402,3177,1037,50,17533.0,1045.76
6403,3177,1015,394,30712.3,12943.99
6404,3178,1033,532,244198.64,37929.71
6405,3179,1025,113,30376.66,280.49
6406,3179,1035,126,30389.94,500.42
6407,3179,1005,249,3919.26,1712.14
6408,3180,1039,334,140737.58,730.17
6409,3180,1010,244,12936.88,6.74
6410,3181,1033,19,8721.38,218.75
6411,3181,1033,113,51869.26,1020.63
6412,3181,1012,46,3084.3,299.21
6413,3182,1016,72,2536.56,15.92
6414,3182,1027,235,52757.5,1424.03
6415,3183,1027,474,106413.0,1127.08
6416,3184,1009,61,4371.87,592.6
6417,3184,1038,35,7075.95,71.55
6418,3184,1005,252,3966.48,1814.58
6419,3185,1018,91,11496.03,223.76
6420,3186,1017,24,2331.84,53.11
6421,3186,1026,74,21676.08,23.98
6422,3186,1032,117,35000.55,93.87
6423,3187,1003,283,4428.95,1282.82
6424,3188,1035,385,92858.15,17339.42
6425,3188,1032,28,8376.2,473.32
6426,3189,1029,352,52335.36,16913.1
6427,3189,1003,61,954.65,2483.17
6428,3189,1009,40,2866.8,1896.5
6429,3190,1029,72,10704.96,216.81
6430,3190,1019,90,21754.8,375.35
6431,3191,1006,558,4609.08,2418.49
6432,3191,1028,86,15639.96,409.21
6433,3191,1038,260,52564.2,344.53
6434,3192,1034,31,14432.67,100.23
6435,3192,1038,16,3234.72,32.32
6436,3192,1039,48,20225.76,289.36
6437,3193,1005,62,975.88,263.91
6438,3194,1028,333,60559.38,19351.73
6439,3195,1039,288,121354.56,1932.14
6440,3196,1031,275,69168.0,1010.87
6441,3197,1034,428,199263.96,10561.31
6442,3197,1003,109,1705.85,3984.17
6443,3198,1038,328,66311.76,484.36
6444,3198,1039,310,130624.7,1223.29
6445,3198,1019,278,67198.16,1585.0
6446,3199,1038,128,25877.76,105.02
6447,3199,1031,151,37979.52,513.66
6448,3199,1008,76,1013.84,112.39
6449,3200,1031,176,44267.52,11328.58
6450,3201,1010,46,2438.92,3.22
6451,3202,1001,259,3747.73,382.06
6452,3202,1008,129,1720.86,250.62
6453,3203,1028,263,47829.18,1200.23
6454,3203,1036,544,230220.8,435.31
6455,3203,1014,172,10244.32,264.4
6456,3204,1039,256,107870.72,2222.26
6457,3204,1022,368,68746.08,3174.62
6458,3205,1023,393,67631.37,2437.7
6459,3206,1013,51,2444.43,1063.54
6460,3207,1003,310,4851.5,10146.63
6461,3207,1032,169,50556.35,3208.1
6462,3208,1011,106,8081.44,2750.42
6463,3209,1036,245,103684.0,1979.01
6464,3209,1008,103,1374.02,3340.53
6465,3210,1040,302,116369.66,447.03
6466,3210,1024,54,6558.84,64.4
6467,3211,1028,44,8001.84,173.53
6468,3212,1008,91,1213.94,247.1
6469,3212,1012,373,25009.65,1276.59
6470,3212,1039,135,56884.95,680.68
6471,3213,1016,313,11026.99,67.26
6472,3213,1012,155,10392.75,959.69
6473,3214,1019,110,26589.2,666.51
6474,3214,1011,281,21423.44,876.72
6475,3215,1036,87,36818.4,49.53
6476,3215,1019,318,76866.96,881.46
6477,3216,1015,210,16369.5,7743.89
6478,3216,1014,329,19595.24,5184.05
6479,3216,1001,191,2763.77,6398.93
6480,3217,1031,344,86522.88,1026.92
6481,3217,1005,160,2518.4,459.78
6482,3218,1025,25,6720.5,98.26
6483,3218,1017,47,4566.52,195.54
6484,3219,1020,272,45225.44,1549.9
6485,3219,1006,20,165.2,176.44
6486,3219,1040,253,97488.49,402.65
6487,3220,1020,357,59358.39,8764.27
6488,3220,1021,272,38058.24,3308.43
6489,3221,1035,394,95028.86,17315.93
6490,3221,1039,359,151271.83,19473.26
6491,3222,1011,527,40178.48,17479.54
6492,3222,1039,499,210263.63,18795.32
6493,3222,1034,482,224404.74,9979.05
6494,3223,1025,454,122044.28,9888.18
6495,3223,1037,530,185849.8,9261.81
6496,3223,1038,86,17386.62,1541.7
6497,3224,1035,63,15194.97,384.96
6498,3225,1021,240,33580.8,3559.67
6499,3225,1025,306,82258.92,8601.9
6500,3225,1004,150,1062.0,9418.15
6501,3226,1034,60,27934.2,73.67
6502,3227,1040,191,73598.03,259.85
6503,3227,1025,352,94624.64,1096.87
6504,3227,1038,110,22238.7,290.98
6505,3228,1011,231,17611.44,456.32
6506,3228,1029,98,14570.64,265.04
6507,3228,1016,97,3417.31,7.49
6508,3229,1004,64,453.12,453.73
6509,3229,1036,375,158700.0,675.35
6510,3229,1003,193,3020.45,1353.74
6511,3230,1007,113,858.8,256.66
6512,3230,1025,259,69624.38,434.69
6513,3231,1033,384,176263.68,3839.89
6514,3231,1026,393,115117.56,312.68
6515,3232,1001,288,4167.36,486.13
6516,3232,1016,377,13281.71,31.84
6517,3232,1017,369,35852.04,902.15
6518,3233,1008,58,773.72,93.29
6519,3233,1018,54,6821.82,125.01
6520,3234,1032,60,17949.0,51.13
6521,3234,1037,341,119575.06,494.5
6522,3234,1029,230,34196.4,680.54
6523,3235,1012,324,21724.2,1132.62
6524,3235,1031,269,67658.88,1153.02
6525,3236,1040,368,141801.44,3673.19
6526,3236,1011,71,5413.04,1809.01
6527,3237,1037,304,106600.64,974.13
6528,3238,1033,246,112918.92,3106.87
6529,3238,1036,60,25392.0,92.85
6530,3238,1040,372,143342.76,546.22
6531,3239,1026,44,12888.48,295.48
6532,3239,1033,291,133574.82,22296.12
6533,3239,1010,290,15375.8,206.99
6534,3240,1006,49,404.74,117.94
6535,3240,1029,335,49807.8,677.87
6536,3241,1039,234,98600.58,1868.39
6537,3241,1001,114,1649.58,515.64
6538,3242,1033,83,38098.66,256.26
6539,3242,1010,100,5302.0,3.93
6540,3243,1031,370,93062.4,1439.6
6541,3243,1036,79,33432.8,37.54
6542,3244,1033,26,11934.52,131.6
6543,3244,1029,357,53078.76,1599.59
6544,3244,1029,438,65121.84,1723.16
6545,3245,1008,137,1827.58,200.81
6546,3245,1001,216,3125.52,414.73
6547,3245,1011,132,10063.68,244.32
6548,3246,1028,347,63105.42,3709.71
6549,3247,1026,27,7908.84,143.04
6550,3248,1001,234,3385.98,695.94
6551,3249,1035,318,76698.42,15859.92
6552,3249,1033,194,89049.88,14460.4
6553,3249,1029,337,50105.16,17577.05
6554,3250,1009,165,11825.55,945.98
6555,3251,1006,261,2155.86,692.28
6556,3251,1026,383,112188.36,138.87
6557,3251,1038,216,43668.72,173.82
6558,3252,1011,72,5489.28,1688.84
6559,3253,1004,173,1224.84,1043.45
6560,3253,1009,260,18634.2,1576.16
6561,3254,1025,72,19355.04,1682.94
6562,3255,1034,190,88458.3,194.02
6563,3255,1026,288,84360.96,86.89
6564,3256,1036,248,104953.6,217.45
6565,3257,1036,351,148543.2,236.05
6566,3258,1010,201,10657.02,10.5
6567,3258,1022,36,6725.16,163.35
6568,3258,1019,259,62605.48,1901.09
6569,3259,1026,481,140894.52,398.07
6570,3259,1034,237,110340.09,634.16
6571,3260,1015,170,13251.5,384.04
6572,3260,1007,370,2812.0,783.05
6573,3260,1018,314,39667.62,638.15
6574,3261,1036,101,42743.2,57.46
6575,3261,1036,173,73213.6,116.02
6576,3261,1014,370,22037.2,384.35
6577,3262,1004,365,2584.2,1365.81
6578,3263,1019,29,7009.88,296.18
6579,3264,1034,165,76819.05,3922.78
6580,3265,1010,138,7316.76,3.99
6581,3266,1005,448,7051.52,1420.93
6582,3266,1013,221,10592.53,303.74
6583,3267,1035,141,34007.79,430.23
6584,3268,1023,53,9120.77,21.75
6585,3268,1037,217,76093.22,222.51
6586,3268,1029,383,56944.44,999.81
6587,3269,1018,257,32466.81,903.8
6588,3269,1025,259,69624.38,456.86
6589,3270,1005,46,724.04,169.84
6590,3270,1027,151,33899.5,299.36
6591,3270,1023,106,18241.54,43.11
6592,3271,1012,283,18975.15,953.93
6593,3271,1010,147,7793.94,9.59
6594,3272,1020,275,45724.25,567.61
6595,3272,1031,70,17606.4,213.18
6596,3273,1025,334,89785.88,552.69
6597,3273,1022,228,42592.68,579.6
6598,3274,1012,186,12471.3,834.27
6599,3274,1014,49,2918.44,91.94
6600,3275,1026,173,50675.16,131.92
6601,3276,1019,113,27314.36,745.08
6602,3276,1026,30,8787.6,16.46
6603,3276,1013,68,3259.24,126.55
6604,3277,1016,515,18143.45,93.32
6605,3277,1015,292,22761.4,1283.74
6606,3278,1004,448,3171.84,2502.68
6607,3278,1020,530,88123.1,1483.83
6608,3278,1038,169,34166.73,271.48
6609,3279,1010,164,8695.28,18.75
6610,3280,1038,251,50744.67,377.55
6611,3281,1020,125,20783.75,406.5
6612,3281,1035,258,62227.02,1246.8
6613,3282,1015,104,8106.8,236.91
6614,3282,1028,214,38918.04,633.21
6615,3282,1026,260,76159.2,83.43
6616,3283,1009,173,12398.91,9907.43
6617,3283,1002,75,735.75,3401.38
6618,3283,1033,71,32590.42,4315.2
6619,3284,1005,87,1369.38,428.24
6620,3284,1034,185,86130.45,347.78
6621,3284,1013,145,6949.85,234.53
6622,3285,1014,59,3514.04,64.67
6623,3286,1012,47,3151.35,146.47
6624,3286,1013,57,2732.01,128.45
6625,3287,1017,237,23026.92,454.45
6626,3288,1018,385,48637.05,14665.12
6627,3288,1034,308,143395.56,6120.93
6628,3288,1011,26,1982.24,772.56
6629,3289,1033,389,178558.78,2575.65
6630,3289,1026,149,43645.08,96.19
6631,3290,1006,120,991.2,607.16
6632,3290,1014,342,20369.52,499.23
6633,3291,1037,199,69781.34,384.48
6634,3292,1008,202,2694.68,6133.13
6635,3292,1038,230,46499.1,3505.9
6636,3293,1036,19,8040.8,17.03
6637,3293,1023,64,11013.76,37.05
6638,3293,1035,138,33284.22,754.05
6639,3294,1014,242,14413.52,3030.62
6640,3294,1020,464,77149.28,10735.41
6641,3294,1025,385,103495.7,8199.85
6642,3295,1033,330,151476.6,2698.57
6643,3296,1002,403,3953.43,3884.07
6644,3296,1030,191,27532.65,1912.23
6645,3297,1014,357,21262.92,4228.84
6646,3297,1028,176,32007.36,11654.61
6647,3298,1032,397,118762.55,346.45
6648,3298,1010,208,11028.16,8.81
6649,3298,1007,364,2766.4,684.63
6650,3299,1030,482,69480.3,26157.14
6651,3300,1037,378,132549.48,1467.76
6652,3300,1029,498,74042.64,4201.95
6653,3300,1031,230,57849.6,2310.32
6654,3301,1032,26,7777.9,35.76
6655,3302,1007,195,1482.0,692.77
6656,3302,1015,328,25567.6,1101.91
6657,3302,1026,263,77037.96,172.44
6658,3303,1017,104,10104.64,370.31
6659,3303,1035,208,50167.52,910.24
6660,3303,1027,44,9878.0,106.22
6661,3304,1039,385,162227.45,3007.37
6662,3304,1011,302,23024.48,1553.19
6663,3304,1035,83,20018.77,702.8
6664,3305,1020,210,34916.7,4835.77
6665,3305,1039,163,68683.31,6996.51
6666,3306,1036,275,116380.0,409.98
6667,3306,1008,191,2547.94,709.21
6668,3306,1040,323,124461.59,543.5
6669,3307,1001,74,1070.78,409.55
6670,3308,1006,381,3147.06,20276.68
6671,3309,1011,56,4269.44,154.89
6672,3310,1022,44,8219.64,254.07
6673,3310,1031,199,50052.48,1242.02
6674,3310,1027,19,4265.5,48.31
6675,3311,1008,119,1587.46,3460.26
6676,3312,1014,380,22632.8,1033.57
6677,3312,1024,69,8380.74,63.55
6678,3313,1019,377,91128.44,1544.67
6679,3313,1011,124,9453.76,218.63
6680,3314,1006,316,2610.16,16776.59
6681,3314,1034,156,72628.92,3524.16
6682,3315,1037,243,85210.38,4305.04
6683,3315,1036,155,65596.0,1600.91
6684,3316,1028,72,13093.92,231.88
6685,3317,1004,372,2633.76,3949.02
6686,3318,1032,362,108292.3,1054.14
6687,3318,1021,392,54848.64,753.35
6688,3319,1035,205,49443.95,600.23
6689,3319,1018,485,61270.05,1192.62
6690,3319,1034,475,221145.75,722.92
6691,3320,1036,390,165048.0,208.38
6692,3320,1006,347,2866.22,819.95
6693,3321,1009,265,18992.55,760.13
6694,3321,1029,80,11894.4,184.39
6695,3321,1017,111,10784.76,256.37
6696,3322,1007,156,1185.6,351.58
6697,3323,1030,108,15568.2,1170.86
6698,3324,1033,102,46820.04,700.88
6699,3324,1035,156,37625.64,629.54
6700,3325,1008,165,2201.1,506.27
6701,3326,1036,146,61787.2,88.5
6702,3326,1033,284,130361.68,982.11
6703,3326,1032,87,26026.05,97.67
6704,3327,1020,331,55035.37,1272.62
6705,3328,1035,230,55473.7,808.91
6706,3328,1017,43,4177.88,71.59
6707,3328,1029,339,50402.52,923.08
6708,3329,1040,296,114057.68,149.44
6709,3329,1001,252,3646.44,376.99
6710,3329,1038,176,35581.92,152.45
6711,3330,1033,121,55541.42,6033.76
6712,3331,1005,120,1888.8,8188.25
6713,3332,1038,271,54788.07,212.04
6714,3332,1027,116,26042.0,266.98
6715,3333,1012,392,26283.6,2104.08
6716,3333,1031,187,47034.24,1916.87
6717,3333,1017,387,37600.92,2079.36
6718,3334,1006,20,165.2,782.31
6719,3334,1006,19,156.94,998.37
6720,3335,1026,151,44230.92,78.88
6721,3335,1028,244,44373.84,1055.99
6722,3335,1027,164,36818.0,594.16
6723,3336,1006,302,2494.52,1657.04
6724,3336,1022,151,28208.31,1138.89
6725,3337,1036,323,136693.6,3422.65
6726,3337,1028,326,59286.36,16218.91
6727,3338,1001,337,4876.39,9100.38
6728,3338,1001,195,2821.65,4636.55
6729,3338,1020,195,32422.65,4741.06
6730,3339,1015,114,8886.3,348.01
6731,3339,1011,420,32020.8,1288.94
6732,3340,1029,135,20071.8,422.05
6733,3340,1019,316,76383.52,1294.36
6734,3341,1010,392,20783.84,24.78
6735,3341,1031,183,46028.16,954.31
6736,3342,1015,366,28529.7,1921.18
6737,3343,1016,57,2008.11,6.86
6738,3343,1013,217,10400.81,246.1
6739,3344,1006,204,1685.04,1263.99
6740,3344,1011,154,11740.96,615.03
6741,3345,1031,248,62376.96,1899.01
6742,3346,1004,96,679.68,668.89
6743,3347,1001,94,1360.18,197.34
6744,3348,1007,251,1907.6,7623.91
6745,3348,1013,281,13468.33,6207.26
6746,3349,1019,367,88711.24,1074.98
6747,3349,1013,265,12701.45,267.84
6748,3350,1040,368,141801.44,323.83
6749,3350,1010,136,7210.72,8.36
6750,3351,1018,15,1894.95,40.55
6751,3351,1013,226,10832.18,234.58
6752,3352,1025,127,34140.14,286.2
6753,3353,1029,82,12191.76,3030.61
6754,3353,1003,222,3474.3,7421.12
6755,3353,1040,212,81689.96,1689.04
6756,3354,1012,338,22662.9,2220.27
6757,3354,1035,140,33766.6,963.54
6758,3354,1005,146,2298.04,1118.93
6759,3355,1001,184,2662.48,637.56
6760,3355,1023,157,27018.13,72.66
6761,3356,1006,37,305.62,80.48
6762,3357,1030,226,32577.9,972.86
6763,3358,1019,159,38433.48,509.58
6764,3359,1025,198,53226.36,364.72
6765,3359,1032,123,36795.45,197.62
6766,3359,1018,103,13011.99,354.12
6767,3360,1029,204,30330.72,1557.6
6768,3360,1034,403,187624.71,1514.24
6769,3361,1024,373,45304.58,2398.37
6770,3361,1008,304,4055.36,9886.3
6771,3362,1035,482,116253.58,1298.72
6772,3362,1001,420,6077.4,730.89
6773,3363,1014,540,32162.4,529.24
6774,3363,1015,19,1481.05,48.92
6775,3364,1016,50,1761.5,79.9
6776,3365,1028,533,96931.38,2477.02
6777,3365,1040,131,50478.23,95.79
6778,3366,1039,233,98179.21,12298.59
6779,3366,1003,113,1768.45,5668.4
6780,3367,1003,197,3083.05,1171.71
6781,3367,1026,362,106037.04,316.82
6782,3368,1005,202,3179.48,1926.67
6783,3368,1028,140,25460.4,1184.77
6784,3369,1032,205,61325.75,557.04
6785,3370,1007,485,3686.0,16371.61
6786,3371,1031,379,95326.08,16348.81
6787,3371,1013,389,18644.77,6972.69
6788,3371,1028,23,4182.78,973.65
6789,3372,1008,62,827.08,155.62
6790,3372,1034,30,13967.1,66.32
6791,3373,1013,332,15912.76,1022.81
6792,3373,1027,292,65554.0,1476.66
6793,3373,1033,352,161575.04,4173.71
6794,3374,1008,249,3321.66,1055.04
6795,3375,1031,68,17103.36,304.47
6796,3375,1015,14,1091.3,40.19
6797,3376,1038,163,32953.71,173.83
6798,3376,1014,118,7028.08,118.42
6799,3376,1010,128,6786.56,4.81
6800,3377,1009,203,14549.01,1828.3
6801,3377,1040,86,33138.38,118.16
6802,3378,1039,491,206892.67,1116.96
6803,3379,1008,192,2561.28,497.77
6804,3380,1018,57,7200.81,2919.87
6805,3380,1007,197,1497.2,6450.3
6806,3381,1033,184,84459.68,1466.96
6807,3382,1022,158,29515.98,1246.83
6808,3382,1007,135,1026.0,572.67
6809,3382,1032,361,107993.15,869.28
6810,3383,1040,354,136406.82,2500.2
6811,3383,1040,120,46239.6,842.88
6812,3384,1025,309,83065.38,889.14
6813,3385,1017,36,3497.76,118.62
6814,3385,1017,342,33228.72,1387.25
6815,3386,1018,169,21349.77,404.1
6816,3386,1029,327,48618.36,863.14
6817,3386,1023,92,15832.28,36.42
6818,3387,1006,355,2932.3,1380.4
6819,3387,1018,330,41688.9,1526.83
6820,3387,1011,24,1829.76,78.18
6821,3388,1014,547,32579.32,899.35
6822,3388,1012,278,18639.9,1088.49
6823,3388,1023,239,41129.51,145.93
6824,3389,1032,527,157652.05,1740.13
6825,3389,1019,530,128111.6,4410.91
6826,3389,1018,215,27160.95,1237.82
6827,3390,1002,19,186.39,105.64
6828,3391,1021,273,38198.16,610.54
6829,3391,1017,156,15156.96,960.84
6830,3392,1032,372,111283.8,697.35
6831,3392,1008,93,1240.62,231.62
6832,3392,1040,287,110589.71,240.49
6833,3393,1001,338,4890.86,10735.47
6834,3393,1023,113,19446.17,585.0
6835,3393,1016,238,8384.74,392.28
6836,3394,1008,259,3455.06,6969.99
6837,3395,1012,58,3888.9,215.87
6838,3396,1011,24,1829.76,701.11
6839,3396,1028,66,12002.76,3937.76
6840,3397,1024,178,21619.88,79.83
6841,3397,1015,334,26035.3,598.3
6842,3398,1011,386,29428.64,2189.31
6843,3398,1037,485,170070.1,1263.57
6844,3398,1003,427,6682.55,3250.32
6845,3399,1036,32,13542.4,42.27
6846,3399,1018,54,6821.82,336.68
6847,3400,1017,60,5829.6,286.5
6848,3400,1020,292,48550.84,1516.13
6849,3400,1035,265,63915.35,1672.02
6850,3401,1006,302,2494.52,727.27
6851,3402,1010,378,20041.56,26.54
6852,3403,1010,250,13255.0,11.02
6853,3404,1024,387,47005.02,478.17
6854,3404,1022,192,35867.52,1623.41
6855,3405,1022,10,1868.1,493.91
6856,3405,1036,92,38934.4,1056.45
6857,3406,1029,161,23937.48,1031.34
6858,3407,1009,361,25872.87,2939.8
6859,3408,1014,261,15545.16,4533.8
6860,3408,1034,161,74956.77,3526.37
6861,3408,1019,319,77108.68,19044.23
6862,3409,1029,362,53822.16,1326.93
6863,3410,1022,335,62581.35,1754.23
6864,3411,1022,389,72669.09,903.45
6865,3411,1005,170,2675.8,643.61
6866,3411,1018,33,4168.89,85.97
6867,3412,1020,306,50878.62,665.17
6868,3412,1023,230,39580.7,61.35
6869,3413,1018,54,6821.82,2390.17
6870,3413,1029,183,27208.44,9798.3
6871,3413,1026,25,7323.0,156.4
6872,3414,1018,181,22865.73,525.81
6873,3415,1025,77,20699.14,1868.41
6874,3415,1037,117,41027.22,2720.57
6875,3416,1006,118,974.68,259.61
6876,3417,1030,340,49011.0,2410.79
6877,3418,1014,170,10125.2,178.72
6878,3419,1033,73,33508.46,470.77
6879,3420,1012,96,6436.8,3534.89
6880,3421,1013,448,21472.64,528.86
6881,3421,1034,121,56333.97,156.34
6882,3422,1013,59,2827.87,1044.58
6883,3422,1021,363,50790.96,5978.38
6884,3423,1040,167,64350.11,183.93
6885,3423,1020,93,15463.11,449.84
6886,3424,1015,446,34765.7,1469.16
6887,3424,1015,364,28373.8,1589.11
6888,3425,1018,111,14022.63,4643.86
6889,3426,1020,15,2494.05,50.82
6890,3426,1017,203,19723.48,671.23
6891,3426,1035,179,43173.01,929.18
6892,3427,1012,29,1944.45,55.62
6893,3427,1026,238,69714.96,91.25
6894,3427,1022,89,16626.09,222.3
6895,3428,1012,64,4291.2,2555.44
6896,3428,1005,194,3053.56,10063.52
6897,3428,1016,461,16241.03,759.39
6898,3429,1016,231,8138.13,25.75
6899,3430,1018,305,38530.65,1432.32
6900,3431,1003,123,1924.95,278.14
6901,3432,1038,39,7884.63,596.39
6902,3432,1040,251,96717.83,1703.13
6903,3432,1031,137,34458.24,6438.1
6904,3433,1015,323,25177.85,714.36
6905,3433,1010,151,8006.02,6.57
6906,3433,1039,153,64469.61,405.76
6907,3434,1004,495,3504.6,2084.5
6908,3435,1038,335,67726.95,561.78
6909,3436,1007,108,820.8,168.59
6910,3436,1035,301,72598.19,871.01
6911,3436,1040,62,23890.46,27.09
6912,3437,1025,182,48925.24,548.92
6913,3437,1003,34,532.1,217.14
6914,3437,1040,14,5394.62,24.08
6915,3438,1008,107,1427.38,204.41
6916,3438,1004,235,1663.8,592.49
6917,3439,1017,303,29439.48,718.72
6918,3439,1024,214,25992.44,91.14
6919,3440,1005,36,566.64,184.59
6920,3441,1014,519,30911.64,8562.3
6921,3442,1005,227,3572.98,1703.5
6922,3442,1021,323,45194.16,635.5
6923,3443,1001,115,1664.05,576.72
6924,3443,1013,156,7477.08,551.85
6925,3444,1029,44,6541.92,357.44
6926,3444,1002,434,4257.54,4131.96
6927,3445,1016,370,13035.1,460.84
6928,3445,1031,383,96332.16,21441.84
6929,3446,1036,49,20736.8,73.94
6930,3446,1001,111,1606.17,436.61
6931,3447,1034,422,196470.54,1318.26
6932,3448,1034,341,158759.37,1322.43
6933,3449,1010,165,8748.3,122.62
6934,3450,1016,165,5812.95,311.03
6935,3450,1022,313,58471.53,12988.44
6936,3451,1034,122,56799.54,144.96
6937,3452,1029,86,12786.48,654.29
6938,3453,1012,345,23132.25,915.36
6939,3453,1037,182,63820.12,214.9
6940,3453,1015,29,2260.55,72.86
6941,3454,1012,162,10862.1,318.16
6942,3455,1026,349,102229.08,373.91
6943,3455,1012,14,938.7,89.53
6944,3455,1007,147,1117.2,760.01
6945,3456,1002,67,657.27,632.2
6946,3456,1003,251,3928.15,1988.04
6947,3457,1027,64,14368.0,2185.13
6948,3458,1004,386,2732.88,1101.49
6949,3458,1028,166,30188.76,495.59
6950,3459,1030,530,76399.5,4881.17
6951,3459,1026,393,115117.56,316.74
6952,3459,1039,425,179082.25,3001.41
6953,3460,1008,214,2854.76,391.5
6954,3460,1010,49,2597.98,1.77
6955,3461,1018,54,6821.82,327.05
6956,3461,1012,57,3821.85,261.0
6957,3461,1039,82,34552.34,660.68
6958,3462,1027,378,84861.0,14398.29
6959,3462,1019,335,80976.2,15867.41
6960,3463,1001,320,4630.4,1495.77
6961,3463,1019,24,5801.28,197.27
6962,3463,1036,226,95643.2,386.01
6963,3464,1015,120,9354.0,476.3
6964,3464,1040,43,16569.19,33.62
6965,3464,1003,164,2566.6,773.3
6966,3465,1031,537,135066.24,1880.52
6967,3465,1025,275,73925.5,313.59
6968,3466,1007,22,167.2,37.23
6969,3467,1022,148,27647.88,568.82
6970,3468,1032,236,70599.4,3403.99
6971,3468,1034,485,225801.45,10578.07
6972,3469,1037,36,12623.76,41.71
6973,3469,1002,216,2118.96,568.58
6974,3469,1026,127,37200.84,51.05
6975,3470,1028,362,65833.32,2265.8
6976,3470,1014,149,8874.44,262.76
6977,3470,1034,189,87992.73,311.5
6978,3471,1016,487,17157.01,86.8
6979,3472,1012,17,1139.85,90.57
6980,3473,1032,137,40983.55,1968.51
6981,3474,1003,40,626.0,199.79
6982,3474,1033,19,8721.38,148.99
6983,3475,1013,289,13851.77,353.17
6984,3475,1035,343,82728.17,1115.28
6985,3475,1026,271,79381.32,80.89
6986,3476,1018,344,43457.52,16496.21
6987,3476,1014,274,16319.44,4739.3
6988,3476,1019,67,16195.24,3314.52
6989,3477,1026,177,51846.84,90.15
6990,3477,1006,401,3312.26,1867.58
6991,3478,1006,77,636.02,276.18
6992,3478,1019,65,15711.8,446.19
6993,3478,1001,169,2445.43,562.63
6994,3479,1037,179,62768.14,395.32
6995,3480,1031,134,33703.68,6586.39
6996,3481,1012,254,17030.7,1564.65
6997,3482,1020,161,26769.47,4531.38
6998,3482,1033,226,103738.52,12700.31
6999,3482,1026,239,70007.88,1417.96
7000,3483,1003,398,6228.7,2077.3
7001,3483,1020,290,48218.3,1296.23
7002,3483,1020,71,11805.17,287.63
7003,3484,1010,36,1908.72,18.6
7004,3484,1020,55,9144.85,1881.13
7005,3485,1019,345,83393.4,1280.77
7006,3485,1010,218,11558.36,8.96
7007,3486,1007,128,972.8,4204.11
7008,3487,1040,330,127158.9,368.31
7009,3487,1005,246,3872.04,2823.29
7010,3488,1017,103,10007.48,410.51
7011,3489,1019,234,56562.48,11099.94
7012,3489,1034,393,182969.01,9265.43
7013,3489,1017,382,37115.12,10864.37
7014,3490,1032,61,18248.15,59.14
7015,3491,1009,239,17129.13,13765.95
7016,3491,1017,385,37406.6,12917.6
7017,3492,1017,105,10201.8,3183.34
7018,3492,1007,109,828.4,3871.62
7019,3492,1007,87,661.2,2562.6
7020,3493,1010,324,17178.48,21.89
7021,3494,1001,33,477.51,112.86
7022,3494,1018,471,59501.43,1860.58
7023,3495,1032,131,39188.65,154.42
7024,3496,1019,54,13052.88,2668.51
7025,3497,1026,79,23140.68,48.55
7026,3497,1019,265,64055.8,1435.93
7027,3497,1024,39,4736.94,29.32
7028,3498,1004,81,573.48,4464.55
7029,3498,1024,18,2186.28,136.56
7030,3499,1020,153,25439.31,356.7
7031,3499,1009,331,23722.77,1393.97
7032,3499,1034,145,67507.65,257.04
7033,3500,1029,279,41481.72,1499.08
7034,3500,1003,218,3411.7,1068.79
7035,3500,1027,12,2694.0,32.63
7036,3501,1005,152,2392.48,598.78
7037,3501,1039,89,37501.93,231.95
7038,3502,1040,461,177637.13,328.28
7039,3503,1017,338,32840.08,2138.73
7040,3504,1022,213,39790.53,1893.99
7041,3505,1004,328,2322.24,13845.88
7042,3505,1025,86,23118.52,1787.73
7043,3506,1005,212,3336.88,851.79
7044,3507,1009,39,2795.13,129.25
7045,3507,1034,91,42366.87,140.51
7046,3508,1009,82,5876.94,391.45
7047,3508,1012,396,26551.8,1528.82
7048,3509,1023,128,22027.52,112.43
7049,3509,1023,95,16348.55,90.91
7050,3510,1016,15,528.45,2.68
7051,3510,1011,80,6099.2,202.83
7052,3511,1026,79,23140.68,27.37
7053,3511,1005,314,4942.36,1311.18
7054,3512,1037,393,137809.38,897.52
7055,3513,1009,108,7740.36,4904.92
7056,3514,1026,236,69129.12,155.8
7057,3515,1032,257,76881.55,842.02
7058,3515,1038,522,105532.74,1469.23
7059,3516,1022,303,56603.43,1272.27
7060,3517,1002,226,2217.06,742.51
7061,3518,1014,89,5300.84,174.63
7062,3518,1011,224,17077.76,1304.15
7063,3519,1024,339,41174.94,272.7
7064,3519,1011,341,25997.84,1269.25
7065,3519,1022,267,49878.27,1170.6
7066,3520,1008,249,3321.66,629.36
7067,3520,1012,243,16293.15,690.65
7068,3520,1010,346,18344.92,22.83
7069,3521,1011,227,17306.48,6564.97
7070,3521,1012,42,2816.1,1306.73
7071,3521,1017,35,3400.6,1196.08
7072,3522,1032,391,116967.65,453.93
7073,3522,1020,283,47054.41,396.54
7074,3523,1026,369,108087.48,336.28
7075,3523,1029,71,10556.28,593.72
7076,3523,1040,336,129470.88,532.38
7077,3524,1028,82,14912.52,762.99
7078,3524,1020,73,12137.71,383.0
7079,3524,1001,106,1533.82,452.74
7080,3525,1026,162,47453.04,63.93
7081,3525,1020,15,2494.05,25.53
7082,3526,1029,339,50402.52,1834.64
7083,3526,1011,376,28666.24,1225.42
7084,3527,1019,242,58496.24,883.21
7085,3527,1030,166,23928.9,737.25
7086,3527,1034,71,33055.47,102.48
7087,3528,1019,158,38191.76,1147.04
7088,3528,1009,43,3081.81,191.06
7089,3528,1005,128,2014.72,745.89
7090,3529,1022,78,14571.18,3213.64
7091,3529,1007,57,433.2,1588.49
7092,3529,1002,214,2099.34,8981.49
7093,3530,1024,357,43361.22,417.4
7094,3530,1027,305,68472.5,1742.12
7095,3530,1025,78,20967.96,263.77
7096,3531,1003,212,3317.8,438.14
7097,3531,1038,252,50946.84,228.25
7098,3532,1035,513,123730.47,1553.96
7099,3532,1013,334,16008.62,437.66
7100,3533,1014,286,17034.16,533.11
7101,3533,1031,96,24145.92,598.33
7102,3534,1011,396,30191.04,768.42
7103,3534,1013,265,12701.45,392.94
7104,3534,1037,60,21039.6,67.13
7105,3535,1025,39,10483.98,1080.09
7106,3535,1033,488,224001.76,39212.58
7107,3536,1025,42,11290.44,186.92
7108,3537,1033,165,75738.3,1723.99
7109,3538,1032,131,39188.65,303.35
7110,3538,1021,163,22806.96,422.25
7111,3538,1009,205,14692.35,1409.72
7112,3539,1017,557,54118.12,899.07
7113,3539,1006,407,3361.82,1094.65
7114,3539,1006,456,3766.56,1326.36
7115,3540,1006,129,1065.54,1050.25
7116,3540,1019,44,10635.68,374.67
7117,3541,1015,317,24710.15,13155.51
7118,3541,1003,197,3083.05,6473.12
7119,3541,1038,246,49733.82,3262.04
7120,3542,1018,117,14780.61,790.28
7121,3542,1022,214,39977.34,1848.9
7122,3543,1014,301,17927.56,474.7
7123,3544,1027,277,62186.5,437.32
7124,3544,1032,201,60129.15,181.56
7125,3545,1027,275,61737.5,408.82
7126,3546,1006,355,2932.3,2726.74
7127,3546,1022,340,63515.4,2018.36
7128,3546,1012,300,20115.0,1838.15
7129,3547,1018,187,23623.71,534.77
7130,3547,1008,328,4375.52,620.94
7131,3548,1040,291,112131.03,138.11
7132,3548,1022,96,17933.76,273.01
7133,3549,1012,21,1408.05,46.86
7134,3549,1031,11,2766.72,29.4
7135,3549,1015,211,16447.45,392.44
7136,3550,1005,138,2172.12,8619.18
7137,3550,1036,167,70674.4,1517.53
7138,3550,1038,154,31134.18,1908.4
7139,3551,1019,356,86052.32,2451.87
7140,3551,1030,135,19460.25,814.19
7141,3552,1011,481,36671.44,1640.86
7142,3552,1037,266,93275.56,469.6
7143,3553,1023,110,18929.9,763.61
7144,3553,1001,50,723.5,1305.5
7145,3554,1022,266,49691.46,2086.36
7146,3554,1039,93,39187.41,551.5
7147,3554,1009,337,24152.79,2435.79
7148,3555,1019,255,61638.6,2325.42
7149,3555,1036,56,23699.2,82.06
7150,3556,1025,60,16129.2,1117.67
7151,3557,1025,95,25537.9,111.41
7152,3557,1002,289,2835.09,1065.12
7153,3557,1035,296,71392.24,846.39
7154,3558,1001,362,5238.14,597.36
7155,3558,1011,510,38882.4,932.73
7156,3558,1023,478,82259.02,192.69
7157,3559,1031,518,130287.36,4246.78
7158,3559,1008,415,5536.1,1524.96
7159,3560,1019,111,26830.92,7755.6
7160,3561,1012,124,8314.2,328.76
7161,3561,1018,232,29308.56,532.79
7162,3561,1013,510,24444.3,727.53
7163,3562,1001,199,2879.53,5848.29
7164,3562,1036,112,47398.4,1142.73
7165,3563,1039,341,143687.17,2912.4
7166,3564,1022,467,87240.27,2217.31
7167,3564,1010,544,28842.88,39.74
7168,3565,1015,297,23151.15,10102.48
7169,3565,1021,291,40716.72,3399.88
7170,3566,1034,70,32589.9,79.42
7171,3567,1039,351,147900.87,17755.74
7172,3568,1024,272,33037.12,2146.19
7173,3569,1031,171,43009.92,7211.02
7174,3570,1010,78,4135.56,4.42
7175,3571,1015,28,2182.6,1201.87
7176,3571,1012,380,25479.0,15527.4
7177,3571,1037,159,55754.94,3605.7
7178,3572,1002,375,3678.75,1404.84
7179,3572,1013,115,5511.95,171.01
7180,3573,1039,212,89330.44,1182.11
7181,3573,1006,200,1652.0,1076.48
7182,3574,1021,237,33161.04,163.54
7183,3574,1014,140,8338.4,151.73
7184,3574,1038,84,16982.28,77.61
7185,3575,1001,49,709.03,111.63
7186,3575,1034,322,149913.54,750.04
7187,3575,1022,285,53240.85,1077.55
7188,3576,1016,523,18425.29,69.98
7189,3577,1039,368,155064.16,2112.81
7190,3577,1015,372,28997.4,1782.43
7191,3577,1010,331,17549.62,28.59
7192,3578,1034,350,162949.5,494.21
7193,3579,1003,286,4475.9,2130.8
7194,3579,1001,94,1360.18,354.47
7195,3579,1003,244,3818.6,1825.63
7196,3580,1040,114,43927.62,80.26
7197,3580,1003,73,1142.45,296.66
7198,3580,1018,333,42067.89,1636.47
7199,3581,1036,362,153198.4,681.06
7200,3581,1003,389,6087.85,2269.41
7201,3582,1011,242,18450.08,385.68
7202,3582,1012,281,18841.05,524.29
7203,3583,1012,367,24607.35,1508.02
7204,3584,1014,81,4824.36,1235.95
7205,3584,1026,240,70300.8,1240.51
7206,3585,1016,238,8384.74,30.55
7207,3585,1017,330,32062.8,1055.34
7208,3586,1016,130,4579.9,260.21
7209,3587,1018,371,46868.43,2261.19
7210,3587,1020,370,61519.9,1336.56
7211,3587,1036,345,146004.0,435.94
7212,3588,1011,348,26531.52,1516.37
7213,3589,1019,286,69131.92,14453.42
7214,3589,1008,287,3828.58,6613.02
7215,3590,1028,267,48556.62,670.81
7216,3591,1038,36,7278.12,29.39
7217,3591,1005,89,1400.86,314.63
7218,3591,1023,213,36655.17,81.35
7219,3592,1030,179,25802.85,526.84
7220,3592,1015,259,20189.05,631.8
7221,3593,1035,244,58850.36,613.91
7222,3593,1021,363,50790.96,272.57
7223,3594,1017,222,21569.52,1223.36
7224,3595,1016,97,3417.31,8.9
7225,3596,1037,315,110457.9,1199.97
7226,3597,1037,243,85210.38,862.76
7227,3597,1016,378,13316.94,119.14
7228,3598,1011,136,10368.64,268.24
7229,3599,1020,390,64845.3,2240.15
7230,3599,1040,41,15798.53,60.92
7231,3600,1027,219,49165.5,1349.88
7232,3600,1030,223,32145.45,2021.56
7233,3600,1038,319,64492.23,875.42
7234,3601,1008,22,293.48,30.88
7235,3601,1007,315,2394.0,486.29
7236,3602,1008,336,4482.24,618.38
7237,3602,1015,287,22371.65,680.18
7238,3603,1023,169,29083.21,105.16
7239,3603,1006,288,2378.88,1275.43
7240,3603,1010,68,3605.36,3.33
7241,3604,1040,89,34294.37,59.54
7242,3604,1006,267,2205.42,1373.85
7243,3605,1008,171,2281.14,5120.73
7244,3605,1030,256,36902.4,16368.46
7245,3605,1013,66,3163.38,1311.77
7246,3606,1026,193,56533.56,129.05
7247,3607,1020,54,8978.58,115.91
7248,3607,1015,137,10679.15,267.55
7249,3608,1019,216,52211.52,1289.84
7250,3608,1009,83,5948.61,466.72
7251,3609,1039,238,100286.06,497.09
7252,3609,1008,109,1454.06,224.3
7253,3609,1033,371,170296.42,1504.96
7254,3610,1024,208,25263.68,226.51
7255,3610,1022,230,42966.3,1550.86
7256,3610,1018,235,29687.55,1258.25
7257,3611,1014,253,15068.68,669.82
7258,3612,1034,259,120582.63,380.28
7259,3612,1033,208,95476.16,648.34
7260,3612,1024,82,9959.72,33.26
7261,3613,1001,346,5006.62,11576.4
7262,3613,1005,174,2738.76,9605.93
7263,3613,1004,45,318.6,2664.25
7264,3614,1002,321,3149.01,991.2
7265,3615,1001,338,4890.86,8456.77
7266,3615,1026,212,62099.04,1164.07
7267,3615,1029,67,9961.56,2932.45
7268,3616,1023,104,17897.36,531.99
7269,3617,1040,95,36606.35,50.94
7270,3618,1033,14,6426.28,58.18
7271,3618,1020,159,26436.93,272.57
7272,3619,1033,111,50951.22,528.91
7273,3619,1007,49,372.4,75.2
7274,3619,1020,300,49881.0,480.72
7275,3620,1039,122,51407.14,397.47
7276,3620,1036,40,16928.0,24.88
7277,3621,1023,147,25297.23,149.64
7278,3621,1030,417,60110.55,4536.01
7279,3622,1040,279,107507.07,132.36
7280,3622,1029,104,15462.72,229.95
7281,3623,1008,244,3254.96,709.48
7282,3623,1032,388,116070.2,810.24
7283,3624,1037,477,167264.82,1722.37
7284,3625,1007,147,1117.2,312.32
7285,3626,1007,31,235.6,100.65
7286,3626,1035,150,36178.5,757.6
7287,3626,1030,127,18307.05,924.85
7288,3627,1020,113,18788.51,428.61
7289,3627,1033,454,208395.08,5757.14
7290,3627,1015,42,3273.9,202.54
7291,3628,1007,86,653.6,206.47
7292,3629,1014,270,16081.2,411.74
7293,3629,1035,198,47755.62,847.7
7294,3630,1014,115,6849.4,258.85
7295,3631,1015,304,23696.8,1728.42
7296,3631,1001,217,3139.99,809.26
7297,3632,1032,39,11666.85,615.89
7298,3632,1028,408,74198.88,21925.65
7299,3632,1014,406,24181.36,5590.64
7300,3633,1038,296,59842.32,316.37
7301,3634,1023,344,59198.96,130.2
7302,3634,1022,219,40911.39,554.35
7303,3634,1038,379,76622.43,357.93
7304,3635,1026,266,77916.72,159.34
7305,3635,1022,180,33625.8,817.03
7306,3635,1038,276,55798.92,443.62
7307,3636,1035,120,28942.8,400.53
7308,3636,1010,73,3870.46,2.06
7309,3636,1018,64,8085.12,151.6
7310,3637,1035,178,42931.82,474.38
7311,3637,1022,289,53988.09,636.01
7312,3637,1018,293,37014.69,794.81
7313,3638,1004,343,2428.44,1844.05
7314,3638,1003,61,954.65,298.87
7315,3639,1040,106,40844.98,44.59
7316,3639,1027,457,102596.5,1034.3
7317,3639,1021,543,75976.56,403.67
7318,3640,1017,336,32645.76,1181.66
7319,3640,1012,353,23668.65,1482.63
7320,3640,1023,195,33557.55,132.42
7321,3641,1037,235,82405.1,947.8
7322,3641,1031,71,17857.92,629.08
7323,3641,1021,388,54288.96,884.92
7324,3642,1023,186,32008.74,1254.19
7325,3643,1014,308,18344.48,4626.39
7326,3643,1026,196,57412.32,904.3
7327,3643,1030,245,35316.75,17753.87
7328,3644,1036,186,78715.2,136.12
7329,3645,1038,505,102095.85,794.88
7330,3645,1009,60,4300.2,389.78
7331,3646,1003,383,5993.95,1309.88
7332,3647,1029,22,3270.96,177.3
7333,3648,1025,149,40054.18,309.06
7334,3649,1012,329,22059.45,695.07
7335,3649,1036,477,201866.4,278.38
7336,3650,1039,38,16012.06,93.96
7337,3650,1034,241,112202.37,236.96
7338,3650,1019,126,30456.72,535.74
7339,3651,1012,159,10660.95,299.67
7340,3651,1009,273,19565.91,732.71
7341,3651,1024,36,4372.56,16.27
7342,3652,1036,184,77868.8,368.39
7343,3652,1015,149,11614.55,677.09
7344,3652,1032,193,57735.95,567.68
7345,3653,1027,319,71615.5,735.9
7346,3654,1013,120,5751.6,255.76
7347,3654,1039,147,61941.39,712.46
7348,3655,1027,197,44226.5,5968.5
7349,3656,1037,270,94678.2,266.57
7350,3656,1019,179,43267.88,737.93
7351,3656,1011,37,2820.88,73.0
7352,3657,1023,403,69352.27,264.65
7353,3657,1014,51,3037.56,61.53
7354,3657,1019,326,78800.72,2140.19
7355,3658,1018,55,6948.15,2296.75
7356,3658,1020,275,45724.25,9310.81
7357,3659,1038,317,64087.89,338.52
7358,3660,1039,341,143687.17,18076.65
7359,3660,1025,345,92742.9,6787.31
7360,3661,1021,119,16650.48,88.23
7361,3661,1035,186,44861.34,605.01
7362,3662,1018,123,15538.59,912.9
7363,3662,1008,100,1334.0,546.0
7364,3662,1040,275,105965.75,349.37
7365,3663,1008,91,1213.94,159.84
7366,3664,1019,27,6526.44,313.58
7367,3664,1025,69,18548.58,248.55
7368,3664,1009,119,8528.73,1160.9
7369,3665,1035,408,98405.52,2978.48
7370,3665,1019,114,27556.08,1238.28
7371,3665,1030,117,16865.55,1164.91
7372,3666,1035,427,102988.13,19506.0
7373,3666,1040,482,185729.06,4288.03
7374,3666,1015,106,8262.7,4495.42
7375,3667,1018,47,5937.51,1631.37
7376,3667,1033,40,18360.8,2048.63
7377,3667,1022,343,64075.83,19789.18
7378,3668,1004,175,1239.0,10617.11
7379,3668,1016,323,11379.29,589.9
7380,3668,1035,26,6270.94,1411.87
7381,3669,1002,333,3266.73,14579.8
7382,3670,1011,44,3354.56,159.82
7383,3670,1021,428,59885.76,537.05
7384,3671,1011,278,21194.72,430.52
7385,3671,1019,403,97413.16,1437.82
7386,3671,1033,141,64721.82,524.64
7387,3672,1034,84,39107.88,150.95
7388,3673,1033,152,69771.04,719.26
7389,3673,1029,265,39400.2,640.41
7390,3673,1034,351,163415.07,411.24
7391,3674,1008,162,2161.08,795.32
7392,3674,1015,341,26580.95,1897.44
7393,3675,1024,515,62551.9,576.88
7394,3675,1020,121,20118.67,524.59
7395,3675,1008,413,5509.42,1832.62
7396,3676,1015,449,34999.55,16289.31
7397,3676,1020,358,59524.66,11599.06
7398,3677,1025,192,51613.44,3972.93
7399,3677,1026,381,111602.52,2366.46
7400,3677,1025,251,67473.82,6745.88
7401,3678,1022,340,63515.4,1588.87
7402,3679,1038,194,39220.98,281.25
7403,3679,1033,180,82623.6,1087.12
7404,3680,1035,19,4582.61,157.94
7405,3681,1027,276,61962.0,7271.44
7406,3681,1003,114,1784.1,4582.15
7407,3681,1037,157,55053.62,3954.61
7408,3682,1009,242,17344.14,1269.53
7409,3682,1003,299,4679.35,1146.34
7410,3682,1013,219,10496.67,415.32
7411,3683,1023,274,47152.66,229.29
7412,3684,1016,151,5319.73,37.83
7413,3684,1016,403,14197.69,123.3
7414,3685,1019,294,71065.68,3012.82
7415,3686,1014,252,15009.12,552.68
7416,3686,1015,150,11692.5,1044.63
7417,3686,1039,286,120511.82,1956.77
7418,3687,1024,376,45668.96,245.04
7419,3688,1028,201,36553.86,889.64
7420,3688,1011,194,14790.56,723.79
7421,3689,1022,124,23164.44,790.5
7422,3689,1035,23,5547.37,172.0
7423,3689,1007,376,2857.6,1763.77
7424,3690,1040,182,70130.06,139.35
7425,3690,1030,239,34451.85,1636.7
7426,3691,1034,25,11639.25,610.67
7427,3692,1040,377,145269.41,2595.11
7428,3693,1011,348,26531.52,1449.8
7429,3693,1040,361,139104.13,445.53
7430,3693,1027,350,78575.0,2033.9
7431,3694,1015,90,7015.5,346.17
7432,3694,1004,169,1196.52,977.84
7433,3694,1022,16,2988.96,91.91
7434,3695,1024,242,29393.32,1710.18
7435,3696,1018,56,7074.48,2239.85
7436,3696,1034,392,182503.44,9873.73
7437,3697,1033,144,66098.88,642.73
7438,3697,1025,110,29570.2,124.94
7439,3697,1038,298,60246.66,262.81
7440,3698,1006,378,3122.28,15612.91
7441,3698,1031,400,100608.0,22854.51
7442,3698,1012,131,8783.55,4519.19
7443,3699,1035,264,63674.16,1915.03
7444,3699,1008,368,4909.12,1990.26
7445,3700,1035,354,85381.26,1550.69
7446,3700,1002,273,2678.13,1294.99
7447,3701,1004,351,2485.08,20848.35
7448,3701,1023,208,35794.72,905.45
7449,3702,1015,221,17226.95,1460.93
7450,3702,1017,49,4760.84,240.21
7451,3703,1022,303,56603.43,17198.11
7452,3703,1009,37,2651.79,2296.31
7453,3704,1039,80,33709.6,241.58
7454,3705,1001,366,5296.02,1646.35
7455,3706,1022,362,67625.22,2011.97
7456,3706,1014,39,2322.84,59.68
7457,3706,1012,74,4961.7,218.62
7458,3707,1036,190,80408.0,138.63
7459,3707,1040,373,143728.09,220.07
7460,3707,1014,321,19118.76,265.0
7461,3708,1032,290,86753.5,5262.2
7462,3708,1024,156,18947.76,891.61
7463,3708,1010,349,18503.98,231.81
7464,3709,1029,379,56349.72,3108.94
7465,3709,1006,319,2634.94,2713.93
7466,3709,1027,251,56349.5,1154.29
7467,3710,1034,195,90786.15,3994.27
7468,3710,1022,378,70614.18,13636.8
7469,3710,1026,187,54776.04,1087.15
7470,3711,1035,385,92858.15,2693.08
7471,3711,1005,365,5745.1,3895.05
7472,3712,1031,313,78725.76,1402.42
7473,3713,1008,291,3881.94,699.88
7474,3714,1040,341,131397.53,212.45
7475,3714,1025,227,61022.14,311.46
7476,3714,1039,337,142001.69,765.05
7477,3715,1018,294,37141.02,1085.41
7478,3715,1013,237,11359.41,452.85
7479,3715,1024,461,55993.06,369.04
7480,3716,1028,190,34553.4,832.87
7481,3717,1038,292,59033.64,823.36
7482,3717,1028,558,101477.88,3744.25
7483,3718,1038,254,51351.18,323.0
7484,3718,1035,340,82004.6,1581.89
7485,3718,1022,378,70614.18,1607.55
7486,3719,1038,353,71366.01,392.85
7487,3720,1002,237,2324.97,11958.57
7488,3720,1022,364,67998.84,13284.5
7489,3720,1031,249,62628.48,10957.28
7490,3721,1021,272,38058.24,434.79
7491,3722,1002,299,2933.19,2049.5
7492,3723,1039,346,145794.02,722.87
7493,3723,1023,54,9292.86,17.82
7494,3723,1004,144,1019.52,431.27
7495,3724,1009,26,1863.42,87.7
7496,3725,1014,176,10482.56,180.46
7497,3725,1010,145,7687.9,4.06
7498,3725,1028,111,20186.46,407.79
7499,3726,1028,111,20186.46,358.04
7500,3726,1036,370,156584.0,249.92
7501,3726,1015,105,8184.75,274.3
7502,3727,1003,92,1439.8,362.96
7503,3727,1039,328,138209.36,1725.86
7504,3727,1007,153,1162.8,458.61
7505,3728,1018,75,9474.75,154.33
7506,3728,1008,34,453.56,51.22
7507,3729,1029,263,39102.84,11278.5
7508,3729,1023,256,44055.04,1784.8
7509,3730,1035,263,63432.97,2397.19
7510,3730,1005,89,1400.86,666.3
7511,3731,1001,156,2257.32,310.48
7512,3732,1039,44,18540.28,367.85
7513,3733,1037,288,100990.08,346.91
7514,3733,1002,393,3855.33,1085.82
7515,3734,1018,184,23244.72,629.86
7516,3735,1015,309,24086.55,11105.81
7517,3735,1039,86,36237.82,3272.01
7518,3735,1025,319,85753.58,7697.02
7519,3736,1014,86,5122.16,127.43
7520,3736,1025,223,59946.86,504.33
7521,3736,1021,371,51910.32,536.87
7522,3737,1009,185,13258.95,8980.81
7523,3737,1015,255,19877.25,9350.13
7524,3737,1020,277,46056.79,7958.53
7525,3738,1038,12,2426.04,35.34
7526,3738,1006,206,1701.56,1779.82
7527,3738,1009,112,8027.04,724.56
7528,3739,1014,28,1667.68,28.07
7529,3740,1022,145,27087.45,712.78
7530,3740,1021,6,839.52,7.92
7531,3740,1018,226,28550.58,792.07
7532,3741,1018,259,32719.47,701.22
7533,3741,1028,134,24369.24,357.45
7534,3742,1031,313,78725.76,1139.73
7535,3742,1011,106,8081.44,183.87
7536,3743,1038,301,60853.17,4816.91
7537,3743,1034,177,82405.89,2971.52
7538,3743,1031,257,64640.64,15757.43
7539,3744,1039,313,131888.81,1246.73
7540,3744,1018,13,1642.29,58.84
7541,3745,1033,335,153771.7,1332.88
7542,3745,1006,180,1486.8,499.41
7543,3746,1020,345,57363.15,1444.86
7544,3746,1030,276,39785.4,2319.48
7545,3747,1012,314,21053.7,2102.57
7546,3748,1029,183,27208.44,946.25
7547,3748,1017,85,8258.6,264.69
7548,3749,1012,168,11264.4,6019.13
7549,3750,1030,119,17153.85,794.95
7550,3750,1004,309,2187.72,1366.71
7551,3751,1010,218,11558.36,13.3
7552,3752,1029,29,4311.72,1036.77
7553,3752,1033,217,99607.34,17058.65
7554,3753,1011,26,1982.24,934.67
7555,3754,1031,219,55082.88,1028.42
7556,3755,1015,279,21748.05,8282.29
7557,3755,1008,214,2854.76,5576.7
7558,3756,1015,95,7405.25,4060.33
7559,3756,1003,75,1173.75,3339.33
7560,3756,1023,127,21855.43,735.23
7561,3757,1020,67,11140.09,139.81
7562,3758,1014,376,22394.56,693.5
7563,3759,1007,78,592.8,230.47
7564,3759,1010,79,4188.58,5.34
7565,3759,1026,38,11130.96,18.1
7566,3760,1012,485,32519.25,1867.31
7567,3761,1035,38,9165.22,119.89
7568,3762,1004,192,1359.36,557.22
7569,3762,1024,79,9595.34,38.79
7570,3762,1033,29,13311.58,114.47
7571,3763,1039,284,119669.08,14764.93
7572,3763,1008,87,1160.58,2591.44
7573,3763,1007,186,1413.6,5697.2
7574,3764,1032,81,24231.15,132.33
7575,3764,1024,193,23441.78,128.06
7576,3765,1013,163,7812.59,269.41
7577,3765,1036,75,31740.0,79.72
7578,3766,1010,87,4612.74,3.19
7579,3766,1022,56,10461.36,151.58
7580,3767,1022,319,59592.39,928.87
7581,3767,1039,159,66997.83,479.27
7582,3767,1010,378,20041.56,14.83
7583,3768,1005,185,2911.9,565.23
7584,3768,1034,57,26537.49,85.8
7585,3768,1006,301,2486.26,796.79
7586,3769,1017,258,25067.28,1211.44
7587,3769,1018,229,28929.57,1600.01
7588,3770,1010,376,19935.52,14.13
7589,3770,1024,393,47733.78,161.44
7590,3770,1036,36,15235.2,22.58
7591,3771,1032,178,53248.7,273.5
7592,3771,1008,291,3881.94,985.74
7593,3772,1014,127,7564.12,352.12
7594,3772,1021,37,5177.04,73.07
7595,3772,1007,74,562.4,392.19
7596,3773,1029,363,53970.84,14773.34
7597,3773,1009,172,12327.24,9180.89
7598,3773,1038,323,65300.91,4142.99
7599,3774,1006,389,3213.14,17868.98
7600,3774,1025,212,56989.84,4479.69
7601,3774,1033,38,17442.76,2831.43
7602,3775,1016,296,10428.08,544.35
7603,3776,1023,441,75891.69,216.15
7604,3776,1006,44,363.44,223.52
7605,3776,1026,162,47453.04,101.88
7606,3777,1012,351,23534.55,1557.81
7607,3778,1030,449,64723.35,2612.75
7608,3778,1026,260,76159.2,127.8
7609,3778,1002,474,4649.94,2706.17
7610,3779,1006,170,1404.2,355.45
7611,3779,1031,15,3772.8,55.53
7612,3779,1033,294,134951.88,1093.23
7613,3780,1001,209,3024.23,287.43
7614,3781,1012,45,3017.25,165.86
7615,3781,1040,242,93249.86,203.75
7616,3782,1040,115,44312.95,73.51
7617,3782,1020,250,41567.5,382.56
7618,3783,1011,40,3049.6,118.45
7619,3784,1002,167,1638.27,6583.31
7620,3785,1009,140,10033.8,865.38
7621,3786,1040,330,127158.9,3307.82
7622,3787,1013,189,9058.77,346.52
7623,3787,1002,355,3482.55,2266.91
7624,3787,1002,265,2599.65,1322.24
7625,3788,1023,280,48185.2,230.16
7626,3788,1023,263,45259.67,293.21
7627,3789,1029,203,30182.04,7652.83
7628,3790,1028,244,44373.84,2485.1
7629,3791,1040,398,153361.34,437.87
7630,3791,1035,334,80557.46,3026.34
7631,3791,1040,376,144884.08,621.59
7632,3792,1006,32,264.32,92.92
7633,3792,1011,185,14104.4,404.67
7634,3792,1014,359,21382.04,375.39
7635,3793,1017,446,43333.36,1470.52
7636,3794,1028,474,86201.64,1185.22
7637,3794,1026,480,140601.6,184.79
7638,3794,1006,204,1685.04,648.34
7639,3795,1001,340,4919.8,1849.21
7640,3795,1029,230,34196.4,1785.95
7641,3796,1003,184,2879.6,7605.3
7642,3796,1018,171,21602.43,8513.28
7643,3797,1035,42,10129.98,1805.28
7644,3797,1022,309,57724.29,15522.89
7645,3797,1019,299,72274.28,14047.05
7646,3798,1013,186,8914.98,457.21
7647,3798,1020,171,28432.17,581.64
7648,3799,1036,351,148543.2,3130.8
7649,3799,1009,266,19064.22,13911.67
7650,3800,1037,162,56806.92,2948.81
7651,3801,1022,162,30263.22,7148.97
7652,3802,1037,309,108353.94,306.91
7653,3802,1030,280,40362.0,950.39
7654,3802,1015,421,32816.95,1143.52
7655,3803,1020,496,82469.92,17943.91
7656,3803,1018,301,38025.33,11906.73
7657,3804,1022,131,24472.11,497.9
7658,3805,1010,259,13732.18,179.96
7659,3806,1036,200,84640.0,131.16
7660,3806,1028,361,65651.46,895.51
7661,3807,1009,360,25801.2,3122.7
7662,3808,1030,233,33586.95,903.54
7663,3808,1014,11,655.16,11.78
7664,3808,1032,201,60129.15,199.37
7665,3809,1020,325,54037.75,1380.97
7666,3810,1035,301,72598.19,2175.03
7667,3811,1032,13,3888.95,180.34
7668,3811,1012,18,1206.9,821.47
7669,3812,1035,184,44378.96,873.95
7670,3813,1004,138,977.04,1194.57
7671,3813,1017,33,3206.28,202.79
7672,3813,1011,169,12884.56,636.24
7673,3814,1016,192,6764.16,17.56
7674,3814,1023,213,36655.17,77.41
7675,3814,1016,149,5249.27,11.83
7676,3815,1027,320,71840.0,684.15
7677,3815,1025,279,75000.78,339.6
7678,3815,1030,116,16721.4,441.4
7679,3816,1013,46,2204.78,84.26
7680,3816,1008,175,2334.5,429.47
7681,3817,1022,9,1681.29,48.61
7682,3817,1021,150,20988.0,161.32
7683,3818,1009,165,11825.55,851.65
7684,3818,1034,43,20019.51,80.86
7685,3819,1030,279,40217.85,1222.82
7686,3819,1025,228,61290.96,366.52
7687,3819,1013,39,1869.27,54.06
7688,3820,1009,539,38630.13,2446.33
7689,3821,1004,138,977.04,1245.66
7690,3821,1032,227,67907.05,661.16
7691,3822,1011,335,25540.4,8998.97
7692,3822,1010,270,14315.4,191.51
7693,3822,1005,251,3950.74,13785.58
7694,3823,1034,181,84268.17,429.33
7695,3823,1007,370,2812.0,1178.0
7696,3824,1013,249,11934.57,513.0
7697,3824,1024,291,35344.86,181.88
7698,3824,1032,375,112181.25,495.25
7699,3825,1030,306,44109.9,2101.66
7700,3826,1040,64,24661.12,521.22
7701,3826,1018,70,8843.1,3103.49
7702,3826,1019,46,11119.12,2451.95
7703,3827,1008,285,3801.9,1177.6
7704,3827,1023,544,93616.96,487.13
7705,3827,1035,333,80316.27,2616.29
7706,3828,1040,380,146425.4,294.55
7707,3828,1037,343,120276.38,835.57
7708,3828,1007,105,798.0,349.52
7709,3829,1035,68,16400.92,172.92
7710,3830,1021,132,18469.44,96.24
7711,3830,1026,105,30756.6,36.17
7712,3831,1021,522,73038.24,606.64
7713,3832,1039,336,141580.32,1078.72
7714,3832,1013,155,7429.15,204.28
7715,3832,1013,144,6901.92,208.28
7716,3833,1016,77,2712.71,8.63
7717,3834,1007,375,2850.0,1720.84
7718,3834,1003,144,2253.6,788.46
7719,3835,1004,290,2053.2,1838.48
7720,3835,1037,55,19286.3,105.28
7721,3836,1018,108,13643.64,745.15
7722,3836,1021,373,52190.16,850.05
7723,3836,1019,376,90886.72,3416.75
7724,3837,1010,44,2332.88,2.5
7725,3837,1021,264,36938.88,322.42
7726,3837,1018,266,33603.78,945.66
7727,3838,1007,274,2082.4,1203.51
7728,3838,1024,338,41053.48,425.05
7729,3838,1028,88,16003.68,921.6
7730,3839,1009,285,20425.95,1383.7
7731,3839,1020,289,48052.03,651.37
7732,3839,1039,243,102392.91,1286.37
7733,3840,1028,434,78927.24,3658.63
7734,3840,1013,288,13803.84,718.39
7735,3840,1010,46,2438.92,5.41
7736,3841,1001,151,2184.97,4275.99
7737,3842,1023,164,28222.76,125.93
7738,3843,1003,232,3630.8,515.67
7739,3843,1022,109,20362.29,371.45
7740,3843,1025,384,103226.88,482.57
7741,3844,1006,533,4402.58,3648.54
7742,3845,1023,34,5851.06,25.91
7743,3846,1003,225,3521.25,663.54
7744,3847,1020,52,8646.04,99.52
7745,3847,1016,265,9335.95,21.29
7746,3847,1035,267,64397.73,677.59
7747,3848,1034,143,66576.51,200.86
7748,3849,1023,30,5162.7,11.46
7749,3849,1038,181,36592.77,141.72
7750,3850,1005,17,267.58,849.85
7751,3850,1015,371,28919.45,15328.44
7752,3851,1014,223,13281.88,221.13
7753,3851,1035,188,45343.72,622.78
7754,3852,1033,67,30754.34,523.75
7755,3852,1017,221,21472.36,848.59
7756,3852,1037,446,156394.36,1077.44
7757,3853,1039,385,162227.45,2954.41
7758,3853,1012,112,7509.6,597.72
7759,3853,1006,210,1734.6,1585.1
7760,3854,1028,102,18549.72,5654.04
7761,3855,1016,384,13528.32,570.19
7762,3855,1017,350,34006.0,12645.39
7763,3856,1022,209,39043.29,9416.93
7764,3856,1031,195,49046.4,8850.62
7765,3857,1032,193,57735.95,482.1
7766,3857,1005,180,2833.2,1299.81
7767,3858,1018,27,3410.91,130.01
7768,3859,1035,340,82004.6,14458.52
7769,3859,1016,117,4121.91,191.1
7770,3859,1018,179,22613.07,5733.36
7771,3860,1035,57,13747.83,2535.36
7772,3860,1022,154,28768.74,8810.51
7773,3860,1003,240,3756.0,9039.65
7774,3861,1034,253,117789.21,568.87
7775,3862,1005,117,1841.58,1112.2
7776,3862,1007,319,2424.4,1511.27
7777,3863,1008,106,1414.04,287.05
7778,3863,1035,14,3376.66,58.5
7779,3863,1020,281,46721.87,886.27
7780,3864,1003,194,3036.1,393.42
7781,3864,1029,396,58877.28,870.87
7782,3864,1030,352,50740.8,1347.25
7783,3865,1028,44,8001.84,2857.98
7784,3866,1035,23,5547.37,62.66
7785,3866,1029,16,2378.88,52.28
7786,3866,1013,29,1389.97,30.42
7787,3867,1014,120,7147.2,328.41
7788,3867,1015,16,1247.2,107.49
7789,3867,1028,205,37281.3,2149.09
7790,3868,1005,142,2235.08,420.93
7791,3869,1003,73,1142.45,323.21
7792,3869,1028,172,31279.92,775.24
7793,3869,1037,247,86613.02,431.84
7794,3870,1038,290,58629.3,868.49
7795,3870,1034,131,60989.67,370.87
7796,3871,1020,181,30094.87,902.7
7797,3871,1039,236,99443.32,1984.35
7798,3871,1009,40,2866.8,275.21
7799,3872,1040,116,44698.28,1157.85
7800,3872,1022,370,69119.7,14401.68
7801,3873,1036,16,6771.2,13.11
7802,3874,1002,206,2020.86,8898.89
7803,3874,1040,324,124846.92,2668.7
7804,3875,1039,284,119669.08,747.75
7805,3875,1040,271,104424.43,111.54
7806,3876,1024,142,17247.32,992.04
7807,3877,1024,20,2429.2,9.25
7808,3878,1004,175,1239.0,9721.7
7809,3878,1037,51,17883.66,962.49
7810,3879,1020,217,36080.59,558.94
7811,3879,1006,37,305.62,182.09
7812,3880,1007,33,250.8,84.14
7813,3880,1001,387,5599.89,883.27
7814,3880,1007,113,858.8,422.9
7815,3881,1034,151,70301.07,293.0
7816,3881,1016,165,5812.95,28.94
7817,3882,1033,522,239608.44,2413.57
7818,3882,1016,292,10287.16,28.58
7819,3883,1038,152,30729.84,230.82
7820,3883,1033,375,172132.5,3011.9
7821,3884,1015,66,5144.7,125.23
7822,3884,1036,171,72367.2,85.91
7823,3885,1033,171,78492.42,11006.99
7824,3885,1005,79,1243.46,4470.59
7825,3886,1007,371,2819.6,13713.32
7826,3886,1007,295,2242.0,10279.71
7827,3887,1026,454,132985.68,129.86
7828,3887,1026,173,50675.16,57.06
7829,3888,1029,190,28249.2,8737.42
7830,3888,1034,246,114530.22,6254.05
7831,3888,1009,216,15480.72,12466.86
7832,3889,1031,312,78474.24,2648.52
7833,3890,1031,47,11821.44,2968.97
7834,3890,1026,274,80260.08,1825.38
7835,3891,1027,449,100800.5,1306.82
7836,3891,1039,62,26124.94,337.41
7837,3892,1011,11,838.64,21.05
7838,3892,1040,368,141801.44,229.91
7839,3893,1014,555,33055.8,1611.46
7840,3893,1011,154,11740.96,665.79
7841,3893,1007,413,3138.8,2418.3
7842,3894,1002,333,3266.73,1528.14
7843,3894,1029,365,54268.2,1600.33
7844,3894,1038,152,30729.84,233.79
7845,3895,1015,236,18396.2,535.96
7846,3895,1029,32,4757.76,67.03
7847,3896,1029,55,8177.4,403.29
7848,3896,1028,318,57831.48,2111.28
7849,3897,1011,89,6785.36,347.26
7850,3898,1011,184,14028.16,361.13
7851,3898,1040,287,110589.71,133.11
7852,3898,1037,173,60664.18,223.93
7853,3899,1040,110,42386.3,1019.42
7854,3900,1005,536,8436.64,36920.57
7855,3900,1030,323,46560.45,17771.18
7856,3901,1031,169,42506.88,8801.74
7857,3901,1026,277,81138.84,1175.43
7858,3901,1009,435,31176.45,17797.92
7859,3902,1007,210,1596.0,1181.73
7860,3902,1019,124,29973.28,1006.71
7861,3903,1004,199,1408.92,11930.42
7862,3904,1003,146,2284.9,855.35
7863,3904,1013,60,2875.8,170.16
7864,3905,1026,255,74694.6,154.25
7865,3905,1032,168,50257.2,337.43
7866,3905,1015,129,10055.55,438.32
7867,3906,1040,219,84387.27,2178.92
7868,3906,1017,193,18751.88,7040.99
7869,3906,1022,340,63515.4,18796.67
7870,3907,1008,316,4215.44,1630.12
7871,3907,1024,63,7651.98,71.46
7872,3908,1018,79,9980.07,216.7
7873,3908,1034,358,166674.06,392.46
7874,3909,1008,28,373.52,53.16
7875,3910,1006,45,371.7,99.69
7876,3910,1021,87,12173.04,75.26
7877,3910,1036,242,102414.4,169.62
7878,3911,1032,131,39188.65,221.68
7879,3912,1032,332,99317.8,6281.7
7880,3913,1020,84,13966.68,250.16
7881,3914,1018,121,15285.93,5543.4
7882,3915,1027,68,15266.0,349.02
7883,3915,1013,314,15050.02,948.32
7884,3916,1029,322,47874.96,2378.92
7885,3916,1036,147,62210.4,219.45
7886,3917,1003,61,954.65,323.4
7887,3918,1004,71,502.68,730.26
7888,3919,1003,396,6197.4,2067.62
7889,3919,1038,50,10108.5,93.7
7890,3920,1014,125,7445.0,133.83
7891,3921,1018,369,46615.77,12209.44
7892,3921,1016,396,13951.08,702.69
7893,3921,1010,358,18981.16,199.2
7894,3922,1029,247,36723.96,11059.91
7895,3922,1012,14,938.7,548.99
7896,3922,1004,161,1139.88,7617.71
7897,3923,1020,91,15130.57,177.05
7898,3923,1022,213,39790.53,637.54
7899,3923,1008,297,3961.98,521.39
7900,3924,1032,191,57137.65,194.16
7901,3925,1018,57,7200.81,427.58
7902,3925,1012,203,13611.15,1453.6
7903,3925,1001,124,1794.28,469.91
7904,3926,1028,23,4182.78,75.48
7905,3926,1029,90,13381.2,204.21
7906,3926,1040,129,49707.57,73.91
7907,3927,1020,226,37577.02,6320.86
7908,3927,1002,183,1795.23,10777.12
7909,3928,1004,25,177.0,256.26
7910,3929,1003,257,4022.05,10360.19
7911,3929,1013,487,23341.91,11343.82
7912,3930,1001,117,1692.99,284.99
7913,3930,1032,213,63718.95,291.68
7914,3931,1019,140,33840.8,916.54
7915,3931,1029,91,13529.88,328.0
7916,3931,1018,92,11622.36,334.17
7917,3932,1008,86,1147.24,1973.23
7918,3932,1008,226,3014.84,5209.66
7919,3933,1011,251,19136.24,655.8
7920,3933,1020,305,50712.35,693.28
7921,3933,1019,215,51969.8,1568.14
7922,3934,1006,288,2378.88,1814.95
7923,3934,1028,185,33644.1,1668.83
7924,3934,1024,391,47490.86,442.06
7925,3935,1008,78,1040.52,2576.81
7926,3936,1007,56,425.6,258.77
7927,3936,1001,477,6902.19,2232.06
7928,3936,1032,372,111283.8,1142.58
7929,3937,1018,62,7832.46,479.49
7930,3937,1016,268,9441.64,58.11
7931,3937,1026,184,53897.28,162.0
7932,3938,1018,301,38025.33,604.47
7933,3938,1036,158,66865.6,102.82
7934,3939,1024,395,47976.7,430.89
7935,3939,1008,165,2201.1,643.34
7936,3939,1003,385,6025.25,3145.05
7937,3940,1013,202,9681.86,3144.28
7938,3940,1002,256,2511.36,13734.35
7939,3941,1014,43,2561.08,80.14
7940,3941,1024,357,43361.22,207.7
7941,3942,1020,206,34251.62,312.2
7942,3942,1030,107,15424.05,396.47
7943,3942,1020,378,62850.06,710.19
7944,3943,1040,56,21578.48,54.93
7945,3943,1021,115,16090.8,135.98
7946,3944,1015,411,32037.45,11950.88
7947,3944,1002,327,3207.87,17390.52
7948,3945,1011,161,12274.64,5673.96
7949,3945,1018,112,14148.96,5014.99
7950,3945,1025,457,122850.74,12266.45
7951,3946,1040,225,86699.25,265.88
7952,3947,1037,266,93275.56,442.93
7953,3947,1024,72,8745.12,57.68
7954,3948,1032,17,5085.55,32.85
7955,3948,1014,59,3514.04,106.8
7956,3949,1027,347,77901.5,1660.84
7957,3949,1034,292,135946.44,838.87
7958,3950,1017,228,22152.48,926.84
7959,3951,1031,242,60867.84,636.82
7960,3951,1019,117,28281.24,465.26
7961,3952,1030,72,10378.8,722.21
7962,3952,1013,314,15050.02,1161.23
7963,3952,1004,304,2152.32,2557.94
7964,3953,1024,379,46033.34,272.61
7965,3953,1003,173,2707.45,786.39
7966,3953,1012,294,19712.7,1071.95
7967,3954,1018,308,38909.64,1252.88
7968,3955,1029,132,19625.76,748.21
7969,3955,1021,217,30362.64,514.36
7970,3955,1032,11,3290.65,35.23
7971,3956,1028,38,6910.68,220.38
7972,3956,1007,200,1520.0,759.75
7973,3957,1021,131,18329.52,139.43
7974,3957,1031,156,39237.12,840.53
7975,3958,1018,144,18191.52,616.07
7976,3959,1016,380,13387.4,546.1
7977,3959,1035,312,75251.28,12420.14
7978,3959,1012,89,5967.45,3351.35
7979,3960,1021,277,38757.84,324.07
7980,3960,1034,10,4655.7,18.26
7981,3961,1029,207,30776.76,607.03
7982,3961,1028,33,6001.38,108.36
7983,3962,1030,265,38199.75,1042.27
7984,3962,1002,71,696.51,181.57
7985,3962,1017,57,5538.12,90.8
7986,3963,1006,368,3039.68,1735.5
7987,3964,1001,323,4673.81,1067.21
7988,3964,1020,153,25439.31,345.48
7989,3965,1008,367,4895.78,2029.3
7990,3965,1035,111,26772.09,711.09
7991,3965,1009,392,28094.64,3262.06
7992,3966,1037,369,129393.54,928.38
7993,3967,1021,224,31342.08,191.5
7994,3968,1035,67,16159.73,303.94
7995,3968,1009,133,9532.11,802.97
7996,3969,1019,299,72274.28,1313.69
7997,3970,1022,357,66691.17,1098.77
7998,3970,1023,285,49045.65,90.24
7999,3971,1009,317,22719.39,1903.9
8000,3972,1035,294,70909.86,2772.18
8001,3973,1015,382,29776.9,1743.53
8002,3974,1004,299,2116.92,2686.65
8003,3974,1040,234,90167.22,366.26
8004,3975,1023,551,94821.59,262.39
8005,3975,1009,254,18204.18,1440.28
8006,3975,1002,148,1451.88,602.2
8007,3976,1004,40,283.2,261.89
8008,3976,1016,302,10639.46,59.08
8009,3977,1032,157,46966.55,442.77
8010,3977,1002,87,853.47,655.84
8011,3977,1004,204,1444.32,1525.05
8012,3978,1040,17,6550.61,158.38
8013,3978,1011,102,7776.48,2562.39
8014,3979,1023,389,66943.01,434.75
8015,3980,1025,358,96237.56,763.45
8016,3980,1010,181,9596.62,13.19
8017,3980,1036,79,33432.8,81.02
8018,3981,1017,215,20889.4,713.5
8019,3981,1030,117,16865.55,739.4
8020,3981,1007,438,3328.8,1562.34
8021,3982,1004,113,800.04,790.95
8022,3983,1008,62,827.08,106.07
8023,3983,1023,330,56789.7,119.23
8024,3983,1014,278,16557.68,299.77
8025,3984,1001,58,839.26,97.37
8026,3984,1005,164,2581.36,670.9
8027,3985,1017,242,23512.72,366.03
8028,3986,1040,216,83231.28,329.48
8029,3986,1039,289,121775.93,1619.4
8030,3987,1011,361,27522.64,1851.6
8031,3987,1030,90,12973.5,1064.88
8032,3987,1014,140,8338.4,273.54
8033,3988,1024,38,4615.48,15.49
8034,3988,1025,359,96506.38,541.6
8035,3989,1010,537,28471.74,22.98
8036,3990,1009,167,11968.89,477.17
8037,3990,1032,308,92138.2,327.69
8038,3991,1035,141,34007.79,612.15
8039,3992,1020,90,14964.3,3110.09
8040,3993,1012,369,24741.45,1408.86
8041,3993,1018,376,47500.08,1588.69
8042,3994,1039,102,42979.74,379.39
8043,3995,1020,315,52375.05,1156.81
8044,3995,1005,312,4910.88,2335.17
8045,3995,1011,20,1524.8,91.69
8046,3996,1010,271,14368.42,132.15
8047,3996,1036,57,24122.4,560.89
8048,3997,1013,157,7525.01,368.34
8049,3997,1040,153,58955.49,106.44
8050,3997,1002,391,3835.71,2005.22
8051,3998,1035,309,74527.71,1675.54
8052,3998,1007,175,1330.0,517.9
8053,3999,1028,392,71289.12,23567.07
8054,3999,1010,17,901.34,10.19
8055,4000,1006,373,3080.98,16935.87
8056,4000,1016,22,775.06,33.11
8057,4001,1035,266,64156.54,810.61
8058,4002,1009,83,5948.61,302.71
8059,4002,1017,249,24192.84,551.94
8060,4002,1023,387,66598.83,104.22
8061,4003,1023,147,25297.23,56.17
8062,4004,1001,138,1996.86,3612.55
8063,4004,1002,307,3011.67,15722.26
8064,4005,1029,224,33304.32,11166.57
8065,4005,1037,105,36819.3,1716.44
8066,4006,1010,461,24442.22,24.0
8067,4007,1027,52,11674.0,96.52
8068,4008,1007,382,2903.2,11593.89
8069,4009,1026,145,42473.4,130.78
8070,4009,1004,198,1401.84,1529.14
8071,4010,1022,131,24472.11,634.73
8072,4010,1024,218,26478.28,179.74
8073,4011,1037,178,62417.48,3508.97
8074,4012,1036,124,52476.8,65.89
8075,4013,1024,42,5101.32,19.59
8076,4014,1007,414,3146.4,12838.71
8077,4015,1011,555,42313.2,1889.85
8078,4015,1028,302,54921.72,1388.44
8079,4016,1002,263,2580.03,1104.53
8080,4016,1032,501,149874.15,938.59
8081,4016,1006,425,3510.5,1689.96
8082,4017,1005,97,1526.78,5275.24
8083,4017,1025,51,13709.82,995.84
8084,4018,1016,66,2325.18,7.8
8085,4019,1026,213,62391.96,169.14
8086,4019,1036,259,109608.8,404.25
8087,4019,1037,39,13675.74,134.08
8088,4020,1004,185,1309.8,597.03
8089,4020,1009,112,8027.04,350.09
8090,4021,1015,324,25255.8,682.48
8091,4021,1031,173,43512.96,434.98
8092,4021,1038,317,64087.89,325.66
8093,4022,1039,76,32024.12,4036.29
8094,4023,1017,325,31577.0,8353.22
8095,4024,1039,238,100286.06,589.83
8096,4024,1012,223,14952.15,460.17
8097,4024,1034,9,4190.13,13.73
8098,4025,1005,331,5209.94,15797.65
8099,4025,1011,32,2439.68,782.8
8100,4025,1025,123,33064.86,2593.51
8101,4026,1033,330,151476.6,23016.89
8102,4026,1003,273,4272.45,13456.63
8103,4027,1034,168,78215.76,553.51
8104,4028,1020,201,33420.27,4555.94
8105,4028,1002,544,5336.64,33212.0
8106,4029,1003,391,6119.15,2092.73
8107,4029,1001,266,3849.02,1454.32
8108,4030,1014,408,24300.48,459.52
8109,4030,1029,351,52186.68,1097.73
8110,4031,1029,165,24532.2,506.51
8111,4032,1029,8,1189.44,45.93
8112,4032,1001,233,3371.51,829.48
8113,4033,1016,303,10674.69,26.45
8114,4034,1019,30,7251.6,201.55
8115,4035,1007,116,881.6,519.52
8116,4035,1011,152,11588.48,599.24
8117,4035,1031,241,60616.32,2025.61
8118,4036,1022,101,18867.81,3982.69
8119,4037,1027,27,6061.5,143.74
8120,4038,1029,269,39994.92,1579.24
8121,4039,1012,59,3955.95,346.46
8122,4039,1006,125,1032.5,966.95
8123,4039,1013,7,335.51,26.5
8124,4040,1036,64,27084.8,43.93
8125,4041,1024,96,11660.16,61.92
8126,4042,1023,439,75547.51,440.31
8127,4042,1030,170,24505.5,1715.38
8128,4043,1039,394,166019.78,1322.87
8129,4043,1034,150,69835.5,160.13
8130,4043,1001,134,1938.98,260.82
8131,4044,1032,185,55342.75,154.86
8132,4044,1039,177,74582.49,434.24
8133,4045,1007,180,1368.0,5798.95
8134,4045,1027,189,42430.5,5408.62
8135,4046,1006,187,1544.62,622.78
8136,4047,1015,241,18785.95,514.46
8137,4048,1034,354,164811.78,7228.59
8138,4048,1038,12,2426.04,205.2
8139,4048,1009,142,10177.14,6854.89
8140,4049,1034,190,88458.3,3837.22
8141,4049,1017,279,27107.64,9978.58
8142,4050,1036,54,22852.8,105.68
8143,4050,1015,297,23151.15,1361.77
8144,4050,1028,33,6001.38,325.01
8145,4051,1010,261,13838.22,13.66
8146,4051,1028,238,43282.68,1259.61
8147,4052,1010,260,13785.2,27.71
8148,4052,1008,229,3054.86,1135.21
8149,4053,1020,298,49548.46,7093.62
8150,4053,1031,357,89792.64,19794.92
8151,4054,1029,145,21558.6,7396.2
8152,4054,1031,273,68664.96,12132.47
8153,4054,1034,64,29796.48,1310.23
8154,4055,1020,13,2161.51,24.93
8155,4055,1015,22,1714.9,48.7
8156,4055,1007,229,1740.4,481.97
8157,4056,1038,288,58224.96,311.41
8158,4056,1029,231,34345.08,708.82
8159,4056,1004,343,2428.44,1194.56
8160,4057,1017,85,8258.6,447.57
8161,4057,1001,123,1779.81,573.09
8162,4058,1015,354,27594.3,15014.05
8163,4058,1035,125,30148.75,5954.51
8164,4059,1003,243,3802.95,640.21
8165,4060,1036,147,62210.4,1273.93
8166,4061,1039,40,16854.8,259.18
8167,4062,1015,168,13095.6,881.73
8168,4062,1025,25,6720.5,96.13
8169,4063,1018,280,35372.4,1389.98
8170,4064,1008,136,1814.24,3428.1
8171,4064,1011,337,25692.88,9329.84
8172,4065,1016,361,12718.03,707.79
8173,4066,1040,539,207692.87,546.09
8174,4067,1031,326,81995.52,2033.72
8175,4068,1004,268,1897.44,966.39
8176,4069,1016,488,17192.24,127.81
8177,4069,1017,445,43236.2,2776.4
8178,4070,1032,58,17350.7,105.71
8179,4070,1028,338,61468.68,1776.34
8180,4070,1020,131,21781.37,371.79
8181,4071,1017,417,40515.72,1086.99
8182,4071,1009,240,17200.8,1146.7
8183,4071,1012,273,18304.65,821.8
8184,4072,1021,115,16090.8,1525.42
8185,4073,1027,177,39736.5,792.76
8186,4073,1024,190,23077.4,206.07
8187,4073,1006,161,1329.86,1133.33
8188,4074,1002,67,657.27,619.24
8189,4074,1025,361,97044.02,1058.65
8190,4074,1020,67,11140.09,297.07
8191,4075,1016,238,8384.74,23.96
8192,4075,1007,50,380.0,103.12
8193,4076,1033,265,121640.3,2571.22
8194,4077,1026,295,86411.4,1718.47
8195,4077,1013,177,8483.61,2984.09
8196,4078,1005,38,598.12,131.82
8197,4078,1014,215,12805.4,183.88
8198,4078,1029,122,18138.96,355.46
8199,4079,1037,91,31910.06,92.43
8200,4080,1025,214,57527.48,5729.2
8201,4080,1004,201,1423.08,10715.8
8202,4081,1028,55,10002.3,338.91
8203,4082,1040,207,79763.31,201.05
8204,4082,1006,389,3213.14,1397.72
8205,4082,1016,82,2888.86,10.36
8206,4083,1031,224,56340.48,2333.83
8207,4084,1015,468,36480.6,1667.18
8208,4084,1026,240,70300.8,115.35
8209,4084,1031,508,127772.16,3189.27
8210,4085,1017,66,6412.56,319.86
8211,4085,1012,126,8448.3,806.87
8212,4085,1003,129,2018.85,742.81
8213,4086,1008,113,1507.42,3697.14
8214,4086,1026,470,137672.4,3076.54
8215,4087,1016,232,8173.36,44.75
8216,4087,1032,212,63419.8,314.49
8217,4088,1038,376,76015.92,1003.78
8218,4088,1002,50,490.5,360.13
8219,4088,1027,516,115842.0,2858.73
8220,4089,1012,223,14952.15,907.24
8221,4089,1003,122,1909.3,616.59
8222,4089,1032,218,65214.7,292.68
8223,4090,1023,312,53692.08,123.17
8224,4091,1020,259,43063.93,485.72
8225,4092,1005,513,8074.62,2839.37
8226,4092,1039,492,207314.04,2522.04
8227,4093,1040,366,141030.78,2824.58
8228,4094,1008,180,2401.2,459.54
8229,4095,1021,292,40856.64,671.16
8230,4095,1017,15,1457.4,65.52
8231,4096,1018,311,39288.63,1706.52
8232,4096,1013,258,12365.94,869.3
8233,4096,1018,337,42573.21,1757.59
8234,4097,1023,276,47496.84,186.86
8235,4097,1014,299,17808.44,475.2
8236,4098,1004,253,1791.24,1946.25
8237,4098,1014,230,13698.8,571.53
8238,4099,1027,32,7184.0,146.08
8239,4099,1004,130,920.4,975.04
8240,4100,1027,27,6061.5,53.8
8241,4100,1025,207,55645.74,286.45
8242,4101,1015,102,7950.9,362.37
8243,4101,1017,386,37503.76,1047.59
8244,4101,1025,155,41667.1,309.88
8245,4102,1004,315,2230.2,18975.63
8246,4102,1008,100,1334.0,2587.19
8247,4102,1015,36,2806.2,1410.91
8248,4103,1013,106,5080.58,304.6
8249,4103,1019,358,86535.76,3786.72
8250,4104,1024,162,19676.52,101.65
8251,4104,1014,108,6432.48,201.57
8252,4105,1015,331,25801.45,1846.5
8253,4105,1033,448,205640.96,5608.51
8254,4106,1013,537,25738.41,1200.5
8255,4106,1038,278,56203.26,457.97
8256,4107,1024,366,44454.36,320.96
8257,4108,1007,255,1938.0,578.93
8258,4109,1014,179,10661.24,2872.05
8259,4110,1026,280,82017.6,249.54
8260,4110,1022,80,14944.8,679.02
8261,4110,1005,365,5745.1,3451.77
8262,4111,1022,180,33625.8,522.06
8263,4111,1033,169,77574.38,717.68
8264,4112,1020,229,38075.83,1078.18
8265,4113,1023,37,6367.33,10.3
8266,4113,1007,60,456.0,108.43
8267,4113,1017,238,23124.08,470.18
8268,4114,1033,183,84000.66,1959.91
8269,4114,1040,170,65506.1,259.68
8270,4115,1016,278,9793.94,55.15
8271,4116,1032,285,85257.75,5750.54
8272,4116,1003,19,297.35,878.97
8273,4116,1038,84,16982.28,972.72
8274,4117,1020,333,55367.91,541.21
8275,4117,1036,152,64326.4,73.7
8276,4117,1006,211,1742.86,566.82
8277,4118,1035,361,87069.59,21027.01
8278,4118,1028,150,27279.0,8023.57
8279,4119,1001,81,1172.07,434.21
8280,4119,1006,394,3254.44,2700.97
8281,4119,1024,182,22105.72,168.58
8282,4120,1009,318,22791.06,14131.9
8283,4120,1040,272,104809.76,2644.63
8284,4121,1031,233,58604.16,15324.16
8285,4121,1039,237,99864.69,11865.09
8286,4121,1032,159,47564.85,2442.84
8287,4122,1030,268,38632.2,1165.62
8288,4122,1012,42,2816.1,107.45
8289,4122,1003,262,4100.3,644.99
8290,4123,1029,343,50997.24,1302.26
8291,4123,1017,168,16322.88,545.91
8292,4124,1004,88,623.04,470.9
8293,4125,1001,214,3096.58,489.85
8294,4126,1037,66,23143.56,1421.62
8295,4127,1011,378,28818.72,993.07
8296,4127,1028,37,6728.82,205.91
8297,4127,1024,346,42025.16,219.27
8298,4128,1005,241,3793.34,1002.69
8299,4128,1039,299,125989.63,952.26
8300,4128,1030,121,17442.15,473.54
8301,4129,1005,320,5036.8,3598.63
8302,4129,1008,161,2147.74,857.03
8303,4130,1022,206,38482.86,907.29
8304,4131,1027,48,10776.0,108.44
8305,4131,1005,336,5288.64,1438.56
8306,4132,1012,336,22528.8,11431.33
8307,4132,1026,14,4100.88,78.1
8308,4132,1014,363,21620.28,6516.74
8309,4133,1008,243,3241.62,481.13
8310,4133,1039,54,22753.98,159.42
8311,4133,1038,488,98658.96,534.56
8312,4134,1017,101,9813.16,299.63
8313,4134,1014,184,10959.04,266.67
8314,4135,1029,168,24978.24,575.55
8315,4135,1040,363,139874.79,296.06
8316,4136,1040,309,119066.97,234.96
8317,4137,1039,307,129360.59,1105.35
8318,4137,1038,394,79654.98,539.58
8319,4137,1031,310,77971.2,1484.82
8320,4138,1015,74,5768.3,194.8
8321,4139,1024,144,17490.24,119.14
8322,4140,1009,65,4658.55,481.29
8323,4141,1024,359,43604.14,2290.35
8324,4141,1013,118,5655.74,2461.25
8325,4141,1013,230,11023.9,5624.96
8326,4142,1031,248,62376.96,1201.88
8327,4142,1018,370,46742.1,1505.47
8328,4142,1035,328,79110.32,1233.8
8329,4143,1016,156,5495.88,15.39
8330,4143,1005,57,897.18,211.32
8331,4143,1015,275,21436.25,693.78
8332,4144,1014,195,11614.2,2731.13
8333,4144,1001,52,752.44,1327.2
8334,4145,1017,278,27010.48,843.77
8335,4146,1039,164,69104.68,7722.81
8336,4146,1034,390,181572.3,7517.97
8337,4147,1025,380,102151.6,548.91
8338,4147,1032,282,84360.3,321.56
8339,4147,1035,29,6994.51,75.42
8340,4148,1007,182,1383.2,993.58
8341,4148,1026,152,44523.84,153.81
8342,4148,1012,167,11197.35,811.25
8343,4149,1028,278,50557.08,2286.73
8344,4149,1006,48,396.48,415.25
8345,4149,1039,147,61941.39,846.3
8346,4150,1035,350,84416.5,3364.75
8347,4150,1001,153,2213.91,823.91
8348,4151,1025,37,9946.34,47.21
8349,4151,1027,70,15715.0,112.62
8350,4152,1001,7,101.29,16.66
8351,4152,1020,64,10641.28,232.34
8352,4152,1001,142,2054.74,424.87
8353,4153,1027,530,118985.0,832.68
8354,4153,1019,123,29731.56,397.91
8355,4153,1018,525,66323.25,1166.66
8356,4154,1010,99,5248.98,58.05
8357,4154,1022,178,33252.18,8713.35
8358,4155,1035,201,48479.19,1847.56
8359,4155,1004,461,3263.88,4644.69
8360,4155,1026,214,62684.88,164.98
8361,4156,1038,297,60044.49,237.49
8362,4157,1021,278,38897.76,224.43
8363,4158,1020,112,18622.24,344.51
8364,4159,1034,249,115926.93,258.19
8365,4159,1023,319,54896.71,112.97
8366,4160,1019,188,45443.36,12376.49
8367,4161,1022,336,62768.16,959.47
8368,4161,1031,220,55334.4,710.87
8369,4161,1020,293,48717.11,511.56
8370,4162,1023,250,43022.5,1337.77
8371,4162,1010,249,13201.98,166.14
8372,4163,1023,140,24092.6,651.95
8373,4163,1027,340,76330.0,9776.35
8374,4164,1015,29,2260.55,76.8
8375,4165,1009,168,12040.56,600.14
8376,4166,1007,155,1178.0,729.99
8377,4167,1004,10,70.8,94.85
8378,4167,1035,171,41243.49,1309.8
8379,4168,1001,336,4861.92,11212.94
8380,4169,1040,96,36991.68,741.58
8381,4169,1009,111,7955.37,4809.86
8382,4169,1037,75,26299.5,1897.22
8383,4170,1020,291,48384.57,7049.43
8384,4170,1020,357,59358.39,13018.7
8385,4170,1018,19,2400.27,728.76
8386,4171,1013,143,6853.99,173.22
8387,4171,1023,45,7744.05,13.17
8388,4171,1037,207,72586.62,194.88
8389,4172,1018,165,20844.45,6081.73
8390,4172,1015,217,16915.15,7502.9
8391,4172,1032,191,57137.65,2759.92
8392,4173,1020,54,8978.58,213.77
8393,4173,1012,399,26752.95,2517.6
8394,4173,1040,295,113672.35,382.67
8395,4174,1029,86,12786.48,597.54
8396,4174,1030,122,17586.3,1266.89
8397,4174,1034,70,32589.9,245.26
8398,4175,1005,382,6012.68,1501.82
8399,4176,1034,329,153172.53,937.28
8400,4176,1025,149,40054.18,475.97
8401,4177,1029,343,50997.24,861.1
8402,4178,1019,40,9668.8,209.76
8403,4179,1032,64,19145.6,119.06
8404,4180,1023,19,3269.71,9.32
8405,4180,1018,90,11369.7,403.74
8406,4181,1012,259,17365.95,488.76
8407,4181,1025,261,70162.02,394.1
8408,4181,1036,367,155314.4,234.31
8409,4182,1032,155,46368.25,352.31
8410,4182,1012,262,17567.1,1794.55
8411,4183,1011,118,8996.32,655.25
8412,4183,1024,131,15911.26,167.74
8413,4183,1040,114,43927.62,150.23
8414,4184,1012,319,21388.95,759.18
8415,4184,1039,43,18118.91,134.56
8416,4184,1036,339,143464.8,197.98
8417,4185,1025,51,13709.82,59.72
8418,4185,1027,55,12347.5,95.43
8419,4186,1007,319,2424.4,488.1
8420,4186,1026,334,97835.28,87.78
8421,4187,1017,160,15545.6,963.87
8422,4187,1034,265,123376.05,709.4
8423,4187,1039,218,91858.66,1582.6
8424,4188,1004,48,339.84,236.83
8425,4188,1010,188,9967.76,8.71
8426,4188,1004,97,686.76,645.11
8427,4189,1030,137,19748.55,399.13
8428,4189,1012,317,21254.85,680.87
8429,4189,1013,126,6039.18,180.07
8430,4190,1028,11,2000.46,28.9
8431,4190,1009,138,9890.46,336.0
8432,4191,1021,39,5456.88,78.68
8433,4191,1033,109,50033.18,938.3
8434,4192,1037,297,104146.02,603.34
8435,4193,1014,28,1667.68,30.3
8436,4194,1018,59,7453.47,395.07
8437,4194,1006,381,3147.06,2762.94
8438,4194,1012,240,16092.0,1456.45
8439,4195,1036,351,148543.2,409.66
8440,4195,1013,248,11886.64,610.65
8441,4196,1040,263,101341.79,399.95
8442,4197,1032,484,144788.6,1318.04
8443,4197,1001,505,7307.35,1926.1
8444,4197,1037,131,45936.46,341.12
8445,4198,1021,289,40436.88,331.64
8446,4198,1019,43,10393.96,313.66
8447,4198,1007,362,2751.2,1369.8
8448,4199,1001,154,2228.38,708.44
8449,4199,1022,326,60900.06,2397.85
8450,4199,1034,452,210437.64,1308.44
8451,4200,1034,14,6517.98,14.42
8452,4200,1040,256,98644.48,148.12
8453,4200,1004,404,2860.32,1192.66
8454,4201,1017,337,32742.92,11065.82
8455,4201,1022,270,50438.7,11406.02
8456,4201,1017,283,27496.28,9176.11
8457,4202,1023,231,39752.79,180.68
8458,4202,1007,397,3017.2,2054.86
8459,4203,1018,280,35372.4,1376.8
8460,4203,1001,301,4355.47,979.54
8461,4204,1015,439,34220.05,18481.94
8462,4204,1037,364,127640.24,8147.35
8463,4205,1016,70,2466.1,16.99
8464,4206,1008,288,3841.92,734.54
8465,4207,1012,160,10728.0,735.69
8466,4207,1014,107,6372.92,264.67
8467,4208,1011,509,38806.16,1204.09
8468,4208,1019,193,46651.96,1404.69
8469,4209,1033,475,218034.5,36374.47
8470,4209,1036,344,145580.8,4144.54
8471,4210,1019,47,11360.84,493.3
8472,4210,1009,396,28381.32,2985.65
8473,4211,1026,16,4686.72,12.24
8474,4211,1026,548,160520.16,599.68
8475,4212,1007,171,1299.6,595.4
8476,4213,1040,77,29670.41,43.42
8477,4214,1025,436,117205.52,553.08
8478,4214,1039,207,87223.59,521.9
8479,4214,1031,251,63131.52,931.36
8480,4215,1027,72,16164.0,282.32
8481,4215,1040,378,145654.74,646.62
8482,4215,1018,187,23623.71,1488.91
8483,4216,1008,37,493.58,59.98
8484,4216,1015,183,14264.85,467.69
8485,4216,1001,353,5107.91,756.66
8486,4217,1012,387,25948.35,942.06
8487,4218,1039,382,160963.34,18946.23
8488,4218,1029,322,47874.96,14439.29
8489,4218,1032,200,59830.0,3978.68
8490,4219,1006,224,1850.24,532.37
8491,4219,1004,244,1727.52,808.53
8492,4219,1018,331,41815.23,840.69
8493,4220,1017,509,49454.44,2448.17
8494,4220,1018,471,59501.43,2743.94
8495,4221,1037,133,46637.78,193.58
8496,4221,1030,415,59822.25,1477.6
8497,4222,1034,184,85664.88,279.81
8498,4223,1003,445,6964.25,16167.99
8499,4224,1029,210,31222.8,1393.65
8500,4224,1001,169,2445.43,918.49
8501,4224,1040,341,131397.53,465.71
8502,4225,1020,303,50379.81,970.24
8503,4225,1032,233,69701.95,367.23
8504,4226,1012,140,9387.0,5465.05
8505,4227,1031,58,14588.16,2669.48
8506,4227,1037,175,61365.5,3203.02
8507,4228,1037,251,88015.66,6154.12
8508,4229,1005,370,5823.8,1535.06
8509,4230,1030,331,47713.65,1539.92
8510,4230,1030,311,44830.65,1618.22
8511,4230,1002,227,2226.87,1026.51
8512,4231,1034,34,15829.38,656.99
8513,4232,1005,226,3557.24,650.64
8514,4232,1040,227,87469.91,142.84
8515,4232,1036,33,13965.6,18.65
8516,4233,1003,25,391.25,98.2
8517,4233,1021,18,2518.56,20.58
8518,4233,1028,254,46192.44,1389.14
8519,4234,1008,248,3308.32,411.39
8520,4234,1006,232,1916.32,558.03
8521,4235,1015,302,23540.9,600.39
8522,4236,1035,253,61021.07,1986.96
8523,4236,1031,109,27415.68,1076.93
8524,4236,1016,338,11907.74,96.47
8525,4237,1006,212,1751.12,694.23
8526,4237,1039,290,122197.3,970.19
8527,4238,1034,403,187624.71,9856.41
8528,4238,1012,112,7509.6,4025.15
8529,4239,1027,211,47369.5,402.35
8530,4239,1014,243,14473.08,249.78
8531,4239,1001,73,1056.31,125.71
8532,4240,1001,315,4558.05,1094.03
8533,4241,1030,203,29262.45,879.32
8534,4241,1008,274,3655.16,363.6
8535,4242,1021,277,38757.84,206.43
8536,4242,1038,176,35581.92,160.43
8537,4242,1030,78,11243.7,265.09
8538,4243,1034,81,37711.17,317.74
8539,4243,1035,58,13989.02,385.65
8540,4243,1035,360,86828.4,3090.79
8541,4244,1011,167,12732.08,389.16
8542,4244,1022,123,22977.63,581.89
8543,4245,1008,306,4082.04,1533.45
8544,4245,1028,135,24551.1,1286.85
8545,4246,1001,21,303.87,582.76
8546,4246,1031,379,95326.08,25384.78
8547,4246,1013,242,11599.06,4637.28
8548,4247,1020,328,54536.56,1349.67
8549,4247,1011,279,21270.96,1285.56
8550,4248,1019,56,13536.32,534.04
8551,4248,1004,161,1139.88,1250.44
8552,4249,1026,326,95491.92,309.7
8553,4249,1010,72,3817.44,5.57
8554,4250,1007,327,2485.2,1965.86
8555,4250,1036,197,83370.4,259.94
8556,4250,1007,69,524.4,321.49
8557,4251,1027,29,6510.5,865.13
8558,4251,1038,201,40636.17,2988.34
8559,4251,1036,15,6348.0,179.73
8560,4252,1024,57,6923.22,463.29
8561,4252,1012,180,12069.0,6589.0
8562,4253,1038,36,7278.12,27.59
8563,4253,1017,338,32840.08,748.04
8564,4254,1004,97,686.76,818.34
8565,4255,1040,341,131397.53,3044.15
8566,4256,1002,103,1010.43,505.56
8567,4257,1016,394,13880.62,40.73
8568,4258,1003,85,1330.25,227.58
8569,4259,1021,436,61005.12,6505.87
8570,4259,1002,518,5081.58,24980.59
8571,4259,1001,134,1938.98,4463.26
8572,4260,1018,385,48637.05,1369.79
8573,4261,1035,345,83210.55,13907.19
8574,4262,1018,36,4547.88,103.09
8575,4262,1033,299,137246.98,1182.85
8576,4263,1005,184,2896.16,770.55
8577,4263,1011,263,20051.12,412.94
8578,4263,1002,145,1422.45,524.09
8579,4264,1023,291,50078.19,1820.75
8580,4265,1027,212,47594.0,369.23
8581,4265,1002,295,2893.95,970.21
8582,4265,1036,89,37664.8,51.32
8583,4266,1008,187,2494.58,448.79
8584,4266,1015,16,1247.2,59.85
8585,4266,1013,281,13468.33,662.76
8586,4267,1029,369,54862.92,17813.1
8587,4267,1018,29,3663.57,1038.64
8588,4267,1024,291,35344.86,1678.89
8589,4268,1023,80,13767.2,70.99
8590,4268,1029,242,35980.56,1564.21
8591,4268,1037,51,17883.66,170.84
8592,4269,1023,226,38892.34,1509.55
8593,4270,1024,153,18583.38,73.46
8594,4270,1032,286,85556.9,343.45
8595,4270,1010,385,20412.7,12.77
8596,4271,1035,179,43173.01,9868.68
8597,4271,1011,297,22643.28,8634.92
8598,4271,1031,389,97841.28,24186.33
8599,4272,1034,112,52143.84,243.51
8600,4273,1007,159,1208.4,560.72
8601,4273,1026,28,8201.76,14.95
8602,4273,1018,119,15033.27,601.71
8603,4274,1016,21,739.83,41.74
8604,4275,1017,130,12630.8,667.14
8605,4276,1001,162,2344.14,556.51
8606,4277,1015,27,2104.65,1223.08
8607,4277,1012,123,8247.15,5334.56
8608,4277,1030,348,50164.2,17993.15
8609,4278,1030,323,46560.45,15820.81
8610,4278,1002,357,3502.17,14804.49
8611,4279,1019,259,62605.48,16617.11
8612,4279,1037,20,7013.2,407.13
8613,4280,1009,342,24511.14,19066.79
8614,4280,1019,342,82668.24,20011.38
8615,4281,1021,446,62404.32,6117.5
8616,4281,1011,523,39873.52,12315.94
8617,4281,1024,50,6073.0,355.78
8618,4282,1040,277,106736.41,279.04
8619,4282,1030,520,74958.0,3364.78
8620,4282,1018,144,18191.52,658.71
8621,4283,1035,295,71151.05,821.29
8622,4284,1020,197,32755.19,459.63
8623,4284,1007,65,494.0,231.1
8624,4284,1028,313,56922.18,1986.0
8625,4285,1031,110,27667.2,872.24
8626,4285,1038,223,45083.91,518.3
8627,4285,1033,283,129902.66,3148.85
8628,4286,1038,214,43264.38,407.4
8629,4286,1019,202,48827.44,1582.9
8630,4286,1002,63,618.03,498.22
8631,4287,1004,377,2669.16,1085.5
8632,4287,1035,201,48479.19,450.83
8633,4288,1018,19,2400.27,55.82
8634,4288,1021,228,31901.76,157.49
8635,4288,1014,260,15485.6,260.05
8636,4289,1038,157,31740.69,2595.96
8637,4289,1001,287,4152.89,8507.53
8638,4290,1023,180,30976.2,55.34
8639,4290,1007,79,600.4,177.95
8640,4290,1030,81,11676.15,338.64
8641,4291,1012,105,7040.25,3987.39
8642,4292,1015,300,23385.0,1368.22
8643,4292,1011,399,30419.76,2128.88
8644,4293,1039,141,59413.17,541.27
8645,4293,1026,294,86118.48,183.77
8646,4294,1011,59,4498.16,107.54
8647,4294,1026,216,63270.72,63.57
8648,4294,1029,393,58431.24,811.1
8649,4295,1001,152,2199.44,4839.26
8650,4295,1009,321,23006.07,18343.76
8651,4295,1010,304,16118.08,203.22
8652,4296,1020,310,51543.7,1002.67
8653,4296,1028,350,63651.0,1467.1
8654,4297,1013,139,6662.27,3078.08
8655,4298,1004,239,1692.12,1997.21
8656,4298,1027,353,79248.5,1617.01
8657,4298,1030,235,33875.25,2570.44
8658,4299,1027,100,22450.0,357.41
8659,4299,1035,70,16883.3,387.57
8660,4300,1036,380,160816.0,695.08
8661,4301,1002,318,3119.58,13207.82
8662,4301,1013,170,8148.1,3481.51
8663,4302,1037,247,86613.02,4655.83
8664,4302,1006,352,2907.52,13855.07
8665,4302,1037,439,153939.74,8480.77
8666,4303,1009,365,26159.55,2352.94
8667,4304,1014,234,13937.04,352.13
8668,4304,1019,41,9910.52,222.01
8669,4304,1032,180,53847.0,312.39
8670,4305,1016,324,11414.52,460.35
8671,4305,1029,196,29141.28,7801.29
8672,4306,1029,239,35534.52,8686.56
8673,4306,1032,176,52650.4,2393.81
8674,4307,1027,139,31205.5,4521.62
8675,4307,1013,78,3738.54,1901.55
8676,4308,1010,52,2757.04,1.51
8677,4309,1021,375,52470.0,278.15
8678,4309,1031,388,97589.76,1412.9
8679,4309,1012,155,10392.75,355.31
8680,4310,1005,379,5965.46,1599.53
8681,4310,1033,411,188657.22,1459.15
8682,4310,1025,427,114786.14,477.44
8683,4311,1024,133,16154.18,127.02
8684,4312,1013,35,1677.55,802.31
8685,4313,1026,239,70007.88,102.17
8686,4313,1007,192,1459.2,631.12
8687,4314,1024,378,45911.88,403.14
8688,4315,1010,236,12512.72,23.36
8689,4315,1020,83,13800.41,390.46
8690,4315,1029,152,22599.36,1212.8
8691,4316,1001,167,2416.49,458.94
8692,4316,1012,356,23869.8,1474.26
8693,4317,1026,241,70593.72,67.05
8694,4317,1015,275,21436.25,494.95
8695,4317,1040,130,50092.9,59.86
8696,4318,1034,216,100563.12,274.03
8697,4319,1001,23,332.81,58.98
8698,4320,1018,137,17307.21,590.41
8699,4321,1020,227,37743.29,1289.83
8700,4321,1023,89,15316.01,79.04
8701,4321,1040,172,66276.76,204.0
8702,4322,1020,96,15961.92,156.24
8703,4322,1040,97,37377.01,62.27
8704,4323,1032,152,45470.8,352.18
8705,4323,1021,277,38757.84,683.4
8706,4323,1014,363,21620.28,850.54
8707,4324,1012,154,10325.7,777.58
8708,4324,1002,118,1157.58,1082.04
8709,4325,1016,31,1092.13,52.46
8710,4326,1017,126,12242.16,368.43
8711,4327,1007,329,2500.4,1931.9
8712,4328,1024,240,29150.4,1475.41
8713,4329,1016,272,9582.56,49.01
8714,4329,1001,90,1302.3,283.09
8715,4330,1030,78,11243.7,330.19
8716,4330,1038,285,57618.45,277.84
8717,4330,1007,73,554.8,165.1
8718,4331,1001,161,2329.67,810.41
8719,4331,1011,146,11131.04,842.42
8720,4332,1003,555,8685.75,4059.12
8721,4333,1034,152,70766.64,616.71
8722,4334,1003,397,6213.05,1046.1
8723,4334,1001,388,5614.36,727.78
8724,4335,1006,39,322.14,201.23
8725,4336,1012,352,23601.6,14141.89
8726,4336,1035,192,46308.48,9873.03
8727,4337,1022,70,13076.7,3306.41
8728,4337,1017,298,28953.68,9592.11
8729,4338,1021,100,13992.0,63.11
8730,4338,1030,149,21478.35,598.88
8731,4338,1012,269,18036.45,465.78
8732,4339,1009,33,2365.11,104.55
8733,4339,1006,48,396.48,122.55
8734,4339,1027,130,29185.0,281.84
8735,4340,1001,119,1721.93,297.53
8736,4340,1013,179,8579.47,290.13
8737,4340,1038,326,65907.42,428.4
8738,4341,1014,239,14234.84,517.9
8739,4341,1018,51,6442.83,399.6
8740,4341,1013,97,4649.21,265.18
8741,4342,1031,12,3018.24,711.86
8742,4342,1030,231,33298.65,12601.33
8743,4342,1005,143,2250.82,10020.97
8744,4343,1022,270,50438.7,2047.75
8745,4343,1010,100,5302.0,9.62
8746,4343,1036,248,104953.6,386.77
8747,4344,1040,137,52790.21,200.47
8748,4344,1034,292,135946.44,1157.89
8749,4344,1007,52,395.2,302.49
8750,4345,1013,36,1725.48,837.19
8751,4346,1036,257,108762.4,134.73
8752,4346,1030,180,25947.0,791.72
8753,4347,1002,330,3237.3,981.99
8754,4347,1037,223,78197.18,285.57
8755,4348,1028,23,4182.78,82.37
8756,4348,1002,393,3855.33,1410.25
8757,4349,1001,247,3574.09,7287.96
8758,4349,1035,77,18571.63,3804.65
8759,4350,1019,155,37466.6,1057.6
8760,4350,1034,381,177382.17,684.69
8761,4351,1015,309,24086.55,964.61
8762,4351,1039,67,28231.79,368.25
8763,4351,1029,111,16503.48,376.9
8764,4352,1035,163,39313.97,777.18
8765,4352,1026,516,151146.72,280.24
8766,4353,1035,212,51132.28,1723.79
8767,4353,1013,358,17158.94,1316.45
8768,4353,1002,204,2001.24,1916.4
8769,4354,1019,398,96204.56,4266.84
8770,4355,1001,90,1302.3,269.28
8771,4355,1009,86,6163.62,406.43
8772,4355,1025,186,50000.52,384.08
8773,4356,1018,141,17812.53,508.16
8774,4356,1002,237,2324.97,1118.99
8775,4356,1025,175,47043.5,384.76
8776,4357,1035,125,30148.75,470.72
8777,4357,1031,323,81240.96,1704.22
8778,4358,1024,332,40324.72,2242.88
8779,4358,1010,200,10604.0,124.17
8780,4359,1030,262,37767.3,2632.25
8781,4360,1017,274,26621.84,9933.13
8782,4360,1022,103,19241.43,6004.87
8783,4360,1009,186,13330.62,8425.59
8784,4361,1005,229,3604.46,12361.56
8785,4361,1006,395,3262.7,17754.01
8786,4362,1020,33,5486.91,909.97
8787,4363,1015,359,27984.05,2272.96
8788,4364,1006,58,479.08,306.79
8789,4365,1031,140,35212.8,823.0
8790,4366,1002,239,2344.59,13608.44
8791,4366,1027,389,87330.5,11683.33
8792,4366,1038,136,27495.12,1905.1
8793,4367,1003,120,1878.0,626.07
8794,4368,1030,46,6630.9,2349.57
8795,4368,1038,396,80059.32,5244.43
8796,4369,1032,80,23932.0,83.4
8797,4370,1006,397,3279.22,917.28
8798,4370,1031,131,32949.12,519.79
8799,4370,1029,119,17692.92,375.94
8800,4371,1040,189,72827.37,1724.91
8801,4372,1011,340,25921.6,810.64
8802,4372,1036,68,28777.6,73.2
8803,4372,1021,66,9234.72,93.65
8804,4373,1007,120,912.0,2912.43
8805,4373,1006,309,2552.34,13373.11
8806,4373,1033,208,95476.16,13091.9
8807,4374,1005,241,3793.34,1770.29
8808,4374,1039,228,96072.36,1300.01
8809,4375,1012,327,21925.35,976.28
8810,4375,1009,138,9890.46,870.27
8811,4375,1004,156,1104.48,800.11
8812,4376,1032,130,38889.5,194.29
8813,4376,1002,152,1491.12,893.32
8814,4377,1022,42,7846.02,91.3
8815,4377,1017,139,13505.24,283.81
8816,4377,1027,234,52533.0,372.53
8817,4378,1009,187,13402.29,1519.45
8818,4378,1031,238,59861.76,1851.24
8819,4379,1015,286,22293.7,8959.9
8820,4380,1039,216,91015.92,11663.65
8821,4380,1032,237,70898.55,4912.46
8822,4381,1012,66,4425.3,159.83
8823,4381,1016,315,11097.45,32.05
8824,4381,1020,137,22778.99,276.88
8825,4382,1037,191,66976.06,3969.72
8826,4383,1036,60,25392.0,94.15
8827,4383,1029,163,24234.84,1419.98
8828,4383,1016,121,4262.83,33.17
8829,4384,1023,354,60919.86,100.15
8830,4384,1034,56,26071.92,55.87
8831,4384,1032,262,78377.3,284.8
8832,4385,1032,254,75984.1,719.0
8833,4385,1020,171,28432.17,791.89
8834,4386,1037,123,43131.18,240.36
8835,4386,1009,457,32753.19,2757.6
8836,4387,1027,81,18184.5,408.22
8837,4387,1018,15,1894.95,122.22
8838,4388,1031,108,27164.16,766.97
8839,4389,1026,79,23140.68,21.67
8840,4389,1018,31,3916.23,76.3
8841,4390,1021,391,54708.72,249.64
8842,4390,1034,108,50281.56,114.84
8843,4391,1019,145,35049.4,978.81
8844,4391,1012,308,20651.4,1080.52
8845,4392,1013,179,8579.47,187.44
8846,4392,1004,122,863.76,428.57
8847,4392,1004,123,870.84,478.28
8848,4393,1034,75,34917.75,146.1
8849,4394,1023,256,44055.04,1191.78
8850,4394,1028,337,61286.82,20279.81
8851,4395,1033,256,117509.12,3211.33
8852,4396,1004,239,1692.12,2000.99
8853,4397,1018,49,6190.17,208.19
8854,4397,1006,392,3237.92,1457.76
8855,4398,1018,290,36635.7,853.84
8856,4398,1006,12,99.12,35.53
8857,4398,1030,48,6919.2,147.29
8858,4399,1014,78,4645.68,114.15
8859,4400,1027,201,45124.5,489.78
8860,4400,1006,142,1172.92,552.17
8861,4401,1019,40,9668.8,203.07
8862,4401,1001,148,2141.56,333.15
8863,4401,1014,121,7206.76,179.1
8864,4402,1011,92,7014.08,2993.63
8865,4403,1040,30,11559.9,15.01
8866,4403,1002,105,1030.05,339.09
8867,4403,1003,29,453.85,59.32
8868,4404,1031,180,45273.6,710.11
8869,4405,1016,163,5742.49,301.35
8870,4405,1016,185,6517.55,258.61
8871,4405,1002,201,1971.81,11510.59
8872,4406,1039,428,180346.36,1095.57
8873,4407,1016,12,422.76,16.97
8874,4407,1016,81,2853.63,124.87
8875,4407,1017,223,21666.68,7280.82
8876,4408,1033,106,48656.12,553.07
8877,4408,1006,345,2849.7,1742.45
8878,4409,1033,148,67934.96,843.41
8879,4409,1030,31,4468.65,162.95
8880,4410,1033,276,126689.52,18726.35
8881,4410,1019,180,43509.6,10573.2
8882,4410,1001,298,4312.06,6700.14
8883,4411,1027,281,63084.5,727.87
8884,4412,1005,448,7051.52,23446.7
8885,4412,1025,190,51075.8,5223.48
8886,4412,1001,155,2242.85,4787.7
8887,4413,1016,244,8596.12,43.94
8888,4413,1014,58,3454.48,87.66
8889,4413,1002,322,3158.82,1370.16
8890,4414,1027,391,87779.5,14980.06
8891,4414,1007,395,3002.0,9582.64
8892,4415,1010,159,8430.18,8.47
8893,4415,1019,34,8218.48,225.08
8894,4415,1031,158,39740.16,773.89
8895,4416,1007,201,1527.6,375.44
8896,4417,1001,34,491.98,1156.15
8897,4417,1011,7,533.68,246.57
8898,4417,1019,207,50036.04,11017.56
8899,4418,1006,213,1759.38,442.26
8900,4418,1015,363,28295.85,666.05
8901,4419,1010,376,19935.52,220.83
8902,4419,1011,281,21423.44,9008.52
8903,4420,1026,356,104279.52,185.72
8904,4421,1006,188,1552.88,10004.84
8905,4421,1030,299,43100.85,18701.0
8906,4422,1035,67,16159.73,3136.53
8907,4422,1031,142,35715.84,8679.01
8908,4423,1006,179,1478.54,9625.16
8909,4423,1029,218,32412.24,7912.9
8910,4423,1033,95,43606.9,5165.02
8911,4424,1019,243,58737.96,809.32
8912,4425,1034,555,258391.35,1379.07
8913,4426,1006,250,2065.0,9451.68
8914,4427,1001,229,3313.63,6126.55
8915,4427,1001,276,3993.72,6780.14
8916,4428,1026,554,162277.68,291.13
8917,4428,1040,319,122920.27,302.42
8918,4428,1003,362,5665.3,1572.43
8919,4429,1039,92,38766.04,238.64
8920,4429,1008,347,4628.98,459.39
8921,4429,1004,194,1373.52,522.05
8922,4430,1034,120,55868.4,2295.43
8923,4431,1036,291,123151.2,3327.66
8924,4431,1009,164,11753.88,6814.96
8925,4432,1031,120,30182.4,318.87
8926,4432,1009,31,2221.77,100.83
8927,4433,1037,88,30858.08,1496.22
8928,4434,1017,242,23512.72,1433.56
8929,4434,1038,391,79048.47,900.76
8930,4435,1024,180,21862.8,91.06
8931,4435,1035,185,44620.15,567.49
8932,4436,1028,280,50920.8,2642.22
8933,4436,1036,103,43589.6,144.89
8934,4436,1009,275,19709.25,1820.33
8935,4437,1021,25,3498.0,339.77
8936,4437,1040,212,81689.96,2023.83
8937,4437,1017,97,9424.52,3373.54
8938,4438,1027,335,75207.5,948.29
8939,4438,1024,272,33037.12,206.68
8940,4438,1009,280,20067.6,1392.21
8941,4439,1031,121,30433.92,806.04
8942,4440,1034,251,116858.07,713.38
8943,4440,1018,332,41941.56,1920.91
8944,4441,1027,298,66901.0,663.53
8945,4441,1032,232,69402.8,287.22
8946,4441,1026,347,101643.24,92.88
8947,4442,1003,348,5446.2,992.58
8948,4442,1038,210,42455.7,205.6
8949,4442,1035,378,91169.82,1074.86
8950,4443,1016,268,9441.64,78.84
8951,4443,1023,379,65222.11,295.35
8952,4444,1031,449,112932.48,3613.76
8953,4444,1014,190,11316.4,551.83
8954,4444,1020,244,40569.88,1382.45
8955,4445,1012,235,15756.75,10686.51
8956,4445,1024,136,16518.56,860.37
8957,4446,1005,173,2723.02,747.29
8958,4447,1002,294,2884.14,11660.86
8959,4447,1015,214,16681.3,6352.13
8960,4447,1020,77,12802.79,2375.14
8961,4448,1016,225,7926.75,24.59
8962,4448,1005,111,1747.14,315.5
8963,4449,1035,213,51373.47,1406.49
8964,4449,1021,85,11893.2,143.92
8965,4449,1027,123,27613.5,750.36
8966,4450,1021,107,14971.44,115.89
8967,4450,1016,361,12718.03,71.5
8968,4451,1019,119,28764.68,1156.33
8969,4452,1038,357,72174.69,835.71
8970,4452,1020,292,48550.84,1303.93
8971,4452,1021,456,63803.52,1196.71
8972,4453,1039,107,45086.59,921.39
8973,4454,1021,312,43655.04,639.93
8974,4454,1014,274,16319.44,835.92
8975,4454,1012,369,24741.45,1768.34
8976,4455,1019,133,32148.76,827.65
8977,4455,1022,214,39977.34,1070.47
8978,4456,1002,36,353.16,1797.56
8979,4457,1003,89,1392.85,205.27
8980,4458,1037,192,67326.72,3159.92
8981,4459,1004,232,1642.56,608.87
8982,4459,1035,235,56679.65,606.29
8983,4460,1034,211,98235.27,638.36
8984,4460,1031,120,30182.4,867.19
8985,4461,1018,106,13390.98,655.2
8986,4462,1032,193,57735.95,234.17
8987,4462,1017,100,9716.0,168.11
8988,4463,1025,140,37634.8,2725.28
8989,4463,1039,288,121354.56,16049.86
8990,4463,1019,425,102731.0,30674.86
8991,4464,1035,509,122765.71,30408.98
8992,4465,1014,144,8576.64,160.61
8993,4465,1029,317,47131.56,744.07
8994,4466,1011,180,13723.2,667.29
8995,4466,1009,253,18132.51,1906.59
8996,4467,1030,162,23352.3,1197.16
8997,4467,1039,184,77532.08,916.2
8998,4467,1026,236,69129.12,127.75
8999,4468,1038,407,82283.19,427.87
9000,4468,1007,431,3275.6,632.74
9001,4468,1036,364,154044.8,224.28
9002,4469,1029,231,34345.08,611.07
9003,4469,1020,269,44726.63,575.6
9004,4470,1014,52,3097.12,78.94
9005,4470,1029,43,6393.24,184.87
9006,4470,1005,83,1306.42,451.58
9007,4471,1040,342,131782.86,367.4
9008,4471,1011,29,2210.96,149.04
9009,4471,1015,32,2494.4,212.9
9010,4472,1033,314,144132.28,3975.48
9011,4473,1005,347,5461.78,1334.78
9012,4473,1040,237,91323.21,98.61
9013,4473,1017,91,8841.56,173.0
9014,4474,1017,390,37892.4,824.5
9015,4474,1014,155,9231.8,120.97
9016,4475,1021,7,979.44,6.6
9017,4476,1018,168,21223.44,458.43
9018,4477,1017,308,29925.28,1658.24
9019,4478,1029,104,15462.72,451.69
9020,4479,1001,101,1461.47,289.76
9021,4480,1012,242,16226.1,10941.57
9022,4481,1009,67,4801.89,232.14
9023,4482,1029,204,30330.72,10640.09
9024,4482,1017,366,35560.56,9910.12
9025,4482,1040,224,86313.92,2333.09
9026,4483,1015,266,20734.7,942.69
9027,4483,1025,51,13709.82,137.04
9028,4483,1012,312,20919.6,973.65
9029,4484,1025,365,98119.3,9256.39
9030,4485,1005,363,5713.62,2203.09
9031,4485,1003,145,2269.25,522.45
9032,4485,1017,110,10687.6,304.98
9033,4486,1030,324,46704.6,3385.41
9034,4486,1038,88,17790.96,232.93
9035,4486,1006,65,536.9,567.95
9036,4487,1037,288,100990.08,1129.99
9037,4488,1019,127,30698.44,524.2
9038,4489,1014,218,12984.08,248.0
9039,4489,1019,396,95721.12,1283.74
9040,4489,1032,283,84659.45,251.73
9041,4490,1008,68,907.12,2380.86
9042,4491,1012,324,21724.2,12840.66
9043,4492,1028,37,6728.82,206.56
9044,4492,1028,166,30188.76,766.49
9045,4492,1034,235,109408.95,514.89
9046,4493,1028,317,57649.62,981.81
9047,4493,1010,150,7953.0,5.11
9048,4494,1018,206,26023.98,9973.94
9049,4494,1035,291,70186.29,17410.39
9050,4495,1011,151,11512.24,365.13
9051,4495,1016,124,4368.52,23.7
9052,4496,1029,173,25721.64,6338.13
9053,4497,1035,138,33284.22,561.46
9054,4497,1038,263,53170.71,386.94
9055,4498,1031,348,87528.96,1260.3
9056,4498,1035,132,31837.08,329.01
9057,4498,1013,248,11886.64,247.34
9058,4499,1037,162,56806.92,151.73
9059,4500,1002,66,647.46,216.83
