shipment_id,ship_date,warehouse_id,customer_id,carrier_id,delivery_date,on_time_flag,damaged_flag
1,2024-02-28,3,22,4,2024-03-06,1,0
2,2024-06-14,4,9,4,2024-06-17,1,0
3,2025-01-25,1,28,1,2025-01-28,1,0
4,2024-07-02,1,11,4,2024-07-03,1,0
5,2024-01-17,4,21,3,2024-01-26,1,0
6,2024-12-09,2,15,2,2024-12-13,1,0
7,2024-08-22,3,30,4,2024-08-24,1,0
8,2024-12-27,3,12,1,2024-12-30,1,0
9,2025-01-23,1,22,2,2025-02-01,1,0
10,2025-05-05,3,25,3,2025-05-07,1,0
11,2025-05-05,3,22,2,2025-05-08,1,0
12,2025-11-01,4,3,3,2025-11-08,0,0
13,2024-10-08,2,10,2,2024-10-12,1,0
14,2024-10-30,2,24,3,2024-11-03,1,0
15,2025-08-25,4,25,2,2025-08-30,1,0
16,2025-02-11,1,29,3,2025-02-15,1,0
17,2025-07-30,2,27,4,2025-07-31,0,0
18,2024-01-06,1,22,4,2024-01-13,0,0
19,2024-05-26,2,17,3,2024-06-03,0,0
20,2024-01-16,4,15,1,2024-01-23,0,0
21,2024-08-28,3,7,4,2024-08-31,1,0
22,2024-07-27,4,1,3,2024-07-30,1,0
23,2024-11-20,1,13,2,2024-11-23,1,0
24,2025-05-19,3,16,4,2025-05-24,1,0
25,2025-08-27,3,21,2,2025-08-31,1,0
26,2024-12-06,3,23,4,2024-12-08,1,0
27,2025-05-01,2,2,4,2025-05-04,1,0
28,2024-02-05,1,7,2,2024-02-13,0,0
29,2025-06-03,4,18,2,2025-06-07,1,1
30,2024-07-14,2,21,2,2024-07-17,1,0
31,2024-12-08,3,9,3,2024-12-14,1,0
32,2025-02-23,1,29,2,2025-02-25,0,0
33,2024-06-09,3,13,1,2024-06-11,1,0
34,2025-12-17,2,12,1,2025-12-18,1,0
35,2025-04-16,2,2,1,2025-04-24,1,0
36,2024-01-06,2,28,2,2024-01-13,1,0
37,2024-11-29,1,17,1,2024-12-07,1,0
38,2025-02-01,3,27,3,2025-02-07,1,0
39,2025-09-17,3,17,2,2025-09-25,0,0
40,2024-03-17,1,20,2,2024-03-18,1,0
41,2025-07-06,4,27,3,2025-07-13,1,0
42,2024-11-25,1,16,2,2024-11-26,1,0
43,2025-11-13,2,27,4,2025-11-18,1,0
44,2024-05-05,2,22,4,2024-05-07,1,0
45,2024-11-26,2,17,2,2024-11-29,1,0
46,2024-09-06,4,12,3,2024-09-09,1,0
47,2024-06-16,4,12,4,2024-06-21,1,0
48,2024-08-24,3,21,4,2024-08-30,1,0
49,2025-09-18,1,23,4,2025-09-25,1,0
50,2025-10-31,4,24,3,2025-11-04,1,0
51,2025-06-15,1,27,2,2025-06-16,1,0
52,2025-07-28,3,21,3,2025-08-06,1,0
53,2025-04-08,2,11,3,2025-04-14,1,0
54,2024-06-13,4,13,4,2024-06-17,1,0
55,2024-12-27,4,4,4,2025-01-04,1,0
56,2024-02-06,3,23,2,2024-02-12,1,0
57,2024-04-18,4,23,1,2024-04-27,0,0
58,2025-12-16,2,30,3,2025-12-18,1,0
59,2024-01-26,3,5,3,2024-01-29,1,0
60,2024-05-12,3,17,4,2024-05-18,1,0
61,2025-04-13,3,10,1,2025-04-15,1,0
62,2024-11-25,2,23,3,2024-12-02,1,0
63,2025-01-05,1,2,4,2025-01-11,0,0
64,2025-07-10,2,14,1,2025-07-15,1,0
65,2024-12-20,4,4,1,2024-12-23,1,0
66,2025-02-06,4,13,4,2025-02-10,1,0
67,2025-03-13,1,29,1,2025-03-14,1,0
68,2024-09-27,3,13,1,2024-10-03,1,0
69,2025-08-07,3,4,4,2025-08-11,0,0
70,2025-04-02,2,5,4,2025-04-09,1,0
71,2024-10-10,3,3,4,2024-10-19,1,0
72,2025-08-20,1,12,4,2025-08-28,1,0
73,2025-09-08,1,11,2,2025-09-11,1,0
74,2025-04-06,3,24,4,2025-04-15,1,0
75,2024-01-24,4,10,4,2024-01-27,1,0
76,2024-10-21,1,26,3,2024-10-27,1,0
77,2024-01-19,1,15,4,2024-01-21,1,0
78,2024-07-31,1,21,4,2024-08-05,1,0
79,2024-06-04,2,17,4,2024-06-06,1,0
80,2025-05-02,3,22,2,2025-05-04,1,0
81,2024-09-17,1,13,1,2024-09-23,1,0
82,2024-05-24,2,27,3,2024-05-26,1,0
83,2025-10-27,4,1,2,2025-11-03,1,0
84,2025-11-20,2,18,4,2025-11-27,1,0
85,2025-01-24,2,17,4,2025-01-26,1,0
86,2024-02-13,3,19,2,2024-02-14,1,0
87,2025-05-16,2,30,1,2025-05-24,1,0
88,2025-09-03,1,29,3,2025-09-11,1,0
89,2024-02-21,2,1,1,2024-02-22,1,0
90,2024-11-20,1,7,1,2024-11-22,1,0
91,2025-06-29,4,11,2,2025-07-02,1,0
92,2025-06-06,1,10,1,2025-06-09,1,0
93,2024-08-13,2,3,3,2024-08-19,1,0
94,2025-03-11,4,28,4,2025-03-16,1,0
95,2025-04-24,1,25,2,2025-04-27,1,0
96,2025-09-21,1,21,4,2025-09-29,0,0
97,2024-11-29,3,9,2,2024-12-02,1,0
98,2025-01-21,3,26,3,2025-01-22,1,0
99,2024-06-06,1,4,3,2024-06-10,1,0
100,2024-05-24,2,5,3,2024-05-31,1,0
101,2024-07-14,2,2,1,2024-07-15,1,0
102,2024-03-30,4,8,1,2024-03-31,1,0
103,2024-06-08,1,13,1,2024-06-14,1,0
104,2024-11-01,2,23,1,2024-11-06,1,0
105,2025-12-02,1,19,1,2025-12-06,1,0
106,2024-11-13,3,25,4,2024-11-15,1,0
107,2025-09-12,3,17,1,2025-09-18,1,0
108,2025-04-05,4,9,1,2025-04-09,1,0
109,2024-09-23,2,11,1,2024-09-24,1,0
110,2024-11-11,1,15,3,2024-11-17,1,0
111,2024-01-30,4,24,4,2024-02-08,1,0
112,2025-11-02,4,5,3,2025-11-03,1,0
113,2025-06-06,3,6,1,2025-06-08,1,0
114,2024-12-20,4,4,2,2024-12-28,1,0
115,2025-07-15,3,19,3,2025-07-17,0,0
116,2025-06-30,4,17,2,2025-07-09,0,0
117,2025-02-14,4,17,4,2025-02-22,1,0
118,2024-12-23,3,25,1,2024-12-30,1,0
119,2024-08-09,2,11,3,2024-08-16,1,0
120,2025-03-26,1,25,4,2025-03-28,0,0
121,2024-08-13,4,3,2,2024-08-14,1,0
122,2025-04-13,3,24,3,2025-04-17,1,1
123,2025-01-03,2,30,4,2025-01-06,1,0
124,2025-12-13,1,10,1,2025-12-18,1,0
125,2024-08-14,1,13,1,2024-08-15,1,0
126,2024-08-26,4,28,4,2024-08-31,1,0
127,2025-05-05,3,23,3,2025-05-10,1,0
128,2025-09-01,1,6,4,2025-09-10,1,0
129,2025-01-30,4,17,3,2025-02-01,1,1
130,2024-08-14,2,26,4,2024-08-19,1,0
131,2024-04-09,2,29,2,2024-04-14,1,0
132,2024-04-17,1,3,2,2024-04-25,1,1
133,2024-06-04,2,15,1,2024-06-09,1,0
134,2025-09-28,3,22,2,2025-10-04,1,0
135,2025-05-16,1,23,4,2025-05-23,1,0
136,2025-07-15,3,3,3,2025-07-22,1,0
137,2025-05-22,2,8,3,2025-05-31,1,0
138,2025-11-27,2,16,3,2025-12-02,1,0
139,2025-04-06,4,10,1,2025-04-13,0,0
140,2024-12-04,3,9,4,2024-12-08,1,0
141,2025-11-16,3,14,4,2025-11-19,1,0
142,2024-07-12,1,12,2,2024-07-17,1,0
143,2025-11-14,1,3,4,2025-11-23,1,0
144,2024-02-24,2,6,4,2024-03-04,1,0
145,2024-10-19,4,13,2,2024-10-20,0,0
146,2024-05-10,4,19,4,2024-05-13,1,0
147,2025-08-26,1,3,1,2025-08-31,1,0
148,2025-09-17,4,25,3,2025-09-19,1,0
149,2025-06-07,3,21,3,2025-06-08,1,0
150,2025-11-25,2,15,3,2025-11-28,1,0
151,2025-11-21,1,5,1,2025-11-29,1,0
152,2024-11-22,4,8,3,2024-12-01,1,0
153,2024-07-21,4,26,1,2024-07-26,1,0
154,2024-02-18,4,25,2,2024-02-24,1,0
155,2024-11-30,2,10,3,2024-12-01,0,0
156,2025-10-03,1,16,2,2025-10-11,1,0
157,2024-07-11,2,28,2,2024-07-16,1,0
158,2024-06-01,1,4,1,2024-06-03,1,0
159,2025-04-01,2,30,4,2025-04-06,1,0
160,2024-08-28,1,24,4,2024-09-04,1,1
161,2024-09-06,3,9,3,2024-09-10,1,0
162,2024-06-07,4,12,4,2024-06-16,1,0
163,2025-03-11,2,19,3,2025-03-16,1,0
164,2025-04-04,1,25,1,2025-04-06,1,0
165,2025-01-31,3,18,3,2025-02-05,1,0
166,2024-03-21,2,5,4,2024-03-27,1,0
167,2024-03-21,1,18,3,2024-03-23,1,0
168,2025-06-14,1,4,1,2025-06-15,0,0
169,2025-12-01,4,29,3,2025-12-09,0,0
170,2025-07-16,3,5,3,2025-07-19,1,0
171,2025-03-24,3,24,3,2025-03-28,1,0
172,2024-02-02,4,22,3,2024-02-09,1,0
173,2024-12-15,4,14,3,2024-12-23,1,0
174,2024-09-20,2,2,2,2024-09-25,1,0
175,2025-10-19,1,19,4,2025-10-24,1,0
176,2024-10-15,1,1,1,2024-10-23,1,0
177,2025-03-31,1,16,1,2025-04-08,1,0
178,2025-01-11,2,15,3,2025-01-18,1,0
179,2024-02-06,3,18,1,2024-02-12,1,0
180,2024-01-22,3,20,1,2024-01-24,1,0
181,2025-06-22,2,25,4,2025-06-23,1,0
182,2024-01-24,2,29,1,2024-02-01,1,0
183,2025-02-20,2,25,4,2025-02-28,1,0
184,2025-02-09,2,12,1,2025-02-11,1,0
185,2025-08-28,4,24,2,2025-08-29,1,0
186,2025-02-15,1,5,2,2025-02-17,1,0
187,2024-12-02,4,4,1,2024-12-05,1,0
188,2024-10-01,4,5,1,2024-10-05,1,0
189,2024-11-02,4,7,4,2024-11-09,1,0
190,2024-09-09,4,15,1,2024-09-17,1,0
191,2025-04-28,2,23,1,2025-05-03,1,0
192,2024-08-03,1,9,4,2024-08-06,1,0
193,2024-07-18,1,10,1,2024-07-21,1,0
194,2025-10-07,4,13,2,2025-10-08,1,0
195,2025-10-07,3,2,1,2025-10-16,0,0
196,2024-02-15,3,17,4,2024-02-18,1,0
197,2025-01-08,1,13,2,2025-01-16,1,0
198,2025-08-21,4,2,4,2025-08-28,1,0
199,2024-03-27,1,2,1,2024-04-03,1,0
200,2024-04-02,4,26,1,2024-04-05,1,0
201,2024-12-05,4,29,2,2024-12-07,1,0
202,2025-09-28,3,14,4,2025-10-06,1,0
203,2025-08-04,1,10,1,2025-08-13,1,0
204,2024-02-03,3,29,3,2024-02-12,1,0
205,2024-02-24,1,7,1,2024-02-27,1,0
206,2024-03-10,4,14,3,2024-03-17,1,0
207,2025-05-28,1,20,1,2025-06-03,1,0
208,2024-03-17,4,6,3,2024-03-19,1,0
209,2025-04-08,1,19,2,2025-04-09,0,0
210,2024-06-23,1,23,2,2024-06-29,1,0
211,2024-11-10,1,27,2,2024-11-19,1,0
212,2025-04-08,3,6,4,2025-04-17,1,0
213,2025-08-28,2,16,2,2025-09-06,1,0
214,2024-06-16,3,30,1,2024-06-19,1,0
215,2025-08-18,3,29,2,2025-08-22,1,0
216,2024-03-15,2,8,2,2024-03-20,1,0
217,2025-12-19,1,6,2,2025-12-24,1,0
218,2025-08-09,2,6,4,2025-08-15,0,0
219,2025-02-25,3,23,4,2025-03-04,0,0
220,2024-02-18,2,3,4,2024-02-22,1,0
221,2024-01-30,2,2,2,2024-02-03,1,0
222,2025-11-13,4,27,3,2025-11-21,1,0
223,2025-10-05,3,5,3,2025-10-13,1,0
224,2024-03-23,3,29,4,2024-04-01,1,0
225,2024-11-25,4,26,1,2024-11-26,1,1
226,2025-07-20,4,7,4,2025-07-27,1,0
227,2025-03-03,3,19,4,2025-03-10,1,0
228,2025-05-29,4,22,2,2025-06-01,1,0
229,2025-09-04,1,21,1,2025-09-11,1,0
230,2024-11-09,1,26,4,2024-11-10,1,1
231,2024-06-22,2,28,2,2024-06-27,0,0
232,2024-10-27,3,1,1,2024-11-04,1,0
233,2024-10-31,4,8,2,2024-11-06,1,0
234,2024-01-30,2,23,2,2024-02-04,1,0
235,2024-06-12,1,24,1,2024-06-19,1,0
236,2025-08-01,2,27,3,2025-08-09,1,1
237,2025-05-26,3,16,3,2025-06-03,1,0
238,2024-10-12,1,11,4,2024-10-19,1,0
239,2025-10-18,4,10,2,2025-10-27,1,0
240,2024-06-07,2,6,3,2024-06-12,1,0
241,2024-06-09,2,9,3,2024-06-12,1,0
242,2024-07-07,4,10,2,2024-07-12,1,0
243,2025-09-16,3,14,2,2025-09-24,1,0
244,2025-10-13,2,27,1,2025-10-20,0,0
245,2024-12-27,3,27,1,2025-01-02,0,0
246,2025-12-04,1,1,4,2025-12-11,1,0
247,2025-08-06,1,15,4,2025-08-10,1,0
248,2025-04-08,4,23,4,2025-04-15,1,0
249,2025-01-17,2,22,2,2025-01-22,0,0
250,2024-08-23,4,7,1,2024-08-29,1,0
251,2024-12-04,4,2,2,2024-12-11,1,0
252,2024-03-28,2,26,3,2024-03-30,1,0
253,2025-05-11,4,12,4,2025-05-18,1,0
254,2025-09-03,4,16,1,2025-09-08,1,0
255,2024-08-01,3,22,3,2024-08-10,1,0
256,2024-09-02,1,27,4,2024-09-04,1,0
257,2024-04-06,3,20,1,2024-04-14,1,0
258,2025-03-02,4,9,3,2025-03-07,1,0
259,2025-09-28,2,3,1,2025-10-04,1,0
260,2024-12-13,1,16,1,2024-12-18,1,0
261,2024-02-09,1,20,2,2024-02-10,1,0
262,2024-09-05,1,15,4,2024-09-09,1,0
263,2025-09-22,2,1,3,2025-09-27,0,0
264,2024-10-19,3,21,2,2024-10-20,1,1
265,2024-04-15,4,27,3,2024-04-21,1,0
266,2024-12-19,1,14,3,2024-12-20,1,0
267,2024-08-05,2,25,2,2024-08-10,1,0
268,2025-08-23,3,26,2,2025-09-01,1,0
269,2025-02-14,4,23,1,2025-02-16,1,1
270,2024-02-22,1,1,2,2024-02-29,0,0
271,2024-04-06,2,1,3,2024-04-12,1,0
272,2024-06-11,1,19,1,2024-06-20,1,0
273,2024-06-15,1,13,1,2024-06-23,1,0
274,2025-12-12,3,5,2,2025-12-19,0,0
275,2024-05-19,1,2,3,2024-05-25,1,0
276,2024-07-28,4,27,1,2024-07-29,1,0
277,2025-06-03,2,17,1,2025-06-07,1,0
278,2025-06-07,3,6,1,2025-06-09,1,0
279,2024-09-01,3,21,4,2024-09-04,1,0
280,2024-01-17,3,12,3,2024-01-24,1,0
281,2025-05-01,1,8,2,2025-05-09,1,0
282,2025-07-11,3,21,4,2025-07-12,1,0
283,2024-03-22,2,22,2,2024-03-26,1,0
284,2025-01-30,4,10,4,2025-02-07,0,0
285,2024-05-26,3,7,1,2024-05-31,1,0
286,2025-03-30,1,13,4,2025-03-31,1,0
287,2025-08-14,3,19,4,2025-08-18,1,0
288,2024-05-04,2,23,2,2024-05-13,1,0
289,2024-02-21,2,21,4,2024-02-22,1,0
290,2025-02-04,3,8,3,2025-02-10,1,0
291,2024-06-08,3,21,4,2024-06-09,1,0
292,2024-04-17,1,30,4,2024-04-21,1,0
293,2024-02-25,4,22,2,2024-02-28,1,0
294,2025-10-10,4,4,4,2025-10-13,1,0
295,2025-11-15,1,12,1,2025-11-18,1,0
296,2025-02-09,3,8,1,2025-02-13,1,0
297,2025-01-19,2,14,1,2025-01-28,1,0
298,2025-04-10,1,7,2,2025-04-14,1,0
299,2024-08-08,3,23,1,2024-08-09,1,0
300,2024-04-28,4,14,2,2024-05-02,1,0
301,2025-11-22,4,10,4,2025-11-26,1,0
302,2025-11-21,2,9,4,2025-11-26,1,0
303,2025-08-12,3,4,3,2025-08-18,1,0
304,2025-11-25,2,5,1,2025-12-04,1,0
305,2025-07-26,2,12,1,2025-07-31,1,0
306,2025-08-23,2,30,4,2025-08-26,1,0
307,2024-01-28,2,14,1,2024-02-03,1,0
308,2024-09-18,2,5,2,2024-09-21,1,0
309,2024-06-09,3,4,1,2024-06-17,1,0
310,2024-04-03,2,17,2,2024-04-10,1,0
311,2024-08-30,2,1,1,2024-09-02,1,0
312,2025-07-10,3,21,1,2025-07-18,0,0
313,2024-12-27,1,17,4,2025-01-04,1,0
314,2024-09-06,2,12,4,2024-09-14,1,0
315,2024-02-16,3,16,1,2024-02-20,1,0
316,2024-04-06,3,18,4,2024-04-07,1,0
317,2024-11-28,1,11,1,2024-12-02,0,0
318,2025-12-27,3,7,4,2025-12-31,1,1
319,2025-06-20,3,20,2,2025-06-28,1,0
320,2024-04-28,4,6,2,2024-05-05,1,0
321,2025-05-16,3,10,1,2025-05-18,1,0
322,2025-04-01,1,9,1,2025-04-04,1,0
323,2025-06-16,2,28,1,2025-06-21,1,0
324,2024-01-26,1,21,2,2024-01-28,1,0
325,2025-12-22,2,14,2,2025-12-25,1,0
326,2025-03-05,2,7,1,2025-03-10,0,0
327,2025-10-03,3,20,3,2025-10-04,1,0
328,2025-08-17,2,29,2,2025-08-18,1,0
329,2024-04-15,3,20,4,2024-04-24,1,0
330,2024-07-17,3,19,3,2024-07-19,0,0
331,2024-11-25,3,6,3,2024-11-26,1,0
332,2024-05-04,1,2,4,2024-05-11,1,0
333,2025-01-04,1,14,1,2025-01-08,1,0
334,2024-02-21,2,27,1,2024-02-27,1,0
335,2024-10-15,1,17,2,2024-10-20,1,0
336,2025-11-17,2,24,2,2025-11-25,1,0
337,2024-06-23,4,23,1,2024-07-02,1,0
338,2025-04-06,2,18,1,2025-04-07,0,0
339,2024-10-04,1,19,2,2024-10-11,1,0
340,2024-10-28,3,11,1,2024-10-29,1,0
341,2024-01-28,1,26,2,2024-02-05,1,0
342,2024-05-20,3,2,1,2024-05-27,1,0
343,2024-06-12,4,8,4,2024-06-21,1,1
344,2025-09-03,1,21,3,2025-09-06,1,0
345,2025-10-10,3,9,4,2025-10-17,1,0
346,2024-01-14,3,8,2,2024-01-21,1,0
347,2025-07-16,1,17,1,2025-07-20,1,0
348,2025-06-20,2,10,1,2025-06-28,1,1
349,2024-03-28,1,10,2,2024-04-05,1,0
350,2025-11-13,4,5,1,2025-11-17,1,0
351,2024-04-30,1,8,3,2024-05-06,1,0
352,2024-09-12,2,20,2,2024-09-18,1,0
353,2024-01-04,2,16,4,2024-01-13,1,0
354,2025-11-26,3,26,3,2025-12-01,0,0
355,2025-12-17,3,19,4,2025-12-22,1,0
356,2025-08-26,3,17,1,2025-09-03,1,0
357,2025-06-25,4,18,4,2025-07-03,1,0
358,2024-03-17,1,17,4,2024-03-25,1,0
359,2024-09-15,2,2,1,2024-09-21,1,0
360,2025-03-12,1,13,1,2025-03-20,1,0
361,2024-05-10,2,24,2,2024-05-15,0,0
362,2025-01-21,4,1,4,2025-01-28,1,0
363,2025-02-06,4,13,3,2025-02-11,1,0
364,2025-09-23,2,2,3,2025-09-24,1,0
365,2024-01-31,1,28,3,2024-02-02,1,0
366,2025-11-24,3,5,3,2025-11-28,1,0
367,2024-04-17,3,23,3,2024-04-19,1,0
368,2024-03-21,1,26,1,2024-03-30,1,0
369,2025-07-16,2,11,3,2025-07-20,1,0
370,2024-03-11,4,12,3,2024-03-15,0,0
371,2025-05-20,3,18,3,2025-05-24,1,0
372,2025-10-12,1,1,1,2025-10-21,1,0
373,2025-05-13,1,6,3,2025-05-22,0,0
374,2025-02-15,1,14,3,2025-02-22,1,0
375,2024-06-03,3,13,4,2024-06-07,1,0
376,2025-10-01,3,9,1,2025-10-06,1,0
377,2025-07-03,1,2,3,2025-07-04,0,0
378,2025-01-15,3,13,2,2025-01-22,1,0
379,2024-06-01,1,10,4,2024-06-06,1,0
380,2025-11-21,1,28,2,2025-11-22,1,1
381,2024-09-21,2,26,3,2024-09-22,1,0
382,2025-04-25,2,17,2,2025-04-26,1,0
383,2025-04-07,4,27,2,2025-04-08,1,0
384,2024-08-13,1,24,4,2024-08-16,1,0
385,2025-02-05,3,6,3,2025-02-06,1,0
386,2025-10-07,3,17,3,2025-10-15,1,0
387,2025-11-15,3,10,1,2025-11-16,1,0
388,2024-11-14,1,20,3,2024-11-17,1,0
389,2025-02-17,1,9,2,2025-02-18,1,0
390,2024-11-13,2,16,3,2024-11-16,0,0
391,2024-04-12,1,18,2,2024-04-15,1,0
392,2024-12-25,1,26,3,2024-12-26,1,0
393,2024-01-07,4,4,4,2024-01-11,0,0
394,2024-03-13,1,7,2,2024-03-22,0,0
395,2024-03-05,4,16,3,2024-03-09,1,0
396,2024-09-16,2,15,1,2024-09-19,1,0
397,2024-12-06,2,28,4,2024-12-15,1,0
398,2025-05-01,1,2,3,2025-05-04,1,0
399,2024-08-08,1,12,1,2024-08-17,0,0
400,2024-03-20,1,24,2,2024-03-22,1,0
401,2025-12-17,1,7,1,2025-12-19,0,0
402,2024-12-23,2,30,3,2024-12-25,1,0
403,2024-01-26,4,12,3,2024-01-31,1,0
404,2025-07-12,3,8,1,2025-07-14,1,0
405,2025-08-29,3,21,1,2025-09-07,0,0
406,2024-03-17,3,27,4,2024-03-22,1,0
407,2025-12-16,3,30,2,2025-12-24,1,0
408,2024-01-24,3,1,4,2024-01-29,1,0
409,2025-01-04,4,5,4,2025-01-13,1,0
410,2025-06-18,4,21,1,2025-06-21,1,0
411,2025-12-03,1,2,1,2025-12-09,0,0
412,2025-08-07,2,6,2,2025-08-11,1,0
413,2024-04-06,2,7,2,2024-04-11,1,0
414,2025-01-23,4,9,3,2025-01-26,1,1
415,2024-12-09,4,12,4,2024-12-14,1,0
416,2024-05-07,4,5,3,2024-05-10,1,0
417,2024-08-12,2,21,2,2024-08-15,1,0
418,2025-08-31,2,26,1,2025-09-04,1,0
419,2024-06-28,3,17,3,2024-07-02,0,0
420,2025-09-29,2,20,3,2025-10-05,1,0
421,2024-08-13,3,27,2,2024-08-19,1,0
422,2024-08-19,2,1,3,2024-08-21,1,0
423,2024-03-16,4,9,1,2024-03-20,1,0
424,2025-10-10,3,12,3,2025-10-13,1,0
425,2024-02-22,2,4,4,2024-03-02,1,0
426,2025-07-08,1,26,3,2025-07-12,1,0
427,2025-06-21,2,16,1,2025-06-29,1,0
428,2025-05-02,2,3,3,2025-05-05,1,0
429,2025-08-30,2,14,3,2025-09-03,1,0
430,2025-10-10,1,26,1,2025-10-15,1,0
431,2024-12-18,4,22,2,2024-12-20,1,0
432,2024-12-23,2,18,3,2025-01-01,0,0
433,2024-02-17,1,20,4,2024-02-20,1,0
434,2025-06-07,3,27,3,2025-06-08,1,0
435,2024-08-06,4,1,3,2024-08-13,1,0
436,2025-08-03,4,9,4,2025-08-09,1,0
437,2025-08-14,4,18,3,2025-08-21,1,0
438,2025-02-25,4,3,3,2025-03-05,1,0
439,2025-10-27,1,7,3,2025-11-05,1,0
440,2024-03-01,2,28,1,2024-03-04,1,0
441,2025-07-06,3,18,2,2025-07-07,1,0
442,2024-01-06,1,1,2,2024-01-08,1,0
443,2025-04-20,4,13,1,2025-04-28,1,0
444,2025-12-19,4,5,1,2025-12-27,1,0
445,2024-05-04,1,13,1,2024-05-07,1,0
446,2024-05-01,1,12,3,2024-05-07,1,0
447,2025-05-18,4,25,2,2025-05-24,0,1
448,2025-04-14,1,28,4,2025-04-17,1,0
449,2025-09-12,4,9,3,2025-09-21,1,0
450,2024-01-17,4,7,4,2024-01-19,1,0
451,2025-11-04,2,4,1,2025-11-10,1,0
452,2024-09-27,1,21,1,2024-09-28,1,0
453,2024-07-22,4,28,2,2024-07-30,1,0
454,2025-04-22,1,19,3,2025-04-26,1,0
455,2025-10-18,2,7,4,2025-10-27,1,0
456,2024-07-29,4,14,4,2024-08-02,1,0
457,2025-06-14,3,12,1,2025-06-15,1,0
458,2024-12-01,3,28,2,2024-12-06,1,0
459,2025-04-08,1,15,4,2025-04-12,0,0
460,2025-12-22,3,9,3,2025-12-31,1,0
461,2025-10-21,4,5,4,2025-10-26,0,0
462,2024-09-26,1,2,3,2024-09-28,1,0
463,2024-07-01,2,9,2,2024-07-10,1,0
464,2024-08-21,2,11,4,2024-08-26,1,0
465,2025-06-13,4,23,3,2025-06-21,1,0
466,2025-07-24,2,3,4,2025-07-29,1,0
467,2024-07-31,2,24,1,2024-08-02,1,0
468,2025-10-23,3,4,4,2025-10-27,1,0
469,2025-07-31,3,18,1,2025-08-05,1,0
470,2024-12-09,4,14,4,2024-12-12,1,0
471,2024-12-07,2,2,2,2024-12-15,0,0
472,2025-09-11,3,3,2,2025-09-12,1,0
473,2025-03-13,1,30,4,2025-03-20,1,0
474,2024-12-15,2,27,4,2024-12-21,1,0
475,2025-04-23,2,4,4,2025-05-02,1,0
476,2024-02-02,4,10,3,2024-02-09,1,1
477,2024-10-13,1,22,2,2024-10-15,1,0
478,2025-11-12,3,16,3,2025-11-20,1,0
479,2025-02-20,4,30,1,2025-02-25,1,0
480,2025-11-13,1,6,2,2025-11-16,1,0
481,2024-02-09,4,7,1,2024-02-15,0,0
482,2025-07-26,1,30,2,2025-08-02,1,0
483,2025-10-25,3,11,3,2025-11-01,1,1
484,2025-01-18,1,27,4,2025-01-27,1,0
485,2025-05-23,1,22,2,2025-05-30,1,0
486,2024-04-17,4,4,2,2024-04-18,1,0
487,2024-02-04,2,1,1,2024-02-10,1,0
488,2024-06-07,3,1,3,2024-06-16,0,0
489,2024-10-07,1,10,3,2024-10-11,0,0
490,2024-04-11,3,27,1,2024-04-13,1,0
491,2024-02-11,1,20,4,2024-02-16,1,0
492,2025-04-06,1,3,3,2025-04-12,1,0
493,2025-09-26,2,15,1,2025-10-02,0,0
494,2024-02-03,2,6,1,2024-02-04,1,0
495,2024-09-25,3,17,2,2024-09-29,1,0
496,2024-10-27,3,9,1,2024-11-03,1,0
497,2024-11-12,4,27,1,2024-11-13,1,0
498,2024-01-27,3,6,2,2024-02-01,1,0
499,2025-05-10,1,12,1,2025-05-15,1,0
500,2025-08-06,1,21,3,2025-08-09,1,0
501,2024-06-11,1,3,2,2024-06-13,1,0
502,2025-03-10,4,21,2,2025-03-19,1,0
503,2024-10-11,2,4,2,2024-10-19,0,0
504,2025-10-02,3,9,4,2025-10-11,1,0
505,2024-09-01,1,22,4,2024-09-03,1,0
506,2025-04-10,4,6,2,2025-04-16,1,0
507,2024-05-11,2,25,2,2024-05-15,1,0
508,2024-12-16,3,7,4,2024-12-18,1,0
509,2024-10-08,2,17,3,2024-10-10,1,0
510,2025-08-16,1,5,1,2025-08-25,1,0
511,2024-11-14,1,20,4,2024-11-16,0,0
512,2025-09-06,4,9,2,2025-09-08,0,0
513,2024-08-10,2,16,4,2024-08-18,1,0
514,2024-04-10,3,9,1,2024-04-19,1,0
515,2025-04-11,4,2,4,2025-04-18,1,0
516,2025-08-17,3,30,4,2025-08-26,0,0
517,2025-08-10,4,14,4,2025-08-19,1,0
518,2025-08-28,4,4,4,2025-09-01,1,0
519,2024-01-16,4,3,1,2024-01-23,1,0
520,2024-10-22,2,14,4,2024-10-27,0,0
521,2025-03-22,4,13,3,2025-03-30,1,0
522,2025-12-04,2,1,2,2025-12-11,1,0
523,2025-04-26,2,10,3,2025-05-03,1,0
524,2025-08-25,4,19,3,2025-08-27,1,0
525,2024-02-09,3,3,1,2024-02-12,1,0
526,2024-09-18,1,4,4,2024-09-23,1,0
527,2025-08-02,3,15,2,2025-08-07,0,0
528,2024-05-01,2,3,1,2024-05-10,0,0
529,2024-07-02,2,3,3,2024-07-04,1,0
530,2024-05-18,3,23,4,2024-05-21,1,0
531,2024-07-28,4,6,2,2024-08-01,1,0
532,2025-09-18,3,27,1,2025-09-19,1,0
533,2024-12-22,4,7,4,2024-12-31,1,0
534,2025-04-09,1,24,2,2025-04-13,1,0
535,2025-01-27,3,3,3,2025-02-04,0,0
536,2024-02-25,4,4,1,2024-03-02,0,0
537,2025-03-05,2,6,1,2025-03-10,1,0
538,2025-08-17,2,24,4,2025-08-24,0,0
539,2024-01-24,2,11,3,2024-01-31,1,0
540,2024-01-20,2,3,4,2024-01-21,0,0
541,2025-12-10,3,2,2,2025-12-13,1,0
542,2025-11-24,1,24,1,2025-11-27,0,0
543,2024-08-24,4,5,2,2024-08-25,1,0
544,2024-04-03,4,16,1,2024-04-09,1,0
545,2024-10-01,2,21,4,2024-10-09,1,0
546,2024-04-21,4,1,1,2024-04-27,1,0
547,2024-07-28,3,4,1,2024-08-01,0,0
548,2025-03-29,4,10,1,2025-04-06,1,0
549,2025-08-26,4,12,1,2025-09-03,1,0
550,2024-01-26,1,1,4,2024-01-29,1,0
551,2024-06-01,3,6,2,2024-06-03,1,0
552,2024-10-16,4,8,1,2024-10-21,0,0
553,2024-05-19,1,6,2,2024-05-27,0,0
554,2025-06-27,1,5,4,2025-07-05,0,0
555,2024-05-03,4,30,1,2024-05-07,1,0
556,2024-11-18,4,17,2,2024-11-22,1,0
557,2024-11-26,1,1,3,2024-12-05,1,0
558,2024-12-21,2,13,1,2024-12-29,1,0
559,2025-02-03,3,16,1,2025-02-12,1,0
560,2024-05-15,4,1,3,2024-05-24,1,0
561,2025-02-12,1,16,3,2025-02-20,1,0
562,2024-10-17,2,9,1,2024-10-22,1,0
563,2025-02-01,3,22,1,2025-02-10,1,0
564,2025-04-24,2,12,2,2025-04-25,1,0
565,2024-09-04,4,24,2,2024-09-06,1,0
566,2025-08-01,2,10,2,2025-08-05,1,0
567,2024-05-25,4,5,4,2024-06-01,1,0
568,2024-10-03,3,21,4,2024-10-10,1,0
569,2025-10-31,1,8,2,2025-11-06,1,0
570,2024-01-18,3,7,1,2024-01-21,1,0
571,2024-02-12,2,23,1,2024-02-17,0,0
572,2025-04-20,4,30,4,2025-04-25,1,0
573,2024-07-24,3,18,1,2024-07-28,1,0
574,2024-09-10,4,23,2,2024-09-14,1,0
575,2025-09-08,3,5,2,2025-09-11,1,0
576,2024-12-15,1,17,2,2024-12-16,1,0
577,2024-01-30,1,29,4,2024-02-02,1,0
578,2024-08-30,1,17,2,2024-09-07,1,0
579,2025-01-29,1,2,4,2025-02-06,1,0
580,2025-04-25,1,19,3,2025-05-02,1,0
581,2025-01-03,3,12,1,2025-01-11,1,0
582,2025-11-13,4,30,3,2025-11-18,1,0
583,2025-11-16,4,27,4,2025-11-23,1,0
584,2024-04-01,1,2,3,2024-04-10,1,0
585,2024-11-05,3,29,3,2024-11-07,1,0
586,2024-01-07,4,22,1,2024-01-14,1,0
587,2024-08-06,4,15,3,2024-08-10,1,1
588,2024-05-24,1,8,4,2024-05-28,1,0
589,2025-08-09,1,28,3,2025-08-16,1,0
590,2025-07-16,4,29,4,2025-07-22,1,0
591,2025-05-19,2,13,3,2025-05-20,0,0
592,2024-05-26,4,13,2,2024-05-31,1,0
593,2025-04-25,1,20,4,2025-04-26,1,0
594,2024-07-17,3,22,3,2024-07-26,1,0
595,2025-03-22,1,12,4,2025-03-26,1,0
596,2025-05-31,2,15,2,2025-06-01,1,0
597,2024-04-04,2,19,1,2024-04-08,1,0
598,2024-09-05,1,9,3,2024-09-09,1,0
599,2024-08-26,4,17,3,2024-08-31,1,1
600,2024-04-11,2,25,1,2024-04-19,0,0
601,2024-09-08,2,8,2,2024-09-17,1,0
602,2025-10-31,2,10,4,2025-11-07,1,0
603,2025-09-16,1,7,3,2025-09-23,1,0
604,2025-05-03,3,23,2,2025-05-09,1,0
605,2025-06-17,3,29,2,2025-06-23,1,0
606,2025-02-12,1,17,3,2025-02-20,1,0
607,2024-09-30,1,4,2,2024-10-04,1,0
608,2025-03-19,4,11,3,2025-03-21,1,0
609,2024-07-21,3,19,3,2024-07-29,1,0
610,2025-11-19,1,16,3,2025-11-25,1,0
611,2025-12-23,2,25,1,2025-12-26,1,0
612,2024-03-01,4,11,3,2024-03-03,1,0
613,2025-08-27,2,22,3,2025-09-03,1,0
614,2024-11-03,4,16,3,2024-11-11,1,0
615,2025-04-21,2,26,2,2025-04-30,1,0
616,2024-03-09,2,1,4,2024-03-12,1,0
617,2024-03-23,4,10,2,2024-03-30,1,0
618,2025-05-20,4,28,2,2025-05-25,1,0
619,2025-10-18,2,5,3,2025-10-23,1,0
620,2024-12-08,3,20,4,2024-12-17,1,0
621,2024-12-06,2,3,1,2024-12-15,1,0
622,2025-12-18,1,20,4,2025-12-26,1,0
623,2024-09-27,4,26,2,2024-10-04,1,0
624,2024-02-24,4,3,2,2024-02-27,1,0
625,2025-05-26,2,28,3,2025-06-03,1,0
626,2024-05-14,3,6,2,2024-05-19,0,0
627,2025-11-12,2,5,2,2025-11-13,1,0
628,2024-08-30,2,28,3,2024-09-05,1,0
629,2025-05-06,1,25,2,2025-05-14,1,0
630,2025-11-29,1,8,4,2025-12-02,1,0
631,2025-09-02,1,24,4,2025-09-08,1,0
632,2025-05-29,2,24,2,2025-06-04,1,0
633,2025-05-12,4,15,1,2025-05-16,1,0
634,2025-09-21,4,26,3,2025-09-25,1,0
635,2024-05-10,4,8,1,2024-05-16,1,0
636,2025-06-18,1,15,4,2025-06-27,1,0
637,2025-10-13,2,20,4,2025-10-20,1,0
638,2024-09-04,1,7,1,2024-09-10,1,0
639,2024-12-20,2,16,3,2024-12-21,1,0
640,2024-07-24,1,3,3,2024-08-02,1,0
641,2024-09-12,3,13,3,2024-09-20,1,0
642,2024-12-24,1,30,3,2024-12-30,1,0
643,2024-05-31,2,9,3,2024-06-02,1,0
644,2024-02-05,4,16,4,2024-02-06,1,0
645,2024-02-01,2,30,1,2024-02-05,1,0
646,2025-06-07,3,1,1,2025-06-09,1,0
647,2025-06-03,4,17,2,2025-06-08,1,0
648,2024-01-10,4,7,2,2024-01-14,1,0
649,2024-11-03,2,20,4,2024-11-11,1,0
650,2025-12-29,4,17,3,2026-01-02,1,0
651,2025-08-28,1,22,1,2025-09-01,1,0
652,2025-12-26,2,26,2,2026-01-01,0,0
653,2024-07-06,4,23,3,2024-07-15,1,0
654,2024-06-09,2,15,1,2024-06-18,1,0
655,2025-10-10,1,10,4,2025-10-12,1,0
656,2025-02-28,3,4,1,2025-03-08,1,0
657,2025-06-29,1,10,3,2025-07-07,1,1
658,2024-01-15,4,27,4,2024-01-23,1,0
659,2024-02-08,1,27,1,2024-02-11,1,0
660,2025-02-25,4,3,2,2025-03-02,1,0
661,2024-08-17,2,6,2,2024-08-20,1,0
662,2025-12-17,3,16,4,2025-12-20,1,0
663,2024-02-06,4,7,4,2024-02-15,1,0
664,2024-01-09,4,13,3,2024-01-15,1,0
665,2024-10-20,1,16,2,2024-10-27,1,0
666,2025-09-08,2,17,4,2025-09-09,1,0
667,2024-05-03,4,22,3,2024-05-05,1,0
668,2025-02-28,1,10,2,2025-03-08,1,0
669,2024-01-25,1,24,1,2024-01-29,1,0
670,2024-11-18,4,1,3,2024-11-21,1,0
671,2025-05-12,2,11,4,2025-05-14,1,0
672,2025-02-08,1,10,1,2025-02-14,1,0
673,2024-04-11,3,7,3,2024-04-12,0,0
674,2024-08-10,2,10,1,2024-08-19,1,0
675,2024-06-12,1,24,2,2024-06-18,1,0
676,2025-09-06,1,7,3,2025-09-10,1,0
677,2024-03-04,4,24,1,2024-03-07,1,0
678,2024-03-05,1,23,4,2024-03-08,1,1
679,2025-06-30,2,30,1,2025-07-01,1,0
680,2025-02-02,4,19,1,2025-02-05,1,0
681,2025-01-06,1,14,3,2025-01-07,1,0
682,2024-12-10,3,26,2,2024-12-11,1,0
683,2024-02-24,3,25,4,2024-02-25,1,0
684,2024-11-09,3,29,4,2024-11-11,1,0
685,2024-08-26,3,27,3,2024-08-30,0,0
686,2025-05-11,1,14,2,2025-05-12,0,0
687,2024-01-24,1,2,3,2024-01-25,1,0
688,2025-09-13,3,15,1,2025-09-15,0,0
689,2024-05-26,4,28,2,2024-06-02,1,0
690,2024-02-02,2,29,4,2024-02-10,1,0
691,2025-11-29,2,17,2,2025-12-03,1,0
692,2025-11-09,2,1,4,2025-11-18,0,0
693,2024-06-06,2,4,1,2024-06-12,1,0
694,2025-07-03,4,19,1,2025-07-08,1,0
695,2025-06-06,3,28,1,2025-06-12,1,0
696,2025-01-05,1,22,2,2025-01-14,1,0
697,2025-03-11,2,1,4,2025-03-20,0,0
698,2025-02-10,4,19,1,2025-02-19,1,0
699,2024-07-02,3,8,2,2024-07-08,1,0
700,2024-12-12,1,16,2,2024-12-18,1,0
701,2024-06-10,2,10,1,2024-06-11,1,0
702,2025-10-18,3,21,3,2025-10-21,1,1
703,2025-11-11,1,17,4,2025-11-15,1,0
704,2025-01-30,3,14,1,2025-02-01,1,0
705,2025-05-08,4,12,2,2025-05-17,1,0
706,2024-01-08,4,14,3,2024-01-09,1,0
707,2024-10-26,1,9,2,2024-11-01,0,0
708,2025-04-26,1,15,2,2025-05-01,1,0
709,2024-01-11,3,15,1,2024-01-13,1,0
710,2025-08-18,1,14,2,2025-08-20,1,0
711,2024-02-13,3,2,1,2024-02-19,1,0
712,2025-09-11,1,20,3,2025-09-20,1,0
713,2025-02-05,3,28,1,2025-02-06,1,0
714,2025-09-21,3,16,2,2025-09-30,1,0
715,2025-07-31,2,23,1,2025-08-07,1,0
716,2025-12-04,1,17,1,2025-12-05,1,0
717,2025-02-26,1,19,4,2025-02-27,0,0
718,2024-11-22,4,17,4,2024-11-26,1,0
719,2024-07-13,3,28,3,2024-07-17,1,0
720,2024-12-31,4,14,2,2025-01-04,1,0
721,2025-09-13,1,24,4,2025-09-17,1,0
722,2025-08-30,2,9,4,2025-09-07,1,0
723,2024-09-12,3,4,1,2024-09-18,1,0
724,2025-08-02,3,29,2,2025-08-10,1,0
725,2025-01-10,4,21,4,2025-01-14,1,0
726,2024-06-30,4,2,3,2024-07-09,0,0
727,2024-01-21,4,9,4,2024-01-27,1,0
728,2025-06-02,4,24,4,2025-06-04,1,0
729,2024-07-17,1,8,4,2024-07-21,1,0
730,2024-12-14,2,23,1,2024-12-15,1,0
731,2024-08-06,4,16,2,2024-08-07,1,0
732,2025-12-07,2,13,3,2025-12-08,1,0
733,2024-11-18,3,4,3,2024-11-27,1,0
734,2024-03-21,1,18,2,2024-03-30,1,0
735,2025-08-22,3,8,4,2025-08-25,1,0
736,2025-08-28,4,29,1,2025-09-06,1,0
737,2024-10-11,2,25,3,2024-10-15,1,0
738,2024-10-15,3,30,4,2024-10-19,1,0
739,2025-04-29,4,27,4,2025-05-04,1,0
740,2025-08-07,3,28,1,2025-08-14,0,0
741,2024-06-12,4,3,4,2024-06-14,1,0
742,2024-03-24,1,27,2,2024-03-29,1,1
743,2025-08-02,2,24,3,2025-08-09,1,0
744,2024-06-13,2,4,4,2024-06-21,1,0
745,2024-08-18,1,24,1,2024-08-22,0,0
746,2024-11-05,1,6,2,2024-11-09,0,1
747,2025-08-15,3,5,4,2025-08-22,1,0
748,2025-09-01,1,11,3,2025-09-08,1,0
749,2025-10-06,4,7,4,2025-10-15,1,0
750,2024-04-19,1,13,3,2024-04-25,1,0
751,2025-03-30,4,14,2,2025-04-06,1,0
752,2025-04-12,2,17,4,2025-04-18,1,0
753,2025-03-10,2,27,2,2025-03-16,1,0
754,2024-12-06,1,4,2,2024-12-08,1,0
755,2024-02-06,4,1,1,2024-02-15,1,0
756,2024-08-31,2,3,3,2024-09-06,0,0
757,2025-08-07,1,18,2,2025-08-14,1,0
758,2025-08-10,4,15,3,2025-08-16,0,0
759,2024-07-24,3,30,4,2024-07-27,0,0
760,2025-04-18,3,25,3,2025-04-26,1,0
761,2024-11-18,2,6,1,2024-11-23,1,0
762,2025-09-17,1,16,3,2025-09-22,1,0
763,2025-03-11,1,25,2,2025-03-20,1,0
764,2024-05-17,4,7,1,2024-05-25,1,0
765,2025-07-08,1,30,1,2025-07-16,1,0
766,2025-07-05,3,27,4,2025-07-12,1,0
767,2024-09-20,2,15,4,2024-09-27,1,0
768,2024-07-01,4,8,4,2024-07-04,1,1
769,2025-08-08,4,4,4,2025-08-16,1,0
770,2025-07-15,3,3,4,2025-07-22,1,0
771,2025-08-20,1,1,4,2025-08-26,1,0
772,2024-02-27,2,8,3,2024-03-02,1,0
773,2025-04-30,1,28,4,2025-05-02,0,0
774,2024-11-12,4,2,2,2024-11-19,1,0
775,2024-08-05,2,19,4,2024-08-14,0,0
776,2024-05-21,1,19,2,2024-05-28,0,0
777,2025-03-29,3,22,3,2025-03-31,0,0
778,2024-07-11,3,8,2,2024-07-12,0,0
779,2024-03-22,1,15,4,2024-03-27,1,0
780,2025-11-22,4,9,3,2025-11-26,1,0
781,2024-08-13,4,28,1,2024-08-16,1,0
782,2025-01-10,1,25,3,2025-01-17,1,0
783,2024-06-09,4,28,3,2024-06-18,1,0
784,2024-07-13,2,6,4,2024-07-16,1,0
785,2024-08-27,4,23,3,2024-09-02,1,0
786,2025-07-24,4,18,2,2025-08-01,1,0
787,2025-09-27,1,16,4,2025-10-05,1,0
788,2024-10-28,3,18,1,2024-11-06,1,0
789,2025-05-02,4,11,1,2025-05-05,1,0
790,2025-04-23,1,29,3,2025-05-02,1,1
791,2025-05-01,1,30,3,2025-05-03,1,0
792,2025-03-12,2,4,2,2025-03-20,1,0
793,2025-08-11,3,25,3,2025-08-14,1,0
794,2024-08-11,2,6,1,2024-08-19,1,0
795,2025-07-11,1,17,1,2025-07-12,1,0
796,2024-04-06,4,28,3,2024-04-13,1,0
797,2025-09-25,3,28,1,2025-10-02,1,0
798,2025-08-22,3,9,3,2025-08-28,1,1
799,2024-07-03,1,20,1,2024-07-07,1,0
800,2025-06-10,3,22,3,2025-06-17,1,0
801,2024-12-06,1,8,4,2024-12-11,1,0
802,2024-07-07,2,10,3,2024-07-08,0,0
803,2024-02-12,1,17,1,2024-02-14,1,0
804,2025-10-18,3,12,3,2025-10-27,1,0
805,2025-06-02,2,16,1,2025-06-05,1,0
806,2025-10-20,1,22,2,2025-10-28,1,0
807,2025-05-18,1,12,3,2025-05-19,1,0
808,2024-10-23,1,26,1,2024-10-24,1,0
809,2024-08-18,2,9,3,2024-08-22,1,0
810,2025-04-25,2,11,4,2025-05-02,1,0
811,2024-11-10,4,3,4,2024-11-17,1,0
812,2024-08-24,2,7,1,2024-08-26,1,0
813,2024-02-21,1,22,4,2024-02-27,1,0
814,2025-04-13,2,29,2,2025-04-21,0,0
815,2025-11-08,2,14,2,2025-11-17,1,0
816,2025-12-30,1,5,3,2026-01-06,1,0
817,2025-02-23,1,12,3,2025-02-24,1,0
818,2025-03-12,3,24,4,2025-03-20,1,0
819,2024-02-26,1,6,4,2024-03-04,0,0
820,2024-12-16,3,1,1,2024-12-22,1,0
821,2025-10-18,3,10,4,2025-10-25,1,0
822,2025-01-20,3,3,2,2025-01-23,1,0
823,2025-04-17,4,18,4,2025-04-24,1,0
824,2024-04-01,1,7,2,2024-04-09,1,0
825,2025-03-20,3,18,3,2025-03-26,1,0
826,2024-03-22,2,1,4,2024-03-26,1,0
827,2024-10-14,1,6,3,2024-10-22,1,0
828,2024-07-01,4,28,3,2024-07-07,1,1
829,2025-01-13,4,13,1,2025-01-17,0,1
830,2025-10-19,4,4,3,2025-10-24,1,0
831,2024-04-07,3,7,2,2024-04-14,1,0
832,2025-03-18,1,12,1,2025-03-24,1,0
833,2024-01-21,4,25,3,2024-01-28,1,0
834,2025-04-20,4,6,3,2025-04-28,1,0
835,2025-09-07,2,24,2,2025-09-12,1,0
836,2024-02-11,1,14,1,2024-02-15,1,0
837,2025-02-26,2,6,2,2025-03-03,0,0
838,2024-01-16,3,2,2,2024-01-18,1,1
839,2024-04-02,1,29,3,2024-04-05,1,0
840,2025-07-01,2,13,1,2025-07-04,1,0
841,2024-10-23,4,28,3,2024-10-24,1,0
842,2024-03-16,4,7,3,2024-03-24,1,0
843,2024-02-26,3,16,3,2024-02-27,1,0
844,2025-11-06,4,3,2,2025-11-13,1,1
845,2024-05-11,1,23,3,2024-05-15,1,0
846,2024-07-04,4,19,3,2024-07-12,1,1
847,2024-01-28,4,16,3,2024-02-05,1,0
848,2024-04-01,1,25,1,2024-04-08,1,0
849,2024-09-11,3,29,2,2024-09-12,0,0
850,2025-04-17,4,2,4,2025-04-19,1,0
851,2025-10-20,2,17,1,2025-10-29,0,0
852,2025-06-01,4,20,1,2025-06-02,1,0
853,2024-07-04,4,19,3,2024-07-05,1,0
854,2025-12-27,4,9,2,2026-01-03,1,0
855,2025-02-05,4,1,1,2025-02-13,1,0
856,2024-07-06,2,13,3,2024-07-13,0,0
857,2025-07-28,3,8,4,2025-07-31,1,0
858,2024-09-26,2,28,4,2024-10-05,1,0
859,2024-03-10,2,8,3,2024-03-16,1,0
860,2025-04-14,4,11,2,2025-04-21,1,1
861,2024-10-26,2,17,2,2024-10-29,1,0
862,2024-07-08,3,3,4,2024-07-11,1,0
863,2024-03-03,4,3,4,2024-03-08,1,0
864,2025-05-01,2,16,3,2025-05-03,0,0
865,2025-01-07,4,2,4,2025-01-15,1,0
866,2025-03-12,1,3,3,2025-03-14,1,0
867,2025-01-18,2,15,3,2025-01-25,0,0
868,2024-03-23,1,27,2,2024-03-24,1,0
869,2024-07-03,2,9,3,2024-07-08,1,0
870,2025-08-23,1,9,2,2025-08-30,1,0
871,2024-06-03,1,10,3,2024-06-07,1,0
872,2024-08-16,3,12,4,2024-08-18,1,0
873,2025-12-12,4,21,4,2025-12-14,1,0
874,2025-01-30,1,30,4,2025-02-08,1,0
875,2024-02-07,1,10,1,2024-02-14,1,0
876,2024-02-11,3,24,1,2024-02-20,1,0
877,2024-04-20,3,19,2,2024-04-27,1,0
878,2024-05-05,4,16,1,2024-05-14,0,0
879,2024-09-23,1,3,3,2024-09-30,1,0
880,2025-12-29,1,30,1,2026-01-01,1,0
881,2025-11-25,4,11,2,2025-11-30,1,0
882,2024-10-07,3,16,2,2024-10-13,1,1
883,2024-04-10,4,4,4,2024-04-14,1,0
884,2024-10-14,1,11,3,2024-10-16,0,0
885,2025-05-09,2,18,1,2025-05-15,1,0
886,2025-10-22,3,1,4,2025-10-27,0,0
887,2025-09-09,1,18,4,2025-09-18,1,0
888,2024-08-09,1,18,1,2024-08-14,1,0
889,2025-01-08,3,7,3,2025-01-10,1,1
890,2025-06-06,4,8,1,2025-06-14,1,0
891,2024-10-08,4,14,3,2024-10-09,1,0
892,2025-10-03,1,16,2,2025-10-12,1,0
893,2024-12-10,4,24,2,2024-12-12,1,0
894,2024-11-22,3,10,1,2024-11-24,1,0
895,2024-10-06,2,6,3,2024-10-10,1,0
896,2024-04-22,2,24,3,2024-04-30,1,0
897,2024-08-14,4,11,2,2024-08-18,1,0
898,2025-12-27,2,13,4,2026-01-04,0,0
899,2025-05-19,1,4,4,2025-05-23,1,0
900,2024-11-01,2,5,4,2024-11-05,1,0
901,2024-10-31,4,4,1,2024-11-03,1,0
902,2025-09-25,3,15,4,2025-10-02,1,0
903,2024-04-11,3,10,1,2024-04-13,1,0
904,2024-02-18,1,19,2,2024-02-25,1,0
905,2025-07-25,3,18,3,2025-07-29,1,0
906,2024-06-17,2,14,1,2024-06-23,1,0
907,2025-09-26,3,11,4,2025-10-01,1,0
908,2024-06-11,4,14,1,2024-06-18,1,0
909,2024-03-14,3,5,2,2024-03-19,1,0
910,2024-04-21,4,26,1,2024-04-24,0,1
911,2025-03-21,3,15,1,2025-03-28,1,0
912,2024-12-16,1,29,2,2024-12-18,0,0
913,2025-03-15,3,15,4,2025-03-18,1,0
914,2025-04-07,3,20,2,2025-04-12,1,0
915,2025-08-12,1,20,1,2025-08-17,1,0
916,2025-01-16,4,6,4,2025-01-19,1,0
917,2024-07-09,1,30,2,2024-07-10,1,0
918,2025-12-04,1,16,4,2025-12-09,1,0
919,2024-09-14,3,21,4,2024-09-20,0,0
920,2024-11-04,2,14,1,2024-11-05,1,0
921,2025-06-06,1,10,4,2025-06-14,1,0
922,2025-07-14,4,5,3,2025-07-15,1,0
923,2025-01-26,2,10,3,2025-01-28,0,0
924,2024-06-08,2,24,4,2024-06-11,0,0
925,2024-12-24,2,27,2,2024-12-27,1,0
926,2025-08-30,4,3,3,2025-08-31,0,0
927,2025-08-28,1,5,1,2025-08-31,1,0
928,2024-01-15,2,20,1,2024-01-22,1,0
929,2024-05-15,2,20,4,2024-05-21,1,0
930,2025-12-22,2,2,2,2025-12-27,1,0
931,2025-06-07,2,28,4,2025-06-08,1,1
932,2025-04-03,4,3,3,2025-04-09,0,0
933,2024-01-15,1,19,4,2024-01-18,1,0
934,2025-02-17,1,27,2,2025-02-24,1,0
935,2025-07-22,4,17,1,2025-07-31,1,0
936,2024-11-01,1,19,3,2024-11-05,1,0
937,2025-06-19,1,22,2,2025-06-27,1,0
938,2024-10-24,3,5,2,2024-10-25,1,0
939,2024-02-13,1,1,4,2024-02-21,1,0
940,2025-01-23,3,30,1,2025-01-25,1,0
941,2024-07-14,1,6,3,2024-07-19,1,0
942,2024-03-13,2,19,4,2024-03-17,1,0
943,2024-05-11,4,29,4,2024-05-12,1,0
944,2025-08-24,4,16,1,2025-08-29,1,0
945,2025-09-24,3,3,4,2025-09-29,1,0
946,2025-12-15,3,30,4,2025-12-23,1,0
947,2025-06-29,4,30,4,2025-07-05,1,0
948,2025-07-24,4,9,3,2025-08-02,1,0
949,2025-07-08,2,5,2,2025-07-09,1,0
950,2025-04-12,2,13,1,2025-04-16,1,1
951,2025-11-22,2,24,4,2025-12-01,1,1
952,2024-03-22,1,21,2,2024-03-29,0,0
953,2025-07-05,1,20,4,2025-07-09,1,0
954,2025-04-20,4,17,1,2025-04-25,1,0
955,2025-02-28,2,21,3,2025-03-09,1,0
956,2025-08-07,3,19,1,2025-08-10,1,0
957,2025-01-27,3,1,3,2025-02-04,1,0
958,2025-06-03,1,1,4,2025-06-05,1,0
959,2024-12-05,4,4,1,2024-12-10,1,0
960,2025-08-29,4,19,3,2025-09-03,1,0
961,2024-03-28,3,25,2,2024-04-05,1,0
962,2024-10-27,3,25,2,2024-11-02,1,0
963,2025-01-13,2,1,2,2025-01-20,1,0
964,2025-11-19,3,5,3,2025-11-25,1,0
965,2024-01-30,1,8,2,2024-02-06,1,0
966,2024-03-22,4,17,2,2024-03-23,1,0
967,2025-11-24,3,29,1,2025-12-03,1,0
968,2024-05-06,1,22,4,2024-05-12,1,0
969,2025-06-26,4,26,4,2025-07-05,1,0
970,2025-02-06,3,25,4,2025-02-12,1,0
971,2025-05-03,2,5,2,2025-05-10,1,1
972,2024-08-07,4,28,2,2024-08-09,1,1
973,2024-02-01,2,28,4,2024-02-10,0,0
974,2025-03-06,2,20,1,2025-03-15,1,0
975,2025-11-07,3,29,4,2025-11-12,0,0
976,2025-02-11,2,8,3,2025-02-13,1,0
977,2024-12-09,2,24,2,2024-12-18,1,0
978,2025-04-23,4,5,3,2025-04-24,1,0
979,2024-04-02,2,10,3,2024-04-09,1,0
980,2024-04-03,4,13,3,2024-04-09,1,1
981,2024-08-07,3,9,4,2024-08-09,1,0
982,2025-05-27,4,24,2,2025-06-01,1,0
983,2024-06-09,2,3,4,2024-06-18,1,0
984,2024-12-11,1,7,4,2024-12-17,0,0
985,2025-02-08,3,20,4,2025-02-10,1,0
986,2024-06-20,3,29,1,2024-06-25,1,0
987,2024-07-12,2,21,2,2024-07-20,1,0
988,2025-04-22,4,30,1,2025-04-26,1,0
989,2025-03-08,3,18,1,2025-03-10,1,0
990,2025-11-26,3,13,2,2025-12-01,1,0
991,2024-12-29,1,6,3,2025-01-04,1,0
992,2024-08-30,2,13,4,2024-09-08,1,0
993,2025-07-01,3,21,3,2025-07-03,1,0
994,2025-06-14,2,7,1,2025-06-19,1,0
995,2025-09-02,2,24,3,2025-09-10,1,0
996,2024-11-16,1,2,4,2024-11-25,0,1
997,2024-03-13,4,9,4,2024-03-16,1,0
998,2024-11-23,3,26,2,2024-12-02,0,0
999,2024-09-12,3,18,1,2024-09-15,1,0
1000,2024-05-28,1,4,2,2024-06-06,1,0
1001,2024-12-19,1,25,2,2024-12-21,1,0
1002,2025-08-21,1,25,1,2025-08-27,1,0
1003,2024-03-19,3,6,4,2024-03-22,0,0
1004,2025-01-12,2,7,3,2025-01-19,1,0
1005,2025-02-05,2,22,2,2025-02-14,1,0
1006,2024-03-08,1,1,3,2024-03-09,1,0
1007,2024-03-26,3,22,1,2024-03-30,1,0
1008,2025-11-24,1,25,3,2025-11-26,1,0
1009,2024-09-10,2,30,3,2024-09-13,1,0
1010,2025-12-01,1,25,1,2025-12-05,1,0
1011,2025-07-21,1,27,3,2025-07-28,1,0
1012,2024-06-18,1,2,1,2024-06-26,1,0
1013,2025-07-26,1,9,4,2025-08-01,0,0
1014,2024-12-01,2,15,4,2024-12-08,1,0
1015,2025-10-30,4,23,3,2025-11-07,0,0
1016,2025-09-24,1,15,1,2025-09-28,0,0
1017,2024-11-19,3,27,1,2024-11-20,1,0
1018,2024-06-19,1,23,4,2024-06-26,1,0
1019,2024-01-06,1,27,3,2024-01-07,1,0
1020,2025-07-19,1,13,1,2025-07-27,1,0
1021,2025-04-24,4,18,2,2025-04-25,1,0
1022,2024-08-24,4,8,2,2024-09-01,1,0
1023,2025-04-28,4,19,1,2025-05-02,1,0
1024,2025-04-16,4,14,1,2025-04-22,1,0
1025,2025-05-06,4,19,2,2025-05-12,1,0
1026,2025-09-13,2,24,3,2025-09-20,1,0
1027,2025-03-18,4,27,1,2025-03-23,1,0
1028,2024-05-31,2,2,1,2024-06-04,1,0
1029,2025-05-26,2,4,3,2025-06-02,1,0
1030,2025-06-02,3,23,3,2025-06-03,1,0
1031,2025-02-26,2,20,3,2025-02-27,1,0
1032,2024-10-20,1,9,2,2024-10-24,1,0
1033,2025-10-19,2,22,3,2025-10-23,1,0
1034,2025-01-20,4,12,3,2025-01-22,1,0
1035,2024-02-28,4,11,1,2024-03-02,1,0
1036,2025-12-18,1,18,3,2025-12-24,1,0
1037,2024-08-29,3,8,4,2024-09-04,1,0
1038,2024-09-27,3,4,3,2024-09-29,1,0
1039,2024-11-30,2,24,3,2024-12-07,1,0
1040,2024-06-10,2,9,2,2024-06-14,1,0
1041,2024-03-31,4,5,2,2024-04-02,1,0
1042,2025-10-02,4,19,3,2025-10-09,1,0
1043,2025-12-27,4,3,4,2026-01-02,0,0
1044,2024-05-05,3,11,3,2024-05-13,1,0
1045,2024-04-27,3,18,1,2024-04-28,1,0
1046,2024-08-26,4,2,3,2024-08-31,1,0
1047,2025-05-14,3,27,4,2025-05-23,1,0
1048,2025-02-01,3,18,3,2025-02-10,1,0
1049,2024-04-13,4,2,2,2024-04-16,0,0
1050,2025-03-26,4,8,2,2025-03-27,1,0
1051,2025-01-30,1,11,3,2025-02-05,1,0
1052,2025-12-06,1,8,2,2025-12-14,1,0
1053,2025-06-26,4,1,2,2025-06-27,1,0
1054,2025-09-08,4,6,4,2025-09-09,0,0
1055,2025-09-01,4,5,2,2025-09-02,1,0
1056,2025-07-13,4,24,4,2025-07-15,1,0
1057,2024-12-08,3,1,1,2024-12-10,0,0
1058,2024-06-03,3,22,1,2024-06-04,1,1
1059,2024-04-12,3,8,3,2024-04-21,1,0
1060,2025-02-09,4,4,3,2025-02-14,1,0
1061,2025-11-03,4,23,4,2025-11-12,0,0
1062,2025-08-20,4,11,3,2025-08-24,1,0
1063,2024-12-21,1,1,4,2024-12-24,0,0
1064,2025-08-17,4,30,3,2025-08-25,1,0
1065,2024-12-27,2,18,2,2024-12-28,1,0
1066,2025-07-25,2,16,1,2025-07-31,1,0
1067,2024-11-25,4,19,4,2024-11-29,1,0
1068,2024-09-28,1,24,3,2024-10-02,1,0
1069,2024-12-08,1,19,1,2024-12-11,1,0
1070,2025-09-23,2,5,1,2025-10-01,1,0
1071,2025-08-27,3,28,2,2025-09-01,1,0
1072,2024-03-12,1,13,4,2024-03-15,1,0
1073,2025-08-03,2,7,4,2025-08-04,1,0
1074,2025-04-07,3,22,2,2025-04-16,1,0
1075,2025-05-04,1,25,1,2025-05-11,1,0
1076,2025-05-28,2,6,3,2025-06-05,1,0
1077,2025-04-30,3,16,4,2025-05-06,1,0
1078,2024-08-19,2,28,3,2024-08-28,1,0
1079,2025-07-23,1,9,2,2025-07-31,1,0
1080,2025-03-18,1,24,4,2025-03-25,1,0
1081,2024-11-25,2,12,2,2024-11-28,0,0
1082,2025-12-24,2,19,1,2025-12-29,1,0
1083,2024-05-19,3,27,1,2024-05-24,1,1
1084,2024-07-15,4,20,3,2024-07-23,0,0
1085,2025-12-03,3,6,1,2025-12-08,1,0
1086,2024-08-10,2,5,3,2024-08-19,1,1
1087,2024-03-03,1,2,3,2024-03-08,1,0
1088,2025-06-06,2,1,4,2025-06-15,1,0
1089,2025-04-12,2,26,3,2025-04-16,1,0
1090,2024-11-05,4,23,3,2024-11-10,1,0
1091,2024-03-22,3,14,4,2024-03-31,1,0
1092,2024-06-28,2,24,2,2024-06-29,1,0
1093,2024-04-03,1,25,4,2024-04-09,0,0
1094,2024-11-25,2,8,4,2024-12-03,1,0
1095,2025-12-25,1,29,4,2025-12-30,1,0
1096,2025-12-21,4,29,2,2025-12-25,1,0
1097,2024-02-27,3,1,3,2024-02-28,1,0
1098,2024-08-06,2,14,4,2024-08-08,1,0
1099,2024-09-21,1,29,2,2024-09-24,1,0
1100,2024-06-24,1,17,2,2024-06-30,0,0
1101,2025-08-09,3,27,4,2025-08-16,1,0
1102,2025-10-09,1,30,4,2025-10-15,1,0
1103,2024-10-16,3,5,2,2024-10-24,1,0
1104,2025-07-14,4,29,4,2025-07-18,0,0
1105,2024-01-27,3,15,3,2024-01-29,1,0
1106,2025-02-10,3,19,2,2025-02-16,1,0
1107,2025-01-22,3,27,1,2025-01-25,0,0
1108,2024-04-06,3,16,2,2024-04-10,1,0
1109,2025-04-08,1,12,4,2025-04-10,1,0
1110,2024-05-12,4,14,1,2024-05-20,0,0
1111,2025-08-14,4,22,3,2025-08-16,1,0
1112,2024-01-06,1,22,4,2024-01-13,1,1
1113,2024-01-16,2,28,1,2024-01-24,1,0
1114,2024-08-20,1,22,2,2024-08-26,1,0
1115,2025-07-22,3,17,1,2025-07-29,1,0
1116,2024-07-06,1,6,1,2024-07-10,1,0
1117,2024-08-23,4,22,3,2024-08-26,1,0
1118,2025-06-19,4,9,1,2025-06-28,1,0
1119,2024-07-03,2,19,1,2024-07-05,1,0
1120,2024-07-10,3,21,3,2024-07-16,1,0
1121,2024-01-01,4,27,3,2024-01-10,1,0
1122,2025-06-05,4,26,3,2025-06-07,1,0
1123,2025-07-13,1,27,3,2025-07-21,1,0
1124,2024-05-24,4,10,2,2024-05-31,0,0
1125,2025-02-04,4,8,4,2025-02-13,1,0
1126,2024-04-16,3,6,2,2024-04-21,1,0
1127,2024-06-29,4,19,4,2024-06-30,0,0
1128,2024-07-29,4,22,3,2024-08-02,1,0
1129,2025-12-12,4,22,4,2025-12-21,1,0
1130,2024-04-28,3,16,2,2024-05-04,0,0
1131,2024-02-12,2,12,4,2024-02-20,1,0
1132,2025-03-10,2,15,1,2025-03-17,1,0
1133,2025-03-28,3,16,2,2025-04-03,1,0
1134,2024-02-26,3,21,1,2024-03-03,1,0
1135,2025-12-01,2,1,3,2025-12-07,1,0
1136,2024-10-10,1,20,4,2024-10-13,1,0
1137,2024-05-13,3,10,1,2024-05-21,0,0
1138,2024-04-15,2,20,1,2024-04-17,1,0
1139,2024-07-23,4,29,1,2024-07-26,1,0
1140,2024-04-25,3,23,4,2024-05-03,1,0
1141,2024-12-28,4,15,2,2025-01-03,1,0
1142,2025-09-03,3,2,2,2025-09-09,1,0
1143,2024-11-26,3,29,1,2024-11-30,1,1
1144,2025-05-29,3,15,3,2025-05-30,1,0
1145,2025-06-18,4,25,2,2025-06-20,1,0
1146,2025-05-05,3,5,1,2025-05-08,1,0
1147,2024-04-23,2,21,4,2024-04-24,1,0
1148,2024-06-20,1,19,1,2024-06-28,1,0
1149,2025-01-06,4,6,1,2025-01-10,1,0
1150,2025-09-15,3,7,1,2025-09-22,1,0
1151,2024-11-03,2,13,3,2024-11-10,0,0
1152,2024-10-07,4,26,3,2024-10-13,1,0
1153,2025-10-09,4,15,4,2025-10-15,1,0
1154,2024-03-07,3,26,3,2024-03-08,1,0
1155,2024-01-03,3,7,1,2024-01-10,1,0
1156,2024-09-23,1,26,3,2024-09-30,1,0
1157,2025-11-11,2,28,1,2025-11-17,1,0
1158,2024-12-08,4,13,1,2024-12-16,1,0
1159,2025-05-17,3,18,4,2025-05-20,1,0
1160,2024-02-06,4,28,3,2024-02-08,1,0
1161,2024-07-20,3,4,2,2024-07-24,0,0
1162,2024-10-04,1,25,2,2024-10-11,1,0
1163,2024-06-19,2,5,1,2024-06-26,1,0
1164,2025-12-29,4,13,4,2026-01-01,1,0
1165,2024-04-30,1,16,4,2024-05-05,1,0
1166,2025-12-29,4,21,3,2026-01-05,1,0
1167,2024-05-05,3,8,2,2024-05-13,1,0
1168,2024-02-03,4,26,3,2024-02-05,1,0
1169,2025-01-20,2,5,4,2025-01-28,1,0
1170,2024-05-03,4,16,4,2024-05-04,1,0
1171,2024-09-05,3,30,4,2024-09-08,1,0
1172,2024-08-23,3,29,2,2024-08-29,1,0
1173,2025-12-14,1,28,2,2025-12-15,0,0
1174,2024-01-30,3,3,3,2024-02-02,0,0
1175,2024-07-04,4,28,1,2024-07-11,1,0
1176,2025-03-11,1,24,3,2025-03-16,1,0
1177,2025-04-18,2,19,2,2025-04-20,1,0
1178,2024-10-06,3,24,3,2024-10-15,1,0
1179,2024-02-21,1,24,4,2024-02-22,1,0
1180,2025-10-08,4,19,1,2025-10-17,1,0
1181,2025-12-21,2,7,1,2025-12-24,1,0
1182,2025-01-02,4,18,1,2025-01-05,1,0
1183,2025-03-21,3,11,3,2025-03-30,1,0
1184,2024-04-22,1,4,2,2024-04-25,1,0
1185,2024-10-29,1,30,1,2024-11-02,1,0
1186,2025-02-07,2,1,2,2025-02-13,1,0
1187,2025-06-09,4,7,2,2025-06-13,1,0
1188,2024-08-24,2,2,2,2024-08-29,1,0
1189,2024-08-14,2,12,1,2024-08-21,1,0
1190,2025-09-11,4,15,3,2025-09-14,1,0
1191,2025-12-20,4,21,4,2025-12-23,0,0
1192,2025-07-02,1,26,1,2025-07-05,1,0
1193,2024-05-13,2,21,4,2024-05-16,1,0
1194,2024-06-27,1,9,4,2024-06-28,1,0
1195,2025-10-02,1,3,2,2025-10-05,1,0
1196,2024-07-12,3,25,1,2024-07-14,1,0
1197,2025-09-25,2,24,3,2025-09-30,0,0
1198,2025-12-12,3,1,2,2025-12-14,1,0
1199,2025-04-26,2,18,2,2025-05-01,1,0
1200,2025-01-10,4,9,3,2025-01-12,0,0
1201,2025-01-28,3,16,3,2025-02-05,1,0
1202,2024-10-20,4,28,3,2024-10-24,1,0
1203,2025-10-16,3,27,1,2025-10-25,1,0
1204,2025-08-21,2,12,3,2025-08-27,0,0
1205,2025-02-23,3,15,3,2025-02-27,1,0
1206,2025-12-15,1,23,2,2025-12-16,1,1
1207,2025-06-29,3,29,4,2025-07-06,1,0
1208,2025-11-25,4,3,3,2025-11-29,1,0
1209,2025-02-10,3,21,1,2025-02-18,1,0
1210,2024-07-07,2,23,4,2024-07-08,1,0
1211,2024-01-12,3,1,2,2024-01-13,1,0
1212,2024-09-19,4,26,2,2024-09-27,1,0
1213,2024-01-09,1,20,4,2024-01-14,1,0
1214,2025-06-12,1,19,2,2025-06-15,1,0
1215,2025-12-24,2,7,4,2026-01-02,1,0
1216,2025-03-10,1,9,1,2025-03-19,1,0
1217,2024-09-28,2,5,2,2024-10-03,1,0
1218,2024-06-25,2,23,4,2024-06-28,1,0
1219,2024-12-12,4,11,4,2024-12-13,1,0
1220,2024-02-19,4,3,2,2024-02-21,1,0
1221,2024-12-07,1,10,2,2024-12-13,1,0
1222,2024-12-02,1,8,3,2024-12-09,1,0
1223,2025-01-26,3,29,4,2025-01-30,1,0
1224,2024-06-15,2,3,4,2024-06-21,1,0
1225,2024-10-16,2,7,2,2024-10-21,1,0
1226,2025-03-08,2,11,2,2025-03-13,1,0
1227,2025-07-23,1,26,1,2025-07-25,1,0
1228,2024-04-06,2,21,1,2024-04-14,1,0
1229,2024-02-13,2,28,3,2024-02-18,1,0
1230,2025-01-22,2,20,1,2025-01-27,1,0
1231,2025-05-13,3,3,3,2025-05-19,1,0
1232,2025-02-07,1,9,1,2025-02-12,1,0
1233,2024-06-25,1,2,1,2024-07-04,1,0
1234,2025-10-31,2,27,2,2025-11-09,1,0
1235,2025-01-14,4,23,4,2025-01-22,1,0
1236,2025-09-07,1,28,1,2025-09-15,1,0
1237,2025-04-04,3,4,3,2025-04-08,1,0
1238,2024-08-22,1,17,3,2024-08-26,1,0
1239,2024-04-19,2,9,4,2024-04-27,0,0
1240,2025-10-18,2,8,4,2025-10-27,1,0
1241,2025-08-02,4,20,4,2025-08-06,1,0
1242,2025-06-17,1,10,2,2025-06-22,1,0
1243,2025-11-02,4,28,4,2025-11-11,1,0
1244,2025-08-15,4,27,2,2025-08-18,1,0
1245,2025-02-12,2,14,4,2025-02-20,1,0
1246,2025-04-10,3,20,3,2025-04-17,0,0
1247,2024-08-29,4,14,4,2024-09-07,1,0
1248,2024-11-17,3,24,1,2024-11-19,0,1
1249,2025-10-04,3,28,4,2025-10-05,1,0
1250,2024-03-02,4,12,1,2024-03-04,0,0
1251,2024-05-01,2,23,2,2024-05-06,1,0
1252,2024-09-23,4,13,1,2024-09-30,1,0
1253,2025-08-17,1,20,4,2025-08-21,1,0
1254,2025-05-29,4,30,1,2025-06-05,1,0
1255,2024-09-18,2,29,2,2024-09-22,1,0
1256,2025-07-25,3,11,3,2025-08-01,1,0
1257,2025-05-12,2,28,2,2025-05-16,0,0
1258,2024-09-17,3,19,4,2024-09-24,1,0
1259,2025-12-23,2,11,1,2026-01-01,1,0
1260,2024-07-08,1,12,3,2024-07-15,1,0
1261,2025-08-30,4,3,1,2025-09-03,1,1
1262,2025-11-12,2,19,3,2025-11-14,1,0
1263,2024-03-28,3,8,3,2024-04-02,1,0
1264,2024-07-29,4,23,2,2024-08-04,1,0
1265,2025-05-05,1,26,1,2025-05-06,1,0
1266,2024-01-07,1,23,4,2024-01-10,1,0
1267,2025-07-27,2,19,2,2025-08-03,0,0
1268,2025-10-19,1,4,2,2025-10-26,0,0
1269,2025-06-07,3,22,4,2025-06-16,0,1
1270,2024-09-28,2,23,3,2024-10-02,1,0
1271,2024-06-19,4,1,4,2024-06-20,1,0
1272,2024-02-15,3,6,3,2024-02-20,1,0
1273,2024-11-27,3,9,3,2024-12-02,0,0
1274,2025-06-16,4,18,3,2025-06-17,1,0
1275,2025-03-31,3,5,3,2025-04-06,1,0
1276,2024-06-23,4,18,3,2024-06-28,1,0
1277,2025-12-11,1,28,4,2025-12-13,1,0
1278,2025-08-03,2,10,4,2025-08-12,1,1
1279,2024-01-09,2,21,4,2024-01-14,1,0
1280,2025-07-12,1,7,3,2025-07-20,1,0
1281,2024-04-15,2,25,1,2024-04-19,1,1
1282,2024-02-28,2,12,1,2024-03-07,0,0
1283,2025-05-11,4,26,2,2025-05-16,1,0
1284,2024-08-27,4,2,1,2024-08-29,1,0
1285,2024-11-06,2,28,1,2024-11-14,1,0
1286,2024-11-04,1,1,2,2024-11-11,0,0
1287,2025-07-14,2,8,4,2025-07-16,1,1
1288,2025-05-02,4,8,1,2025-05-11,1,0
1289,2025-10-16,3,10,4,2025-10-21,0,0
1290,2025-02-02,1,18,2,2025-02-03,1,0
1291,2024-05-11,1,30,3,2024-05-20,1,0
1292,2025-06-24,3,30,1,2025-06-29,1,0
1293,2025-11-22,3,16,4,2025-12-01,1,0
1294,2025-02-03,4,24,3,2025-02-12,1,0
1295,2025-12-01,4,22,3,2025-12-07,1,0
1296,2025-07-01,1,17,2,2025-07-03,1,0
1297,2025-08-28,1,23,3,2025-09-04,1,0
1298,2024-08-07,4,2,4,2024-08-14,0,0
1299,2025-10-11,3,18,2,2025-10-19,1,0
1300,2024-12-18,2,6,3,2024-12-25,1,0
1301,2025-09-04,2,24,4,2025-09-11,1,0
1302,2025-04-27,4,9,2,2025-05-01,0,0
1303,2024-09-15,3,11,4,2024-09-18,1,0
1304,2024-02-06,4,26,2,2024-02-11,0,0
1305,2025-05-06,4,20,1,2025-05-10,1,0
1306,2024-03-26,4,24,3,2024-04-03,1,0
1307,2025-07-24,3,14,4,2025-07-28,1,0
1308,2024-04-19,4,25,4,2024-04-26,1,0
1309,2024-02-06,1,11,1,2024-02-10,1,0
1310,2025-07-30,1,24,4,2025-08-07,0,0
1311,2024-12-17,2,23,2,2024-12-26,1,0
1312,2024-01-01,4,2,3,2024-01-07,1,0
1313,2025-05-17,3,23,4,2025-05-18,1,0
1314,2024-10-23,4,17,2,2024-10-25,1,0
1315,2025-07-09,1,29,3,2025-07-11,1,0
1316,2025-06-17,4,12,3,2025-06-26,1,0
1317,2024-04-28,4,15,1,2024-05-05,1,0
1318,2025-05-23,2,9,2,2025-05-28,1,0
1319,2025-11-22,2,8,1,2025-11-27,1,0
1320,2025-07-13,4,3,4,2025-07-21,1,0
1321,2024-12-06,1,16,4,2024-12-14,1,0
1322,2024-01-20,4,17,2,2024-01-26,0,0
1323,2025-06-26,1,21,1,2025-06-29,1,0
1324,2025-06-20,3,29,3,2025-06-26,1,0
1325,2025-10-13,2,17,3,2025-10-22,1,0
1326,2024-02-26,4,27,3,2024-03-06,1,0
1327,2024-11-16,2,18,2,2024-11-19,0,0
1328,2025-01-16,4,5,1,2025-01-17,1,0
1329,2025-12-10,3,11,3,2025-12-11,1,0
1330,2025-11-17,4,19,4,2025-11-26,0,0
1331,2024-06-11,2,3,1,2024-06-17,1,0
1332,2024-01-14,4,10,3,2024-01-21,1,0
1333,2025-03-21,3,5,2,2025-03-29,1,0
1334,2024-07-08,3,6,4,2024-07-15,1,0
1335,2025-10-21,3,1,1,2025-10-23,1,0
1336,2025-05-02,2,17,2,2025-05-08,1,0
1337,2024-04-11,3,13,4,2024-04-20,1,0
1338,2025-09-16,2,14,1,2025-09-20,1,0
1339,2024-02-02,4,16,2,2024-02-09,1,0
1340,2024-09-24,3,8,4,2024-09-25,0,0
1341,2024-01-14,2,27,3,2024-01-21,1,0
1342,2024-08-12,2,5,3,2024-08-13,1,0
1343,2024-12-04,4,15,3,2024-12-08,1,0
1344,2024-02-13,2,21,2,2024-02-15,1,0
1345,2024-01-07,4,16,3,2024-01-14,0,0
1346,2024-08-16,3,8,1,2024-08-17,1,0
1347,2024-08-01,2,13,3,2024-08-10,1,0
1348,2025-10-14,3,9,2,2025-10-22,1,0
1349,2024-01-19,4,23,3,2024-01-26,1,0
1350,2024-06-28,3,17,2,2024-07-03,0,0
1351,2025-11-07,4,30,3,2025-11-08,1,0
1352,2024-11-25,1,30,2,2024-11-30,1,0
1353,2025-08-02,3,24,2,2025-08-06,1,0
1354,2024-12-18,3,28,1,2024-12-21,1,0
1355,2024-12-19,2,5,4,2024-12-26,1,0
1356,2024-02-01,2,4,3,2024-02-08,0,0
1357,2025-07-21,3,8,1,2025-07-25,1,0
1358,2025-10-15,2,5,4,2025-10-23,1,0
1359,2025-03-25,3,16,1,2025-03-31,1,0
1360,2025-02-27,4,12,1,2025-03-05,1,0
1361,2024-04-19,1,28,1,2024-04-28,1,0
1362,2024-03-08,4,27,4,2024-03-09,1,0
1363,2024-05-30,4,13,3,2024-06-08,1,0
1364,2024-10-28,3,9,4,2024-10-29,1,0
1365,2025-02-16,1,22,2,2025-02-23,1,0
1366,2025-10-02,4,29,3,2025-10-05,0,0
1367,2024-05-31,4,8,2,2024-06-04,1,0
1368,2024-05-07,3,7,2,2024-05-11,1,0
1369,2024-07-20,2,10,4,2024-07-28,1,0
1370,2025-06-30,3,30,4,2025-07-01,1,0
1371,2025-05-18,3,15,3,2025-05-21,0,0
1372,2025-10-15,3,25,4,2025-10-16,1,0
1373,2024-12-05,1,26,4,2024-12-11,0,0
1374,2024-04-26,4,7,4,2024-05-04,1,0
1375,2025-07-31,4,15,2,2025-08-05,0,0
1376,2025-06-19,2,17,4,2025-06-27,1,0
1377,2025-04-14,3,13,4,2025-04-23,1,0
1378,2024-10-08,2,21,1,2024-10-13,0,0
1379,2025-10-31,2,30,2,2025-11-08,1,0
1380,2024-07-12,1,3,3,2024-07-18,1,0
1381,2024-05-28,1,6,3,2024-05-31,0,0
1382,2025-04-27,1,18,4,2025-04-30,1,0
1383,2025-07-08,2,1,2,2025-07-15,1,0
1384,2025-05-03,2,2,1,2025-05-05,1,0
1385,2024-01-06,4,16,2,2024-01-08,1,0
1386,2025-05-26,3,18,4,2025-06-03,1,0
1387,2025-03-13,1,14,1,2025-03-19,1,0
1388,2025-08-11,2,26,3,2025-08-18,1,0
1389,2025-10-29,1,11,3,2025-11-07,1,0
1390,2024-03-27,2,14,2,2024-04-04,1,0
1391,2025-11-22,1,15,2,2025-11-23,1,0
1392,2024-07-25,4,19,4,2024-07-27,0,0
1393,2024-06-17,2,11,2,2024-06-26,1,0
1394,2024-08-26,4,16,1,2024-08-27,1,0
1395,2024-02-01,4,4,2,2024-02-02,1,0
1396,2025-11-12,2,4,3,2025-11-19,1,0
1397,2025-01-01,3,23,1,2025-01-03,0,0
1398,2024-12-30,2,24,1,2025-01-06,1,0
1399,2024-08-11,1,25,3,2024-08-16,1,0
1400,2025-11-07,2,5,4,2025-11-13,1,0
1401,2024-07-30,4,4,3,2024-07-31,1,0
1402,2024-05-26,1,10,3,2024-06-01,1,0
1403,2025-08-02,3,26,1,2025-08-11,1,0
1404,2025-09-17,4,8,2,2025-09-24,1,0
1405,2025-12-20,2,11,4,2025-12-27,1,0
1406,2024-11-03,3,6,2,2024-11-12,1,0
1407,2025-10-03,4,27,2,2025-10-05,1,0
1408,2024-04-01,1,27,1,2024-04-06,1,0
1409,2025-10-27,1,19,3,2025-10-29,1,0
1410,2025-06-02,4,17,4,2025-06-03,1,0
1411,2024-11-19,2,20,4,2024-11-24,1,0
1412,2025-04-04,1,7,3,2025-04-11,1,0
1413,2025-10-31,1,19,1,2025-11-04,1,0
1414,2025-01-31,3,11,4,2025-02-09,1,1
1415,2024-07-19,3,6,1,2024-07-24,1,0
1416,2025-07-04,4,3,2,2025-07-10,1,1
1417,2025-02-03,3,18,3,2025-02-04,1,0
1418,2024-02-01,3,27,4,2024-02-04,1,0
1419,2024-07-20,4,4,3,2024-07-26,1,0
1420,2025-06-06,2,27,2,2025-06-10,1,0
1421,2025-10-20,2,19,2,2025-10-22,1,0
1422,2025-10-24,2,27,2,2025-11-02,1,0
1423,2024-03-20,3,18,3,2024-03-24,1,0
1424,2025-08-16,1,24,1,2025-08-17,1,0
1425,2024-11-25,2,5,2,2024-12-03,0,0
1426,2024-04-23,2,23,4,2024-05-01,1,0
1427,2024-07-24,3,1,4,2024-08-02,1,0
1428,2025-08-18,3,11,1,2025-08-22,1,0
1429,2024-11-27,3,15,1,2024-11-28,0,0
1430,2024-02-19,3,14,4,2024-02-22,0,0
1431,2025-11-02,2,9,1,2025-11-09,1,0
1432,2025-10-08,3,29,4,2025-10-14,1,0
1433,2024-03-18,1,23,1,2024-03-22,1,0
1434,2025-04-25,4,13,4,2025-05-04,1,0
1435,2024-04-06,2,28,4,2024-04-11,0,0
1436,2025-01-17,2,4,2,2025-01-23,1,0
1437,2024-06-10,1,29,3,2024-06-19,1,0
1438,2025-05-06,2,2,4,2025-05-07,0,0
1439,2024-02-28,2,2,4,2024-03-03,1,0
1440,2025-11-15,3,27,2,2025-11-20,1,0
1441,2025-01-07,3,30,4,2025-01-15,1,0
1442,2024-08-15,3,9,4,2024-08-17,1,0
1443,2025-05-27,2,23,3,2025-06-01,1,0
1444,2025-04-25,3,16,1,2025-04-28,1,0
1445,2025-07-17,1,13,1,2025-07-22,1,0
1446,2025-11-17,2,15,2,2025-11-19,0,1
1447,2024-06-03,2,8,4,2024-06-06,1,0
1448,2024-05-09,2,6,3,2024-05-17,0,0
1449,2025-02-08,1,16,4,2025-02-09,1,0
1450,2024-02-25,2,14,4,2024-02-27,1,0
1451,2025-05-24,3,23,2,2025-05-31,1,0
1452,2025-03-05,3,5,4,2025-03-07,1,0
1453,2024-12-26,3,27,3,2024-12-28,1,0
1454,2025-05-27,1,7,4,2025-06-01,1,0
1455,2024-06-10,1,25,4,2024-06-14,1,0
1456,2024-06-09,1,27,1,2024-06-14,1,0
1457,2024-07-25,3,27,4,2024-07-26,1,0
1458,2024-06-28,1,26,3,2024-06-30,0,0
1459,2024-03-27,2,4,2,2024-04-03,1,0
1460,2025-04-11,2,10,3,2025-04-18,0,0
1461,2024-06-06,4,24,1,2024-06-07,1,0
1462,2024-03-22,1,27,4,2024-03-30,0,0
1463,2025-10-01,4,19,1,2025-10-08,1,0
1464,2024-12-18,2,6,2,2024-12-24,1,0
1465,2025-09-28,3,15,2,2025-09-29,1,0
1466,2025-12-08,3,14,1,2025-12-11,1,0
1467,2025-05-15,2,1,3,2025-05-23,1,0
1468,2024-03-21,2,13,3,2024-03-23,1,0
1469,2024-03-21,4,10,2,2024-03-25,1,0
1470,2024-08-23,2,10,1,2024-08-28,1,0
1471,2025-10-03,4,14,3,2025-10-07,1,0
1472,2025-12-29,4,15,1,2025-12-31,1,0
1473,2024-11-10,4,13,4,2024-11-12,1,0
1474,2024-10-14,3,3,3,2024-10-22,0,0
1475,2025-06-30,1,29,4,2025-07-05,0,0
1476,2025-02-18,4,9,4,2025-02-22,1,0
1477,2025-12-19,2,12,4,2025-12-21,1,0
1478,2025-11-04,3,25,2,2025-11-13,1,0
1479,2024-07-19,1,29,2,2024-07-27,1,1
1480,2024-02-27,1,13,1,2024-03-07,1,0
1481,2025-11-05,2,18,2,2025-11-08,1,0
1482,2024-08-31,2,3,1,2024-09-06,1,0
1483,2025-07-31,1,12,1,2025-08-08,1,0
1484,2024-05-05,4,28,3,2024-05-06,1,0
1485,2024-07-19,2,21,2,2024-07-21,1,0
1486,2024-04-03,1,9,1,2024-04-08,1,0
1487,2024-10-19,2,29,2,2024-10-24,1,0
1488,2025-03-26,1,28,1,2025-03-31,1,0
1489,2025-06-18,1,19,3,2025-06-22,1,1
1490,2025-10-06,1,25,4,2025-10-11,1,0
1491,2025-07-26,4,11,1,2025-07-31,1,0
1492,2025-02-12,2,22,4,2025-02-18,1,0
1493,2024-10-15,3,28,2,2024-10-24,1,0
1494,2024-07-21,3,24,4,2024-07-25,1,0
1495,2025-06-20,3,19,3,2025-06-24,0,0
1496,2024-03-29,4,30,4,2024-03-31,1,0
1497,2025-07-28,1,7,2,2025-07-31,1,0
1498,2024-08-07,3,6,3,2024-08-12,1,0
1499,2024-08-19,2,17,2,2024-08-27,1,0
1500,2024-07-29,4,1,4,2024-08-07,1,0
1501,2024-03-17,3,2,3,2024-03-22,1,0
1502,2024-10-30,2,26,3,2024-11-08,1,0
1503,2024-05-07,3,23,3,2024-05-12,0,0
1504,2025-08-04,3,21,4,2025-08-12,0,0
1505,2024-07-06,2,13,1,2024-07-15,1,0
1506,2024-08-16,4,22,3,2024-08-19,1,0
1507,2025-01-17,4,19,3,2025-01-26,1,0
1508,2024-07-26,1,19,2,2024-07-28,1,0
1509,2025-09-15,1,9,4,2025-09-22,1,0
1510,2024-08-19,3,4,1,2024-08-28,1,0
1511,2024-07-09,1,20,3,2024-07-17,1,0
1512,2024-03-10,4,22,1,2024-03-13,1,0
1513,2024-05-26,3,11,1,2024-05-27,1,0
1514,2025-08-04,3,24,1,2025-08-05,1,0
1515,2025-05-26,2,10,3,2025-05-29,1,0
1516,2024-11-29,3,21,3,2024-12-03,1,0
1517,2024-06-12,3,30,2,2024-06-13,1,0
1518,2025-01-15,1,3,1,2025-01-17,1,0
1519,2024-10-10,3,6,4,2024-10-16,0,0
1520,2025-01-14,1,22,4,2025-01-17,0,0
1521,2025-02-23,1,18,2,2025-03-01,1,0
1522,2024-03-16,4,22,1,2024-03-19,1,0
1523,2025-10-09,4,27,3,2025-10-14,1,0
1524,2025-11-02,3,19,3,2025-11-05,1,0
1525,2024-12-20,2,4,3,2024-12-24,0,0
1526,2024-02-02,1,3,3,2024-02-11,1,0
1527,2025-07-24,2,11,1,2025-07-28,1,0
1528,2024-05-02,4,20,2,2024-05-04,1,0
1529,2024-06-26,1,18,4,2024-06-30,1,0
1530,2024-10-28,3,19,3,2024-10-31,1,0
1531,2024-05-04,3,7,3,2024-05-09,1,0
1532,2025-11-15,4,17,2,2025-11-22,1,0
1533,2024-12-19,1,8,4,2024-12-26,1,0
1534,2024-04-20,2,14,3,2024-04-23,1,0
1535,2024-09-25,4,20,3,2024-10-02,1,0
1536,2024-01-15,4,1,4,2024-01-18,1,0
1537,2025-11-30,2,25,3,2025-12-03,1,0
1538,2025-04-08,2,2,2,2025-04-13,1,0
1539,2024-03-03,3,8,1,2024-03-12,1,0
1540,2025-01-22,4,28,3,2025-01-30,1,0
1541,2025-12-23,4,10,1,2025-12-31,0,0
1542,2025-06-23,2,8,2,2025-06-27,1,0
1543,2024-07-11,2,1,3,2024-07-14,1,0
1544,2024-12-04,1,9,4,2024-12-07,1,0
1545,2024-09-06,4,15,2,2024-09-12,0,0
1546,2024-02-19,2,2,4,2024-02-20,1,0
1547,2024-08-26,2,28,4,2024-08-29,1,0
1548,2024-09-30,3,6,4,2024-10-05,1,0
1549,2025-09-17,2,21,4,2025-09-22,1,0
1550,2024-05-17,4,24,1,2024-05-26,1,0
1551,2025-07-21,2,13,3,2025-07-27,1,0
1552,2024-10-26,3,13,1,2024-10-31,0,0
1553,2024-09-04,1,9,4,2024-09-11,1,0
1554,2025-10-19,1,7,1,2025-10-23,1,0
1555,2024-10-14,3,23,1,2024-10-15,1,1
1556,2024-03-08,4,29,2,2024-03-11,1,0
1557,2024-07-09,1,23,2,2024-07-15,1,0
1558,2025-11-03,1,2,1,2025-11-05,1,0
1559,2024-03-04,2,19,4,2024-03-13,0,0
1560,2025-11-11,3,24,1,2025-11-12,1,0
1561,2024-11-13,2,19,3,2024-11-14,1,0
1562,2025-10-22,1,5,3,2025-10-29,1,0
1563,2025-10-17,4,3,2,2025-10-25,1,0
1564,2024-10-16,4,24,4,2024-10-25,1,0
1565,2024-07-08,1,17,1,2024-07-11,1,0
1566,2024-03-01,2,14,4,2024-03-03,1,0
1567,2025-11-30,3,15,4,2025-12-02,1,0
1568,2024-01-08,1,5,3,2024-01-16,1,0
1569,2024-12-07,3,26,2,2024-12-08,1,0
1570,2025-01-28,1,16,2,2025-02-06,1,0
1571,2024-03-01,1,24,1,2024-03-10,1,1
1572,2024-09-20,2,27,2,2024-09-25,1,0
1573,2025-08-13,3,8,2,2025-08-22,0,0
1574,2024-11-06,4,20,3,2024-11-09,1,0
1575,2025-04-22,2,6,2,2025-04-29,1,0
1576,2024-01-30,2,13,4,2024-02-02,1,0
1577,2025-05-21,3,5,4,2025-05-30,1,0
1578,2024-09-07,1,9,1,2024-09-12,1,0
1579,2024-02-02,3,13,1,2024-02-11,0,0
1580,2024-04-14,2,16,4,2024-04-15,0,0
1581,2025-06-03,3,30,3,2025-06-10,0,0
1582,2024-02-07,2,30,2,2024-02-12,1,0
1583,2024-05-20,1,21,3,2024-05-21,1,0
1584,2025-08-26,3,19,1,2025-08-30,1,0
1585,2025-12-04,4,6,4,2025-12-12,0,0
1586,2024-08-25,3,20,3,2024-08-28,0,0
1587,2024-12-09,4,28,1,2024-12-10,1,0
1588,2025-05-14,3,7,3,2025-05-15,1,0
1589,2024-06-07,1,27,2,2024-06-11,1,0
1590,2025-05-05,4,8,4,2025-05-11,1,0
1591,2025-09-06,2,24,2,2025-09-09,1,0
1592,2025-07-04,3,30,2,2025-07-05,0,0
1593,2025-12-17,1,29,3,2025-12-21,1,0
1594,2025-12-26,4,24,2,2025-12-30,1,0
1595,2025-12-25,1,18,4,2025-12-30,1,0
1596,2025-02-18,4,26,3,2025-02-24,1,0
1597,2024-08-06,3,14,3,2024-08-15,1,0
1598,2024-04-04,4,10,4,2024-04-07,1,0
1599,2025-05-31,1,15,2,2025-06-05,0,0
1600,2024-08-22,3,23,1,2024-08-25,1,0
1601,2024-10-03,2,25,3,2024-10-11,1,0
1602,2025-05-29,2,25,4,2025-06-03,1,0
1603,2025-09-23,3,25,2,2025-10-01,1,0
1604,2025-04-16,4,17,3,2025-04-20,1,0
1605,2025-06-06,4,13,1,2025-06-14,0,0
1606,2024-08-02,3,13,2,2024-08-08,1,0
1607,2024-05-18,2,3,4,2024-05-27,1,0
1608,2025-03-08,3,29,2,2025-03-11,1,0
1609,2025-06-07,4,10,3,2025-06-15,1,0
1610,2024-11-07,3,13,3,2024-11-12,0,0
1611,2024-02-13,4,26,3,2024-02-17,1,0
1612,2025-04-01,4,13,1,2025-04-06,1,0
1613,2024-11-20,4,8,3,2024-11-22,0,0
1614,2025-05-08,4,1,2,2025-05-12,1,0
1615,2025-07-31,4,27,1,2025-08-05,1,0
1616,2025-05-19,4,9,3,2025-05-23,1,0
1617,2024-08-21,1,21,2,2024-08-29,1,0
1618,2024-03-28,2,6,1,2024-03-31,1,0
1619,2025-10-07,4,15,2,2025-10-14,1,0
1620,2024-05-06,4,1,2,2024-05-12,1,0
1621,2025-01-02,2,22,2,2025-01-11,1,0
1622,2025-08-20,2,22,1,2025-08-29,1,0
1623,2024-12-08,1,20,3,2024-12-17,1,0
1624,2025-07-12,3,9,3,2025-07-17,0,0
1625,2025-04-26,3,9,3,2025-05-03,1,0
1626,2025-03-19,3,5,4,2025-03-26,1,0
1627,2024-04-15,2,25,2,2024-04-19,1,0
1628,2025-10-08,1,26,4,2025-10-11,0,0
1629,2024-05-30,2,6,2,2024-06-04,1,0
1630,2025-01-20,3,21,4,2025-01-29,1,0
1631,2025-08-14,3,12,4,2025-08-21,1,0
1632,2024-01-19,4,19,3,2024-01-20,0,0
1633,2025-02-22,3,22,4,2025-03-01,1,0
1634,2025-05-02,2,14,1,2025-05-05,1,0
1635,2024-03-29,4,11,2,2024-04-03,1,0
1636,2024-06-25,1,18,2,2024-07-02,1,0
1637,2024-11-22,1,21,4,2024-11-25,1,0
1638,2025-05-03,3,18,4,2025-05-09,1,0
1639,2025-09-04,1,21,4,2025-09-09,0,0
1640,2025-07-25,1,25,1,2025-07-27,1,0
1641,2025-08-13,2,22,4,2025-08-18,1,0
1642,2025-08-19,3,30,1,2025-08-23,1,0
1643,2024-02-12,3,29,1,2024-02-17,1,0
1644,2024-01-14,1,9,2,2024-01-20,1,0
1645,2025-03-18,4,20,1,2025-03-20,1,0
1646,2024-04-12,3,22,3,2024-04-18,0,0
1647,2024-10-30,1,28,4,2024-11-01,1,0
1648,2025-08-30,3,19,2,2025-09-05,1,0
1649,2025-10-25,4,4,4,2025-11-02,0,0
1650,2024-01-18,3,27,2,2024-01-21,1,0
1651,2024-03-14,3,25,3,2024-03-20,0,1
1652,2024-10-28,2,23,4,2024-10-29,1,0
1653,2024-10-04,3,9,4,2024-10-09,1,0
1654,2024-10-10,3,28,2,2024-10-13,1,0
1655,2025-08-06,4,29,1,2025-08-11,1,0
1656,2024-07-25,2,4,3,2024-07-30,1,0
1657,2025-06-19,2,13,2,2025-06-28,1,0
1658,2025-09-25,1,15,1,2025-10-02,1,0
1659,2024-08-10,1,6,4,2024-08-19,1,0
1660,2024-12-15,2,29,1,2024-12-17,1,0
1661,2025-04-28,1,18,1,2025-05-04,1,0
1662,2024-06-05,3,27,2,2024-06-14,1,0
1663,2025-06-18,2,16,3,2025-06-21,1,0
1664,2024-11-07,4,7,3,2024-11-15,1,0
1665,2025-02-06,3,13,2,2025-02-10,1,0
1666,2024-10-28,1,19,3,2024-10-30,1,0
1667,2024-11-09,2,13,4,2024-11-17,1,0
1668,2024-12-30,1,1,2,2025-01-05,1,0
1669,2025-09-18,1,2,1,2025-09-19,0,0
1670,2024-05-25,3,18,3,2024-05-30,1,0
1671,2025-11-09,3,16,1,2025-11-18,1,0
1672,2024-10-13,1,23,4,2024-10-17,1,0
1673,2025-03-03,2,7,4,2025-03-05,1,0
1674,2025-12-24,2,5,3,2026-01-02,1,0
1675,2025-03-25,4,22,2,2025-04-01,1,1
1676,2024-02-23,4,18,3,2024-03-03,1,0
1677,2024-02-18,2,1,1,2024-02-24,1,0
1678,2025-10-17,3,29,4,2025-10-25,0,0
1679,2024-06-23,2,20,1,2024-06-25,1,0
1680,2024-06-27,2,1,4,2024-07-01,1,0
1681,2024-07-03,4,16,3,2024-07-08,1,0
1682,2024-07-23,1,22,2,2024-08-01,1,0
1683,2024-10-13,1,17,3,2024-10-14,0,0
1684,2024-03-16,3,11,4,2024-03-24,1,0
1685,2024-11-20,2,4,2,2024-11-29,1,0
1686,2024-03-12,2,21,3,2024-03-21,1,0
1687,2024-05-05,4,23,2,2024-05-10,1,0
1688,2024-03-11,3,14,4,2024-03-12,1,0
1689,2024-08-15,3,24,2,2024-08-16,1,0
1690,2025-03-08,2,29,4,2025-03-12,1,0
1691,2025-03-21,4,1,3,2025-03-22,1,0
1692,2025-07-06,2,28,2,2025-07-15,0,0
1693,2025-02-28,1,11,1,2025-03-09,1,0
1694,2025-05-18,2,14,2,2025-05-26,0,0
1695,2024-05-25,2,30,1,2024-05-27,1,0
1696,2024-06-30,2,3,4,2024-07-09,0,0
1697,2025-07-24,3,25,4,2025-07-25,0,0
1698,2025-12-18,3,20,3,2025-12-19,1,0
1699,2024-03-16,2,19,3,2024-03-20,1,0
1700,2025-05-15,4,16,3,2025-05-18,1,0
1701,2024-01-17,1,21,1,2024-01-20,1,0
1702,2024-02-14,1,9,2,2024-02-19,0,0
1703,2025-11-06,4,3,4,2025-11-13,1,0
1704,2025-04-15,1,13,2,2025-04-19,1,0
1705,2025-12-13,4,1,4,2025-12-17,1,0
1706,2025-06-11,3,14,2,2025-06-20,1,0
1707,2025-05-04,3,21,4,2025-05-09,1,0
1708,2024-06-09,2,29,2,2024-06-13,0,0
1709,2025-04-01,3,18,3,2025-04-07,1,0
1710,2024-02-03,2,22,1,2024-02-05,1,0
1711,2024-07-03,2,11,3,2024-07-04,1,0
1712,2024-12-27,2,17,4,2024-12-31,1,0
1713,2024-04-20,2,17,3,2024-04-26,1,0
1714,2025-01-03,1,28,4,2025-01-08,1,0
1715,2024-02-27,2,15,2,2024-03-05,1,0
1716,2025-07-10,2,3,4,2025-07-17,1,0
1717,2024-12-08,2,6,2,2024-12-09,1,0
1718,2024-08-01,1,3,2,2024-08-03,0,0
1719,2024-11-24,2,30,2,2024-11-28,1,0
1720,2025-09-03,4,11,1,2025-09-07,1,0
1721,2025-04-20,4,17,4,2025-04-23,1,0
1722,2024-02-22,2,13,2,2024-02-26,1,0
1723,2025-02-02,1,27,4,2025-02-07,1,0
1724,2025-09-18,3,7,4,2025-09-22,1,0
1725,2024-04-26,4,21,1,2024-04-28,1,0
1726,2025-08-22,1,29,1,2025-08-25,1,1
1727,2025-01-12,2,8,3,2025-01-14,1,0
1728,2025-08-28,4,14,3,2025-09-05,1,0
1729,2024-08-13,2,14,2,2024-08-16,1,0
1730,2025-03-16,2,6,4,2025-03-18,1,0
1731,2025-09-07,4,5,2,2025-09-09,1,0
1732,2025-09-24,3,14,1,2025-09-27,1,0
1733,2025-10-30,3,22,2,2025-11-01,0,0
1734,2025-03-13,4,28,4,2025-03-21,1,0
1735,2024-04-12,4,19,1,2024-04-14,1,0
1736,2024-07-05,4,13,2,2024-07-11,1,0
1737,2024-04-05,4,22,4,2024-04-12,1,0
1738,2024-07-28,1,25,3,2024-08-02,1,0
1739,2025-06-19,3,26,1,2025-06-25,1,0
1740,2025-06-27,2,15,2,2025-07-03,1,0
1741,2024-02-24,4,17,3,2024-03-04,1,0
1742,2024-04-29,4,23,4,2024-05-08,1,0
1743,2024-05-16,1,5,3,2024-05-22,1,0
1744,2024-02-25,4,27,4,2024-02-27,1,0
1745,2024-12-30,1,3,4,2025-01-03,1,0
1746,2024-09-08,2,6,1,2024-09-11,1,0
1747,2025-04-02,2,23,3,2025-04-11,1,0
1748,2024-07-29,3,7,3,2024-08-06,1,1
1749,2025-03-21,4,27,3,2025-03-27,1,0
1750,2024-10-18,2,22,1,2024-10-24,0,0
1751,2025-01-14,2,9,4,2025-01-23,1,0
1752,2025-12-30,3,14,3,2026-01-02,0,1
1753,2024-01-13,4,21,1,2024-01-18,1,0
1754,2025-05-16,2,10,2,2025-05-22,1,0
1755,2024-06-01,1,18,2,2024-06-07,1,0
1756,2025-05-15,2,8,1,2025-05-17,1,0
1757,2025-07-31,4,23,3,2025-08-09,1,0
1758,2024-05-20,3,26,2,2024-05-28,1,0
1759,2025-06-18,1,17,4,2025-06-21,1,0
1760,2025-01-17,1,4,3,2025-01-25,0,0
1761,2025-09-08,1,23,1,2025-09-16,1,0
1762,2025-12-12,4,13,2,2025-12-20,1,0
1763,2024-02-06,2,23,4,2024-02-12,1,0
1764,2024-07-13,2,28,1,2024-07-21,1,1
1765,2025-08-30,1,15,4,2025-09-07,1,0
1766,2024-10-26,3,28,1,2024-11-03,1,0
1767,2025-04-18,1,25,4,2025-04-25,1,0
1768,2024-11-16,3,2,1,2024-11-20,1,0
1769,2024-06-14,2,24,1,2024-06-23,1,0
1770,2024-12-20,2,23,2,2024-12-27,1,0
1771,2025-07-08,4,14,3,2025-07-10,1,0
1772,2024-05-05,2,19,2,2024-05-12,1,0
1773,2025-07-20,3,14,2,2025-07-26,1,0
1774,2025-10-29,3,20,4,2025-11-07,1,0
1775,2024-04-02,3,27,3,2024-04-09,0,0
1776,2024-09-10,4,5,4,2024-09-13,1,0
1777,2025-11-10,3,15,2,2025-11-12,0,0
1778,2025-08-18,1,9,3,2025-08-22,1,0
1779,2024-11-22,2,15,3,2024-11-27,1,0
1780,2024-10-19,1,6,4,2024-10-26,1,0
1781,2024-05-18,2,8,3,2024-05-21,1,0
1782,2024-09-25,4,12,3,2024-10-01,0,0
1783,2024-05-12,3,1,1,2024-05-17,1,0
1784,2025-03-22,2,1,4,2025-03-30,0,0
1785,2025-12-14,3,23,4,2025-12-23,1,0
1786,2024-03-27,2,18,3,2024-03-28,1,0
1787,2024-04-13,2,20,3,2024-04-22,0,0
1788,2025-03-05,2,23,3,2025-03-12,1,0
1789,2025-06-20,1,13,1,2025-06-26,0,0
1790,2024-09-22,2,6,4,2024-09-29,1,0
1791,2025-01-09,2,10,4,2025-01-11,1,0
1792,2024-09-09,3,9,2,2024-09-10,0,0
1793,2024-07-11,4,8,4,2024-07-18,1,0
1794,2024-02-29,2,24,2,2024-03-06,1,0
1795,2024-11-27,3,5,3,2024-11-30,1,0
1796,2025-03-19,2,10,4,2025-03-20,1,0
1797,2025-06-10,1,12,1,2025-06-17,1,0
1798,2025-01-25,3,29,2,2025-01-28,1,0
1799,2024-12-29,2,5,4,2025-01-04,1,0
1800,2025-06-08,2,14,1,2025-06-16,1,0
1801,2025-12-07,2,29,4,2025-12-11,1,0
1802,2024-01-03,1,17,2,2024-01-08,1,0
1803,2025-06-16,1,2,4,2025-06-22,1,0
1804,2024-05-12,4,15,3,2024-05-13,1,0
1805,2025-06-24,3,16,3,2025-07-02,1,0
1806,2025-03-09,2,15,4,2025-03-17,1,0
1807,2025-08-07,1,12,2,2025-08-12,0,0
1808,2024-09-25,4,27,3,2024-09-27,1,0
1809,2025-08-26,1,1,1,2025-09-04,1,0
1810,2024-12-01,2,21,1,2024-12-08,1,0
1811,2025-02-12,3,17,3,2025-02-19,1,0
1812,2025-01-30,2,18,1,2025-02-08,1,0
1813,2024-12-05,1,9,1,2024-12-09,1,0
1814,2024-05-18,3,2,3,2024-05-27,1,0
1815,2025-02-20,3,20,2,2025-02-28,1,0
1816,2024-06-04,2,6,1,2024-06-11,1,0
1817,2025-08-10,4,4,4,2025-08-17,1,0
1818,2024-08-21,4,1,4,2024-08-30,1,0
1819,2025-09-18,2,29,1,2025-09-27,1,1
1820,2024-04-14,3,16,3,2024-04-16,1,0
1821,2024-09-30,1,10,1,2024-10-06,0,0
1822,2024-05-18,2,11,1,2024-05-23,1,0
1823,2024-07-16,4,30,3,2024-07-19,1,0
1824,2025-12-09,4,27,4,2025-12-15,1,0
1825,2025-03-08,4,12,3,2025-03-12,1,0
1826,2024-02-07,2,18,4,2024-02-16,1,0
1827,2025-08-19,4,19,1,2025-08-21,1,0
1828,2024-06-03,2,22,1,2024-06-07,1,0
1829,2024-03-21,4,18,1,2024-03-24,1,0
1830,2025-03-31,2,1,4,2025-04-05,1,0
1831,2025-06-28,4,12,1,2025-06-29,1,0
1832,2024-12-02,1,18,3,2024-12-10,1,0
1833,2025-06-13,1,18,4,2025-06-17,1,0
1834,2024-08-27,2,7,1,2024-08-28,1,0
1835,2025-05-07,4,3,2,2025-05-16,1,0
1836,2025-07-20,2,20,4,2025-07-22,1,0
1837,2025-11-17,4,14,1,2025-11-25,0,0
1838,2025-03-19,1,24,2,2025-03-21,0,0
1839,2025-02-04,4,11,2,2025-02-08,1,0
1840,2024-10-11,2,14,2,2024-10-19,1,0
1841,2025-01-14,1,6,1,2025-01-18,1,0
1842,2024-06-10,4,26,1,2024-06-19,0,0
1843,2024-09-30,2,26,1,2024-10-01,1,0
1844,2024-08-06,2,24,1,2024-08-12,1,0
1845,2025-08-04,4,25,2,2025-08-10,1,0
1846,2025-03-07,2,7,1,2025-03-08,1,0
1847,2024-02-27,1,29,3,2024-03-05,1,0
1848,2025-08-01,3,11,1,2025-08-04,1,0
1849,2025-08-11,1,12,2,2025-08-15,1,0
1850,2025-11-17,4,13,2,2025-11-26,0,0
1851,2024-06-28,3,9,1,2024-07-04,1,0
1852,2024-11-03,1,6,2,2024-11-11,1,0
1853,2025-05-08,3,3,3,2025-05-09,1,0
1854,2024-12-05,4,8,3,2024-12-11,1,0
1855,2025-07-24,2,9,4,2025-08-01,1,0
1856,2024-09-04,4,15,3,2024-09-10,0,0
1857,2025-11-25,4,13,3,2025-12-02,1,0
1858,2024-02-29,1,29,2,2024-03-08,1,0
1859,2024-12-18,3,11,2,2024-12-26,1,0
1860,2025-11-07,3,25,1,2025-11-11,1,0
1861,2024-08-17,2,14,2,2024-08-24,1,0
1862,2024-08-05,3,30,3,2024-08-14,1,0
1863,2025-07-22,4,27,3,2025-07-23,1,0
1864,2025-07-26,2,14,1,2025-07-29,1,0
1865,2025-05-31,4,14,3,2025-06-07,1,0
1866,2024-08-10,1,22,2,2024-08-18,1,0
1867,2025-10-05,1,11,3,2025-10-07,1,0
1868,2024-06-20,3,10,1,2024-06-29,0,0
1869,2025-06-01,3,23,1,2025-06-09,1,0
1870,2024-08-06,4,20,3,2024-08-14,1,0
1871,2025-08-13,3,19,4,2025-08-14,0,0
1872,2025-08-16,4,24,3,2025-08-24,1,0
1873,2024-11-11,3,9,3,2024-11-15,1,0
1874,2025-10-25,1,11,2,2025-10-31,1,0
1875,2024-02-28,3,4,1,2024-02-29,1,0
1876,2024-09-11,1,27,1,2024-09-18,1,0
1877,2024-12-15,1,18,1,2024-12-17,1,0
1878,2025-02-08,1,3,1,2025-02-16,1,0
1879,2025-06-06,4,8,2,2025-06-09,1,0
1880,2025-11-12,4,12,2,2025-11-18,0,0
1881,2025-05-07,1,7,1,2025-05-15,1,0
1882,2024-02-26,1,26,1,2024-03-02,0,0
1883,2025-06-09,4,11,2,2025-06-18,1,0
1884,2025-01-05,1,18,2,2025-01-13,1,0
1885,2025-06-09,3,25,4,2025-06-16,1,0
1886,2024-03-16,1,17,3,2024-03-19,1,0
1887,2024-07-14,2,23,2,2024-07-19,1,0
1888,2025-10-07,4,28,4,2025-10-14,1,1
1889,2024-02-21,3,21,1,2024-03-01,1,0
1890,2024-05-28,2,5,2,2024-06-01,1,0
1891,2025-08-24,4,1,3,2025-09-02,1,0
1892,2025-12-01,2,26,1,2025-12-02,1,0
1893,2024-05-21,3,28,1,2024-05-30,1,0
1894,2025-02-15,2,17,1,2025-02-22,1,0
1895,2025-06-01,2,24,3,2025-06-10,1,0
1896,2025-12-08,4,7,2,2025-12-14,1,0
1897,2024-12-14,1,22,2,2024-12-20,1,0
1898,2024-08-21,1,12,4,2024-08-22,1,0
1899,2025-05-15,2,26,4,2025-05-23,1,0
1900,2025-09-23,3,8,3,2025-09-26,1,0
1901,2024-09-10,3,16,3,2024-09-19,1,0
1902,2024-04-19,1,5,2,2024-04-22,0,0
1903,2025-11-14,4,8,1,2025-11-20,1,0
1904,2025-05-19,3,21,3,2025-05-20,1,0
1905,2025-08-14,3,21,1,2025-08-22,1,0
1906,2025-11-01,4,17,3,2025-11-08,0,0
1907,2025-08-20,2,28,3,2025-08-23,1,0
1908,2024-08-25,2,20,4,2024-08-29,1,0
1909,2024-12-12,4,6,3,2024-12-15,1,0
1910,2024-07-02,1,17,3,2024-07-05,1,0
1911,2025-12-06,2,25,4,2025-12-11,1,0
1912,2024-07-06,1,11,4,2024-07-10,1,0
1913,2025-12-27,2,13,3,2025-12-28,1,0
1914,2024-10-20,1,5,3,2024-10-21,1,1
1915,2025-08-31,4,27,1,2025-09-05,1,0
1916,2025-02-18,3,20,3,2025-02-21,0,0
1917,2024-11-18,4,13,1,2024-11-20,1,0
1918,2025-06-14,1,22,4,2025-06-17,1,0
1919,2024-11-18,2,2,1,2024-11-27,1,0
1920,2024-06-14,2,13,3,2024-06-22,1,0
1921,2024-07-15,2,20,4,2024-07-16,0,0
1922,2025-04-26,2,5,1,2025-05-05,1,0
1923,2025-03-16,2,21,3,2025-03-22,1,0
1924,2025-10-29,2,7,2,2025-11-03,1,0
1925,2024-07-20,3,29,1,2024-07-21,0,0
1926,2025-09-28,3,10,4,2025-10-04,0,0
1927,2024-05-13,3,9,1,2024-05-16,1,0
1928,2024-07-18,4,10,2,2024-07-25,0,0
1929,2024-12-21,4,5,2,2024-12-30,1,0
1930,2024-08-24,4,8,3,2024-08-28,1,0
1931,2024-08-07,2,6,3,2024-08-10,1,0
1932,2025-02-28,3,18,2,2025-03-04,1,1
1933,2025-09-10,2,20,1,2025-09-18,1,0
1934,2024-06-16,4,2,3,2024-06-19,1,0
1935,2025-03-01,3,16,1,2025-03-07,1,0
1936,2024-06-01,1,26,2,2024-06-06,1,0
1937,2025-04-25,1,3,3,2025-04-30,1,0
1938,2025-07-26,3,16,4,2025-08-02,0,0
1939,2025-07-21,1,10,2,2025-07-29,1,0
1940,2024-03-21,1,27,4,2024-03-28,1,0
1941,2025-04-23,4,2,1,2025-04-29,1,0
1942,2024-05-07,2,10,2,2024-05-10,1,0
1943,2024-12-15,4,18,2,2024-12-18,0,0
1944,2024-04-06,4,25,2,2024-04-12,1,0
1945,2025-03-04,2,6,4,2025-03-11,1,0
1946,2024-10-14,2,6,3,2024-10-15,1,0
1947,2025-08-30,1,26,1,2025-09-04,1,0
1948,2024-07-09,2,27,3,2024-07-14,1,0
1949,2024-08-27,1,14,4,2024-09-05,1,0
1950,2024-03-26,3,27,4,2024-03-30,1,0
1951,2024-07-25,1,12,2,2024-07-28,1,0
1952,2025-06-21,1,20,3,2025-06-23,0,0
1953,2025-06-25,3,26,4,2025-06-26,1,0
1954,2025-08-03,2,18,1,2025-08-11,0,0
1955,2024-09-02,2,22,4,2024-09-03,0,0
1956,2025-12-30,2,8,4,2026-01-04,1,0
1957,2024-01-17,4,16,2,2024-01-26,1,1
1958,2024-12-26,2,22,2,2024-12-29,1,0
1959,2024-01-20,3,11,3,2024-01-29,1,0
1960,2025-06-12,1,25,1,2025-06-20,1,0
1961,2025-01-24,1,25,2,2025-01-30,1,0
1962,2024-10-29,2,10,1,2024-10-31,1,0
1963,2024-01-26,1,6,3,2024-01-29,1,1
1964,2024-04-18,4,23,1,2024-04-21,1,0
1965,2025-08-26,1,16,1,2025-08-29,1,1
1966,2025-05-12,3,13,3,2025-05-17,1,0
1967,2024-07-05,4,13,2,2024-07-10,0,0
1968,2025-11-02,1,19,3,2025-11-08,1,0
1969,2024-06-17,4,4,4,2024-06-18,1,0
1970,2025-04-05,1,21,4,2025-04-13,0,0
1971,2024-04-26,3,19,4,2024-04-27,1,0
1972,2024-12-25,2,11,3,2024-12-27,1,0
1973,2024-05-13,4,30,1,2024-05-15,0,0
1974,2025-07-03,4,1,3,2025-07-09,1,0
1975,2024-04-11,3,29,3,2024-04-13,0,0
1976,2025-11-26,4,3,3,2025-12-01,1,0
1977,2024-07-17,2,6,2,2024-07-25,1,0
1978,2024-12-14,2,15,4,2024-12-19,1,0
1979,2024-02-27,1,4,1,2024-03-03,1,0
1980,2024-11-07,3,23,1,2024-11-14,1,0
1981,2024-08-05,1,18,4,2024-08-12,1,0
1982,2025-12-11,2,23,2,2025-12-19,1,0
1983,2025-07-29,2,7,3,2025-08-05,0,1
1984,2025-07-05,3,21,2,2025-07-11,1,0
1985,2024-11-28,2,28,2,2024-12-01,1,0
1986,2025-09-05,1,30,2,2025-09-06,1,0
1987,2024-06-03,1,23,4,2024-06-05,1,0
1988,2025-10-10,4,17,1,2025-10-18,1,0
1989,2024-08-03,4,8,2,2024-08-10,1,0
1990,2025-04-27,2,2,4,2025-05-05,1,0
1991,2025-03-05,2,23,2,2025-03-12,1,0
1992,2024-06-09,2,1,2,2024-06-10,1,0
1993,2024-04-09,1,14,3,2024-04-17,1,0
1994,2024-06-29,3,17,1,2024-07-07,1,0
1995,2024-06-03,1,7,1,2024-06-10,1,0
1996,2024-08-27,2,13,1,2024-08-31,1,0
1997,2024-08-21,2,22,1,2024-08-25,0,0
1998,2025-10-24,1,16,2,2025-10-26,1,0
1999,2024-10-28,2,9,2,2024-10-29,1,0
2000,2024-04-27,1,11,1,2024-04-28,1,0
2001,2024-12-01,1,21,4,2024-12-04,1,0
2002,2025-04-03,2,24,3,2025-04-09,0,0
2003,2024-12-13,4,29,3,2024-12-19,1,0
2004,2024-05-31,2,15,4,2024-06-06,1,0
2005,2024-03-03,4,28,3,2024-03-07,1,0
2006,2024-10-24,2,27,4,2024-10-27,0,0
2007,2025-04-21,3,20,3,2025-04-23,1,0
2008,2024-08-15,2,27,2,2024-08-17,1,0
2009,2024-11-22,2,2,2,2024-11-29,1,1
2010,2024-10-18,1,3,1,2024-10-25,1,0
2011,2025-07-14,2,19,3,2025-07-20,1,0
2012,2025-11-19,2,13,1,2025-11-28,1,0
2013,2025-03-25,1,28,4,2025-03-27,1,0
2014,2025-01-28,3,10,2,2025-01-29,1,0
2015,2024-07-01,2,8,1,2024-07-04,1,0
2016,2024-11-29,4,25,1,2024-12-08,1,0
2017,2024-11-07,2,30,2,2024-11-15,0,0
2018,2025-02-06,1,20,3,2025-02-14,1,0
2019,2025-07-04,2,20,3,2025-07-11,1,0
2020,2024-03-02,3,12,2,2024-03-04,1,0
2021,2024-08-25,4,6,3,2024-09-02,0,0
2022,2025-06-22,4,3,3,2025-06-29,1,0
2023,2024-03-15,2,29,1,2024-03-19,1,0
2024,2024-04-06,3,15,4,2024-04-07,1,0
2025,2025-12-18,1,6,1,2025-12-25,1,0
2026,2024-03-05,4,3,3,2024-03-08,1,0
2027,2024-03-27,2,13,2,2024-04-03,1,0
2028,2024-01-29,1,14,4,2024-01-30,1,0
2029,2025-12-11,4,27,4,2025-12-18,1,0
2030,2024-10-29,1,7,2,2024-11-05,1,0
2031,2025-03-13,3,8,2,2025-03-21,1,0
2032,2024-06-13,1,30,1,2024-06-17,1,0
2033,2024-01-19,2,11,2,2024-01-21,1,0
2034,2025-11-24,1,10,1,2025-11-25,1,0
2035,2025-01-15,3,21,1,2025-01-24,0,0
2036,2024-04-10,2,15,1,2024-04-17,1,0
2037,2025-10-28,3,22,3,2025-11-05,1,0
2038,2024-02-11,2,8,4,2024-02-14,0,0
2039,2025-09-25,2,2,4,2025-09-27,1,0
2040,2025-02-24,4,29,3,2025-03-02,1,0
2041,2025-05-25,1,3,3,2025-05-31,1,0
2042,2025-09-06,4,6,3,2025-09-11,0,0
2043,2024-08-11,2,12,2,2024-08-15,1,0
2044,2025-09-17,4,16,4,2025-09-25,1,0
2045,2024-05-28,4,25,3,2024-06-01,1,0
2046,2025-03-13,4,15,2,2025-03-15,1,0
2047,2024-05-19,2,1,3,2024-05-24,1,0
2048,2024-11-30,4,5,4,2024-12-03,1,0
2049,2024-03-09,2,9,1,2024-03-15,1,0
2050,2025-01-08,1,16,1,2025-01-09,1,0
2051,2025-03-19,4,28,1,2025-03-21,1,0
2052,2025-11-20,3,5,1,2025-11-25,1,0
2053,2024-11-23,1,16,2,2024-11-25,1,0
2054,2024-09-22,4,16,1,2024-09-25,1,0
2055,2025-12-11,2,2,3,2025-12-14,1,0
2056,2024-02-14,2,3,3,2024-02-23,1,0
2057,2024-06-01,4,21,1,2024-06-06,1,0
2058,2025-08-26,3,13,2,2025-09-04,1,0
2059,2025-05-03,2,1,3,2025-05-12,1,0
2060,2024-02-13,4,5,2,2024-02-19,1,0
2061,2024-05-11,4,23,1,2024-05-20,1,0
2062,2024-10-12,1,24,2,2024-10-14,1,0
2063,2024-01-11,2,1,1,2024-01-19,1,0
2064,2024-11-04,3,13,1,2024-11-08,1,0
2065,2024-12-29,4,25,3,2025-01-07,1,0
2066,2025-06-19,3,3,2,2025-06-23,1,0
2067,2024-08-25,2,17,4,2024-09-01,0,0
2068,2024-12-08,4,9,2,2024-12-09,1,0
2069,2024-01-18,2,8,2,2024-01-24,1,0
2070,2024-11-27,1,27,3,2024-12-05,1,0
2071,2025-05-31,1,7,2,2025-06-03,1,0
2072,2024-06-19,3,23,3,2024-06-24,0,0
2073,2024-11-25,1,26,1,2024-12-02,0,0
2074,2025-01-12,4,15,2,2025-01-16,1,0
2075,2025-04-03,2,6,2,2025-04-11,1,0
2076,2025-01-25,3,18,2,2025-01-27,1,0
2077,2025-05-06,1,20,4,2025-05-15,1,1
2078,2024-06-29,1,18,4,2024-07-02,1,0
2079,2025-05-30,1,25,4,2025-05-31,1,0
2080,2025-10-19,3,14,3,2025-10-23,1,0
2081,2024-10-30,1,25,1,2024-10-31,0,0
2082,2025-01-30,4,20,1,2025-02-05,1,0
2083,2025-10-15,3,18,2,2025-10-18,1,0
2084,2025-02-04,2,30,4,2025-02-05,0,0
2085,2025-06-02,3,19,1,2025-06-04,0,0
2086,2025-05-26,1,21,1,2025-06-01,0,0
2087,2025-10-23,3,28,4,2025-10-24,0,0
2088,2025-01-17,2,3,1,2025-01-22,1,0
2089,2024-12-29,2,7,2,2025-01-05,1,0
2090,2024-03-02,3,6,1,2024-03-03,1,0
2091,2025-06-08,4,3,1,2025-06-12,0,0
2092,2025-07-10,1,20,4,2025-07-17,1,0
2093,2024-03-30,3,13,1,2024-04-06,1,0
2094,2024-10-26,2,6,3,2024-11-03,1,0
2095,2024-07-07,3,24,4,2024-07-13,0,0
2096,2025-06-15,4,20,2,2025-06-20,1,0
2097,2024-05-31,2,23,3,2024-06-05,1,0
2098,2024-02-29,2,15,1,2024-03-06,1,1
2099,2025-10-16,2,30,4,2025-10-21,1,0
2100,2025-02-04,1,15,4,2025-02-06,1,0
2101,2025-09-27,3,4,2,2025-10-01,0,0
2102,2024-09-25,3,10,1,2024-09-26,0,0
2103,2024-02-11,1,12,3,2024-02-18,1,0
2104,2024-04-09,2,6,1,2024-04-11,1,0
2105,2024-02-15,4,6,4,2024-02-18,1,0
2106,2024-08-30,3,11,4,2024-09-03,0,1
2107,2024-01-21,4,8,3,2024-01-26,1,0
2108,2024-06-15,3,21,4,2024-06-16,0,0
2109,2024-05-03,1,12,1,2024-05-08,1,0
2110,2024-04-02,3,5,3,2024-04-08,1,0
2111,2024-08-13,1,22,1,2024-08-20,1,0
2112,2024-07-17,4,6,3,2024-07-21,1,0
2113,2024-10-27,4,5,4,2024-10-30,0,0
2114,2025-06-15,1,4,3,2025-06-17,1,0
2115,2024-11-09,3,13,2,2024-11-13,1,0
2116,2024-01-16,3,30,1,2024-01-23,1,0
2117,2024-10-10,3,26,4,2024-10-13,1,0
2118,2024-06-05,4,12,4,2024-06-14,1,0
2119,2024-07-01,3,13,4,2024-07-09,1,0
2120,2024-06-02,1,25,4,2024-06-08,1,0
2121,2024-04-09,2,7,4,2024-04-11,1,0
2122,2025-07-09,1,9,3,2025-07-13,1,0
2123,2025-05-22,2,16,3,2025-05-27,1,0
2124,2024-09-15,3,9,2,2024-09-16,1,0
2125,2024-10-28,2,12,2,2024-10-29,1,0
2126,2024-08-20,1,28,3,2024-08-27,1,0
2127,2025-09-13,1,27,3,2025-09-22,0,0
2128,2025-10-13,3,11,4,2025-10-16,0,0
2129,2024-11-02,3,24,4,2024-11-05,1,0
2130,2025-06-29,1,16,2,2025-07-04,1,0
2131,2025-12-17,4,4,2,2025-12-26,1,0
2132,2024-03-18,4,2,3,2024-03-20,1,0
2133,2025-11-06,4,3,3,2025-11-08,1,1
2134,2024-02-24,1,4,4,2024-03-03,1,0
2135,2024-06-03,2,2,1,2024-06-07,0,0
2136,2024-09-23,3,21,4,2024-09-29,1,0
2137,2024-09-10,2,8,2,2024-09-18,1,0
2138,2024-05-11,3,26,2,2024-05-12,1,0
2139,2024-09-08,3,9,3,2024-09-11,1,0
2140,2025-07-22,3,24,2,2025-07-28,1,0
2141,2025-02-06,4,29,2,2025-02-10,1,0
2142,2024-01-23,4,16,2,2024-01-28,1,0
2143,2025-09-23,2,24,3,2025-09-28,1,0
2144,2024-11-04,3,20,2,2024-11-05,1,0
2145,2024-09-27,2,28,4,2024-09-29,1,0
2146,2025-10-27,1,9,2,2025-11-04,1,0
2147,2024-10-28,4,27,4,2024-10-30,1,0
2148,2025-12-08,4,22,4,2025-12-12,1,0
2149,2024-08-03,1,13,1,2024-08-11,1,0
2150,2025-01-15,2,17,2,2025-01-19,1,0
2151,2024-06-29,4,4,3,2024-07-02,1,0
2152,2025-07-20,3,30,2,2025-07-21,1,0
2153,2024-08-29,4,28,1,2024-09-05,0,0
2154,2025-04-26,2,26,4,2025-05-05,1,0
2155,2025-10-28,3,5,1,2025-11-05,1,0
2156,2024-06-23,1,6,4,2024-06-29,1,0
2157,2024-12-30,2,7,1,2025-01-02,1,0
2158,2025-06-06,3,3,3,2025-06-15,1,0
2159,2025-06-29,4,19,3,2025-07-07,1,0
2160,2025-06-02,3,29,1,2025-06-09,0,0
2161,2024-02-09,4,9,2,2024-02-17,1,0
2162,2024-09-02,4,1,2,2024-09-09,1,0
2163,2025-06-21,2,5,1,2025-06-24,0,0
2164,2024-03-06,2,16,3,2024-03-08,1,0
2165,2024-10-27,2,15,1,2024-10-31,1,0
2166,2024-08-31,3,7,1,2024-09-01,0,0
2167,2025-12-14,1,23,4,2025-12-20,0,0
2168,2024-10-16,3,6,4,2024-10-22,1,0
2169,2025-11-03,3,25,1,2025-11-11,1,0
2170,2025-02-14,2,24,2,2025-02-23,1,0
2171,2024-11-06,1,15,1,2024-11-13,0,0
2172,2024-11-03,4,19,1,2024-11-11,1,0
2173,2025-02-19,4,1,2,2025-02-25,1,0
2174,2024-02-06,3,20,3,2024-02-07,1,0
2175,2024-02-02,3,2,4,2024-02-04,1,0
2176,2025-11-26,3,8,2,2025-12-01,1,0
2177,2024-12-03,3,10,1,2024-12-08,1,0
2178,2025-10-18,2,19,3,2025-10-24,1,0
2179,2025-01-21,1,7,2,2025-01-30,1,0
2180,2025-12-30,2,6,4,2026-01-01,1,0
2181,2024-02-02,2,19,4,2024-02-04,1,0
2182,2025-12-16,2,2,1,2025-12-20,1,0
2183,2025-01-28,3,5,2,2025-02-06,1,0
2184,2024-01-12,4,9,4,2024-01-18,0,0
2185,2025-05-20,4,21,1,2025-05-23,1,0
2186,2024-03-15,2,16,4,2024-03-23,1,0
2187,2025-03-03,1,24,2,2025-03-07,1,0
2188,2025-01-10,3,7,4,2025-01-18,1,0
2189,2025-06-21,2,7,2,2025-06-25,1,0
2190,2025-06-08,4,30,1,2025-06-11,1,0
2191,2025-07-29,4,13,3,2025-08-04,1,0
2192,2024-10-07,3,30,2,2024-10-11,1,0
2193,2024-12-12,2,16,1,2024-12-14,1,0
2194,2024-02-26,1,26,4,2024-03-01,1,0
2195,2024-06-14,3,24,1,2024-06-20,1,0
2196,2025-07-16,3,26,3,2025-07-22,1,0
2197,2025-01-31,1,4,2,2025-02-01,1,0
2198,2024-07-24,3,10,3,2024-07-30,1,0
2199,2025-04-07,4,19,4,2025-04-12,1,0
2200,2025-03-04,2,7,1,2025-03-10,1,0
2201,2025-07-14,1,8,1,2025-07-23,1,0
2202,2025-05-30,2,15,3,2025-06-03,1,0
2203,2025-01-30,4,15,4,2025-02-06,1,0
2204,2024-02-26,1,22,2,2024-02-29,0,1
2205,2025-01-21,3,1,4,2025-01-25,0,0
2206,2025-06-13,4,12,2,2025-06-20,1,0
2207,2024-10-18,4,26,4,2024-10-25,1,0
2208,2025-08-02,2,18,2,2025-08-05,1,0
2209,2024-11-01,4,18,2,2024-11-06,1,0
2210,2025-05-04,1,30,3,2025-05-08,1,0
2211,2025-02-12,3,27,3,2025-02-20,1,0
2212,2025-07-29,3,3,3,2025-08-03,1,0
2213,2024-11-17,4,29,3,2024-11-20,1,0
2214,2025-12-12,1,3,3,2025-12-20,0,0
2215,2024-12-16,4,20,4,2024-12-23,1,0
2216,2024-09-17,4,7,4,2024-09-23,0,0
2217,2024-12-31,1,20,3,2025-01-04,1,0
2218,2024-05-10,1,7,1,2024-05-13,1,0
2219,2025-09-29,3,22,2,2025-10-01,1,0
2220,2024-10-22,3,27,4,2024-10-23,1,0
2221,2024-02-20,4,18,2,2024-02-22,1,0
2222,2024-07-28,1,26,3,2024-07-29,1,0
2223,2025-04-22,4,29,1,2025-04-30,1,0
2224,2024-11-07,3,19,2,2024-11-09,1,0
2225,2024-10-21,1,8,2,2024-10-22,1,0
2226,2025-03-27,3,26,2,2025-04-05,1,0
2227,2025-01-29,3,1,2,2025-02-07,1,0
2228,2025-09-15,4,25,1,2025-09-21,1,0
2229,2025-03-16,4,24,3,2025-03-19,1,0
2230,2025-01-17,1,8,1,2025-01-26,0,1
2231,2025-03-31,2,26,3,2025-04-07,1,0
2232,2025-10-15,4,21,2,2025-10-17,0,0
2233,2024-09-14,3,23,2,2024-09-22,0,0
2234,2025-01-31,4,21,2,2025-02-04,1,0
2235,2025-12-14,2,12,3,2025-12-21,1,0
2236,2024-07-06,3,21,4,2024-07-09,1,0
2237,2025-08-18,4,25,4,2025-08-25,1,0
2238,2025-03-17,4,18,4,2025-03-19,1,0
2239,2025-09-29,1,2,2,2025-10-08,1,0
2240,2024-01-25,2,15,1,2024-01-30,1,0
2241,2025-05-12,1,6,4,2025-05-14,1,0
2242,2025-03-23,3,15,4,2025-04-01,0,0
2243,2024-11-20,1,10,2,2024-11-29,1,0
2244,2024-08-16,2,1,1,2024-08-23,1,0
2245,2025-09-24,4,2,2,2025-09-29,0,0
2246,2024-04-20,4,4,4,2024-04-24,1,0
2247,2024-10-17,4,14,1,2024-10-21,1,0
2248,2024-01-06,3,17,1,2024-01-10,1,0
2249,2024-09-27,4,5,4,2024-09-28,1,0
2250,2024-02-21,3,5,4,2024-02-24,0,0
2251,2024-04-04,3,23,1,2024-04-13,1,0
2252,2024-06-05,2,6,2,2024-06-13,0,1
2253,2024-01-22,2,28,4,2024-01-24,1,0
2254,2024-01-02,1,17,2,2024-01-07,1,0
2255,2025-05-23,2,2,2,2025-05-28,1,0
2256,2025-08-09,2,28,4,2025-08-18,1,0
2257,2024-03-25,4,10,4,2024-03-27,1,0
2258,2025-08-02,1,29,3,2025-08-07,1,0
2259,2024-05-25,4,25,2,2024-05-31,1,0
2260,2024-08-05,2,1,3,2024-08-06,1,1
2261,2024-09-03,3,9,3,2024-09-10,1,0
2262,2025-08-26,4,25,1,2025-08-27,1,0
2263,2024-12-14,1,24,1,2024-12-16,1,0
2264,2025-11-05,2,12,4,2025-11-08,0,0
2265,2024-04-23,4,14,1,2024-04-25,1,0
2266,2024-03-21,2,20,4,2024-03-27,1,0
2267,2025-09-30,3,26,4,2025-10-09,0,0
2268,2024-10-05,2,15,3,2024-10-11,0,1
2269,2024-02-04,3,26,1,2024-02-10,1,1
2270,2024-06-23,1,2,4,2024-06-26,1,0
2271,2024-12-14,4,17,4,2024-12-18,1,0
2272,2024-02-10,1,25,3,2024-02-15,1,0
2273,2024-06-23,3,8,4,2024-06-26,1,0
2274,2025-04-01,4,18,2,2025-04-09,1,0
2275,2024-03-31,2,17,4,2024-04-09,1,0
2276,2024-12-15,3,1,4,2024-12-21,1,0
2277,2024-03-30,2,25,1,2024-03-31,0,0
2278,2025-01-22,3,11,3,2025-01-31,1,0
2279,2024-03-27,3,18,1,2024-04-03,1,1
2280,2024-11-28,2,19,4,2024-12-02,1,0
2281,2025-06-21,1,24,4,2025-06-26,1,0
2282,2024-03-13,1,20,2,2024-03-15,1,0
2283,2025-03-06,2,10,1,2025-03-14,1,0
2284,2024-01-28,2,23,1,2024-01-30,1,1
2285,2024-03-02,3,14,2,2024-03-04,0,0
2286,2025-12-08,4,21,3,2025-12-17,1,0
2287,2025-02-01,2,1,1,2025-02-05,1,0
2288,2024-07-07,3,5,1,2024-07-16,0,0
2289,2024-05-19,3,3,2,2024-05-21,0,0
2290,2024-12-28,1,5,2,2025-01-05,0,0
2291,2025-02-01,3,2,1,2025-02-04,1,0
2292,2024-05-24,1,6,4,2024-05-29,1,0
2293,2025-11-07,2,6,4,2025-11-15,1,0
2294,2024-03-25,2,14,2,2024-03-31,1,0
2295,2024-08-27,3,14,4,2024-08-31,1,0
2296,2024-06-24,2,2,1,2024-07-02,0,0
2297,2024-08-19,2,4,2,2024-08-28,1,0
2298,2024-10-26,2,23,4,2024-11-03,1,0
2299,2024-01-01,2,15,1,2024-01-07,1,0
2300,2024-08-10,3,2,4,2024-08-16,1,0
2301,2024-07-07,1,12,1,2024-07-13,1,0
2302,2025-06-22,3,25,4,2025-06-23,1,0
2303,2025-03-12,3,20,1,2025-03-15,1,0
2304,2025-10-10,1,29,2,2025-10-12,1,0
2305,2024-05-06,3,24,4,2024-05-12,1,0
2306,2025-11-27,3,24,3,2025-12-05,1,0
2307,2024-09-02,4,11,2,2024-09-04,1,0
2308,2025-01-19,3,22,2,2025-01-21,1,0
2309,2025-11-08,1,10,4,2025-11-17,1,0
2310,2024-08-01,1,2,1,2024-08-04,1,0
2311,2025-10-01,2,9,4,2025-10-03,1,0
2312,2025-11-09,4,11,2,2025-11-13,0,0
2313,2025-04-02,3,4,3,2025-04-11,1,0
2314,2024-06-07,4,1,4,2024-06-09,1,0
2315,2025-09-17,3,27,3,2025-09-19,1,0
2316,2025-04-21,3,2,1,2025-04-23,1,0
2317,2025-08-13,1,3,4,2025-08-16,0,0
2318,2025-02-24,2,29,4,2025-02-28,1,0
2319,2024-01-20,1,13,1,2024-01-25,1,0
2320,2024-12-27,3,8,2,2024-12-28,1,0
2321,2024-02-02,4,6,4,2024-02-06,1,0
2322,2024-12-21,1,1,3,2024-12-24,1,0
2323,2025-02-24,3,8,2,2025-02-26,1,0
2324,2025-12-15,1,26,4,2025-12-24,1,0
2325,2025-01-31,1,2,2,2025-02-06,1,0
2326,2024-01-31,4,14,1,2024-02-04,1,0
2327,2024-08-04,4,8,4,2024-08-10,1,0
2328,2024-04-16,4,7,4,2024-04-23,1,0
2329,2024-06-18,4,11,4,2024-06-27,1,0
2330,2024-05-20,1,1,4,2024-05-24,1,0
2331,2025-02-03,4,9,4,2025-02-06,1,0
2332,2024-07-23,3,21,4,2024-07-25,1,0
2333,2024-09-24,3,18,2,2024-10-01,1,0
2334,2024-04-14,2,30,3,2024-04-22,1,0
2335,2025-02-28,3,10,2,2025-03-03,1,0
2336,2024-05-25,4,19,2,2024-05-28,0,0
2337,2024-12-18,3,27,3,2024-12-23,1,0
2338,2025-10-06,1,28,2,2025-10-12,1,0
2339,2024-02-26,1,18,4,2024-03-02,1,0
2340,2024-05-29,3,6,3,2024-06-04,1,0
2341,2024-11-22,1,14,3,2024-12-01,1,0
2342,2024-05-30,3,9,1,2024-06-08,1,0
2343,2025-06-07,1,25,3,2025-06-12,1,0
2344,2024-01-03,1,5,2,2024-01-12,1,0
2345,2024-01-11,2,17,4,2024-01-19,1,0
2346,2025-01-05,4,25,4,2025-01-08,1,0
2347,2025-03-11,3,26,4,2025-03-16,1,0
2348,2025-10-19,4,17,4,2025-10-25,1,0
2349,2025-06-30,2,28,3,2025-07-02,1,0
2350,2024-09-13,3,1,4,2024-09-16,1,0
2351,2025-10-31,4,19,1,2025-11-06,0,1
2352,2025-09-29,4,22,4,2025-10-06,0,0
2353,2024-03-30,2,4,4,2024-04-01,1,0
2354,2025-01-13,4,1,1,2025-01-20,1,0
2355,2024-07-05,4,27,3,2024-07-14,1,0
2356,2024-03-03,4,5,4,2024-03-08,0,0
2357,2025-09-09,1,4,2,2025-09-11,1,0
2358,2025-02-27,2,29,4,2025-03-01,1,0
2359,2025-02-21,4,18,3,2025-02-26,1,0
2360,2025-02-27,2,19,4,2025-03-07,1,0
2361,2025-12-22,4,2,2,2025-12-31,1,0
2362,2024-11-29,3,5,3,2024-12-08,1,0
2363,2025-02-14,3,13,2,2025-02-15,1,0
2364,2025-11-15,2,24,1,2025-11-16,1,0
2365,2025-02-04,1,24,4,2025-02-06,1,0
2366,2025-01-14,4,20,4,2025-01-17,1,0
2367,2024-05-10,4,28,4,2024-05-19,1,0
2368,2025-12-22,3,18,4,2025-12-27,1,0
2369,2024-12-09,3,6,3,2024-12-14,1,0
2370,2024-11-05,3,21,4,2024-11-08,1,0
2371,2024-10-22,2,5,3,2024-10-26,1,0
2372,2025-05-31,1,13,1,2025-06-06,1,0
2373,2024-05-02,2,3,4,2024-05-05,1,0
2374,2024-12-26,1,13,2,2024-12-28,1,0
2375,2025-07-10,4,9,2,2025-07-11,1,0
2376,2024-05-14,4,19,1,2024-05-16,1,0
2377,2024-11-06,2,13,2,2024-11-12,1,0
2378,2025-04-29,1,18,4,2025-04-30,1,0
2379,2024-11-05,1,19,3,2024-11-13,0,0
2380,2024-11-22,2,18,2,2024-11-25,1,0
2381,2025-01-04,1,21,2,2025-01-11,0,0
2382,2024-12-03,2,23,1,2024-12-04,1,0
2383,2025-06-25,2,13,3,2025-06-30,1,0
2384,2024-12-04,3,24,4,2024-12-10,1,0
2385,2024-07-22,4,11,3,2024-07-26,1,0
2386,2024-12-28,3,24,1,2025-01-02,0,1
2387,2025-03-04,1,29,1,2025-03-13,1,0
2388,2025-06-02,1,24,3,2025-06-05,1,0
2389,2024-09-12,2,7,4,2024-09-15,1,0
2390,2024-05-02,1,18,2,2024-05-10,1,0
2391,2025-02-13,3,26,3,2025-02-14,1,0
2392,2025-10-08,1,2,1,2025-10-15,1,0
2393,2024-06-03,1,5,4,2024-06-06,1,0
2394,2024-02-07,4,29,4,2024-02-12,1,0
2395,2025-05-13,1,27,1,2025-05-21,1,0
2396,2024-05-31,4,27,4,2024-06-05,1,0
2397,2025-09-20,3,5,2,2025-09-27,1,0
2398,2025-01-31,2,29,1,2025-02-03,1,0
2399,2024-03-16,3,6,3,2024-03-23,1,0
2400,2024-09-19,1,28,1,2024-09-21,0,0
2401,2024-04-23,1,14,1,2024-04-27,1,0
2402,2025-02-23,3,28,2,2025-03-03,0,0
2403,2024-07-24,4,8,4,2024-07-30,1,0
2404,2024-10-27,3,21,4,2024-10-30,1,0
2405,2025-12-22,3,19,3,2025-12-29,1,0
2406,2024-03-29,2,22,3,2024-04-02,1,0
2407,2024-07-10,3,11,3,2024-07-12,1,0
2408,2025-08-29,1,11,3,2025-09-05,1,0
2409,2024-06-27,3,7,4,2024-07-03,1,0
2410,2025-01-21,3,29,2,2025-01-23,1,0
2411,2025-12-09,4,23,2,2025-12-12,1,0
2412,2025-08-04,2,5,1,2025-08-13,1,0
2413,2025-12-01,2,3,1,2025-12-05,1,1
2414,2025-08-20,1,20,3,2025-08-23,1,0
2415,2024-01-16,2,26,3,2024-01-23,1,0
2416,2024-12-17,2,1,2,2024-12-21,1,0
2417,2024-02-08,4,30,4,2024-02-16,1,0
2418,2025-02-17,4,22,1,2025-02-26,1,0
2419,2025-06-20,4,15,3,2025-06-29,1,0
2420,2024-03-01,4,24,4,2024-03-06,1,0
2421,2025-03-05,1,21,3,2025-03-12,1,0
2422,2024-03-28,3,22,1,2024-03-31,0,0
2423,2025-10-27,3,16,1,2025-10-29,0,0
2424,2025-03-28,3,30,4,2025-04-02,1,0
2425,2025-10-24,2,12,4,2025-10-29,1,0
2426,2025-04-11,3,26,4,2025-04-18,1,0
2427,2025-05-18,2,6,4,2025-05-27,1,0
2428,2024-12-03,3,13,4,2024-12-05,1,0
2429,2025-10-03,4,24,4,2025-10-06,0,0
2430,2024-12-25,3,19,4,2024-12-26,0,0
2431,2025-02-19,1,7,1,2025-02-24,0,0
2432,2024-07-10,4,28,4,2024-07-18,1,0
2433,2024-05-09,2,8,2,2024-05-10,1,0
2434,2025-04-11,3,28,2,2025-04-14,1,0
2435,2025-10-20,1,13,4,2025-10-23,0,0
2436,2025-10-03,4,30,3,2025-10-06,1,0
2437,2024-12-23,2,21,2,2024-12-31,1,0
2438,2024-02-27,4,11,1,2024-02-28,1,0
2439,2025-02-04,4,22,4,2025-02-12,1,0
2440,2024-12-09,1,12,2,2024-12-18,1,0
2441,2025-05-15,4,6,2,2025-05-21,1,0
2442,2025-02-18,1,10,1,2025-02-22,1,1
2443,2025-07-31,2,27,4,2025-08-02,1,0
2444,2025-11-05,1,13,4,2025-11-13,1,0
2445,2024-07-10,4,3,1,2024-07-17,1,0
2446,2024-10-24,1,18,1,2024-10-26,1,0
2447,2024-12-14,2,1,3,2024-12-17,1,0
2448,2024-10-23,4,7,4,2024-10-30,1,1
2449,2024-01-31,1,6,3,2024-02-08,1,0
2450,2024-02-12,1,7,3,2024-02-21,1,0
2451,2024-01-22,3,1,2,2024-01-24,0,0
2452,2024-05-19,3,7,4,2024-05-21,0,0
2453,2024-08-31,2,29,1,2024-09-07,1,0
2454,2025-10-25,3,3,1,2025-10-26,1,0
2455,2024-07-04,3,8,1,2024-07-10,1,0
2456,2025-06-23,2,19,4,2025-07-01,1,0
2457,2024-02-06,2,16,2,2024-02-14,1,0
2458,2025-02-16,1,10,4,2025-02-24,1,0
2459,2025-03-01,1,16,1,2025-03-05,1,0
2460,2024-08-31,4,27,1,2024-09-08,1,0
2461,2025-11-09,4,25,1,2025-11-13,1,0
2462,2025-06-01,2,20,1,2025-06-06,1,0
2463,2024-11-06,1,12,2,2024-11-09,1,0
2464,2024-12-25,4,25,4,2025-01-03,0,0
2465,2024-11-28,1,8,2,2024-11-29,1,0
2466,2024-09-20,3,25,2,2024-09-26,1,0
2467,2025-07-23,3,22,1,2025-07-24,1,0
2468,2025-03-29,3,26,4,2025-04-02,1,0
2469,2025-08-30,2,29,2,2025-09-05,1,0
2470,2024-09-13,4,24,2,2024-09-18,1,0
2471,2025-06-16,1,6,3,2025-06-21,1,0
2472,2025-02-23,1,15,1,2025-03-02,1,0
2473,2024-07-15,4,8,4,2024-07-17,1,0
2474,2024-12-29,2,10,2,2025-01-02,1,0
2475,2024-07-13,2,1,4,2024-07-18,1,0
2476,2024-10-01,3,18,2,2024-10-09,1,0
2477,2024-09-28,4,16,1,2024-09-30,1,0
2478,2025-01-24,1,14,2,2025-01-27,1,0
2479,2025-09-04,2,19,3,2025-09-09,1,0
2480,2025-01-05,3,5,3,2025-01-14,1,0
2481,2025-03-27,1,9,3,2025-03-31,1,0
2482,2024-10-02,3,15,1,2024-10-05,1,0
2483,2024-05-06,4,16,2,2024-05-12,1,0
2484,2025-03-29,4,2,1,2025-04-02,1,0
2485,2025-10-14,4,21,4,2025-10-19,1,0
2486,2025-12-26,3,21,2,2025-12-29,1,0
2487,2025-07-08,4,10,1,2025-07-13,1,0
2488,2024-11-14,2,14,1,2024-11-16,1,0
2489,2024-08-12,3,10,4,2024-08-21,1,0
2490,2025-03-08,3,3,4,2025-03-17,1,0
2491,2024-05-08,1,1,1,2024-05-12,1,0
2492,2025-03-29,1,8,1,2025-04-01,1,0
2493,2025-02-13,1,20,3,2025-02-16,0,0
2494,2024-12-06,2,25,4,2024-12-13,1,0
2495,2024-05-25,2,17,1,2024-05-31,1,0
2496,2024-11-01,1,29,4,2024-11-04,1,0
2497,2025-01-04,4,16,3,2025-01-08,1,0
2498,2024-08-14,4,6,4,2024-08-17,1,0
2499,2024-06-17,1,13,1,2024-06-20,1,0
2500,2025-02-25,1,22,4,2025-03-02,1,0
2501,2025-12-18,1,26,2,2025-12-19,1,0
2502,2024-01-29,3,13,4,2024-02-07,1,0
2503,2025-06-11,3,1,4,2025-06-20,1,0
2504,2024-03-26,4,4,4,2024-04-03,1,0
2505,2024-01-05,4,9,2,2024-01-08,0,0
2506,2024-10-04,1,15,3,2024-10-12,1,0
2507,2024-08-04,2,3,1,2024-08-09,1,0
2508,2024-03-23,2,22,2,2024-03-29,1,0
2509,2025-01-17,4,20,4,2025-01-22,1,0
2510,2024-02-01,3,21,4,2024-02-04,1,0
2511,2025-05-26,1,28,3,2025-06-04,1,0
2512,2025-06-26,3,11,3,2025-06-27,1,0
2513,2025-08-14,4,21,4,2025-08-18,1,1
2514,2025-03-24,1,21,3,2025-03-31,1,0
2515,2024-05-12,3,28,3,2024-05-20,1,0
2516,2024-07-31,4,22,3,2024-08-01,1,0
2517,2024-08-27,1,11,3,2024-08-31,1,0
2518,2024-07-08,2,24,2,2024-07-17,1,0
2519,2024-09-26,3,19,4,2024-10-04,0,0
2520,2024-01-17,4,5,3,2024-01-24,1,0
2521,2025-12-11,1,16,3,2025-12-18,0,0
2522,2024-12-25,3,14,3,2024-12-31,1,0
2523,2024-07-05,3,12,4,2024-07-13,1,0
2524,2024-04-15,3,22,3,2024-04-22,1,1
2525,2024-10-01,4,17,4,2024-10-07,1,0
2526,2025-08-02,1,25,2,2025-08-03,1,0
2527,2024-11-03,4,14,1,2024-11-04,1,0
2528,2024-08-02,3,6,2,2024-08-06,1,0
2529,2025-04-25,2,18,4,2025-04-28,1,0
2530,2024-09-20,4,20,2,2024-09-24,0,0
2531,2025-07-03,3,2,4,2025-07-11,1,0
2532,2024-05-26,1,23,2,2024-05-31,1,0
2533,2025-11-18,4,2,3,2025-11-26,1,0
2534,2024-03-25,1,27,3,2024-04-03,1,0
2535,2025-10-04,4,24,2,2025-10-09,1,0
2536,2024-04-06,2,5,3,2024-04-09,1,0
2537,2024-12-28,1,1,2,2025-01-03,1,0
2538,2025-04-15,3,16,3,2025-04-21,1,0
2539,2024-03-04,2,13,2,2024-03-09,1,0
2540,2024-11-19,2,8,2,2024-11-22,1,0
2541,2025-06-17,1,22,3,2025-06-22,1,0
2542,2025-10-14,1,26,3,2025-10-16,1,0
2543,2024-06-30,4,3,3,2024-07-02,1,0
2544,2025-07-13,1,25,2,2025-07-16,1,0
2545,2025-07-06,4,8,4,2025-07-10,1,0
2546,2025-04-22,4,29,3,2025-04-25,1,0
2547,2025-07-31,1,30,1,2025-08-04,1,0
2548,2024-10-04,1,26,1,2024-10-12,1,0
2549,2024-09-06,1,30,4,2024-09-14,1,0
2550,2025-06-20,4,2,3,2025-06-24,1,0
2551,2024-04-22,1,8,2,2024-04-29,1,0
2552,2024-08-28,3,9,1,2024-09-05,1,0
2553,2025-03-05,2,1,2,2025-03-13,1,0
2554,2024-10-22,3,6,1,2024-10-25,1,0
2555,2025-11-21,3,23,4,2025-11-28,1,0
2556,2024-10-17,1,20,3,2024-10-20,1,0
2557,2025-06-16,4,13,4,2025-06-24,1,1
2558,2025-01-26,3,30,1,2025-02-04,1,0
2559,2024-06-22,3,2,2,2024-06-26,1,0
2560,2024-09-26,4,10,2,2024-10-02,1,0
2561,2025-07-30,3,20,1,2025-08-01,0,0
2562,2024-01-29,3,4,4,2024-02-04,0,0
2563,2024-07-10,2,3,2,2024-07-14,1,0
2564,2024-05-17,2,8,1,2024-05-23,1,0
2565,2025-09-29,4,28,3,2025-10-08,1,0
2566,2024-04-27,4,29,2,2024-05-05,1,0
2567,2024-11-18,3,4,4,2024-11-24,1,0
2568,2025-02-11,4,14,4,2025-02-16,1,0
2569,2025-10-13,3,28,3,2025-10-20,1,1
2570,2025-08-07,1,22,4,2025-08-11,1,0
2571,2025-03-22,4,14,1,2025-03-23,1,0
2572,2024-10-12,4,15,3,2024-10-18,1,0
2573,2024-11-18,3,7,1,2024-11-25,1,1
2574,2024-04-07,4,3,2,2024-04-12,0,0
2575,2024-09-09,1,26,1,2024-09-12,1,0
2576,2025-07-14,2,20,2,2025-07-18,1,0
2577,2025-05-12,3,9,4,2025-05-13,1,0
2578,2025-12-12,2,27,2,2025-12-15,1,0
2579,2025-05-20,2,2,2,2025-05-21,1,0
2580,2024-10-08,4,20,1,2024-10-12,1,0
2581,2025-08-18,2,23,4,2025-08-23,1,0
2582,2025-12-10,3,2,2,2025-12-11,1,0
2583,2025-08-02,2,13,1,2025-08-03,1,0
2584,2025-05-22,3,17,3,2025-05-26,1,0
2585,2024-05-23,1,26,1,2024-05-31,1,1
2586,2025-06-07,4,15,3,2025-06-08,1,0
2587,2024-06-14,4,6,2,2024-06-23,1,0
2588,2024-04-01,4,9,1,2024-04-07,1,0
2589,2025-03-11,2,19,3,2025-03-14,0,1
2590,2025-06-22,4,8,1,2025-06-25,1,0
2591,2024-03-20,4,25,1,2024-03-23,1,0
2592,2025-02-26,1,8,4,2025-03-01,0,0
2593,2025-10-19,1,13,2,2025-10-28,1,0
2594,2024-12-03,3,3,1,2024-12-07,1,0
2595,2025-05-16,1,25,2,2025-05-23,1,0
2596,2024-03-09,2,26,4,2024-03-16,1,0
2597,2025-01-24,3,12,2,2025-01-27,1,0
2598,2025-04-22,4,30,4,2025-05-01,1,0
2599,2025-06-20,2,17,2,2025-06-22,1,0
2600,2025-12-12,1,27,2,2025-12-16,1,0
2601,2025-07-04,3,25,3,2025-07-10,1,0
2602,2025-05-15,4,6,3,2025-05-18,1,0
2603,2025-07-03,3,23,1,2025-07-12,1,0
2604,2025-06-20,4,10,2,2025-06-24,0,0
2605,2025-08-24,3,6,3,2025-08-27,1,0
2606,2025-09-04,3,25,2,2025-09-08,1,0
2607,2024-08-24,3,12,3,2024-08-29,1,0
2608,2025-09-24,4,7,1,2025-09-26,1,0
2609,2024-05-28,4,2,1,2024-06-06,1,0
2610,2024-10-18,2,20,1,2024-10-26,1,0
2611,2025-03-07,3,6,3,2025-03-16,1,0
2612,2024-05-20,3,3,3,2024-05-27,1,1
2613,2024-08-04,4,20,4,2024-08-06,1,0
2614,2024-11-26,2,25,4,2024-12-05,1,0
2615,2024-01-13,3,18,3,2024-01-19,1,0
2616,2025-05-19,3,14,2,2025-05-21,1,0
2617,2024-02-16,4,7,3,2024-02-25,1,0
2618,2025-11-10,4,19,1,2025-11-14,1,0
2619,2025-07-02,3,11,3,2025-07-04,0,0
2620,2024-12-25,3,18,3,2024-12-28,1,0
2621,2024-10-28,2,4,3,2024-11-02,1,0
2622,2025-05-16,1,5,1,2025-05-23,1,0
2623,2025-10-07,3,15,2,2025-10-13,1,0
2624,2024-07-23,2,11,4,2024-08-01,1,0
2625,2025-05-15,3,4,3,2025-05-19,1,0
2626,2025-04-15,1,25,3,2025-04-21,1,0
2627,2025-07-24,2,4,1,2025-07-30,1,0
2628,2024-04-30,3,3,4,2024-05-05,1,0
2629,2025-01-09,4,11,2,2025-01-18,1,0
2630,2024-04-02,3,30,3,2024-04-05,0,0
2631,2025-03-13,4,22,2,2025-03-21,1,0
2632,2024-04-07,1,20,1,2024-04-10,1,0
2633,2024-10-16,2,27,3,2024-10-19,1,0
2634,2024-04-30,3,4,1,2024-05-08,1,0
2635,2024-08-10,2,8,4,2024-08-15,1,0
2636,2025-06-16,3,28,3,2025-06-21,1,0
2637,2025-10-20,3,6,2,2025-10-24,1,0
2638,2024-05-17,1,15,4,2024-05-23,1,0
2639,2025-07-22,3,22,1,2025-07-29,0,0
2640,2024-04-24,3,16,1,2024-04-28,0,0
2641,2025-05-28,4,15,3,2025-05-29,0,0
2642,2024-09-04,3,1,1,2024-09-07,1,0
2643,2025-10-17,4,15,3,2025-10-21,0,0
2644,2024-06-14,2,15,3,2024-06-18,0,0
2645,2025-09-22,4,23,4,2025-09-26,1,0
2646,2025-10-03,1,13,2,2025-10-04,1,0
2647,2025-05-04,3,4,4,2025-05-09,1,0
2648,2024-04-28,1,17,3,2024-05-03,1,0
2649,2024-10-06,1,15,3,2024-10-14,1,0
2650,2025-10-02,4,11,3,2025-10-06,1,0
2651,2025-11-29,3,10,3,2025-12-02,1,0
2652,2025-05-10,1,27,3,2025-05-14,1,0
2653,2025-04-26,1,28,2,2025-04-27,1,0
2654,2025-04-14,3,28,2,2025-04-17,1,0
2655,2024-08-16,3,9,4,2024-08-23,0,0
2656,2025-12-16,2,2,3,2025-12-23,1,0
2657,2024-04-24,2,20,4,2024-05-02,1,1
2658,2025-07-30,1,2,1,2025-08-02,1,0
2659,2024-12-09,3,1,1,2024-12-15,1,0
2660,2024-07-09,2,25,1,2024-07-10,1,0
2661,2024-12-04,2,3,3,2024-12-13,1,0
2662,2024-03-08,3,25,4,2024-03-13,1,0
2663,2024-10-04,3,2,1,2024-10-11,0,0
2664,2024-06-17,4,6,1,2024-06-21,0,0
2665,2024-08-06,1,15,2,2024-08-07,0,0
2666,2025-04-20,2,9,3,2025-04-26,1,0
2667,2025-07-29,1,25,3,2025-08-01,1,0
2668,2024-10-10,4,23,3,2024-10-16,1,0
2669,2025-01-11,4,28,4,2025-01-14,1,0
2670,2025-12-07,2,29,3,2025-12-12,1,0
2671,2025-05-23,3,25,1,2025-05-26,0,0
2672,2025-01-17,3,12,1,2025-01-18,1,0
2673,2024-11-02,1,16,2,2024-11-10,1,0
2674,2024-11-29,4,20,2,2024-12-01,1,0
2675,2025-10-21,4,15,4,2025-10-28,1,0
2676,2025-04-05,4,18,4,2025-04-10,1,0
2677,2025-03-20,3,13,2,2025-03-21,1,0
2678,2024-01-14,1,30,3,2024-01-15,0,0
2679,2025-11-05,1,6,2,2025-11-10,1,0
2680,2024-08-28,2,11,3,2024-09-03,1,0
2681,2025-06-08,2,8,3,2025-06-13,1,0
2682,2025-06-03,4,13,2,2025-06-11,1,0
2683,2025-06-16,2,4,3,2025-06-21,1,0
2684,2025-12-26,1,9,3,2026-01-03,1,0
2685,2025-05-06,2,2,1,2025-05-13,1,0
2686,2024-06-17,1,24,1,2024-06-22,1,0
2687,2024-09-10,2,7,3,2024-09-11,1,0
2688,2025-03-09,1,26,3,2025-03-12,1,0
2689,2025-01-01,2,18,1,2025-01-08,1,0
2690,2024-12-08,3,30,4,2024-12-09,1,0
2691,2025-05-13,3,24,2,2025-05-20,1,0
2692,2024-01-24,3,3,1,2024-01-27,0,0
2693,2025-07-13,2,4,4,2025-07-17,1,0
2694,2024-01-11,4,5,2,2024-01-16,1,0
2695,2025-01-25,3,18,4,2025-01-28,0,0
2696,2024-11-04,3,29,3,2024-11-07,1,0
2697,2025-04-27,4,13,1,2025-05-02,1,0
2698,2024-05-09,3,16,1,2024-05-12,1,0
2699,2025-06-17,2,9,1,2025-06-19,0,0
2700,2024-07-15,4,29,4,2024-07-21,1,1
2701,2025-03-17,2,23,2,2025-03-18,0,0
2702,2025-09-13,1,3,1,2025-09-22,1,0
2703,2024-09-04,3,18,1,2024-09-07,1,0
2704,2024-06-26,2,10,4,2024-06-30,1,0
2705,2025-02-15,1,28,1,2025-02-21,1,0
2706,2025-12-03,3,5,2,2025-12-04,1,0
2707,2025-10-23,1,20,2,2025-11-01,1,0
2708,2024-06-27,4,29,2,2024-06-28,1,0
2709,2024-05-12,3,4,4,2024-05-19,1,0
2710,2024-12-22,3,12,2,2024-12-27,1,0
2711,2025-12-02,4,24,3,2025-12-11,1,0
2712,2024-02-20,4,22,1,2024-02-28,1,0
2713,2024-11-04,4,6,3,2024-11-06,1,0
2714,2025-12-22,2,14,4,2025-12-31,1,1
2715,2025-06-25,4,30,1,2025-06-30,1,0
2716,2024-09-17,3,1,2,2024-09-26,1,0
2717,2024-06-02,4,6,1,2024-06-03,1,0
2718,2024-11-27,4,2,4,2024-11-28,1,0
2719,2024-11-03,3,18,4,2024-11-12,1,0
2720,2024-10-14,1,7,4,2024-10-20,0,0
2721,2025-10-11,1,30,4,2025-10-16,0,0
2722,2024-01-04,4,1,3,2024-01-13,1,0
2723,2025-12-21,3,13,2,2025-12-22,1,0
2724,2024-06-08,1,3,4,2024-06-16,1,0
2725,2025-10-09,3,24,2,2025-10-18,1,0
2726,2024-04-27,3,26,2,2024-04-30,1,0
2727,2025-10-25,4,21,1,2025-10-29,0,0
2728,2024-09-03,3,8,4,2024-09-11,0,0
2729,2024-05-22,1,9,4,2024-05-27,1,0
2730,2024-11-29,3,25,3,2024-12-02,1,0
2731,2024-05-21,4,9,3,2024-05-26,1,0
2732,2025-07-01,3,5,4,2025-07-02,0,0
2733,2024-11-14,4,29,4,2024-11-18,0,0
2734,2025-01-04,4,8,4,2025-01-10,1,0
2735,2025-07-25,3,7,4,2025-07-30,0,1
2736,2025-09-09,3,20,1,2025-09-15,1,0
2737,2025-02-15,1,7,4,2025-02-22,1,0
2738,2024-07-26,1,20,2,2024-07-29,1,0
2739,2025-10-18,1,4,4,2025-10-26,1,0
2740,2024-05-17,2,19,4,2024-05-20,1,0
2741,2025-03-15,1,13,4,2025-03-24,1,0
2742,2024-09-28,2,14,2,2024-09-29,1,0
2743,2025-08-10,3,27,2,2025-08-11,0,0
2744,2024-01-28,1,13,3,2024-02-01,1,0
2745,2025-03-12,3,6,2,2025-03-19,1,0
2746,2025-05-03,2,1,1,2025-05-10,0,0
2747,2024-02-01,1,13,1,2024-02-06,1,0
2748,2025-08-25,3,22,2,2025-09-01,1,0
2749,2025-03-13,1,3,2,2025-03-15,1,0
2750,2025-04-12,1,25,3,2025-04-20,1,0
2751,2024-09-06,3,4,3,2024-09-09,1,0
2752,2024-01-26,2,6,3,2024-01-28,1,0
2753,2025-05-14,1,5,1,2025-05-21,0,0
2754,2024-07-24,2,13,1,2024-08-01,1,0
2755,2025-08-28,4,9,1,2025-09-06,1,0
2756,2024-09-24,2,7,3,2024-09-27,1,0
2757,2024-11-29,3,13,2,2024-11-30,1,0
2758,2024-01-26,4,23,3,2024-02-04,1,0
2759,2024-02-17,3,13,1,2024-02-25,1,0
2760,2025-08-06,2,25,3,2025-08-11,1,0
2761,2024-10-10,4,4,1,2024-10-15,1,0
2762,2025-05-22,4,14,1,2025-05-26,0,0
2763,2024-02-21,4,5,2,2024-03-01,1,0
2764,2025-10-22,4,9,1,2025-10-28,0,0
2765,2024-07-06,4,20,4,2024-07-12,1,0
2766,2024-12-22,4,24,2,2024-12-26,1,0
2767,2025-08-20,3,8,2,2025-08-25,1,0
2768,2025-03-22,2,23,4,2025-03-31,1,0
2769,2024-07-22,3,19,3,2024-07-25,1,0
2770,2024-09-12,2,30,2,2024-09-16,1,0
2771,2024-10-18,4,12,2,2024-10-19,0,0
2772,2025-11-02,2,23,2,2025-11-06,1,0
2773,2025-06-15,1,25,2,2025-06-20,1,0
2774,2024-09-01,3,26,1,2024-09-09,1,0
2775,2024-01-30,3,7,2,2024-02-07,1,0
2776,2024-11-19,1,30,4,2024-11-20,1,0
2777,2024-11-25,3,16,2,2024-12-01,0,0
2778,2025-08-23,4,26,1,2025-08-26,1,0
2779,2025-04-04,2,4,4,2025-04-09,1,0
2780,2024-11-02,1,30,3,2024-11-05,1,1
2781,2025-02-28,2,22,4,2025-03-03,1,0
2782,2024-12-24,3,18,4,2025-01-02,1,0
2783,2025-07-27,1,24,4,2025-07-31,1,0
2784,2024-07-09,1,8,3,2024-07-14,1,0
2785,2024-09-30,4,30,3,2024-10-05,1,0
2786,2024-07-08,3,13,2,2024-07-16,1,0
2787,2025-01-14,1,23,3,2025-01-15,1,0
2788,2024-02-27,2,12,3,2024-03-05,0,0
2789,2025-02-11,2,18,1,2025-02-20,1,1
2790,2024-06-19,3,17,1,2024-06-21,1,0
2791,2025-03-14,3,29,1,2025-03-17,1,0
2792,2024-07-14,1,9,4,2024-07-21,1,0
2793,2025-11-05,4,20,4,2025-11-12,1,0
2794,2025-12-18,4,25,2,2025-12-19,1,0
2795,2024-09-19,1,29,1,2024-09-21,1,0
2796,2024-08-08,2,30,4,2024-08-16,1,0
2797,2025-01-06,4,4,3,2025-01-09,1,0
2798,2025-09-07,2,6,2,2025-09-11,1,0
2799,2025-01-21,3,1,4,2025-01-30,1,0
2800,2024-08-15,4,12,3,2024-08-18,1,0
2801,2024-08-14,3,1,1,2024-08-22,1,0
2802,2025-06-05,3,6,1,2025-06-07,1,0
2803,2024-01-27,4,17,3,2024-01-28,0,0
2804,2025-03-01,4,27,4,2025-03-02,1,1
2805,2024-11-23,4,25,1,2024-11-28,1,0
2806,2024-01-16,4,23,1,2024-01-17,0,0
2807,2025-07-29,1,23,4,2025-08-03,1,0
2808,2025-10-19,3,13,1,2025-10-28,1,0
2809,2024-02-04,1,3,1,2024-02-11,1,0
2810,2025-01-27,4,22,2,2025-01-31,1,0
2811,2025-06-08,3,8,3,2025-06-10,1,0
2812,2024-07-19,2,10,2,2024-07-24,1,0
2813,2024-10-13,3,1,4,2024-10-19,0,0
2814,2025-09-25,1,8,4,2025-09-26,0,0
2815,2024-07-31,1,26,2,2024-08-01,1,0
2816,2024-07-19,3,3,4,2024-07-20,1,0
2817,2025-04-15,4,27,3,2025-04-24,1,0
2818,2025-09-14,1,10,4,2025-09-16,1,1
2819,2024-08-14,3,6,3,2024-08-21,1,0
2820,2024-10-24,4,20,2,2024-10-25,1,0
2821,2025-10-21,2,26,3,2025-10-24,1,0
2822,2025-06-22,2,6,2,2025-07-01,1,0
2823,2025-08-28,3,18,2,2025-09-05,1,0
2824,2025-12-12,1,1,4,2025-12-21,1,0
2825,2025-02-27,1,13,1,2025-03-02,0,0
2826,2025-01-30,3,27,3,2025-02-01,1,0
2827,2025-05-18,4,8,1,2025-05-23,1,0
2828,2024-08-02,4,27,3,2024-08-03,1,0
2829,2024-07-14,3,15,4,2024-07-23,0,0
2830,2025-10-16,4,11,3,2025-10-25,1,0
2831,2025-11-20,4,10,1,2025-11-23,1,0
2832,2025-08-20,3,17,3,2025-08-26,1,0
2833,2024-11-02,1,2,3,2024-11-04,1,0
2834,2024-07-02,4,20,3,2024-07-03,1,0
2835,2025-06-25,3,2,3,2025-07-02,1,0
2836,2024-10-21,1,10,3,2024-10-27,1,0
2837,2024-09-04,3,26,2,2024-09-11,1,0
2838,2024-09-15,4,1,1,2024-09-24,1,0
2839,2025-02-14,1,11,3,2025-02-22,1,0
2840,2025-03-04,2,14,2,2025-03-11,1,0
2841,2025-03-20,3,3,1,2025-03-25,1,0
2842,2024-07-15,1,8,3,2024-07-24,1,0
2843,2024-01-20,1,17,2,2024-01-28,0,0
2844,2025-06-22,1,1,3,2025-06-24,1,0
2845,2024-12-22,1,30,1,2024-12-26,1,0
2846,2024-05-13,2,6,1,2024-05-18,1,0
2847,2025-08-21,2,8,4,2025-08-25,1,0
2848,2025-05-20,4,3,4,2025-05-24,1,0
2849,2025-02-28,1,7,2,2025-03-09,0,0
2850,2024-08-08,3,12,2,2024-08-16,0,0
2851,2024-10-05,3,19,1,2024-10-14,1,0
2852,2024-12-20,2,6,1,2024-12-27,0,0
2853,2024-11-15,3,5,1,2024-11-23,1,0
2854,2024-03-24,1,20,2,2024-04-01,0,0
2855,2024-03-27,3,23,4,2024-03-30,1,0
2856,2024-06-06,4,1,3,2024-06-12,0,0
2857,2025-05-03,4,21,3,2025-05-12,1,0
2858,2024-05-20,2,20,1,2024-05-25,1,0
2859,2024-08-03,1,3,4,2024-08-12,1,0
2860,2024-07-29,2,11,1,2024-08-04,1,0
2861,2024-04-15,1,20,4,2024-04-23,0,0
2862,2025-06-30,4,29,2,2025-07-09,1,0
2863,2025-11-08,2,13,2,2025-11-09,1,0
2864,2024-01-29,4,24,3,2024-02-02,1,0
2865,2025-02-18,4,30,3,2025-02-23,1,0
2866,2024-02-25,1,15,1,2024-02-26,0,0
2867,2024-11-14,2,27,4,2024-11-17,0,0
2868,2025-05-26,3,21,2,2025-06-03,1,0
2869,2024-10-09,2,29,1,2024-10-18,1,0
2870,2025-01-15,1,16,3,2025-01-20,1,0
2871,2024-11-21,4,7,2,2024-11-22,1,0
2872,2024-04-08,1,1,4,2024-04-11,1,0
2873,2025-01-02,4,7,4,2025-01-05,1,0
2874,2025-10-21,4,13,3,2025-10-23,1,0
2875,2024-08-25,2,8,3,2024-08-30,1,0
2876,2024-06-04,4,4,3,2024-06-07,1,0
2877,2025-12-23,2,22,1,2025-12-27,1,0
2878,2025-12-12,2,14,4,2025-12-18,1,0
2879,2024-10-20,3,24,2,2024-10-27,1,1
2880,2025-07-22,1,1,4,2025-07-29,1,0
2881,2024-10-31,1,16,3,2024-11-01,1,0
2882,2024-09-02,2,11,1,2024-09-08,0,0
2883,2025-03-27,4,22,1,2025-03-28,1,0
2884,2025-09-11,3,16,3,2025-09-15,1,0
2885,2025-03-05,3,12,3,2025-03-09,1,0
2886,2024-10-14,4,5,3,2024-10-23,1,0
2887,2025-08-15,4,18,1,2025-08-17,1,0
2888,2025-02-16,4,25,2,2025-02-24,1,0
2889,2024-09-16,4,15,2,2024-09-17,1,0
2890,2024-03-11,4,3,2,2024-03-14,1,0
2891,2024-01-08,1,2,3,2024-01-17,1,0
2892,2024-10-25,3,22,2,2024-10-31,0,0
2893,2024-03-21,1,20,2,2024-03-28,1,0
2894,2024-04-10,4,25,3,2024-04-19,0,0
2895,2025-03-29,3,7,3,2025-04-03,1,0
2896,2024-09-07,3,30,4,2024-09-09,1,1
2897,2025-12-02,2,23,1,2025-12-09,1,0
2898,2025-09-29,2,17,3,2025-10-01,0,0
2899,2024-05-15,3,16,2,2024-05-20,1,0
2900,2025-08-12,1,19,4,2025-08-14,1,0
2901,2024-10-24,4,30,1,2024-10-27,1,0
2902,2024-05-02,1,15,2,2024-05-07,1,0
2903,2025-08-15,1,13,2,2025-08-16,0,0
2904,2025-08-25,1,16,3,2025-09-01,1,0
2905,2025-12-24,1,30,1,2025-12-31,1,0
2906,2024-04-18,1,14,2,2024-04-24,0,0
2907,2024-04-19,1,2,1,2024-04-22,1,0
2908,2024-08-18,1,23,4,2024-08-27,1,0
2909,2025-06-06,3,17,4,2025-06-15,1,0
2910,2024-01-30,1,30,2,2024-02-05,1,0
2911,2025-03-28,1,3,3,2025-04-03,1,0
2912,2024-05-23,3,18,2,2024-05-26,0,0
2913,2024-04-30,1,20,4,2024-05-07,1,0
2914,2025-04-16,3,10,1,2025-04-17,1,0
2915,2024-07-10,1,3,4,2024-07-11,1,0
2916,2024-06-15,4,8,4,2024-06-20,0,0
2917,2024-07-04,1,18,4,2024-07-11,1,0
2918,2024-04-28,2,22,2,2024-05-01,1,0
2919,2025-08-25,4,1,1,2025-08-31,1,0
2920,2024-04-09,4,24,3,2024-04-18,1,0
2921,2024-11-24,3,9,4,2024-12-03,1,0
2922,2025-02-01,2,15,3,2025-02-08,1,0
2923,2025-04-10,1,4,2,2025-04-16,1,0
2924,2025-01-01,3,25,4,2025-01-05,1,0
2925,2025-02-09,1,9,2,2025-02-17,1,0
2926,2024-02-26,4,27,4,2024-02-27,1,0
2927,2024-07-19,4,18,1,2024-07-24,0,0
2928,2025-03-08,3,11,3,2025-03-16,0,0
2929,2024-08-29,3,29,1,2024-08-30,1,0
2930,2025-01-25,2,25,1,2025-01-28,1,0
2931,2024-10-09,1,6,2,2024-10-13,1,0
2932,2025-03-07,4,21,2,2025-03-11,1,0
2933,2024-08-28,4,28,1,2024-08-30,1,0
2934,2024-07-08,1,12,2,2024-07-14,1,0
2935,2024-01-19,3,30,4,2024-01-26,1,0
2936,2025-01-18,3,10,4,2025-01-27,0,0
2937,2025-08-13,2,6,4,2025-08-16,0,0
2938,2025-11-01,2,1,4,2025-11-04,1,0
2939,2024-12-07,2,9,2,2024-12-16,1,0
2940,2025-01-22,1,16,4,2025-01-26,1,0
2941,2025-03-25,4,2,3,2025-03-28,1,0
2942,2025-06-01,2,6,3,2025-06-10,1,1
2943,2024-10-15,4,22,4,2024-10-24,1,0
2944,2025-08-16,1,22,2,2025-08-19,1,0
2945,2025-11-01,4,28,4,2025-11-02,0,0
2946,2025-09-03,1,25,2,2025-09-07,0,0
2947,2025-06-03,2,21,2,2025-06-11,1,0
2948,2024-07-11,2,23,1,2024-07-19,1,0
2949,2024-02-24,2,27,3,2024-02-27,1,0
2950,2024-04-10,1,15,1,2024-04-17,1,0
2951,2024-03-23,3,1,2,2024-03-30,1,0
2952,2025-07-24,4,8,4,2025-07-27,1,0
2953,2024-11-01,1,11,4,2024-11-04,0,0
2954,2024-05-03,3,15,1,2024-05-08,1,0
2955,2024-09-24,1,11,4,2024-10-02,1,0
2956,2024-05-07,2,24,1,2024-05-15,1,0
2957,2025-11-25,2,6,2,2025-11-29,1,0
2958,2024-03-25,1,11,1,2024-04-03,1,0
2959,2025-12-15,2,29,4,2025-12-24,1,0
2960,2024-04-08,3,7,2,2024-04-14,1,0
2961,2025-04-10,3,21,3,2025-04-17,1,0
2962,2024-03-13,2,11,3,2024-03-16,0,0
2963,2024-02-26,1,27,2,2024-03-06,1,0
2964,2025-01-17,1,13,4,2025-01-20,1,0
2965,2024-10-24,2,4,1,2024-10-30,1,0
2966,2024-05-21,4,18,2,2024-05-29,1,0
2967,2025-06-08,2,7,1,2025-06-17,1,0
2968,2024-02-24,1,6,4,2024-03-03,1,0
2969,2025-11-30,4,5,4,2025-12-04,1,0
2970,2025-04-02,4,17,1,2025-04-06,1,0
2971,2024-08-11,4,12,1,2024-08-15,1,0
2972,2025-11-10,2,8,2,2025-11-15,1,0
2973,2024-02-19,4,13,3,2024-02-27,0,0
2974,2025-07-26,4,10,2,2025-07-27,0,0
2975,2025-06-17,1,23,2,2025-06-19,1,0
2976,2025-07-28,1,1,2,2025-07-29,1,1
2977,2024-07-20,2,4,1,2024-07-21,1,0
2978,2025-12-17,2,30,4,2025-12-19,1,0
2979,2024-06-02,2,22,2,2024-06-08,1,0
2980,2024-12-25,1,25,1,2024-12-27,1,0
2981,2024-08-08,3,17,2,2024-08-11,1,0
2982,2025-11-18,4,23,2,2025-11-27,1,0
2983,2025-02-07,1,28,3,2025-02-11,1,0
2984,2025-03-05,1,9,1,2025-03-09,1,0
2985,2024-08-20,4,30,3,2024-08-29,1,0
2986,2025-05-02,1,23,2,2025-05-10,1,0
2987,2025-04-11,1,10,3,2025-04-14,1,0
2988,2025-03-15,3,24,1,2025-03-18,1,0
2989,2024-11-26,3,20,4,2024-11-29,1,0
2990,2024-09-04,1,11,4,2024-09-07,1,0
2991,2024-02-18,1,23,4,2024-02-27,1,0
2992,2025-05-28,3,9,2,2025-06-01,1,0
2993,2025-03-01,4,20,4,2025-03-10,0,0
2994,2024-06-24,3,9,4,2024-06-26,1,0
2995,2025-03-18,3,23,1,2025-03-23,1,0
2996,2024-07-05,2,13,2,2024-07-06,1,0
2997,2025-10-21,2,16,4,2025-10-29,1,0
2998,2024-04-10,4,30,3,2024-04-15,0,1
2999,2025-06-02,3,13,1,2025-06-08,1,0
3000,2025-05-12,2,4,3,2025-05-16,1,0
3001,2024-10-02,2,22,1,2024-10-04,1,0
3002,2025-10-30,1,29,2,2025-11-07,1,0
3003,2025-06-18,1,17,1,2025-06-22,1,0
3004,2024-06-07,2,16,2,2024-06-09,1,0
3005,2025-06-03,4,10,3,2025-06-05,1,0
3006,2025-06-11,1,5,1,2025-06-18,1,0
3007,2025-10-25,1,7,2,2025-10-30,1,1
3008,2024-01-24,3,8,4,2024-01-27,1,1
3009,2025-06-19,4,9,4,2025-06-28,1,0
3010,2025-11-13,1,16,3,2025-11-21,1,0
3011,2024-12-16,2,25,2,2024-12-24,1,0
3012,2025-06-14,1,29,1,2025-06-21,0,0
3013,2025-06-16,4,15,1,2025-06-17,0,0
3014,2024-04-12,1,16,3,2024-04-13,1,0
3015,2024-03-08,1,26,1,2024-03-13,1,0
3016,2025-09-28,1,6,4,2025-09-29,1,0
3017,2025-08-03,4,15,2,2025-08-06,1,0
3018,2024-09-17,1,24,3,2024-09-19,1,0
3019,2025-01-10,4,28,4,2025-01-17,1,0
3020,2024-02-27,1,8,4,2024-03-02,1,0
3021,2025-01-10,3,26,4,2025-01-11,1,0
3022,2024-02-04,4,4,1,2024-02-06,0,0
3023,2024-05-27,4,17,1,2024-05-28,1,1
3024,2024-06-09,1,24,3,2024-06-12,1,0
3025,2024-10-05,4,9,2,2024-10-07,0,0
3026,2024-12-03,1,17,1,2024-12-11,1,0
3027,2024-01-27,3,21,4,2024-02-03,0,0
3028,2024-01-07,2,30,4,2024-01-10,1,0
3029,2024-04-19,1,11,2,2024-04-28,1,0
3030,2024-10-20,2,7,4,2024-10-29,1,1
3031,2025-02-23,3,23,3,2025-02-27,0,0
3032,2024-04-05,1,30,1,2024-04-08,1,0
3033,2024-01-16,1,20,4,2024-01-22,0,0
3034,2025-05-28,1,19,2,2025-06-04,1,0
3035,2024-12-27,3,7,3,2024-12-31,1,0
3036,2024-05-30,1,15,4,2024-06-07,0,0
3037,2024-10-02,1,6,4,2024-10-10,1,0
3038,2024-01-18,1,30,2,2024-01-23,1,0
3039,2024-04-17,2,14,4,2024-04-26,1,0
3040,2025-04-26,3,24,4,2025-05-05,1,0
3041,2024-11-02,3,19,2,2024-11-06,1,0
3042,2024-03-08,3,26,1,2024-03-15,1,0
3043,2025-07-01,3,16,2,2025-07-07,1,0
3044,2025-12-03,3,5,3,2025-12-12,1,0
3045,2025-10-26,1,21,3,2025-10-28,1,0
3046,2024-02-27,2,10,3,2024-02-28,1,0
3047,2024-08-15,4,14,2,2024-08-16,1,0
3048,2025-08-06,3,22,1,2025-08-10,1,0
3049,2024-09-14,4,30,2,2024-09-20,1,0
3050,2025-06-05,1,20,4,2025-06-08,1,0
3051,2024-07-03,4,3,1,2024-07-04,0,0
3052,2024-09-13,1,30,2,2024-09-15,1,0
3053,2025-04-27,2,29,4,2025-05-01,1,0
3054,2024-07-15,4,2,1,2024-07-21,1,1
3055,2024-02-08,1,15,4,2024-02-15,1,1
3056,2024-12-17,2,5,3,2024-12-24,1,0
3057,2024-02-16,2,10,3,2024-02-23,1,0
3058,2024-01-05,2,20,1,2024-01-11,1,0
3059,2025-03-25,4,15,3,2025-03-26,1,0
3060,2025-12-22,2,2,4,2025-12-31,1,0
3061,2024-03-10,3,18,2,2024-03-14,1,0
3062,2025-04-04,3,24,4,2025-04-13,0,0
3063,2025-12-15,3,1,3,2025-12-24,0,0
3064,2025-08-19,2,21,3,2025-08-27,1,0
3065,2025-11-08,1,26,3,2025-11-12,1,0
3066,2025-12-04,1,14,4,2025-12-12,1,0
3067,2025-06-30,2,22,4,2025-07-07,1,0
3068,2025-10-26,3,27,3,2025-10-30,1,0
3069,2025-01-31,2,9,1,2025-02-02,0,0
3070,2025-07-04,4,1,1,2025-07-10,1,0
3071,2025-12-21,1,18,1,2025-12-23,1,0
3072,2024-10-04,4,21,2,2024-10-07,1,0
3073,2025-11-09,2,12,4,2025-11-14,1,0
3074,2025-07-30,4,15,3,2025-08-03,1,0
3075,2024-10-01,2,5,1,2024-10-03,1,0
3076,2024-05-15,2,5,2,2024-05-22,1,0
3077,2025-08-19,1,22,4,2025-08-22,1,0
3078,2024-09-20,4,3,2,2024-09-28,1,0
3079,2024-06-14,3,13,4,2024-06-18,1,0
3080,2024-12-10,4,19,2,2024-12-12,1,0
3081,2025-02-18,4,11,1,2025-02-20,1,0
3082,2024-03-28,3,6,1,2024-03-31,1,0
3083,2025-12-02,4,21,3,2025-12-05,1,0
3084,2025-03-01,1,11,1,2025-03-10,0,0
3085,2024-11-02,1,2,4,2024-11-04,1,0
3086,2024-07-02,1,16,1,2024-07-09,1,0
3087,2024-11-17,3,24,2,2024-11-20,1,0
3088,2024-10-11,2,27,4,2024-10-16,1,0
3089,2024-03-20,4,24,4,2024-03-24,1,0
3090,2025-07-04,2,20,3,2025-07-09,1,0
3091,2024-10-06,1,4,1,2024-10-07,1,0
3092,2024-06-17,2,26,2,2024-06-19,1,0
3093,2024-09-09,4,4,2,2024-09-12,1,0
3094,2025-01-27,3,4,3,2025-02-02,1,0
3095,2025-06-09,2,4,1,2025-06-11,1,0
3096,2024-05-01,3,9,1,2024-05-04,1,0
3097,2025-12-05,4,23,3,2025-12-09,1,0
3098,2024-06-06,1,3,3,2024-06-15,1,0
3099,2024-12-06,3,19,2,2024-12-12,1,0
3100,2024-08-25,4,9,3,2024-08-28,0,0
3101,2025-04-25,1,15,2,2025-05-04,1,0
3102,2024-11-14,4,18,3,2024-11-21,1,0
3103,2025-06-27,4,26,2,2025-07-04,0,0
3104,2024-07-06,1,23,2,2024-07-13,1,0
3105,2025-10-02,4,29,3,2025-10-09,0,0
3106,2024-10-30,1,27,4,2024-11-08,0,0
3107,2025-06-22,3,1,2,2025-06-30,1,0
3108,2024-01-31,3,28,3,2024-02-08,1,0
3109,2025-01-17,4,14,3,2025-01-25,1,0
3110,2025-07-14,1,17,3,2025-07-16,1,0
3111,2025-08-09,4,5,2,2025-08-10,0,0
3112,2025-03-10,1,2,4,2025-03-17,1,1
3113,2024-02-15,4,30,2,2024-02-19,1,0
3114,2025-06-28,4,21,3,2025-06-30,1,0
3115,2024-05-05,4,22,4,2024-05-14,1,0
3116,2024-12-11,4,22,3,2024-12-16,1,0
3117,2024-09-16,4,27,3,2024-09-22,1,0
3118,2025-08-07,1,9,3,2025-08-09,1,0
3119,2025-03-20,2,27,1,2025-03-21,1,0
3120,2024-11-11,1,20,1,2024-11-16,1,0
3121,2025-05-27,2,15,1,2025-06-05,1,0
3122,2024-10-26,2,24,2,2024-10-29,0,1
3123,2025-07-11,3,10,1,2025-07-13,1,0
3124,2024-05-26,3,5,1,2024-05-28,1,0
3125,2024-04-19,2,24,3,2024-04-27,1,0
3126,2025-10-07,3,22,2,2025-10-14,0,0
3127,2025-09-29,1,12,2,2025-10-03,1,0
3128,2024-03-09,3,27,2,2024-03-11,1,0
3129,2024-11-24,3,21,1,2024-11-29,1,0
3130,2024-03-06,1,5,4,2024-03-15,1,0
3131,2025-05-24,1,26,1,2025-05-25,1,0
3132,2025-02-25,4,8,3,2025-03-02,1,0
3133,2025-12-23,1,2,3,2026-01-01,0,0
3134,2024-11-14,2,9,3,2024-11-22,0,0
3135,2024-09-29,1,26,3,2024-10-04,1,0
3136,2025-08-17,2,27,3,2025-08-20,1,0
3137,2025-06-17,3,15,2,2025-06-26,1,0
3138,2024-08-26,1,29,3,2024-08-30,1,0
3139,2024-08-16,3,3,1,2024-08-23,1,0
3140,2025-06-19,4,14,4,2025-06-27,1,0
3141,2025-07-06,4,26,2,2025-07-15,1,0
3142,2024-11-21,2,20,2,2024-11-28,0,0
3143,2025-06-27,4,6,3,2025-07-05,1,0
3144,2024-10-06,3,12,4,2024-10-15,0,0
3145,2025-06-17,4,24,4,2025-06-24,1,0
3146,2025-01-17,2,12,2,2025-01-22,1,0
3147,2025-04-15,1,8,3,2025-04-23,1,0
3148,2025-07-12,1,23,3,2025-07-14,1,0
3149,2025-10-24,2,6,4,2025-11-01,0,0
3150,2024-09-22,1,22,3,2024-09-27,1,0
3151,2025-01-17,1,20,4,2025-01-25,1,0
3152,2024-06-27,4,29,4,2024-07-06,1,0
3153,2024-04-23,1,5,4,2024-04-28,1,0
3154,2025-04-22,3,28,4,2025-04-30,1,0
3155,2025-08-17,4,28,3,2025-08-25,1,0
3156,2024-02-04,3,20,3,2024-02-11,1,0
3157,2024-02-20,3,14,1,2024-02-22,1,0
3158,2025-05-02,1,7,3,2025-05-11,1,0
3159,2025-11-30,2,22,3,2025-12-09,0,0
3160,2025-09-21,3,16,4,2025-09-30,1,0
3161,2024-07-21,1,11,4,2024-07-30,1,0
3162,2024-07-08,2,23,4,2024-07-10,1,0
3163,2024-03-22,4,11,1,2024-03-27,1,0
3164,2024-07-29,2,21,3,2024-08-03,0,0
3165,2024-06-20,2,14,2,2024-06-25,1,0
3166,2025-06-18,2,6,2,2025-06-19,1,0
3167,2025-08-26,2,27,1,2025-09-01,1,0
3168,2024-01-30,3,3,1,2024-02-04,1,0
3169,2024-09-02,4,27,1,2024-09-09,1,0
3170,2024-11-26,4,10,3,2024-11-28,1,0
3171,2024-03-23,4,28,1,2024-03-27,1,0
3172,2025-06-21,2,14,1,2025-06-22,1,0
3173,2024-02-19,2,23,4,2024-02-21,1,0
3174,2024-02-08,2,5,1,2024-02-16,1,0
3175,2024-01-31,3,27,1,2024-02-06,1,0
3176,2025-05-21,3,15,1,2025-05-29,1,0
3177,2025-05-12,2,25,3,2025-05-18,1,0
3178,2025-11-06,3,12,3,2025-11-09,1,0
3179,2025-05-09,3,17,2,2025-05-11,1,0
3180,2025-04-26,2,20,4,2025-04-28,1,0
3181,2024-06-03,2,26,1,2024-06-11,1,1
3182,2024-12-03,2,15,1,2024-12-07,1,0
3183,2025-12-03,1,22,2,2025-12-06,1,0
3184,2025-06-18,1,24,1,2025-06-25,1,0
3185,2024-12-24,2,9,4,2024-12-31,1,0
3186,2025-01-17,4,14,4,2025-01-19,1,0
3187,2025-04-12,4,4,2,2025-04-21,0,0
3188,2025-10-15,2,22,3,2025-10-24,1,0
3189,2025-10-06,3,1,3,2025-10-08,0,0
3190,2025-08-06,3,15,4,2025-08-12,0,0
3191,2025-12-18,4,13,2,2025-12-26,1,0
3192,2024-06-26,2,1,1,2024-06-29,1,0
3193,2024-01-22,2,13,4,2024-01-25,1,0
3194,2025-06-07,1,27,3,2025-06-10,1,0
3195,2024-12-02,2,26,1,2024-12-07,0,0
3196,2025-03-02,2,23,4,2025-03-03,1,0
3197,2024-11-13,3,1,3,2024-11-15,0,0
3198,2024-06-16,2,27,2,2024-06-24,0,0
3199,2025-04-14,3,14,4,2025-04-16,1,0
3200,2024-05-19,2,29,3,2024-05-25,1,0
3201,2024-08-17,1,23,2,2024-08-23,1,0
3202,2024-05-05,4,2,4,2024-05-08,1,1
3203,2024-11-14,2,24,2,2024-11-18,1,0
3204,2024-12-08,4,5,1,2024-12-13,1,0
3205,2025-03-26,1,14,3,2025-04-03,1,0
3206,2025-05-10,1,3,3,2025-05-13,1,0
3207,2025-03-28,3,9,3,2025-04-01,1,0
3208,2025-09-04,4,4,3,2025-09-06,1,0
3209,2025-05-18,4,29,3,2025-05-20,1,0
3210,2025-10-11,3,20,1,2025-10-14,0,0
3211,2025-10-05,1,9,4,2025-10-07,1,0
3212,2025-02-17,1,29,2,2025-02-24,1,0
3213,2024-01-18,2,23,1,2024-01-21,1,0
3214,2024-10-02,1,9,2,2024-10-10,1,0
3215,2025-04-28,4,4,4,2025-05-04,0,0
3216,2024-06-19,1,14,3,2024-06-22,1,0
3217,2024-03-24,3,30,4,2024-04-02,1,0
3218,2025-09-21,2,25,1,2025-09-29,0,0
3219,2025-04-10,4,14,1,2025-04-11,1,0
3220,2025-02-08,4,30,3,2025-02-10,1,0
3221,2024-03-24,3,1,3,2024-03-29,1,0
3222,2024-11-08,4,28,3,2024-11-13,1,1
3223,2025-11-13,1,10,3,2025-11-16,1,0
3224,2025-05-18,4,29,1,2025-05-23,1,0
3225,2025-02-04,2,9,3,2025-02-12,1,0
3226,2024-01-22,4,5,4,2024-01-26,1,0
3227,2024-10-07,2,11,1,2024-10-13,1,0
3228,2024-08-04,3,7,4,2024-08-13,1,0
3229,2025-12-14,1,15,1,2025-12-22,0,0
3230,2024-05-05,2,19,4,2024-05-06,1,0
3231,2024-07-22,2,14,1,2024-07-29,1,0
3232,2024-05-17,3,18,4,2024-05-24,0,0
3233,2025-06-26,4,14,4,2025-07-05,1,0
3234,2024-05-10,1,6,4,2024-05-19,1,0
3235,2024-05-15,2,29,2,2024-05-17,1,0
3236,2025-02-10,1,9,3,2025-02-11,1,0
3237,2024-01-06,3,10,1,2024-01-08,1,0
3238,2025-07-30,1,19,1,2025-08-08,1,1
3239,2025-04-18,3,22,3,2025-04-22,1,0
3240,2024-01-18,1,7,4,2024-01-27,1,0
3241,2024-06-16,4,3,1,2024-06-18,1,0
3242,2024-08-07,4,10,4,2024-08-08,1,0
3243,2024-05-17,4,7,4,2024-05-20,1,0
3244,2024-10-12,3,12,2,2024-10-18,1,0
3245,2024-07-30,3,27,4,2024-08-04,1,0
3246,2025-01-15,3,4,1,2025-01-19,1,0
3247,2024-08-19,3,12,3,2024-08-27,1,0
3248,2025-08-17,4,15,2,2025-08-21,1,0
3249,2025-06-29,4,4,3,2025-07-03,1,0
3250,2024-09-06,1,22,2,2024-09-11,1,0
3251,2025-05-31,1,25,4,2025-06-06,1,0
3252,2024-08-23,2,18,3,2024-08-24,1,0
3253,2025-02-03,3,24,2,2025-02-05,1,0
3254,2025-07-28,3,28,3,2025-08-05,1,0
3255,2025-12-30,3,29,4,2026-01-08,0,0
3256,2025-02-12,1,5,2,2025-02-13,0,0
3257,2025-11-26,1,7,4,2025-12-02,1,0
3258,2025-12-30,2,19,2,2026-01-08,1,0
3259,2024-10-21,1,5,1,2024-10-30,1,0
3260,2025-03-30,4,14,4,2025-04-04,1,0
3261,2024-03-16,3,18,4,2024-03-17,1,0
3262,2025-06-19,1,25,4,2025-06-22,1,0
3263,2025-02-14,4,30,1,2025-02-19,1,0
3264,2024-06-09,2,15,3,2024-06-11,1,0
3265,2024-11-27,1,27,4,2024-12-06,1,0
3266,2024-11-18,3,2,4,2024-11-22,1,0
3267,2024-01-14,4,30,4,2024-01-20,1,0
3268,2025-11-09,2,7,4,2025-11-14,1,0
3269,2024-11-07,4,18,2,2024-11-13,1,0
3270,2024-09-12,3,23,4,2024-09-14,1,0
3271,2024-02-01,4,30,2,2024-02-09,1,0
3272,2024-10-10,1,6,4,2024-10-12,0,0
3273,2024-05-10,1,4,4,2024-05-15,0,0
3274,2024-09-25,4,14,2,2024-10-02,1,0
3275,2025-10-07,1,6,1,2025-10-10,1,0
3276,2024-09-11,2,10,2,2024-09-17,1,0
3277,2024-11-12,2,4,2,2024-11-14,1,0
3278,2024-10-11,3,7,2,2024-10-16,1,0
3279,2024-04-11,4,15,1,2024-04-16,1,0
3280,2024-11-20,2,13,2,2024-11-25,1,0
3281,2024-03-23,3,21,2,2024-03-29,1,0
3282,2025-02-24,3,18,4,2025-03-05,1,0
3283,2025-07-04,3,19,3,2025-07-07,1,0
3284,2024-01-24,4,6,2,2024-01-29,1,0
3285,2024-03-20,2,30,4,2024-03-27,1,0
3286,2025-03-23,3,6,2,2025-03-31,1,0
3287,2024-08-15,3,3,4,2024-08-16,0,0
3288,2024-04-10,1,24,3,2024-04-17,1,0
3289,2025-07-02,1,14,2,2025-07-10,1,0
3290,2025-09-10,4,5,2,2025-09-17,1,0
3291,2024-07-06,2,14,2,2024-07-08,1,0
3292,2025-01-04,4,23,3,2025-01-10,0,0
3293,2024-03-07,3,29,2,2024-03-09,1,0
3294,2025-12-29,2,14,3,2026-01-01,1,0
3295,2025-12-21,3,5,1,2025-12-22,1,0
3296,2024-11-03,2,25,1,2024-11-08,1,0
3297,2024-10-05,3,7,3,2024-10-10,1,0
3298,2025-04-01,3,3,4,2025-04-08,1,0
3299,2025-11-15,2,1,3,2025-11-22,0,0
3300,2025-10-01,3,1,1,2025-10-03,1,0
3301,2025-01-01,1,4,2,2025-01-03,1,0
3302,2024-05-31,2,15,2,2024-06-02,1,0
3303,2025-06-12,4,2,2,2025-06-15,1,0
3304,2025-07-31,3,4,1,2025-08-03,1,0
3305,2025-10-13,3,15,3,2025-10-18,1,0
3306,2024-11-07,1,6,1,2024-11-14,1,0
3307,2025-03-14,3,25,1,2025-03-22,1,0
3308,2025-07-30,4,25,3,2025-08-07,1,0
3309,2024-09-16,3,12,2,2024-09-23,1,0
3310,2025-08-29,2,26,2,2025-08-30,0,0
3311,2024-06-29,4,23,3,2024-06-30,1,0
3312,2024-05-04,3,19,1,2024-05-11,1,0
3313,2024-01-14,2,8,4,2024-01-18,1,0
3314,2024-04-11,3,23,3,2024-04-13,0,0
3315,2025-07-24,4,29,3,2025-07-29,1,0
3316,2025-08-23,4,16,4,2025-08-27,1,0
3317,2025-06-19,4,26,1,2025-06-21,1,0
3318,2024-12-01,3,13,1,2024-12-04,1,0
3319,2025-10-11,1,12,4,2025-10-13,1,0
3320,2025-02-08,4,23,4,2025-02-16,1,0
3321,2024-06-22,3,2,4,2024-06-23,1,1
3322,2024-05-03,4,16,4,2024-05-05,1,0
3323,2025-03-17,3,30,1,2025-03-21,1,0
3324,2025-04-15,1,6,2,2025-04-21,1,0
3325,2025-01-26,3,22,2,2025-01-29,1,0
3326,2025-05-24,1,19,4,2025-05-26,0,0
3327,2024-09-01,4,6,1,2024-09-07,1,0
3328,2025-01-29,3,27,4,2025-02-06,1,0
3329,2025-09-25,2,16,4,2025-09-28,1,0
3330,2025-05-29,2,19,3,2025-06-04,1,0
3331,2025-08-14,4,4,3,2025-08-15,0,0
3332,2024-03-20,4,12,4,2024-03-24,1,0
3333,2025-07-16,4,6,1,2025-07-19,0,1
3334,2025-06-20,1,19,3,2025-06-23,1,0
3335,2025-07-06,2,13,2,2025-07-09,1,0
3336,2024-01-26,2,12,1,2024-02-01,1,0
3337,2024-03-29,4,11,3,2024-04-05,1,1
3338,2024-05-03,2,22,3,2024-05-07,1,0
3339,2025-11-01,3,2,2,2025-11-05,1,0
3340,2024-10-12,3,28,4,2024-10-20,1,0
3341,2024-03-12,2,7,2,2024-03-18,1,0
3342,2024-06-06,1,18,1,2024-06-10,1,0
3343,2024-12-15,2,27,4,2024-12-20,1,0
3344,2025-09-09,1,22,1,2025-09-18,0,0
3345,2025-04-27,1,19,1,2025-05-04,1,0
3346,2025-06-12,3,24,1,2025-06-13,1,1
3347,2025-08-01,2,2,4,2025-08-07,0,0
3348,2024-10-19,4,10,3,2024-10-26,1,0
3349,2025-04-09,4,23,4,2025-04-18,1,0
3350,2025-02-07,2,29,2,2025-02-12,1,0
3351,2024-08-16,2,19,4,2024-08-21,1,0
3352,2024-07-24,4,26,2,2024-07-26,1,0
3353,2025-09-17,2,20,3,2025-09-22,1,0
3354,2024-09-25,3,2,1,2024-10-01,1,0
3355,2025-08-27,3,29,2,2025-09-05,1,0
3356,2024-06-26,4,14,4,2024-07-01,1,0
3357,2024-04-07,3,16,4,2024-04-14,1,0
3358,2024-06-22,1,7,4,2024-06-30,1,0
3359,2025-08-07,1,14,2,2025-08-15,1,1
3360,2025-10-01,2,3,1,2025-10-08,1,0
3361,2025-06-19,1,30,3,2025-06-20,1,1
3362,2025-12-23,1,1,4,2025-12-25,1,0
3363,2025-11-29,4,19,4,2025-12-06,1,0
3364,2024-02-05,1,16,3,2024-02-09,0,0
3365,2025-12-04,4,13,2,2025-12-05,1,0
3366,2024-02-06,1,17,3,2024-02-09,1,0
3367,2024-10-18,1,11,1,2024-10-22,0,0
3368,2024-06-10,3,14,1,2024-06-17,1,0
3369,2025-12-13,2,30,1,2025-12-19,1,0
3370,2024-10-10,4,22,3,2024-10-14,1,0
3371,2024-06-13,1,13,3,2024-06-15,1,0
3372,2025-11-30,1,29,2,2025-12-01,1,0
3373,2025-03-23,2,14,1,2025-03-27,1,0
3374,2024-05-25,3,18,1,2024-06-03,1,0
3375,2025-09-08,2,21,2,2025-09-13,1,0
3376,2024-08-25,3,10,4,2024-08-27,1,0
3377,2024-07-13,2,12,1,2024-07-15,1,0
3378,2025-12-07,4,14,4,2025-12-12,1,0
3379,2025-04-01,3,22,2,2025-04-06,0,0
3380,2024-01-22,2,24,3,2024-01-31,1,0
3381,2025-05-05,3,16,2,2025-05-07,1,0
3382,2025-03-01,1,1,1,2025-03-04,1,0
3383,2025-10-01,1,6,3,2025-10-06,1,0
3384,2025-04-28,1,15,1,2025-05-01,0,0
3385,2025-01-29,1,7,2,2025-02-02,1,0
3386,2025-06-04,4,8,4,2025-06-08,1,0
3387,2024-09-28,4,30,2,2024-09-30,1,0
3388,2024-10-22,4,19,2,2024-10-25,1,0
3389,2024-12-26,1,14,1,2024-12-29,1,0
3390,2024-03-28,2,29,2,2024-04-02,1,0
3391,2025-02-20,3,15,1,2025-02-28,1,0
3392,2024-06-05,3,26,2,2024-06-09,1,0
3393,2025-04-11,3,25,3,2025-04-19,0,0
3394,2025-02-20,4,6,3,2025-02-26,1,0
3395,2025-06-26,2,28,2,2025-06-28,0,0
3396,2024-08-13,2,28,3,2024-08-17,1,0
3397,2025-05-16,2,6,4,2025-05-21,1,1
3398,2025-11-21,2,18,1,2025-11-30,1,0
3399,2025-03-31,4,23,1,2025-04-06,1,0
3400,2024-01-23,2,1,1,2024-01-25,1,0
3401,2025-01-14,3,18,4,2025-01-23,1,1
3402,2024-09-09,2,1,2,2024-09-15,1,0
3403,2025-03-07,1,11,4,2025-03-08,1,0
3404,2025-07-29,3,28,1,2025-08-06,0,0
3405,2025-09-23,3,21,3,2025-10-02,1,0
3406,2024-01-24,4,14,1,2024-01-29,1,0
3407,2025-10-28,4,19,1,2025-11-02,1,0
3408,2025-04-07,4,21,3,2025-04-11,1,0
3409,2024-02-26,4,8,2,2024-03-04,1,0
3410,2024-02-03,2,30,2,2024-02-04,1,0
3411,2024-10-07,4,1,4,2024-10-10,0,0
3412,2025-03-24,2,27,4,2025-04-02,1,0
3413,2025-08-03,1,8,3,2025-08-10,1,0
3414,2025-08-18,1,29,4,2025-08-27,1,0
3415,2024-05-26,1,1,3,2024-05-27,1,0
3416,2024-09-26,3,27,4,2024-10-03,1,0
3417,2025-07-18,4,16,2,2025-07-23,1,0
3418,2025-03-25,3,7,4,2025-03-27,1,0
3419,2025-09-17,1,16,2,2025-09-22,0,0
3420,2025-01-06,3,26,3,2025-01-15,1,0
3421,2025-11-19,1,27,4,2025-11-27,0,0
3422,2025-05-12,1,8,3,2025-05-19,1,0
3423,2025-04-08,4,26,1,2025-04-16,1,0
3424,2024-12-24,4,23,2,2024-12-31,1,0
3425,2024-09-19,4,5,3,2024-09-28,1,0
3426,2024-10-29,3,12,2,2024-11-04,1,0
3427,2024-01-10,1,8,4,2024-01-11,1,0
3428,2024-12-20,3,4,3,2024-12-21,1,0
3429,2024-01-01,4,12,4,2024-01-09,1,0
3430,2025-04-05,4,4,2,2025-04-06,1,0
3431,2024-07-29,3,23,4,2024-08-03,0,0
3432,2025-10-04,2,8,3,2025-10-13,1,0
3433,2024-01-15,2,17,4,2024-01-17,1,0
3434,2025-12-27,3,3,2,2025-12-29,1,0
3435,2024-09-23,2,24,2,2024-09-29,1,1
3436,2025-02-05,3,5,4,2025-02-11,1,0
3437,2024-07-15,3,17,1,2024-07-18,1,0
3438,2025-04-09,4,14,4,2025-04-12,1,0
3439,2025-10-26,4,17,4,2025-11-04,1,0
3440,2025-07-31,3,5,2,2025-08-01,1,0
3441,2024-11-22,2,7,3,2024-11-27,1,0
3442,2025-04-13,1,4,1,2025-04-22,1,0
3443,2025-04-29,2,11,1,2025-05-02,1,0
3444,2025-11-13,1,22,1,2025-11-22,1,0
3445,2025-06-17,3,1,3,2025-06-25,1,0
3446,2024-08-16,1,23,1,2024-08-24,1,0
3447,2025-12-21,3,26,1,2025-12-24,0,0
3448,2025-04-27,1,30,1,2025-04-28,0,0
3449,2024-10-11,1,12,3,2024-10-20,1,0
3450,2025-11-16,3,21,3,2025-11-18,1,0
3451,2025-01-11,3,12,4,2025-01-18,1,0
3452,2025-05-29,4,22,1,2025-06-01,1,0
3453,2024-04-13,2,25,4,2024-04-18,1,0
3454,2025-08-22,4,13,4,2025-08-28,1,0
3455,2025-05-19,1,22,1,2025-05-27,1,0
3456,2025-10-12,4,14,1,2025-10-18,1,0
3457,2024-01-19,2,25,3,2024-01-28,1,0
3458,2024-11-01,4,20,4,2024-11-05,1,0
3459,2024-12-08,1,19,1,2024-12-15,1,0
3460,2025-08-12,4,27,4,2025-08-14,1,0
3461,2024-08-05,1,17,1,2024-08-08,1,0
3462,2024-02-23,3,7,3,2024-03-01,1,0
3463,2024-01-25,4,15,1,2024-01-31,1,0
3464,2024-02-04,1,7,2,2024-02-05,1,0
3465,2025-11-30,4,30,4,2025-12-02,1,0
3466,2025-11-22,1,23,4,2025-11-27,1,0
3467,2025-03-09,2,22,2,2025-03-16,1,0
3468,2024-12-19,1,5,3,2024-12-22,0,0
3469,2025-08-31,3,16,4,2025-09-07,1,0
3470,2025-11-23,3,24,2,2025-12-02,1,0
3471,2025-10-14,3,23,2,2025-10-20,1,0
3472,2024-09-09,1,8,1,2024-09-10,1,0
3473,2024-08-31,1,7,3,2024-09-01,1,0
3474,2024-08-08,1,15,2,2024-08-15,1,0
3475,2024-10-08,2,26,4,2024-10-13,1,0
3476,2024-03-26,3,25,3,2024-04-01,1,0
3477,2025-11-20,4,14,2,2025-11-23,1,0
3478,2025-08-24,4,30,2,2025-08-25,1,0
3479,2025-05-24,3,1,2,2025-05-25,1,0
3480,2025-07-31,2,20,3,2025-08-08,1,0
3481,2025-01-08,1,18,1,2025-01-17,1,0
3482,2025-06-22,1,19,3,2025-06-25,0,0
3483,2024-09-14,4,10,1,2024-09-16,1,0
3484,2025-09-23,2,1,3,2025-09-25,1,0
3485,2025-09-18,4,11,4,2025-09-22,1,0
3486,2025-06-07,4,17,3,2025-06-11,1,0
3487,2025-02-07,3,7,1,2025-02-11,1,0
3488,2025-12-21,4,1,2,2025-12-22,0,0
3489,2024-06-01,4,26,3,2024-06-04,1,0
3490,2025-07-01,2,17,4,2025-07-07,1,0
3491,2024-01-28,4,1,3,2024-02-06,1,0
3492,2025-08-31,4,14,3,2025-09-02,1,0
3493,2024-07-19,2,27,2,2024-07-24,1,0
3494,2025-10-31,3,17,2,2025-11-07,1,0
3495,2024-03-16,3,12,4,2024-03-22,1,0
3496,2025-07-09,4,19,3,2025-07-16,1,1
3497,2025-03-29,1,27,2,2025-04-02,1,0
3498,2024-06-26,1,26,3,2024-07-02,1,1
3499,2024-02-21,1,22,2,2024-02-23,1,0
3500,2025-03-28,1,27,2,2025-04-01,1,0
3501,2025-04-24,4,5,4,2025-05-02,1,0
3502,2025-11-24,1,17,2,2025-11-25,1,0
3503,2024-04-09,2,10,1,2024-04-13,1,0
3504,2025-06-25,4,23,1,2025-07-04,1,0
3505,2024-04-13,4,24,3,2024-04-14,1,0
3506,2025-04-06,3,14,4,2025-04-07,1,0
3507,2025-08-11,3,22,4,2025-08-14,1,0
3508,2024-05-22,3,20,2,2024-05-24,1,0
3509,2024-07-05,2,16,1,2024-07-06,1,0
3510,2025-08-02,1,8,2,2025-08-07,1,0
3511,2025-01-01,3,26,4,2025-01-02,1,0
3512,2024-09-27,3,24,2,2024-10-01,1,0
3513,2025-07-22,1,30,3,2025-07-28,1,0
3514,2025-09-14,2,9,2,2025-09-16,1,0
3515,2025-10-02,3,29,1,2025-10-09,0,0
3516,2024-06-04,1,9,2,2024-06-10,1,0
3517,2025-01-25,4,8,4,2025-01-31,1,0
3518,2025-12-25,2,19,1,2025-12-31,1,0
3519,2024-02-19,2,5,2,2024-02-24,1,0
3520,2024-09-22,1,18,2,2024-09-30,1,0
3521,2024-05-28,1,9,3,2024-05-30,1,0
3522,2025-02-08,1,9,4,2025-02-17,1,0
3523,2025-06-28,3,22,1,2025-07-05,1,0
3524,2024-08-06,4,24,1,2024-08-14,1,0
3525,2025-11-02,2,25,4,2025-11-09,1,0
3526,2024-07-12,4,21,2,2024-07-20,1,0
3527,2024-10-21,2,1,4,2024-10-25,1,0
3528,2025-04-10,4,23,2,2025-04-13,1,0
3529,2025-08-07,3,11,3,2025-08-13,1,0
3530,2024-10-07,2,11,1,2024-10-14,1,0
3531,2025-02-15,4,30,4,2025-02-18,1,0
3532,2025-10-13,4,12,4,2025-10-21,1,0
3533,2025-09-14,4,4,2,2025-09-19,1,0
3534,2024-06-25,3,22,4,2024-06-26,1,0
3535,2025-10-20,2,18,3,2025-10-27,1,0
3536,2024-12-09,1,6,1,2024-12-14,1,0
3537,2025-05-23,3,6,1,2025-05-24,0,0
3538,2024-04-10,2,27,1,2024-04-11,1,0
3539,2024-12-23,4,11,4,2025-01-01,1,0
3540,2025-03-13,1,7,1,2025-03-19,1,0
3541,2025-12-10,1,5,3,2025-12-15,0,0
3542,2025-06-24,4,27,1,2025-06-27,0,0
3543,2025-07-17,1,29,2,2025-07-19,1,0
3544,2025-12-13,4,21,4,2025-12-17,1,0
3545,2024-02-16,4,25,4,2024-02-21,1,0
3546,2025-03-03,4,19,1,2025-03-10,1,0
3547,2025-02-01,1,14,4,2025-02-08,1,0
3548,2024-07-11,3,17,4,2024-07-14,1,0
3549,2024-07-29,4,24,4,2024-07-31,1,1
3550,2024-05-18,3,28,3,2024-05-27,0,0
3551,2024-02-14,3,2,2,2024-02-19,1,0
3552,2024-12-26,3,3,2,2025-01-03,1,0
3553,2024-06-30,1,1,3,2024-07-07,1,0
3554,2025-01-15,1,13,1,2025-01-19,1,0
3555,2024-03-27,1,4,1,2024-04-02,1,0
3556,2024-07-12,2,27,3,2024-07-18,1,0
3557,2025-12-03,1,10,4,2025-12-06,1,0
3558,2024-11-11,2,26,4,2024-11-12,1,0
3559,2024-12-16,1,22,1,2024-12-17,1,0
3560,2024-07-24,3,9,3,2024-07-26,0,0
3561,2025-10-28,2,11,4,2025-10-31,1,0
3562,2024-02-01,4,27,3,2024-02-06,1,0
3563,2025-06-15,1,27,1,2025-06-24,1,0
3564,2024-12-17,2,18,2,2024-12-20,1,0
3565,2024-07-25,3,26,3,2024-07-30,1,0
3566,2024-07-07,4,4,4,2024-07-15,1,0
3567,2025-10-23,1,20,3,2025-11-01,1,0
3568,2024-07-08,3,2,3,2024-07-15,1,0
3569,2025-08-27,3,8,3,2025-08-28,1,0
3570,2025-03-01,1,1,2,2025-03-05,1,0
3571,2024-03-01,2,30,3,2024-03-03,1,0
3572,2025-03-29,3,13,4,2025-04-06,1,0
3573,2024-10-31,2,19,2,2024-11-03,1,0
3574,2024-08-24,1,9,4,2024-08-26,1,0
3575,2025-02-10,4,13,2,2025-02-16,1,0
3576,2025-11-20,1,28,2,2025-11-26,1,0
3577,2024-05-02,4,1,1,2024-05-11,0,0
3578,2025-09-27,2,8,4,2025-10-03,1,0
3579,2024-04-16,2,4,1,2024-04-21,1,0
3580,2024-09-29,4,22,2,2024-10-01,1,0
3581,2024-05-05,1,21,1,2024-05-08,1,0
3582,2024-05-12,2,29,4,2024-05-19,1,0
3583,2025-02-27,3,20,2,2025-03-07,1,0
3584,2024-03-18,2,30,3,2024-03-25,1,0
3585,2025-02-20,4,28,2,2025-02-23,1,0
3586,2024-06-02,3,6,3,2024-06-11,0,0
3587,2025-02-10,3,16,1,2025-02-16,1,0
3588,2024-05-08,3,2,1,2024-05-10,1,0
3589,2025-04-16,1,18,3,2025-04-17,1,0
3590,2025-07-26,4,6,4,2025-07-29,0,0
3591,2025-07-08,3,28,4,2025-07-16,1,0
3592,2024-12-20,2,22,4,2024-12-21,1,1
3593,2025-01-27,3,30,4,2025-01-28,0,0
3594,2025-08-01,4,25,1,2025-08-08,1,0
3595,2025-03-12,1,6,4,2025-03-14,1,0
3596,2025-05-24,4,15,1,2025-06-01,1,0
3597,2024-12-23,1,8,1,2024-12-27,1,0
3598,2025-08-08,2,21,4,2025-08-15,1,0
3599,2024-02-10,3,19,1,2024-02-17,1,0
3600,2024-01-10,3,6,1,2024-01-18,1,0
3601,2024-11-18,3,9,4,2024-11-21,1,0
3602,2025-03-17,4,23,4,2025-03-22,0,0
3603,2025-06-28,1,4,2,2025-07-04,1,0
3604,2025-06-12,2,17,2,2025-06-14,1,0
3605,2025-05-26,3,24,3,2025-06-04,1,0
3606,2025-11-18,4,1,2,2025-11-24,1,0
3607,2025-10-12,2,16,4,2025-10-17,1,0
3608,2025-08-09,1,21,2,2025-08-15,1,0
3609,2024-07-07,3,18,4,2024-07-14,1,1
3610,2024-10-09,2,22,1,2024-10-16,1,1
3611,2024-11-02,2,28,1,2024-11-08,1,0
3612,2024-03-22,4,28,4,2024-03-26,1,0
3613,2025-03-06,2,12,3,2025-03-11,0,0
3614,2025-01-05,2,28,4,2025-01-13,1,1
3615,2025-12-19,1,10,3,2025-12-25,1,0
3616,2025-05-20,4,17,3,2025-05-29,1,0
3617,2024-12-31,1,24,4,2025-01-06,1,0
3618,2024-05-30,3,18,4,2024-05-31,1,0
3619,2025-09-30,2,28,4,2025-10-07,1,0
3620,2025-08-14,1,25,4,2025-08-23,1,0
3621,2025-12-16,1,15,1,2025-12-21,1,1
3622,2024-06-06,1,22,4,2024-06-07,0,0
3623,2025-03-25,3,10,2,2025-03-28,1,0
3624,2024-11-19,2,12,1,2024-11-23,1,0
3625,2024-06-03,4,25,4,2024-06-04,1,0
3626,2025-08-19,2,28,2,2025-08-21,1,0
3627,2024-10-01,1,24,1,2024-10-07,0,0
3628,2025-04-19,3,15,2,2025-04-23,1,1
3629,2025-10-27,2,30,2,2025-11-04,0,0
3630,2024-05-15,4,5,1,2024-05-16,1,0
3631,2025-03-11,3,6,1,2025-03-17,1,0
3632,2024-12-19,4,14,3,2024-12-26,1,0
3633,2024-02-16,1,11,4,2024-02-20,0,0
3634,2024-07-01,2,17,4,2024-07-06,1,0
3635,2025-05-16,1,24,2,2025-05-23,1,0
3636,2025-09-06,1,3,4,2025-09-14,0,0
3637,2025-05-26,2,30,4,2025-06-04,1,0
3638,2025-07-31,4,24,2,2025-08-01,0,0
3639,2025-11-26,3,8,4,2025-11-29,1,0
3640,2024-01-19,2,1,2,2024-01-24,1,0
3641,2025-05-17,1,10,1,2025-05-20,1,0
3642,2025-09-21,2,6,3,2025-09-29,1,0
3643,2024-05-31,2,10,3,2024-06-08,1,0
3644,2024-01-29,3,25,4,2024-02-04,1,1
3645,2025-12-20,3,18,2,2025-12-23,0,0
3646,2024-10-12,3,26,2,2024-10-18,1,0
3647,2024-08-21,1,15,1,2024-08-22,1,1
3648,2024-07-29,2,11,2,2024-08-05,1,0
3649,2025-11-09,1,25,4,2025-11-17,1,0
3650,2024-01-11,4,21,4,2024-01-19,0,0
3651,2025-01-19,2,28,4,2025-01-24,1,0
3652,2024-12-31,1,5,1,2025-01-05,1,0
3653,2025-02-07,1,7,4,2025-02-16,1,0
3654,2025-08-17,4,27,2,2025-08-20,1,0
3655,2024-11-17,3,4,3,2024-11-18,1,0
3656,2025-05-01,3,10,4,2025-05-02,1,0
3657,2024-12-29,4,3,2,2025-01-02,1,0
3658,2025-01-20,4,11,3,2025-01-22,1,0
3659,2024-02-11,1,2,4,2024-02-16,1,0
3660,2024-03-21,1,22,3,2024-03-28,1,0
3661,2024-04-16,4,3,4,2024-04-25,1,0
3662,2025-04-05,3,6,1,2025-04-14,0,0
3663,2024-11-26,2,17,4,2024-12-04,1,0
3664,2025-07-08,3,3,1,2025-07-13,1,0
3665,2025-11-29,2,7,1,2025-12-07,0,0
3666,2025-12-01,2,4,3,2025-12-02,1,0
3667,2024-09-03,2,17,3,2024-09-07,0,0
3668,2025-03-24,1,27,3,2025-03-29,1,0
3669,2025-05-17,3,4,3,2025-05-26,1,0
3670,2025-10-18,1,6,2,2025-10-25,1,0
3671,2025-12-28,1,12,4,2026-01-04,1,0
3672,2024-09-22,4,12,2,2024-09-27,0,0
3673,2025-01-16,3,1,4,2025-01-23,1,0
3674,2025-07-03,2,27,1,2025-07-06,1,0
3675,2025-11-07,2,23,1,2025-11-10,1,0
3676,2025-12-24,1,17,3,2025-12-26,1,0
3677,2025-05-01,1,6,3,2025-05-03,1,0
3678,2025-10-13,4,9,2,2025-10-18,1,1
3679,2025-09-17,3,22,2,2025-09-21,0,0
3680,2025-07-08,3,4,1,2025-07-15,1,0
3681,2024-05-01,3,4,3,2024-05-09,1,0
3682,2024-05-30,3,26,2,2024-05-31,1,0
3683,2024-12-27,3,22,1,2025-01-03,1,0
3684,2024-10-23,2,12,1,2024-10-26,1,0
3685,2025-01-23,2,23,1,2025-01-29,1,0
3686,2025-01-07,2,30,1,2025-01-10,1,0
3687,2025-03-03,4,26,2,2025-03-07,1,0
3688,2024-11-03,4,17,2,2024-11-09,1,0
3689,2025-05-24,2,29,1,2025-05-29,1,0
3690,2025-08-01,1,22,2,2025-08-02,1,1
3691,2024-12-21,3,21,3,2024-12-29,1,0
3692,2024-02-17,4,28,3,2024-02-25,1,0
3693,2024-07-14,2,7,1,2024-07-18,1,0
3694,2024-01-24,4,4,2,2024-01-27,1,0
3695,2024-02-25,1,3,3,2024-03-04,1,0
3696,2025-11-12,4,23,3,2025-11-14,1,0
3697,2024-03-10,4,1,4,2024-03-19,1,0
3698,2025-10-18,1,10,3,2025-10-25,1,0
3699,2024-04-01,2,7,1,2024-04-08,1,0
3700,2025-04-13,1,21,2,2025-04-21,0,0
3701,2024-07-15,1,23,3,2024-07-17,1,0
3702,2025-02-15,1,19,1,2025-02-20,1,0
3703,2025-12-15,3,30,3,2025-12-21,1,0
3704,2025-08-26,1,30,4,2025-08-29,1,0
3705,2025-04-08,3,4,1,2025-04-11,1,0
3706,2024-09-18,2,27,2,2024-09-19,0,0
3707,2024-07-09,2,28,4,2024-07-13,1,0
3708,2025-07-22,1,30,3,2025-07-29,1,1
3709,2024-10-23,4,30,1,2024-10-30,1,0
3710,2025-03-15,3,26,3,2025-03-20,1,0
3711,2024-12-19,3,13,1,2024-12-20,1,0
3712,2025-07-13,1,22,2,2025-07-20,1,0
3713,2024-06-24,3,27,2,2024-06-26,1,0
3714,2024-01-05,1,4,4,2024-01-12,1,0
3715,2024-10-07,3,11,2,2024-10-11,1,0
3716,2024-02-28,3,23,2,2024-03-05,1,0
3717,2024-12-18,3,19,1,2024-12-20,1,0
3718,2024-05-03,4,24,2,2024-05-04,1,0
3719,2024-03-01,4,30,4,2024-03-03,1,0
3720,2025-07-17,3,21,3,2025-07-23,1,0
3721,2024-09-02,3,24,2,2024-09-10,0,0
3722,2025-07-24,2,16,1,2025-07-28,1,0
3723,2024-05-09,2,28,4,2024-05-10,1,0
3724,2025-09-03,4,21,4,2025-09-05,0,0
3725,2025-09-07,1,29,4,2025-09-13,1,0
3726,2025-02-21,2,30,4,2025-02-23,1,0
3727,2025-02-17,3,6,2,2025-02-20,1,0
3728,2025-08-29,2,10,4,2025-08-30,1,0
3729,2024-02-07,3,2,3,2024-02-14,1,0
3730,2025-12-13,4,23,1,2025-12-16,1,0
3731,2024-08-03,3,18,4,2024-08-09,1,0
3732,2024-08-19,1,7,1,2024-08-21,1,0
3733,2025-12-14,3,19,4,2025-12-16,1,0
3734,2025-08-04,1,5,2,2025-08-08,1,0
3735,2025-11-19,3,26,3,2025-11-23,1,1
3736,2024-07-29,1,16,2,2024-07-31,0,0
3737,2025-06-10,2,4,3,2025-06-13,1,0
3738,2025-01-05,4,28,1,2025-01-06,1,0
3739,2024-01-29,3,18,4,2024-01-31,1,0
3740,2024-08-18,4,3,2,2024-08-27,1,0
3741,2025-11-15,3,18,4,2025-11-17,1,0
3742,2024-07-16,2,29,4,2024-07-20,1,1
3743,2025-05-28,2,13,3,2025-06-03,1,0
3744,2024-02-15,1,10,2,2024-02-17,1,0
3745,2024-02-27,3,17,4,2024-02-29,1,0
3746,2024-01-25,3,3,1,2024-02-03,1,0
3747,2025-06-20,4,13,1,2025-06-23,1,0
3748,2025-08-30,2,13,2,2025-09-02,1,0
3749,2024-07-28,1,9,3,2024-08-01,1,0
3750,2025-06-17,3,4,2,2025-06-26,1,0
3751,2025-08-03,1,24,2,2025-08-05,0,0
3752,2025-01-04,4,4,3,2025-01-11,1,0
3753,2025-08-11,3,7,3,2025-08-12,0,0
3754,2025-01-28,2,28,2,2025-02-02,1,0
3755,2025-07-14,1,16,3,2025-07-17,1,1
3756,2025-04-28,4,29,3,2025-05-01,1,0
3757,2024-10-04,2,8,4,2024-10-09,1,0
3758,2025-03-29,1,28,2,2025-04-01,0,0
3759,2024-06-18,3,15,2,2024-06-25,1,1
3760,2024-10-06,4,21,2,2024-10-10,0,0
3761,2025-03-07,1,27,4,2025-03-09,1,0
3762,2025-02-11,3,3,4,2025-02-16,0,0
3763,2025-09-19,2,4,3,2025-09-20,1,0
3764,2025-08-30,4,3,2,2025-09-06,1,0
3765,2024-10-18,3,25,2,2024-10-21,1,0
3766,2025-05-28,4,15,4,2025-06-04,1,0
3767,2024-12-02,2,20,4,2024-12-04,1,1
3768,2024-07-31,3,4,4,2024-08-08,1,0
3769,2024-04-10,1,27,1,2024-04-11,1,0
3770,2024-04-21,1,4,4,2024-04-24,1,0
3771,2025-05-17,4,27,2,2025-05-24,1,0
3772,2024-12-07,2,9,1,2024-12-12,1,0
3773,2025-07-12,4,26,3,2025-07-21,1,0
3774,2025-02-24,1,21,3,2025-03-05,1,0
3775,2024-09-20,3,6,3,2024-09-27,1,0
3776,2024-11-25,1,14,2,2024-12-02,1,0
3777,2025-11-07,4,5,2,2025-11-15,1,0
3778,2025-12-22,3,25,2,2025-12-24,0,0
3779,2024-12-22,3,5,4,2024-12-31,1,0
3780,2025-01-30,1,19,4,2025-02-03,1,0
3781,2025-02-24,3,11,2,2025-02-25,1,0
3782,2025-07-19,2,20,4,2025-07-25,1,0
3783,2024-04-28,3,4,2,2024-05-06,1,0
3784,2024-06-16,1,18,3,2024-06-18,1,0
3785,2024-03-21,2,20,2,2024-03-27,1,1
3786,2025-07-13,3,19,3,2025-07-17,1,0
3787,2025-05-04,3,22,2,2025-05-08,1,0
3788,2024-12-30,1,20,1,2024-12-31,1,0
3789,2024-06-11,4,10,3,2024-06-14,1,0
3790,2025-07-18,1,26,1,2025-07-21,1,0
3791,2024-09-16,3,28,1,2024-09-22,1,0
3792,2025-02-25,3,13,4,2025-03-05,1,0
3793,2024-11-17,2,26,2,2024-11-22,1,0
3794,2025-10-04,2,30,4,2025-10-12,1,0
3795,2025-10-29,1,14,1,2025-11-07,1,0
3796,2025-01-15,2,19,3,2025-01-21,0,0
3797,2024-11-26,2,24,3,2024-11-27,1,0
3798,2024-09-30,4,25,2,2024-10-04,1,0
3799,2024-02-06,1,27,3,2024-02-08,1,0
3800,2025-01-10,1,12,3,2025-01-15,1,0
3801,2025-08-02,4,7,3,2025-08-06,0,1
3802,2025-12-11,1,22,4,2025-12-17,1,0
3803,2025-10-12,4,15,3,2025-10-21,1,0
3804,2024-01-04,1,13,2,2024-01-08,1,0
3805,2024-05-26,1,3,3,2024-06-01,1,0
3806,2025-11-15,4,11,4,2025-11-18,1,0
3807,2024-06-23,1,23,1,2024-06-24,1,0
3808,2025-08-27,1,17,4,2025-09-04,0,0
3809,2025-03-29,2,3,1,2025-04-03,1,1
3810,2024-12-16,4,23,1,2024-12-17,1,0
3811,2025-08-07,4,3,3,2025-08-10,1,0
3812,2024-11-05,2,22,2,2024-11-09,1,0
3813,2025-08-30,3,19,1,2025-09-02,1,0
3814,2024-08-08,1,26,4,2024-08-17,1,0
3815,2025-01-25,1,29,4,2025-01-30,1,0
3816,2025-08-04,2,29,2,2025-08-07,1,0
3817,2025-08-07,2,21,2,2025-08-16,0,0
3818,2025-11-12,1,25,2,2025-11-15,1,0
3819,2024-06-10,3,5,4,2024-06-16,1,0
3820,2025-11-04,2,26,2,2025-11-06,1,0
3821,2024-09-30,2,20,1,2024-10-01,1,0
3822,2024-05-29,4,18,3,2024-05-31,1,0
3823,2025-05-21,3,16,2,2025-05-25,1,0
3824,2024-05-26,2,26,2,2024-05-30,0,1
3825,2024-06-23,1,2,2,2024-06-30,1,0
3826,2024-08-26,2,12,3,2024-08-28,1,0
3827,2025-12-15,1,18,1,2025-12-24,1,0
3828,2024-05-19,2,28,2,2024-05-26,1,0
3829,2024-03-25,1,9,4,2024-03-27,1,0
3830,2025-06-16,1,5,4,2025-06-21,1,0
3831,2024-11-18,3,5,2,2024-11-24,0,0
3832,2024-04-11,3,2,4,2024-04-14,1,0
3833,2025-04-17,1,23,4,2025-04-24,1,0
3834,2025-10-22,4,21,1,2025-10-26,1,0
3835,2024-09-12,3,16,2,2024-09-13,1,0
3836,2025-01-15,2,6,1,2025-01-19,1,0
3837,2024-06-29,2,26,2,2024-07-02,1,0
3838,2024-02-09,2,25,1,2024-02-13,1,0
3839,2024-03-16,3,14,2,2024-03-23,1,0
3840,2025-10-13,3,19,1,2025-10-16,1,0
3841,2025-07-19,3,21,3,2025-07-28,1,0
3842,2024-01-31,3,2,1,2024-02-07,1,0
3843,2024-02-26,3,29,4,2024-03-02,1,0
3844,2024-10-29,2,5,1,2024-10-31,1,0
3845,2024-05-14,4,4,1,2024-05-16,1,0
3846,2024-07-25,1,30,4,2024-07-30,1,0
3847,2024-02-01,3,8,4,2024-02-04,1,0
3848,2024-05-28,1,17,4,2024-06-01,1,0
3849,2024-08-27,4,1,4,2024-08-31,1,0
3850,2024-05-06,3,21,3,2024-05-11,0,0
3851,2025-04-01,2,29,4,2025-04-06,1,0
3852,2025-11-08,1,1,2,2025-11-15,1,0
3853,2024-01-11,1,24,1,2024-01-13,1,0
3854,2025-10-31,2,25,3,2025-11-01,1,0
3855,2025-01-27,3,27,3,2025-02-02,1,0
3856,2024-01-24,1,2,3,2024-01-29,1,0
3857,2025-06-30,1,27,1,2025-07-07,1,0
3858,2024-01-10,3,27,2,2024-01-19,1,0
3859,2024-04-23,3,23,3,2024-04-28,0,0
3860,2025-10-07,2,17,3,2025-10-09,0,0
3861,2025-02-18,1,29,2,2025-02-23,1,0
3862,2024-04-28,3,16,1,2024-04-29,1,1
3863,2025-04-30,4,14,2,2025-05-02,1,0
3864,2025-03-19,2,21,4,2025-03-27,1,0
3865,2024-09-28,3,11,3,2024-10-03,1,0
3866,2024-04-21,2,30,4,2024-04-28,1,0
3867,2024-08-07,3,25,1,2024-08-12,1,0
3868,2024-09-12,4,11,4,2024-09-16,1,1
3869,2024-01-23,4,7,2,2024-01-29,1,0
3870,2024-09-20,3,10,1,2024-09-29,1,0
3871,2025-04-03,1,9,1,2025-04-05,0,0
3872,2025-04-14,3,21,3,2025-04-17,1,0
3873,2024-11-17,2,24,2,2024-11-23,1,0
3874,2024-07-26,2,25,3,2024-07-29,1,0
3875,2024-05-06,1,7,4,2024-05-15,1,0
3876,2025-11-30,2,13,3,2025-12-03,1,0
3877,2025-06-01,3,30,4,2025-06-10,0,0
3878,2024-08-13,4,6,3,2024-08-15,1,1
3879,2025-12-15,3,5,2,2025-12-21,1,0
3880,2025-05-19,3,2,2,2025-05-28,1,0
3881,2025-03-07,4,28,2,2025-03-11,1,0
3882,2025-10-25,4,23,4,2025-10-30,1,0
3883,2025-03-23,2,21,2,2025-03-26,1,0
3884,2025-09-05,2,15,4,2025-09-10,1,0
3885,2025-08-09,3,14,3,2025-08-10,1,0
3886,2024-09-23,4,14,3,2024-09-24,1,0
3887,2025-12-22,4,22,4,2025-12-27,1,0
3888,2024-09-28,3,8,3,2024-09-29,1,0
3889,2025-11-21,1,27,1,2025-11-23,0,0
3890,2024-03-14,2,27,3,2024-03-22,1,0
3891,2025-12-30,3,16,2,2026-01-05,1,0
3892,2024-07-19,4,9,4,2024-07-26,0,0
3893,2024-11-06,4,17,1,2024-11-12,0,0
3894,2025-12-17,4,6,2,2025-12-24,1,0
3895,2024-02-01,4,23,4,2024-02-03,1,0
3896,2024-06-22,2,15,1,2024-06-28,1,0
3897,2025-12-19,1,6,1,2025-12-21,1,0
3898,2024-04-20,1,2,4,2024-04-21,0,1
3899,2024-09-17,3,22,3,2024-09-22,1,0
3900,2025-12-04,2,28,3,2025-12-06,1,0
3901,2025-12-17,2,9,3,2025-12-24,1,0
3902,2025-10-27,4,20,1,2025-10-28,1,0
3903,2024-09-15,1,23,3,2024-09-24,1,0
3904,2025-01-18,1,28,1,2025-01-25,0,0
3905,2024-04-18,4,13,2,2024-04-26,1,0
3906,2025-07-30,3,24,3,2025-08-08,0,0
3907,2024-02-25,2,24,1,2024-03-04,1,0
3908,2025-01-07,3,2,4,2025-01-12,1,0
3909,2024-11-02,4,17,4,2024-11-11,0,0
3910,2024-01-30,4,8,4,2024-02-07,1,0
3911,2025-01-10,2,20,2,2025-01-11,1,0
3912,2024-05-25,2,22,3,2024-05-30,1,0
3913,2024-09-15,2,18,2,2024-09-22,1,0
3914,2024-05-01,3,16,3,2024-05-02,1,1
3915,2025-06-17,4,17,1,2025-06-25,1,0
3916,2024-04-24,4,17,1,2024-05-03,1,0
3917,2025-10-17,1,8,1,2025-10-22,1,0
3918,2025-03-17,1,21,1,2025-03-24,0,0
3919,2025-07-10,1,16,2,2025-07-13,1,0
3920,2025-01-13,4,2,4,2025-01-19,0,0
3921,2024-11-11,1,25,3,2024-11-12,1,0
3922,2024-12-21,3,7,3,2024-12-22,1,0
3923,2024-05-14,2,24,4,2024-05-15,1,0
3924,2025-05-14,3,12,4,2025-05-20,0,0
3925,2025-08-10,2,28,1,2025-08-16,0,0
3926,2025-04-26,1,2,4,2025-04-27,1,0
3927,2024-01-13,2,17,3,2024-01-19,1,0
3928,2024-10-13,3,30,1,2024-10-16,1,0
3929,2024-11-04,3,19,3,2024-11-11,1,0
3930,2025-07-02,2,4,2,2025-07-04,1,0
3931,2024-04-13,2,19,2,2024-04-20,1,0
3932,2024-08-29,3,20,3,2024-09-03,1,0
3933,2024-09-18,2,25,2,2024-09-19,1,0
3934,2024-04-21,3,8,1,2024-04-23,1,0
3935,2024-03-24,1,22,3,2024-04-02,0,0
3936,2024-12-11,4,26,1,2024-12-17,1,0
3937,2025-05-16,4,20,1,2025-05-24,1,0
3938,2025-03-27,1,26,4,2025-03-31,1,0
3939,2024-05-26,1,26,1,2024-06-01,1,0
3940,2024-07-20,2,30,3,2024-07-21,1,0
3941,2024-05-24,3,25,2,2024-06-01,1,0
3942,2024-02-03,3,13,4,2024-02-12,1,0
3943,2024-04-14,1,21,2,2024-04-16,1,0
3944,2024-11-01,2,16,3,2024-11-09,1,0
3945,2025-10-23,4,15,3,2025-10-26,1,0
3946,2025-03-16,2,22,1,2025-03-22,1,0
3947,2025-09-11,2,27,2,2025-09-18,1,0
3948,2025-02-09,3,24,2,2025-02-14,1,0
3949,2024-01-23,2,23,1,2024-02-01,1,0
3950,2025-12-18,1,18,2,2025-12-27,1,1
3951,2025-10-14,1,3,4,2025-10-23,1,0
3952,2024-05-14,4,16,1,2024-05-22,1,0
3953,2025-02-27,3,3,2,2025-03-03,1,0
3954,2025-04-18,2,6,2,2025-04-22,1,0
3955,2025-03-08,1,12,1,2025-03-09,1,0
3956,2025-04-30,3,14,2,2025-05-07,1,0
3957,2024-01-09,4,8,2,2024-01-17,0,1
3958,2024-03-08,3,27,2,2024-03-13,1,0
3959,2025-12-27,4,2,3,2025-12-31,0,0
3960,2024-02-22,4,23,2,2024-02-29,1,0
3961,2024-12-16,4,4,4,2024-12-25,0,0
3962,2025-02-18,2,30,4,2025-02-21,1,0
3963,2024-07-26,1,5,2,2024-07-30,1,0
3964,2025-06-08,1,26,2,2025-06-15,1,0
3965,2025-09-01,4,16,1,2025-09-10,1,0
3966,2024-05-25,1,27,2,2024-05-26,1,0
3967,2024-02-01,4,16,4,2024-02-07,1,0
3968,2024-10-03,3,30,2,2024-10-04,1,1
3969,2025-11-23,1,19,4,2025-11-25,1,0
3970,2024-11-21,4,4,4,2024-11-26,1,0
3971,2024-03-08,3,17,2,2024-03-16,1,0
3972,2025-09-13,3,8,1,2025-09-20,1,0
3973,2024-06-18,1,15,1,2024-06-21,1,0
3974,2024-05-25,2,26,1,2024-06-02,0,0
3975,2025-11-13,1,17,2,2025-11-21,1,0
3976,2024-05-14,3,30,2,2024-05-20,1,0
3977,2025-07-07,2,3,1,2025-07-10,1,0
3978,2025-06-08,4,24,3,2025-06-11,0,0
3979,2024-02-19,4,2,1,2024-02-24,1,0
3980,2024-04-09,2,24,2,2024-04-10,1,0
3981,2024-10-24,1,28,2,2024-10-27,1,0
3982,2024-03-20,4,24,1,2024-03-22,1,0
3983,2025-11-29,2,5,4,2025-12-01,1,0
3984,2024-03-20,3,4,4,2024-03-25,1,0
3985,2024-05-12,4,9,4,2024-05-21,1,0
3986,2025-09-09,2,17,1,2025-09-17,1,0
3987,2025-09-06,3,5,1,2025-09-13,1,0
3988,2024-04-27,2,16,4,2024-05-06,1,0
3989,2024-12-05,3,11,4,2024-12-12,1,0
3990,2024-06-11,2,26,4,2024-06-19,1,0
3991,2024-09-26,2,22,2,2024-10-02,1,0
3992,2025-09-27,4,16,3,2025-10-02,1,0
3993,2024-09-23,1,4,2,2024-09-27,0,0
3994,2025-09-25,1,20,2,2025-09-30,1,0
3995,2025-09-25,3,13,1,2025-09-27,1,1
3996,2025-07-10,2,4,3,2025-07-14,1,0
3997,2024-04-30,4,15,2,2024-05-07,1,0
3998,2024-01-22,2,10,2,2024-01-24,1,0
3999,2025-06-06,1,6,3,2025-06-13,1,0
4000,2025-05-21,4,4,3,2025-05-26,1,0
4001,2024-09-15,4,23,4,2024-09-16,1,0
4002,2025-05-14,2,4,4,2025-05-16,1,0
4003,2024-10-03,4,14,4,2024-10-11,1,1
4004,2024-01-23,1,26,3,2024-01-28,1,0
4005,2024-12-11,3,30,3,2024-12-19,1,0
4006,2025-12-02,2,3,2,2025-12-08,1,0
4007,2024-03-22,3,25,4,2024-03-27,0,0
4008,2024-01-20,3,26,3,2024-01-29,1,0
4009,2025-07-03,4,4,1,2025-07-06,1,0
4010,2024-10-21,2,20,2,2024-10-24,1,0
4011,2025-08-31,3,9,3,2025-09-06,1,0
4012,2025-05-01,1,25,4,2025-05-03,1,0
4013,2025-11-13,2,10,4,2025-11-15,1,0
4014,2024-10-29,3,2,3,2024-11-02,1,0
4015,2024-10-05,1,13,2,2024-10-13,1,0
4016,2024-10-13,1,16,2,2024-10-14,1,0
4017,2025-08-10,2,21,3,2025-08-15,1,0
4018,2024-09-13,1,5,4,2024-09-22,1,1
4019,2024-07-01,4,21,1,2024-07-05,1,0
4020,2025-08-29,2,18,4,2025-09-05,1,0
4021,2024-06-08,2,18,4,2024-06-14,1,0
4022,2025-01-07,3,13,3,2025-01-14,1,0
4023,2024-03-23,3,19,3,2024-03-31,1,0
4024,2025-08-27,4,20,4,2025-09-04,1,0
4025,2025-09-13,3,18,3,2025-09-17,0,0
4026,2024-04-21,1,4,3,2024-04-25,0,0
4027,2025-06-01,2,30,1,2025-06-09,1,1
4028,2025-11-03,2,1,3,2025-11-07,1,0
4029,2024-06-09,2,18,1,2024-06-10,1,0
4030,2024-11-17,1,3,4,2024-11-21,1,0
4031,2025-03-15,4,30,4,2025-03-23,1,0
4032,2024-08-12,1,10,1,2024-08-13,1,0
4033,2024-11-22,3,3,4,2024-11-29,1,0
4034,2025-04-18,3,8,2,2025-04-25,0,0
4035,2024-04-23,1,26,1,2024-04-25,1,0
4036,2025-06-15,4,4,3,2025-06-23,1,0
4037,2024-06-21,4,17,1,2024-06-26,1,0
4038,2024-07-13,2,2,1,2024-07-18,1,0
4039,2025-08-20,3,26,1,2025-08-22,1,0
4040,2024-08-27,4,28,4,2024-09-05,1,0
4041,2024-05-01,1,29,2,2024-05-08,1,0
4042,2024-10-26,3,5,1,2024-11-03,1,1
4043,2025-01-04,2,24,4,2025-01-05,1,0
4044,2025-06-12,3,1,4,2025-06-17,1,0
4045,2025-03-26,1,8,3,2025-04-02,1,0
4046,2025-12-07,2,3,4,2025-12-16,0,0
4047,2025-04-03,3,17,4,2025-04-06,1,0
4048,2025-04-30,2,4,3,2025-05-04,1,0
4049,2025-03-23,3,25,3,2025-03-31,1,0
4050,2024-02-04,3,24,1,2024-02-07,1,0
4051,2024-06-30,2,25,2,2024-07-01,1,0
4052,2025-01-14,1,15,1,2025-01-15,0,0
4053,2025-11-20,2,15,3,2025-11-23,1,0
4054,2024-09-15,3,10,3,2024-09-24,0,0
4055,2024-03-13,2,3,4,2024-03-18,1,0
4056,2024-02-13,4,5,4,2024-02-16,1,0
4057,2024-08-25,3,29,1,2024-08-30,0,1
4058,2025-02-07,1,15,3,2025-02-15,1,0
4059,2025-04-29,3,10,4,2025-05-02,1,0
4060,2025-08-31,1,21,3,2025-09-03,1,0
4061,2025-07-07,2,3,1,2025-07-12,1,0
4062,2024-08-04,3,6,1,2024-08-10,1,0
4063,2025-11-02,4,10,2,2025-11-09,1,0
4064,2025-05-14,1,22,3,2025-05-21,1,0
4065,2025-07-28,4,18,3,2025-08-05,1,0
4066,2025-11-04,3,9,2,2025-11-13,1,0
4067,2025-09-06,2,30,2,2025-09-14,1,0
4068,2025-01-28,4,17,4,2025-01-31,1,0
4069,2025-10-26,4,25,1,2025-10-29,1,0
4070,2024-01-14,1,12,2,2024-01-19,1,0
4071,2025-11-17,2,27,2,2025-11-26,1,0
4072,2024-09-09,1,14,3,2024-09-10,1,0
4073,2024-04-17,1,2,1,2024-04-25,1,0
4074,2024-03-05,2,10,1,2024-03-08,1,0
4075,2025-08-18,1,29,4,2025-08-27,1,0
4076,2025-04-05,4,13,1,2025-04-06,1,0
4077,2025-06-07,1,28,3,2025-06-12,0,0
4078,2025-01-22,4,26,4,2025-01-30,1,0
4079,2024-02-04,1,19,4,2024-02-10,0,0
4080,2024-01-07,1,17,3,2024-01-10,0,0
4081,2025-05-10,2,27,2,2025-05-17,1,0
4082,2024-10-06,3,6,2,2024-10-07,0,0
4083,2025-02-15,2,25,1,2025-02-22,1,0
4084,2024-11-19,4,10,2,2024-11-25,1,0
4085,2025-08-05,2,4,1,2025-08-06,0,0
4086,2025-12-27,1,4,3,2025-12-28,1,0
4087,2024-08-21,3,28,2,2024-08-26,1,0
4088,2024-12-03,1,14,1,2024-12-04,1,0
4089,2024-06-03,1,5,2,2024-06-11,1,0
4090,2025-04-16,2,17,4,2025-04-23,1,0
4091,2024-01-04,1,12,4,2024-01-06,1,0
4092,2025-12-19,2,16,2,2025-12-26,1,0
4093,2025-11-26,1,7,3,2025-12-01,0,0
4094,2024-05-28,4,2,2,2024-06-02,1,0
4095,2025-02-14,3,27,1,2025-02-21,1,0
4096,2024-06-24,3,1,1,2024-06-30,1,0
4097,2024-03-22,2,10,2,2024-03-23,1,0
4098,2024-09-22,2,9,1,2024-09-24,1,0
4099,2025-08-27,1,19,1,2025-08-30,1,0
4100,2024-01-03,3,10,4,2024-01-08,1,0
4101,2025-03-29,2,29,2,2025-04-03,1,0
4102,2024-01-04,3,22,3,2024-01-13,1,0
4103,2025-05-04,3,7,1,2025-05-07,0,0
4104,2024-03-30,4,30,2,2024-04-04,1,0
4105,2025-12-10,3,25,1,2025-12-11,1,0
4106,2024-10-31,4,17,2,2024-11-03,1,0
4107,2024-03-13,2,21,1,2024-03-16,1,0
4108,2024-09-11,3,18,4,2024-09-18,1,0
4109,2025-02-18,4,7,3,2025-02-23,0,0
4110,2024-06-10,2,25,1,2024-06-13,1,0
4111,2025-03-30,2,1,4,2025-04-05,0,1
4112,2024-08-24,4,26,1,2024-08-26,1,0
4113,2024-08-22,1,6,4,2024-08-30,1,0
4114,2024-08-26,3,7,1,2024-09-03,1,0
4115,2025-06-14,4,6,2,2025-06-16,1,0
4116,2025-05-17,1,27,3,2025-05-20,1,0
4117,2025-02-03,1,2,4,2025-02-10,1,0
4118,2025-01-05,2,7,3,2025-01-06,1,0
4119,2024-05-13,1,3,1,2024-05-15,0,0
4120,2024-06-18,2,30,3,2024-06-23,1,0
4121,2024-08-29,4,24,3,2024-09-06,1,0
4122,2025-02-07,2,21,4,2025-02-13,1,0
4123,2025-07-10,1,10,2,2025-07-19,1,0
4124,2024-05-05,2,18,2,2024-05-13,1,0
4125,2025-02-24,2,25,2,2025-03-02,1,0
4126,2024-03-01,3,2,3,2024-03-10,1,0
4127,2025-02-03,2,16,2,2025-02-06,1,0
4128,2024-03-06,2,10,4,2024-03-07,1,0
4129,2024-01-28,3,21,1,2024-01-30,1,0
4130,2025-02-02,3,24,2,2025-02-03,1,0
4131,2024-05-23,1,14,4,2024-06-01,1,1
4132,2024-01-03,3,20,3,2024-01-08,0,0
4133,2025-10-05,1,14,4,2025-10-14,1,0
4134,2025-05-26,1,29,2,2025-06-02,1,0
4135,2025-03-26,2,25,2,2025-03-27,1,0
4136,2024-09-12,1,19,2,2024-09-14,0,0
4137,2024-07-12,3,27,2,2024-07-15,1,0
4138,2025-01-18,4,12,4,2025-01-23,1,0
4139,2025-01-20,2,24,2,2025-01-21,0,0
4140,2024-07-11,2,7,1,2024-07-14,1,0
4141,2024-03-18,2,4,3,2024-03-22,1,0
4142,2025-04-17,4,3,2,2025-04-20,1,0
4143,2025-07-25,3,13,4,2025-07-30,1,0
4144,2025-09-16,4,4,3,2025-09-23,1,0
4145,2024-04-12,3,27,2,2024-04-13,1,0
4146,2024-09-22,2,26,3,2024-09-24,1,0
4147,2025-02-21,2,19,4,2025-03-01,1,0
4148,2024-04-20,1,10,1,2024-04-25,1,0
4149,2024-04-19,1,10,1,2024-04-26,1,0
4150,2025-02-19,4,10,1,2025-02-20,1,0
4151,2024-07-07,4,2,4,2024-07-14,1,0
4152,2024-08-12,2,10,2,2024-08-15,1,0
4153,2024-10-12,2,30,4,2024-10-21,1,0
4154,2024-08-29,1,15,3,2024-09-05,1,0
4155,2024-11-06,1,21,1,2024-11-15,1,0
4156,2024-05-15,1,29,4,2024-05-21,0,0
4157,2025-03-02,3,26,4,2025-03-11,1,0
4158,2025-05-21,1,5,2,2025-05-28,0,0
4159,2024-07-16,4,16,4,2024-07-17,1,0
4160,2025-02-20,3,16,3,2025-02-21,1,0
4161,2024-03-15,3,21,4,2024-03-22,1,0
4162,2025-07-10,1,19,3,2025-07-15,1,0
4163,2024-05-07,1,14,3,2024-05-10,1,0
4164,2024-07-02,2,8,4,2024-07-05,1,0
4165,2025-01-23,2,4,4,2025-01-26,1,0
4166,2025-03-15,3,12,1,2025-03-18,1,0
4167,2024-08-01,2,24,1,2024-08-02,1,0
4168,2024-05-07,2,19,3,2024-05-15,1,0
4169,2025-08-06,1,2,3,2025-08-09,1,0
4170,2024-06-11,3,17,3,2024-06-14,1,0
4171,2025-07-01,2,13,4,2025-07-02,1,0
4172,2025-08-24,3,14,3,2025-08-30,1,0
4173,2024-09-15,1,25,1,2024-09-24,0,0
4174,2024-03-11,3,13,1,2024-03-16,1,0
4175,2025-09-27,1,13,4,2025-10-02,1,0
4176,2025-09-05,1,7,1,2025-09-09,0,0
4177,2025-01-12,1,24,4,2025-01-18,1,0
4178,2025-07-15,1,9,2,2025-07-23,0,0
4179,2025-04-18,4,11,2,2025-04-19,1,0
4180,2024-03-25,1,13,2,2024-03-31,1,0
4181,2025-04-23,2,23,4,2025-04-26,1,0
4182,2024-04-15,2,9,1,2024-04-21,1,0
4183,2024-03-05,3,29,1,2024-03-13,1,0
4184,2025-03-03,3,9,4,2025-03-10,1,0
4185,2024-09-03,2,19,4,2024-09-04,1,0
4186,2025-01-14,1,13,4,2025-01-15,1,0
4187,2024-09-08,4,27,1,2024-09-11,1,0
4188,2025-08-30,1,1,2,2025-08-31,1,0
4189,2025-05-13,3,8,4,2025-05-15,1,0
4190,2025-07-04,2,23,4,2025-07-10,1,0
4191,2024-05-18,4,13,1,2024-05-19,1,0
4192,2025-06-15,4,15,2,2025-06-17,1,1
4193,2025-10-01,3,20,4,2025-10-04,0,0
4194,2025-02-26,1,21,1,2025-03-01,1,0
4195,2024-03-12,4,30,2,2024-03-14,1,0
4196,2024-09-28,1,18,1,2024-10-07,0,0
4197,2025-12-26,2,4,1,2026-01-02,1,0
4198,2024-03-07,4,2,2,2024-03-15,1,0
4199,2025-12-29,4,4,1,2025-12-31,1,0
4200,2024-11-27,3,9,4,2024-12-06,1,0
4201,2025-06-25,3,23,3,2025-06-29,1,0
4202,2025-05-04,3,15,1,2025-05-05,1,0
4203,2024-06-12,4,28,2,2024-06-20,1,0
4204,2025-12-15,3,28,3,2025-12-17,1,0
4205,2024-02-25,1,14,1,2024-02-26,1,0
4206,2025-10-27,3,15,2,2025-11-03,1,0
4207,2025-03-03,4,21,1,2025-03-07,1,0
4208,2025-10-27,3,4,2,2025-11-02,1,0
4209,2024-10-22,1,6,3,2024-10-27,1,0
4210,2025-01-12,3,16,1,2025-01-21,0,0
4211,2024-10-23,3,9,1,2024-10-30,1,0
4212,2025-02-14,3,13,2,2025-02-17,0,0
4213,2025-05-05,1,20,4,2025-05-12,1,0
4214,2024-10-07,2,25,4,2024-10-11,1,0
4215,2025-04-28,3,26,1,2025-05-05,1,0
4216,2025-06-16,3,11,4,2025-06-21,1,0
4217,2025-02-25,1,14,4,2025-02-28,1,0
4218,2024-11-14,3,5,3,2024-11-16,1,0
4219,2024-01-28,1,23,4,2024-01-31,1,0
4220,2025-12-26,3,14,1,2026-01-02,1,0
4221,2024-12-28,3,24,4,2025-01-02,1,0
4222,2024-08-06,2,18,4,2024-08-15,0,0
4223,2025-12-04,1,11,3,2025-12-08,1,0
4224,2025-09-10,3,10,1,2025-09-18,1,0
4225,2025-01-12,2,25,2,2025-01-19,1,0
4226,2024-04-07,2,23,3,2024-04-10,1,0
4227,2025-06-08,4,29,3,2025-06-12,1,0
4228,2025-04-23,3,10,3,2025-04-25,0,0
4229,2024-04-15,1,28,4,2024-04-18,1,0
4230,2024-01-08,4,3,2,2024-01-11,1,0
4231,2025-04-23,1,6,3,2025-04-30,1,0
4232,2025-01-29,3,3,4,2025-01-31,1,0
4233,2025-12-20,4,13,2,2025-12-23,1,0
4234,2024-01-19,2,25,4,2024-01-20,1,0
4235,2024-05-02,2,15,4,2024-05-03,1,0
4236,2025-10-08,4,18,1,2025-10-16,1,0
4237,2024-05-08,2,15,4,2024-05-14,1,0
4238,2024-11-30,1,2,3,2024-12-05,1,0
4239,2025-04-09,2,10,4,2025-04-11,1,0
4240,2024-05-26,4,5,2,2024-06-04,1,0
4241,2025-02-26,4,3,4,2025-03-02,0,0
4242,2024-02-03,1,14,4,2024-02-04,1,0
4243,2025-05-05,2,16,1,2025-05-11,0,0
4244,2025-03-03,3,17,2,2025-03-11,1,0
4245,2024-09-24,3,29,1,2024-09-28,0,0
4246,2025-05-24,4,12,3,2025-06-02,0,0
4247,2025-06-03,3,15,1,2025-06-12,1,0
4248,2024-03-13,3,6,1,2024-03-16,1,0
4249,2025-04-07,4,11,1,2025-04-08,1,0
4250,2024-01-31,2,12,1,2024-02-09,0,0
4251,2025-08-24,1,26,3,2025-08-29,1,0
4252,2025-10-05,4,2,3,2025-10-11,1,0
4253,2024-06-07,3,24,4,2024-06-08,1,0
4254,2024-04-26,2,3,1,2024-04-27,1,0
4255,2025-04-20,3,29,3,2025-04-27,1,0
4256,2025-10-07,4,26,2,2025-10-12,1,0
4257,2024-12-22,3,8,4,2024-12-25,1,0
4258,2025-12-27,4,9,4,2025-12-29,1,0
4259,2025-11-29,3,23,3,2025-12-06,1,0
4260,2025-01-26,1,30,2,2025-01-27,1,0
4261,2024-01-25,2,22,3,2024-01-26,0,0
4262,2025-01-29,4,18,4,2025-02-06,1,0
4263,2025-10-05,3,20,4,2025-10-09,1,0
4264,2025-04-25,1,2,3,2025-04-26,1,0
4265,2025-12-28,2,18,4,2026-01-05,1,1
4266,2025-04-07,3,19,2,2025-04-15,1,0
4267,2024-12-04,4,19,3,2024-12-09,1,0
4268,2024-09-19,1,12,1,2024-09-25,1,0
4269,2024-03-23,2,15,3,2024-04-01,1,0
4270,2025-06-13,4,28,4,2025-06-19,1,0
4271,2025-01-22,3,20,3,2025-01-31,1,0
4272,2024-06-01,3,11,2,2024-06-10,1,0
4273,2025-08-20,3,20,2,2025-08-28,1,0
4274,2025-07-02,4,18,3,2025-07-10,1,0
4275,2024-07-22,4,30,1,2024-07-31,1,0
4276,2024-10-17,1,18,2,2024-10-19,1,0
4277,2024-01-17,1,29,3,2024-01-23,0,0
4278,2025-04-24,1,27,3,2025-05-01,0,0
4279,2024-06-25,3,7,3,2024-06-26,1,0
4280,2025-05-10,4,22,3,2025-05-14,1,0
4281,2025-11-26,1,8,3,2025-11-27,1,0
4282,2025-12-07,1,25,2,2025-12-12,1,0
4283,2024-03-19,3,10,4,2024-03-23,1,0
4284,2025-07-22,4,25,2,2025-07-28,1,0
4285,2025-02-07,4,11,1,2025-02-11,1,0
4286,2024-08-02,2,23,1,2024-08-08,1,0
4287,2025-03-15,2,25,4,2025-03-24,1,1
4288,2025-07-22,3,22,4,2025-07-23,1,0
4289,2024-02-20,3,24,3,2024-02-26,1,0
4290,2024-12-25,4,3,4,2024-12-28,0,0
4291,2025-01-20,3,17,3,2025-01-29,1,0
4292,2025-06-06,2,14,1,2025-06-11,1,0
4293,2025-09-27,4,5,2,2025-10-01,1,0
4294,2025-03-01,2,13,4,2025-03-09,1,0
4295,2024-05-02,2,8,3,2024-05-11,1,0
4296,2024-01-24,4,12,2,2024-01-25,1,0
4297,2025-08-06,3,15,3,2025-08-09,1,0
4298,2024-01-20,4,5,1,2024-01-23,1,0
4299,2024-02-20,3,26,2,2024-02-23,1,0
4300,2025-11-22,3,26,1,2025-11-29,0,0
4301,2025-06-16,4,10,3,2025-06-19,1,0
4302,2025-11-30,3,11,3,2025-12-06,1,0
4303,2025-02-11,3,25,2,2025-02-17,1,1
4304,2025-01-11,1,26,2,2025-01-13,1,0
4305,2024-04-29,1,19,3,2024-05-03,1,0
4306,2025-02-14,2,8,3,2025-02-20,1,0
4307,2024-01-16,4,1,3,2024-01-25,0,0
4308,2024-08-12,1,22,4,2024-08-17,1,0
4309,2024-05-10,2,18,4,2024-05-19,1,0
4310,2025-10-21,2,20,4,2025-10-24,0,0
4311,2024-06-19,4,26,1,2024-06-27,1,0
4312,2025-12-30,4,8,3,2026-01-02,1,0
4313,2025-08-17,1,30,2,2025-08-25,1,0
4314,2025-01-01,3,7,1,2025-01-10,0,0
4315,2025-04-17,1,18,1,2025-04-22,1,0
4316,2025-05-09,1,26,2,2025-05-11,1,0
4317,2025-07-18,1,18,4,2025-07-21,0,0
4318,2025-06-17,1,16,4,2025-06-19,0,0
4319,2024-08-02,1,23,2,2024-08-11,1,0
4320,2025-11-20,4,14,2,2025-11-27,1,0
4321,2024-08-19,1,8,1,2024-08-27,1,0
4322,2024-08-27,2,27,4,2024-09-04,1,0
4323,2025-01-16,4,26,1,2025-01-25,1,0
4324,2025-08-09,3,12,1,2025-08-12,1,0
4325,2025-02-22,4,5,3,2025-03-02,1,0
4326,2024-01-16,2,23,2,2024-01-25,1,0
4327,2025-05-05,3,12,1,2025-05-06,1,0
4328,2024-02-26,2,26,3,2024-02-27,0,1
4329,2025-09-07,3,22,2,2025-09-14,1,0
4330,2025-04-27,4,14,4,2025-05-03,0,0
4331,2025-04-27,2,24,1,2025-05-02,1,0
4332,2024-10-14,3,29,1,2024-10-21,1,0
4333,2025-08-15,4,17,1,2025-08-21,0,0
4334,2024-06-11,3,18,4,2024-06-18,1,0
4335,2024-06-01,3,16,2,2024-06-07,1,0
4336,2024-09-22,4,20,3,2024-09-28,1,0
4337,2024-09-19,2,30,3,2024-09-25,1,0
4338,2024-04-23,1,21,4,2024-04-24,1,0
4339,2025-08-04,2,15,4,2025-08-13,0,0
4340,2024-01-25,1,4,2,2024-01-26,1,0
4341,2025-08-26,4,14,1,2025-08-31,1,0
4342,2025-04-23,1,27,3,2025-05-02,1,0
4343,2025-05-09,3,8,1,2025-05-14,1,0
4344,2025-03-25,2,19,1,2025-03-30,1,0
4345,2025-11-11,2,14,3,2025-11-13,1,0
4346,2025-09-21,1,19,4,2025-09-23,1,0
4347,2025-05-27,2,10,4,2025-06-01,1,0
4348,2024-10-01,3,2,4,2024-10-04,0,0
4349,2024-03-06,4,25,3,2024-03-15,1,0
4350,2024-05-22,3,15,2,2024-05-24,1,0
4351,2024-04-30,1,12,2,2024-05-02,1,0
4352,2024-11-23,2,6,2,2024-11-29,1,0
4353,2025-12-19,4,11,1,2025-12-21,1,0
4354,2024-09-10,4,13,1,2024-09-11,0,0
4355,2025-02-13,4,22,2,2025-02-17,0,0
4356,2024-03-11,2,6,2,2024-03-18,1,0
4357,2025-11-05,1,13,2,2025-11-11,1,0
4358,2025-03-02,2,29,3,2025-03-11,1,0
4359,2025-07-03,2,14,1,2025-07-12,1,0
4360,2025-10-01,4,21,3,2025-10-07,1,0
4361,2024-07-31,4,17,3,2024-08-04,1,0
4362,2025-07-16,2,8,3,2025-07-22,1,0
4363,2025-12-28,2,28,1,2025-12-31,1,0
4364,2025-07-13,2,13,2,2025-07-18,1,0
4365,2025-09-29,1,4,2,2025-10-02,1,0
4366,2025-05-24,3,19,3,2025-06-01,0,0
4367,2025-05-18,2,20,2,2025-05-21,1,0
4368,2024-11-06,2,17,3,2024-11-07,1,0
4369,2025-06-12,3,10,4,2025-06-20,1,0
4370,2025-07-17,2,8,4,2025-07-19,1,0
4371,2024-07-24,1,29,3,2024-07-28,1,0
4372,2024-07-22,3,6,2,2024-07-26,1,0
4373,2024-12-22,1,12,3,2024-12-30,1,0
4374,2025-05-17,4,15,1,2025-05-22,1,0
4375,2025-02-17,1,2,2,2025-02-25,1,1
4376,2024-08-14,4,21,2,2024-08-16,1,0
4377,2024-04-25,1,11,4,2024-04-30,1,0
4378,2024-09-18,1,24,1,2024-09-27,1,0
4379,2024-09-01,4,3,3,2024-09-03,1,0
4380,2025-08-12,1,25,3,2025-08-13,1,0
4381,2025-09-29,2,9,4,2025-10-05,0,0
4382,2025-12-07,1,29,3,2025-12-09,1,0
4383,2025-02-06,2,16,1,2025-02-13,1,0
4384,2025-06-15,4,21,4,2025-06-23,0,0
4385,2025-03-31,2,11,1,2025-04-09,1,0
4386,2024-10-13,1,18,2,2024-10-22,1,0
4387,2024-05-02,3,10,1,2024-05-09,1,0
4388,2025-03-26,2,12,1,2025-03-29,0,0
4389,2024-08-02,3,28,4,2024-08-05,1,0
4390,2024-03-13,3,5,4,2024-03-22,1,0
4391,2025-01-21,3,6,2,2025-01-29,0,1
4392,2024-01-01,4,9,4,2024-01-08,1,0
4393,2024-01-22,2,10,2,2024-01-27,1,0
4394,2025-04-09,2,9,3,2025-04-16,0,0
4395,2025-05-02,1,28,1,2025-05-10,1,0
4396,2024-05-31,3,15,1,2024-06-05,0,0
4397,2025-06-05,1,18,2,2025-06-06,1,0
4398,2025-04-20,2,30,4,2025-04-28,1,0
4399,2024-07-24,4,4,2,2024-07-28,1,0
4400,2024-08-07,4,7,2,2024-08-10,1,0
4401,2024-07-25,4,13,2,2024-07-27,1,0
4402,2024-02-13,1,5,3,2024-02-17,0,0
4403,2024-08-01,3,27,4,2024-08-06,1,0
4404,2024-10-10,1,29,4,2024-10-14,1,0
4405,2024-07-31,2,26,3,2024-08-08,1,0
4406,2025-11-18,2,7,4,2025-11-24,0,0
4407,2024-08-30,2,22,3,2024-09-07,1,0
4408,2024-01-29,4,16,2,2024-02-05,1,0
4409,2024-03-01,4,26,2,2024-03-09,1,0
4410,2024-03-12,3,10,3,2024-03-17,1,0
4411,2025-11-21,2,7,2,2025-11-23,1,0
4412,2025-11-04,2,15,3,2025-11-07,0,0
4413,2024-09-04,1,1,2,2024-09-08,1,0
4414,2024-02-04,1,21,3,2024-02-06,1,0
4415,2025-08-16,2,12,2,2025-08-17,1,0
4416,2024-10-11,2,7,4,2024-10-20,1,0
4417,2025-08-29,2,24,3,2025-09-03,1,0
4418,2024-05-15,2,8,4,2024-05-21,0,0
4419,2025-09-26,2,24,3,2025-10-05,1,0
4420,2025-03-12,2,3,2,2025-03-17,1,0
4421,2024-02-02,4,24,3,2024-02-03,1,0
4422,2024-02-26,4,29,3,2024-03-03,0,0
4423,2024-06-12,4,27,3,2024-06-14,1,0
4424,2024-07-14,1,19,4,2024-07-19,1,0
4425,2025-10-02,1,23,2,2025-10-03,1,0
4426,2024-01-18,3,21,3,2024-01-23,0,1
4427,2025-02-17,3,15,3,2025-02-24,1,0
4428,2025-11-30,1,16,2,2025-12-06,1,0
4429,2024-06-05,2,10,4,2024-06-12,1,0
4430,2025-07-28,2,4,3,2025-08-03,1,0
4431,2024-07-25,1,4,3,2024-07-29,0,0
4432,2025-06-18,3,11,4,2025-06-20,1,0
4433,2025-01-02,4,4,3,2025-01-09,0,0
4434,2024-06-10,2,21,1,2024-06-16,1,0
4435,2024-08-28,4,17,4,2024-09-03,1,0
4436,2025-02-03,2,6,1,2025-02-09,0,0
4437,2025-04-15,4,17,3,2025-04-16,1,0
4438,2025-07-04,4,15,2,2025-07-07,1,1
4439,2024-12-16,4,23,1,2024-12-21,1,0
4440,2025-05-19,3,1,1,2025-05-27,1,0
4441,2025-11-06,3,7,4,2025-11-13,1,0
4442,2024-04-25,3,19,4,2024-04-27,1,0
4443,2025-10-13,3,20,1,2025-10-21,1,0
4444,2025-11-17,1,4,1,2025-11-19,1,0
4445,2024-07-24,1,3,3,2024-07-31,1,0
4446,2025-06-01,1,29,4,2025-06-03,1,0
4447,2024-09-26,2,21,3,2024-10-04,1,0
4448,2024-08-26,2,24,4,2024-08-30,1,0
4449,2024-08-27,2,6,1,2024-09-05,1,0
4450,2024-11-15,1,26,2,2024-11-24,1,0
4451,2025-05-11,4,25,1,2025-05-12,1,0
4452,2024-10-07,3,8,1,2024-10-11,1,0
4453,2024-04-09,3,4,1,2024-04-14,1,0
4454,2024-10-06,1,1,1,2024-10-07,0,0
4455,2024-08-23,1,30,2,2024-09-01,1,0
4456,2025-12-16,4,10,3,2025-12-18,1,0
4457,2025-01-28,3,24,4,2025-02-04,1,0
4458,2024-03-28,1,19,3,2024-04-06,1,0
4459,2024-11-04,4,20,4,2024-11-11,1,0
4460,2024-12-01,4,4,1,2024-12-04,1,1
4461,2024-02-27,4,30,1,2024-02-28,1,0
4462,2025-12-17,2,23,4,2025-12-21,1,0
4463,2024-10-27,4,30,3,2024-11-02,1,0
4464,2025-10-06,2,22,3,2025-10-07,1,0
4465,2025-02-14,3,13,4,2025-02-18,1,0
4466,2025-06-02,2,20,1,2025-06-03,0,0
4467,2024-09-24,2,5,2,2024-09-28,1,0
4468,2024-12-26,4,17,4,2025-01-01,1,0
4469,2025-02-21,2,8,4,2025-02-24,1,0
4470,2025-01-07,4,15,2,2025-01-13,1,0
4471,2025-01-13,4,24,1,2025-01-19,1,0
4472,2025-01-28,3,21,1,2025-01-30,1,0
4473,2024-11-04,2,15,4,2024-11-12,1,0
4474,2025-05-09,2,2,4,2025-05-14,1,0
4475,2025-08-12,3,12,4,2025-08-15,1,0
4476,2024-10-16,2,10,4,2024-10-21,1,0
4477,2025-07-24,4,9,1,2025-08-01,0,0
4478,2024-05-15,3,30,2,2024-05-18,1,0
4479,2025-02-12,1,2,2,2025-02-14,1,0
4480,2025-06-02,1,22,3,2025-06-07,1,0
4481,2025-05-28,4,30,4,2025-06-05,1,0
4482,2025-09-28,1,18,3,2025-10-07,1,0
4483,2025-03-10,3,26,2,2025-03-15,1,0
4484,2024-05-04,1,21,3,2024-05-07,1,0
4485,2024-04-08,1,16,2,2024-04-11,0,0
4486,2024-03-25,3,17,1,2024-04-02,1,0
4487,2024-06-02,3,30,1,2024-06-07,1,0
4488,2024-02-27,3,2,4,2024-02-29,1,1
4489,2025-04-29,1,22,4,2025-04-30,1,0
4490,2025-11-30,2,10,3,2025-12-08,1,0
4491,2025-11-05,3,4,3,2025-11-08,1,0
4492,2025-08-31,4,7,2,2025-09-05,0,0
4493,2025-09-15,3,22,4,2025-09-22,0,0
4494,2025-06-17,4,19,3,2025-06-25,1,0
4495,2024-10-03,4,3,2,2024-10-06,1,0
4496,2024-02-27,2,8,3,2024-02-29,1,0
4497,2025-04-10,1,20,2,2025-04-15,1,0
4498,2024-07-19,1,5,4,2024-07-24,1,0
4499,2025-07-10,1,21,4,2025-07-11,1,0
4500,2024-07-21,4,6,4,2024-07-26,1,0
